ISO-10303-21;
HEADER;
FILE_DESCRIPTION(('STEP AP203'),
    '1');
FILE_NAME('корпус',
    '',
    ('UNSPECIFIED'),
    ('UNSPECIFIED'),
    'C3D Converter',
    'C3D Toolkit',
    '');
FILE_SCHEMA(('CONFIG_CONTROL_DESIGN'));
ENDSEC;

DATA;
#1=PRODUCT_DEFINITION('','UNSPECIFIED',#28,#31);
#2=SHAPE_DEFINITION_REPRESENTATION(#26,#3);
#3=SHAPE_REPRESENTATION('NONE',(#4),#8);
#4=AXIS2_PLACEMENT_3D('',#5,#6,#7);
#5=CARTESIAN_POINT('',(0.,0.,0.));
#6=DIRECTION('',(0.,0.,1.));
#7=DIRECTION('',(1.,0.,0.));
#8=(GEOMETRIC_REPRESENTATION_CONTEXT(3)GLOBAL_UNCERTAINTY_ASSIGNED_CONTEXT((#10))
GLOBAL_UNIT_ASSIGNED_CONTEXT((#9,#11,#12))REPRESENTATION_CONTEXT('NONE','NONE'));
#9=(LENGTH_UNIT()NAMED_UNIT(*)SI_UNIT(.MILLI.,.METRE.));
#10=UNCERTAINTY_MEASURE_WITH_UNIT(LENGTH_MEASURE(1.E-5),#9,'NONE','NONE');
#11=(NAMED_UNIT(*)PLANE_ANGLE_UNIT()SI_UNIT($,.RADIAN.));
#12=(NAMED_UNIT(*)SI_UNIT($,.STERADIAN.)SOLID_ANGLE_UNIT());
#13=MANIFOLD_SOLID_BREP('',#14);
#14=CLOSED_SHELL('',(#53,#54,#55,#56,#57,#58,#59,#60,#61,#62,#63,#64,#65,#66,#67,
#68,#69,#70,#71,#72,#73,#74,#75,#76,#77,#78,#79,#80,#81,#82,#83,#84,#85,#86,#87,
#88,#89,#90,#91,#92,#93,#94,#95,#96,#97,#98,#99,#100,#101,#102,#103,#104,#105,#106,
#107,#108,#109,#110,#111,#112,#113,#114,#115,#116,#117,#118,#119,#120,#121,#122,
#123,#124,#125,#126,#127,#128,#129,#130,#131,#132,#133,#134,#135,#136,#137,#138,
#139,#140,#141,#142,#143,#144,#145,#146,#147,#148,#149,#150,#151,#152,#153,#154,
#155,#156,#157,#158,#159,#160,#161,#162,#163,#164,#165,#166,#167,#168,#169,#170,
#171,#172,#173,#174,#175,#176,#177,#178,#179,#180,#181,#182,#183,#184,#185,#186,
#187,#188,#189,#190,#191,#192,#193,#194,#195,#196,#197,#198,#199,#200,#201,#202,
#203,#204,#205,#206,#207,#208,#209,#210,#211,#212,#213,#214,#215,#216,#217,#218,
#219,#220,#221,#222,#223,#224,#225,#226,#227,#228,#229,#230,#231,#232,#233,#234,
#235,#236,#237,#238,#239,#240,#241,#242,#243,#244,#245,#246,#247,#248,#249,#250,
#251,#252,#253,#254,#255,#256,#257,#258,#259,#260,#261,#262,#263,#264,#265,#266,
#267,#268,#269,#270,#271,#272,#273,#274,#275,#276,#277,#278,#279,#280,#281,#282,
#283,#284,#285,#286,#287,#288,#289,#290,#291,#292,#293,#294,#295,#296,#297,#298,
#299,#300,#301,#302,#303,#304,#305,#306,#307,#308,#309,#310,#311));
#15=COLOUR_RGB('',0.141176470588235,0.141176470588235,0.141176470588235);
#16=FILL_AREA_STYLE_COLOUR('',#15);
#17=FILL_AREA_STYLE($,(#16));
#18=SURFACE_STYLE_FILL_AREA(#17);
#19=SURFACE_SIDE_STYLE('',(#18));
#20=SURFACE_STYLE_USAGE(.BOTH.,#19);
#21=PRESENTATION_STYLE_ASSIGNMENT((#20));
#22=MECHANICAL_DESIGN_GEOMETRIC_PRESENTATION_REPRESENTATION('NONE',(#23),#8);
#23=STYLED_ITEM('',(#21),#13);
#24=ADVANCED_BREP_SHAPE_REPRESENTATION('NONE',(#13),#8);
#25=SHAPE_REPRESENTATION_RELATIONSHIP('','',#3,#24);
#26=PRODUCT_DEFINITION_SHAPE('NONE','NONE',#1);
#27=MECHANICAL_CONTEXT('NONE',#32,'mechanical');
#28=PRODUCT_DEFINITION_FORMATION_WITH_SPECIFIED_SOURCE('ANY','UNSPECIFIED',#29,.NOT_KNOWN.);
#29=PRODUCT('','\X2\0414043504420430043B044C\X0\','NONE',(#27));
#30=PRODUCT_RELATED_PRODUCT_CATEGORY('detail','',(#29));
#31=DESIGN_CONTEXT('detailed design',#32,'design');
#32=APPLICATION_CONTEXT('configuration controlled 3d designs of mechanical parts and assemblies');
#33=APPLICATION_PROTOCOL_DEFINITION('international standard','config_control_design',
1994,#32);
#34=CC_DESIGN_DATE_AND_TIME_ASSIGNMENT(#35,#39,(#1));
#35=DATE_AND_TIME(#36,#37);
#36=CALENDAR_DATE(0,1,1);
#37=LOCAL_TIME(0,0,0.,#38);
#38=COORDINATED_UNIVERSAL_TIME_OFFSET(0,0,.AHEAD.);
#39=DATE_TIME_ROLE('creation_date');
#40=CC_DESIGN_APPROVAL(#41,(#1));
#41=APPROVAL(#42,'UNSPECIFIED');
#42=APPROVAL_STATUS('not_yet_approved');
#43=APPROVAL_DATE_TIME(#44,#41);
#44=DATE_AND_TIME(#45,#46);
#45=CALENDAR_DATE(0,1,1);
#46=LOCAL_TIME(0,0,0.,#47);
#47=COORDINATED_UNIVERSAL_TIME_OFFSET(0,0,.AHEAD.);
#48=PERSON('UNSPECIFIED','Олег','UNSPECIFIED',('UNSPECIFIED'),('UNSPECIFIED'),('UNSPECIFIED'));
#49=ORGANIZATION('UNSPECIFIED','UNSPECIFIED','UNSPECIFIED');
#50=PERSON_AND_ORGANIZATION(#48,#49);
#51=PERSON_AND_ORGANIZATION_ROLE('creator');
#52=CC_DESIGN_PERSON_AND_ORGANIZATION_ASSIGNMENT(#50,#51,(#28,#1));
#53=ADVANCED_FACE('',(#312),#314,.T.);
#54=ADVANCED_FACE('',(#319),#321,.F.);
#55=ADVANCED_FACE('',(#326),#328,.F.);
#56=ADVANCED_FACE('',(#333),#335,.T.);
#57=ADVANCED_FACE('',(#340),#342,.T.);
#58=ADVANCED_FACE('',(#347),#349,.T.);
#59=ADVANCED_FACE('',(#354),#356,.T.);
#60=ADVANCED_FACE('',(#361),#363,.F.);
#61=ADVANCED_FACE('',(#368),#370,.F.);
#62=ADVANCED_FACE('',(#375),#377,.T.);
#63=ADVANCED_FACE('',(#382),#384,.T.);
#64=ADVANCED_FACE('',(#389),#391,.F.);
#65=ADVANCED_FACE('',(#396),#398,.F.);
#66=ADVANCED_FACE('',(#403),#405,.F.);
#67=ADVANCED_FACE('',(#410),#412,.T.);
#68=ADVANCED_FACE('',(#417),#419,.T.);
#69=ADVANCED_FACE('',(#424),#426,.T.);
#70=ADVANCED_FACE('',(#431),#433,.F.);
#71=ADVANCED_FACE('',(#438),#440,.F.);
#72=ADVANCED_FACE('',(#445),#447,.T.);
#73=ADVANCED_FACE('',(#452),#454,.T.);
#74=ADVANCED_FACE('',(#459),#461,.T.);
#75=ADVANCED_FACE('',(#466),#468,.T.);
#76=ADVANCED_FACE('',(#473),#475,.T.);
#77=ADVANCED_FACE('',(#480),#482,.T.);
#78=ADVANCED_FACE('',(#487),#489,.F.);
#79=ADVANCED_FACE('',(#494),#496,.T.);
#80=ADVANCED_FACE('',(#501),#503,.T.);
#81=ADVANCED_FACE('',(#508),#510,.F.);
#82=ADVANCED_FACE('',(#515),#517,.T.);
#83=ADVANCED_FACE('',(#522),#524,.T.);
#84=ADVANCED_FACE('',(#529),#531,.T.);
#85=ADVANCED_FACE('',(#536),#538,.T.);
#86=ADVANCED_FACE('',(#543),#545,.T.);
#87=ADVANCED_FACE('',(#550),#552,.T.);
#88=ADVANCED_FACE('',(#557),#559,.T.);
#89=ADVANCED_FACE('',(#564),#566,.T.);
#90=ADVANCED_FACE('',(#571),#573,.T.);
#91=ADVANCED_FACE('',(#578),#580,.T.);
#92=ADVANCED_FACE('',(#585),#587,.T.);
#93=ADVANCED_FACE('',(#592),#594,.T.);
#94=ADVANCED_FACE('',(#599),#601,.T.);
#95=ADVANCED_FACE('',(#606),#608,.T.);
#96=ADVANCED_FACE('',(#613),#615,.T.);
#97=ADVANCED_FACE('',(#620,#622,#624,#626,#628,#630,#632,#634,#636,#638,#640,#642),
#644,.T.);
#98=ADVANCED_FACE('',(#649),#651,.T.);
#99=ADVANCED_FACE('',(#656),#658,.T.);
#100=ADVANCED_FACE('',(#663),#665,.T.);
#101=ADVANCED_FACE('',(#670),#672,.T.);
#102=ADVANCED_FACE('',(#677),#679,.F.);
#103=ADVANCED_FACE('',(#684),#686,.T.);
#104=ADVANCED_FACE('',(#691),#693,.F.);
#105=ADVANCED_FACE('',(#698),#700,.F.);
#106=ADVANCED_FACE('',(#705),#707,.T.);
#107=ADVANCED_FACE('',(#712),#714,.F.);
#108=ADVANCED_FACE('',(#719),#721,.F.);
#109=ADVANCED_FACE('',(#726),#728,.F.);
#110=ADVANCED_FACE('',(#733),#735,.T.);
#111=ADVANCED_FACE('',(#740),#742,.T.);
#112=ADVANCED_FACE('',(#747),#749,.T.);
#113=ADVANCED_FACE('',(#754),#756,.F.);
#114=ADVANCED_FACE('',(#761),#763,.F.);
#115=ADVANCED_FACE('',(#768),#770,.F.);
#116=ADVANCED_FACE('',(#775),#777,.T.);
#117=ADVANCED_FACE('',(#782),#784,.F.);
#118=ADVANCED_FACE('',(#789),#791,.F.);
#119=ADVANCED_FACE('',(#796),#798,.T.);
#120=ADVANCED_FACE('',(#803),#805,.T.);
#121=ADVANCED_FACE('',(#810),#812,.F.);
#122=ADVANCED_FACE('',(#817),#819,.F.);
#123=ADVANCED_FACE('',(#824),#826,.F.);
#124=ADVANCED_FACE('',(#831),#833,.T.);
#125=ADVANCED_FACE('',(#838),#840,.T.);
#126=ADVANCED_FACE('',(#845),#847,.T.);
#127=ADVANCED_FACE('',(#852),#854,.T.);
#128=ADVANCED_FACE('',(#859),#861,.F.);
#129=ADVANCED_FACE('',(#866),#868,.F.);
#130=ADVANCED_FACE('',(#873),#875,.T.);
#131=ADVANCED_FACE('',(#880),#882,.T.);
#132=ADVANCED_FACE('',(#887),#889,.T.);
#133=ADVANCED_FACE('',(#894),#896,.F.);
#134=ADVANCED_FACE('',(#901),#903,.F.);
#135=ADVANCED_FACE('',(#908),#910,.F.);
#136=ADVANCED_FACE('',(#915),#917,.T.);
#137=ADVANCED_FACE('',(#922),#924,.T.);
#138=ADVANCED_FACE('',(#929),#931,.T.);
#139=ADVANCED_FACE('',(#936),#938,.T.);
#140=ADVANCED_FACE('',(#943),#945,.T.);
#141=ADVANCED_FACE('',(#950),#952,.T.);
#142=ADVANCED_FACE('',(#957),#959,.T.);
#143=ADVANCED_FACE('',(#964),#966,.T.);
#144=ADVANCED_FACE('',(#971),#973,.T.);
#145=ADVANCED_FACE('',(#978),#980,.T.);
#146=ADVANCED_FACE('',(#985),#987,.T.);
#147=ADVANCED_FACE('',(#992),#994,.T.);
#148=ADVANCED_FACE('',(#999),#1001,.T.);
#149=ADVANCED_FACE('',(#1006),#1008,.T.);
#150=ADVANCED_FACE('',(#1013),#1015,.T.);
#151=ADVANCED_FACE('',(#1020),#1022,.F.);
#152=ADVANCED_FACE('',(#1027),#1029,.F.);
#153=ADVANCED_FACE('',(#1034),#1036,.F.);
#154=ADVANCED_FACE('',(#1041),#1043,.F.);
#155=ADVANCED_FACE('',(#1048),#1050,.F.);
#156=ADVANCED_FACE('',(#1055),#1057,.F.);
#157=ADVANCED_FACE('',(#1062),#1064,.F.);
#158=ADVANCED_FACE('',(#1069),#1071,.F.);
#159=ADVANCED_FACE('',(#1076),#1078,.F.);
#160=ADVANCED_FACE('',(#1083),#1085,.F.);
#161=ADVANCED_FACE('',(#1090),#1092,.F.);
#162=ADVANCED_FACE('',(#1097),#1099,.F.);
#163=ADVANCED_FACE('',(#1104),#1106,.F.);
#164=ADVANCED_FACE('',(#1111),#1113,.F.);
#165=ADVANCED_FACE('',(#1118),#1120,.F.);
#166=ADVANCED_FACE('',(#1125),#1127,.F.);
#167=ADVANCED_FACE('',(#1132),#1134,.F.);
#168=ADVANCED_FACE('',(#1139),#1141,.F.);
#169=ADVANCED_FACE('',(#1146),#1148,.F.);
#170=ADVANCED_FACE('',(#1153),#1155,.F.);
#171=ADVANCED_FACE('',(#1160),#1162,.F.);
#172=ADVANCED_FACE('',(#1167),#1169,.F.);
#173=ADVANCED_FACE('',(#1174),#1176,.F.);
#174=ADVANCED_FACE('',(#1181),#1183,.F.);
#175=ADVANCED_FACE('',(#1188),#1190,.F.);
#176=ADVANCED_FACE('',(#1195),#1197,.F.);
#177=ADVANCED_FACE('',(#1202),#1204,.F.);
#178=ADVANCED_FACE('',(#1209),#1211,.F.);
#179=ADVANCED_FACE('',(#1216),#1218,.F.);
#180=ADVANCED_FACE('',(#1223),#1225,.F.);
#181=ADVANCED_FACE('',(#1230),#1232,.F.);
#182=ADVANCED_FACE('',(#1237),#1239,.F.);
#183=ADVANCED_FACE('',(#1244),#1246,.F.);
#184=ADVANCED_FACE('',(#1251),#1253,.F.);
#185=ADVANCED_FACE('',(#1258),#1260,.F.);
#186=ADVANCED_FACE('',(#1265),#1267,.F.);
#187=ADVANCED_FACE('',(#1272),#1274,.F.);
#188=ADVANCED_FACE('',(#1279),#1281,.F.);
#189=ADVANCED_FACE('',(#1286),#1288,.F.);
#190=ADVANCED_FACE('',(#1293),#1295,.F.);
#191=ADVANCED_FACE('',(#1300),#1302,.F.);
#192=ADVANCED_FACE('',(#1307),#1309,.F.);
#193=ADVANCED_FACE('',(#1314),#1316,.F.);
#194=ADVANCED_FACE('',(#1321),#1323,.F.);
#195=ADVANCED_FACE('',(#1328),#1330,.T.);
#196=ADVANCED_FACE('',(#1335),#1337,.T.);
#197=ADVANCED_FACE('',(#1342),#1344,.T.);
#198=ADVANCED_FACE('',(#1349),#1351,.F.);
#199=ADVANCED_FACE('',(#1356),#1358,.T.);
#200=ADVANCED_FACE('',(#1363),#1365,.T.);
#201=ADVANCED_FACE('',(#1370),#1372,.F.);
#202=ADVANCED_FACE('',(#1377),#1379,.F.);
#203=ADVANCED_FACE('',(#1384),#1386,.T.);
#204=ADVANCED_FACE('',(#1391),#1393,.F.);
#205=ADVANCED_FACE('',(#1398),#1400,.F.);
#206=ADVANCED_FACE('',(#1405),#1407,.T.);
#207=ADVANCED_FACE('',(#1412),#1414,.T.);
#208=ADVANCED_FACE('',(#1419),#1421,.T.);
#209=ADVANCED_FACE('',(#1426),#1428,.T.);
#210=ADVANCED_FACE('',(#1433),#1435,.T.);
#211=ADVANCED_FACE('',(#1440),#1442,.F.);
#212=ADVANCED_FACE('',(#1447),#1449,.F.);
#213=ADVANCED_FACE('',(#1454),#1456,.T.);
#214=ADVANCED_FACE('',(#1461),#1463,.T.);
#215=ADVANCED_FACE('',(#1468),#1470,.T.);
#216=ADVANCED_FACE('',(#1475),#1477,.T.);
#217=ADVANCED_FACE('',(#1482),#1484,.T.);
#218=ADVANCED_FACE('',(#1489),#1491,.T.);
#219=ADVANCED_FACE('',(#1496),#1498,.T.);
#220=ADVANCED_FACE('',(#1503),#1505,.T.);
#221=ADVANCED_FACE('',(#1510),#1512,.T.);
#222=ADVANCED_FACE('',(#1517),#1519,.T.);
#223=ADVANCED_FACE('',(#1524),#1526,.T.);
#224=ADVANCED_FACE('',(#1531),#1533,.T.);
#225=ADVANCED_FACE('',(#1538),#1540,.T.);
#226=ADVANCED_FACE('',(#1545),#1547,.T.);
#227=ADVANCED_FACE('',(#1552),#1554,.T.);
#228=ADVANCED_FACE('',(#1559),#1561,.T.);
#229=ADVANCED_FACE('',(#1566),#1568,.T.);
#230=ADVANCED_FACE('',(#1573),#1575,.T.);
#231=ADVANCED_FACE('',(#1580),#1582,.F.);
#232=ADVANCED_FACE('',(#1587),#1589,.F.);
#233=ADVANCED_FACE('',(#1594),#1596,.F.);
#234=ADVANCED_FACE('',(#1601),#1603,.F.);
#235=ADVANCED_FACE('',(#1608),#1610,.F.);
#236=ADVANCED_FACE('',(#1615),#1617,.F.);
#237=ADVANCED_FACE('',(#1622),#1624,.F.);
#238=ADVANCED_FACE('',(#1629),#1631,.F.);
#239=ADVANCED_FACE('',(#1636),#1638,.F.);
#240=ADVANCED_FACE('',(#1643),#1645,.F.);
#241=ADVANCED_FACE('',(#1650),#1652,.F.);
#242=ADVANCED_FACE('',(#1657),#1659,.F.);
#243=ADVANCED_FACE('',(#1664),#1666,.T.);
#244=ADVANCED_FACE('',(#1671),#1673,.F.);
#245=ADVANCED_FACE('',(#1678),#1680,.T.);
#246=ADVANCED_FACE('',(#1685),#1687,.T.);
#247=ADVANCED_FACE('',(#1692),#1694,.T.);
#248=ADVANCED_FACE('',(#1699),#1701,.T.);
#249=ADVANCED_FACE('',(#1706),#1708,.T.);
#250=ADVANCED_FACE('',(#1713),#1715,.T.);
#251=ADVANCED_FACE('',(#1720),#1722,.T.);
#252=ADVANCED_FACE('',(#1727),#1729,.T.);
#253=ADVANCED_FACE('',(#1734),#1736,.T.);
#254=ADVANCED_FACE('',(#1741),#1743,.T.);
#255=ADVANCED_FACE('',(#1748),#1750,.T.);
#256=ADVANCED_FACE('',(#1755),#1757,.T.);
#257=ADVANCED_FACE('',(#1762),#1764,.T.);
#258=ADVANCED_FACE('',(#1769),#1771,.T.);
#259=ADVANCED_FACE('',(#1776),#1778,.T.);
#260=ADVANCED_FACE('',(#1783),#1785,.T.);
#261=ADVANCED_FACE('',(#1790),#1792,.T.);
#262=ADVANCED_FACE('',(#1797),#1799,.T.);
#263=ADVANCED_FACE('',(#1804),#1806,.T.);
#264=ADVANCED_FACE('',(#1811),#1813,.T.);
#265=ADVANCED_FACE('',(#1818),#1820,.T.);
#266=ADVANCED_FACE('',(#1825),#1827,.T.);
#267=ADVANCED_FACE('',(#1832),#1834,.T.);
#268=ADVANCED_FACE('',(#1839),#1841,.T.);
#269=ADVANCED_FACE('',(#1846),#1848,.T.);
#270=ADVANCED_FACE('',(#1853),#1855,.T.);
#271=ADVANCED_FACE('',(#1860),#1862,.T.);
#272=ADVANCED_FACE('',(#1867),#1869,.T.);
#273=ADVANCED_FACE('',(#1874),#1876,.T.);
#274=ADVANCED_FACE('',(#1881),#1883,.T.);
#275=ADVANCED_FACE('',(#1888),#1890,.T.);
#276=ADVANCED_FACE('',(#1895),#1897,.T.);
#277=ADVANCED_FACE('',(#1902),#1904,.T.);
#278=ADVANCED_FACE('',(#1909),#1911,.T.);
#279=ADVANCED_FACE('',(#1916),#1918,.T.);
#280=ADVANCED_FACE('',(#1923),#1925,.T.);
#281=ADVANCED_FACE('',(#1930),#1932,.T.);
#282=ADVANCED_FACE('',(#1937),#1939,.T.);
#283=ADVANCED_FACE('',(#1944),#1946,.T.);
#284=ADVANCED_FACE('',(#1951),#1953,.T.);
#285=ADVANCED_FACE('',(#1958),#1960,.T.);
#286=ADVANCED_FACE('',(#1965),#1967,.T.);
#287=ADVANCED_FACE('',(#1972),#1974,.T.);
#288=ADVANCED_FACE('',(#1979),#1981,.T.);
#289=ADVANCED_FACE('',(#1986),#1988,.T.);
#290=ADVANCED_FACE('',(#1993),#1995,.T.);
#291=ADVANCED_FACE('',(#2000),#2002,.T.);
#292=ADVANCED_FACE('',(#2007),#2009,.T.);
#293=ADVANCED_FACE('',(#2014),#2016,.T.);
#294=ADVANCED_FACE('',(#2021),#2023,.T.);
#295=ADVANCED_FACE('',(#2028),#2030,.T.);
#296=ADVANCED_FACE('',(#2035),#2037,.T.);
#297=ADVANCED_FACE('',(#2042),#2044,.T.);
#298=ADVANCED_FACE('',(#2049),#2051,.T.);
#299=ADVANCED_FACE('',(#2056),#2058,.T.);
#300=ADVANCED_FACE('',(#2063),#2065,.T.);
#301=ADVANCED_FACE('',(#2070),#2072,.T.);
#302=ADVANCED_FACE('',(#2077),#2079,.T.);
#303=ADVANCED_FACE('',(#2084),#2086,.T.);
#304=ADVANCED_FACE('',(#2091),#2093,.T.);
#305=ADVANCED_FACE('',(#2098),#2100,.T.);
#306=ADVANCED_FACE('',(#2105),#2107,.T.);
#307=ADVANCED_FACE('',(#2112),#2114,.T.);
#308=ADVANCED_FACE('',(#2119),#2121,.T.);
#309=ADVANCED_FACE('',(#2126),#2128,.T.);
#310=ADVANCED_FACE('',(#2133),#2135,.T.);
#311=ADVANCED_FACE('',(#2140),#2142,.T.);
#312=FACE_BOUND('',#313,.T.);
#313=EDGE_LOOP('',(#2147,#2148,#2149,#2150,#2151,#2152,#2153,#2154,#2155,#2156,#2157,
#2158,#2159,#2160,#2161,#2162,#2163,#2164,#2165,#2166,#2167,#2168,#2169,#2170,#2171));
#314=PLANE('',#315);
#315=AXIS2_PLACEMENT_3D('',#316,#317,#318);
#316=CARTESIAN_POINT('',(17.,26.,0.));
#317=DIRECTION('',(0.,1.,0.));
#318=DIRECTION('',(-1.,0.,0.));
#319=FACE_BOUND('',#320,.T.);
#320=EDGE_LOOP('',(#2172,#2173,#2174,#2175,#2176,#2177,#2178,#2179));
#321=PLANE('',#322);
#322=AXIS2_PLACEMENT_3D('',#323,#324,#325);
#323=CARTESIAN_POINT('',(0.,0.,-3.));
#324=DIRECTION('',(0.,0.,-1.));
#325=DIRECTION('',(1.,1.22464679914735E-16,0.));
#326=FACE_BOUND('',#327,.T.);
#327=EDGE_LOOP('',(#2180,#2181,#2182,#2183,#2184,#2185,#2186,#2187));
#328=PLANE('',#329);
#329=AXIS2_PLACEMENT_3D('',#330,#331,#332);
#330=CARTESIAN_POINT('',(15.,24.,-3.));
#331=DIRECTION('',(0.,0.,-1.));
#332=DIRECTION('',(1.,0.,0.));
#333=FACE_BOUND('',#334,.T.);
#334=EDGE_LOOP('',(#2188,#2189,#2190,#2191,#2192,#2193,#2194));
#335=PLANE('',#336);
#336=AXIS2_PLACEMENT_3D('',#337,#338,#339);
#337=CARTESIAN_POINT('',(14.5,26.5,-3.));
#338=DIRECTION('',(-1.1842378929335E-15,1.,0.));
#339=DIRECTION('',(1.,1.1842378929335E-15,0.));
#340=FACE_BOUND('',#341,.T.);
#341=EDGE_LOOP('',(#2195,#2196,#2197,#2198));
#342=PLANE('',#343);
#343=AXIS2_PLACEMENT_3D('',#344,#345,#346);
#344=CARTESIAN_POINT('',(14.5,23.5,-3.));
#345=DIRECTION('',(-1.,0.,0.));
#346=DIRECTION('',(0.,1.,0.));
#347=FACE_BOUND('',#348,.T.);
#348=EDGE_LOOP('',(#2199,#2200,#2201,#2202));
#349=PLANE('',#350);
#350=AXIS2_PLACEMENT_3D('',#351,#352,#353);
#351=CARTESIAN_POINT('',(-14.5,26.5,-3.));
#352=DIRECTION('',(1.,0.,0.));
#353=DIRECTION('',(0.,-1.,0.));
#354=FACE_BOUND('',#355,.T.);
#355=EDGE_LOOP('',(#2203,#2204,#2205,#2206,#2207,#2208,#2209));
#356=PLANE('',#357);
#357=AXIS2_PLACEMENT_3D('',#358,#359,#360);
#358=CARTESIAN_POINT('',(-17.5,26.5,-3.));
#359=DIRECTION('',(-1.1842378929335E-15,1.,0.));
#360=DIRECTION('',(1.,1.1842378929335E-15,0.));
#361=FACE_BOUND('',#362,.T.);
#362=EDGE_LOOP('',(#2210,#2211,#2212,#2213));
#363=CYLINDRICAL_SURFACE('',#364,1.);
#364=AXIS2_PLACEMENT_3D('',#365,#366,#367);
#365=CARTESIAN_POINT('',(14.5,25.,-3.));
#366=DIRECTION('',(-1.1842378929335E-15,1.,0.));
#367=DIRECTION('',(1.,1.1842378929335E-15,1.22464679914735E-16));
#368=FACE_BOUND('',#369,.T.);
#369=EDGE_LOOP('',(#2214,#2215,#2216,#2217));
#370=CYLINDRICAL_SURFACE('',#371,1.);
#371=AXIS2_PLACEMENT_3D('',#372,#373,#374);
#372=CARTESIAN_POINT('',(-14.5,25.,-3.));
#373=DIRECTION('',(-1.1842378929335E-15,1.,0.));
#374=DIRECTION('',(1.22464679914735E-16,1.45027314501002E-31,-1.));
#375=FACE_BOUND('',#376,.T.);
#376=EDGE_LOOP('',(#2218,#2219,#2220,#2221,#2222,#2223,#2224,#2225,#2226,#2227,#2228,
#2229,#2230,#2231,#2232,#2233,#2234,#2235,#2236,#2237,#2238,#2239,#2240,#2241));
#377=PLANE('',#378);
#378=AXIS2_PLACEMENT_3D('',#379,#380,#381);
#379=CARTESIAN_POINT('',(0.,0.,-5.));
#380=DIRECTION('',(0.,0.,-1.));
#381=DIRECTION('',(-6.12323399573677E-17,1.,0.));
#382=FACE_BOUND('',#383,.T.);
#383=EDGE_LOOP('',(#2242,#2243,#2244,#2245));
#384=CYLINDRICAL_SURFACE('',#385,1.);
#385=AXIS2_PLACEMENT_3D('',#386,#387,#388);
#386=CARTESIAN_POINT('',(-16.,25.,-9.));
#387=DIRECTION('',(1.07657990266682E-16,0.,-1.));
#388=DIRECTION('',(-1.,0.,-1.07657990266682E-16));
#389=FACE_BOUND('',#390,.T.);
#390=EDGE_LOOP('',(#2246,#2247,#2248,#2249));
#391=PLANE('',#392);
#392=AXIS2_PLACEMENT_3D('',#393,#394,#395);
#393=CARTESIAN_POINT('',(-18.,26.,17.5));
#394=DIRECTION('',(-3.34953057852536E-16,-0.707106781186555,0.70710678118654));
#395=DIRECTION('',(1.,3.71872596996495E-32,4.73695157173401E-16));
#396=FACE_BOUND('',#397,.T.);
#397=EDGE_LOOP('',(#2250,#2251,#2252));
#398=PLANE('',#399);
#399=AXIS2_PLACEMENT_3D('',#400,#401,#402);
#400=CARTESIAN_POINT('',(-15.5,25.,17.5));
#401=DIRECTION('',(-1.,0.,0.));
#402=DIRECTION('',(0.,0.,1.));
#403=FACE_BOUND('',#404,.T.);
#404=EDGE_LOOP('',(#2253,#2254,#2255,#2256));
#405=CYLINDRICAL_SURFACE('',#406,1.);
#406=AXIS2_PLACEMENT_3D('',#407,#408,#409);
#407=CARTESIAN_POINT('',(-14.5,25.,18.));
#408=DIRECTION('',(0.,1.,0.));
#409=DIRECTION('',(-1.,0.,-1.22464679914735E-16));
#410=FACE_BOUND('',#411,.T.);
#411=EDGE_LOOP('',(#2257,#2258,#2259,#2260,#2261));
#412=CYLINDRICAL_SURFACE('',#413,0.5);
#413=AXIS2_PLACEMENT_3D('',#414,#415,#416);
#414=CARTESIAN_POINT('',(-15.,25.,19.4142135623731));
#415=DIRECTION('',(0.,-1.,0.));
#416=DIRECTION('',(0.333333333333331,0.,-0.942809041582064));
#417=FACE_BOUND('',#418,.T.);
#418=EDGE_LOOP('',(#2262,#2263,#2264,#2265,#2266,#2267));
#419=CYLINDRICAL_SURFACE('',#420,1.);
#420=AXIS2_PLACEMENT_3D('',#421,#422,#423);
#421=CARTESIAN_POINT('',(18.2456985872456,25.,19.));
#422=DIRECTION('',(-1.,0.,0.));
#423=DIRECTION('',(-7.88860905221012E-31,0.,1.));
#424=FACE_BOUND('',#425,.T.);
#425=EDGE_LOOP('',(#2268,#2269,#2270,#2271,#2272));
#426=CYLINDRICAL_SURFACE('',#427,0.5);
#427=AXIS2_PLACEMENT_3D('',#428,#429,#430);
#428=CARTESIAN_POINT('',(13.2072225348865,25.,19.4142135623731));
#429=DIRECTION('',(0.,1.,0.));
#430=DIRECTION('',(-0.333333333333335,0.,-0.942809041582063));
#431=FACE_BOUND('',#432,.T.);
#432=EDGE_LOOP('',(#2273,#2274,#2275,#2276));
#433=CYLINDRICAL_SURFACE('',#434,1.);
#434=AXIS2_PLACEMENT_3D('',#435,#436,#437);
#435=CARTESIAN_POINT('',(12.7072225348865,25.,18.));
#436=DIRECTION('',(0.,1.,0.));
#437=DIRECTION('',(-1.22464679914735E-16,0.,1.));
#438=FACE_BOUND('',#439,.T.);
#439=EDGE_LOOP('',(#2277,#2278,#2279));
#440=PLANE('',#441);
#441=AXIS2_PLACEMENT_3D('',#442,#443,#444);
#442=CARTESIAN_POINT('',(13.7072225348865,25.,18.));
#443=DIRECTION('',(1.,0.,0.));
#444=DIRECTION('',(0.,0.,-1.));
#445=FACE_BOUND('',#446,.T.);
#446=EDGE_LOOP('',(#2280,#2281,#2282,#2283));
#447=PLANE('',#448);
#448=AXIS2_PLACEMENT_3D('',#449,#450,#451);
#449=CARTESIAN_POINT('',(12.7072225348865,26.,17.5));
#450=DIRECTION('',(0.,0.707106781186547,-0.707106781186547));
#451=DIRECTION('',(0.,0.707106781186547,0.707106781186547));
#452=FACE_BOUND('',#453,.T.);
#453=EDGE_LOOP('',(#2284,#2285,#2286,#2287,#2288));
#454=CONICAL_SURFACE('',#455,1.25,0.785398163397448);
#455=AXIS2_PLACEMENT_3D('',#456,#457,#458);
#456=CARTESIAN_POINT('',(14.2072225348865,25.,17.75));
#457=DIRECTION('',(0.,0.,1.));
#458=DIRECTION('',(0.,-1.,0.));
#459=FACE_BOUND('',#460,.T.);
#460=EDGE_LOOP('',(#2289,#2290,#2291,#2292));
#461=CYLINDRICAL_SURFACE('',#462,1.);
#462=AXIS2_PLACEMENT_3D('',#463,#464,#465);
#463=CARTESIAN_POINT('',(16.3678395167652,25.,11.5725067466817));
#464=DIRECTION('',(-0.274721127897378,0.,0.961523947640823));
#465=DIRECTION('',(0.961523947640823,0.,0.274721127897378));
#466=FACE_BOUND('',#467,.T.);
#467=EDGE_LOOP('',(#2293,#2294,#2295,#2296));
#468=TOROIDAL_SURFACE('',#469,19.,1.);
#469=AXIS2_PLACEMENT_3D('',#470,#471,#472);
#470=CARTESIAN_POINT('',(-3.,25.,10.1989011071948));
#471=DIRECTION('',(0.,1.,0.));
#472=DIRECTION('',(0.927337222583096,0.,0.374226770303607));
#473=FACE_BOUND('',#474,.T.);
#474=EDGE_LOOP('',(#2297,#2298,#2299,#2300));
#475=CYLINDRICAL_SURFACE('',#476,1.);
#476=AXIS2_PLACEMENT_3D('',#477,#478,#479);
#477=CARTESIAN_POINT('',(16.,25.,-9.));
#478=DIRECTION('',(0.,0.,-1.));
#479=DIRECTION('',(0.,1.,0.));
#480=FACE_BOUND('',#481,.T.);
#481=EDGE_LOOP('',(#2301,#2302,#2303,#2304,#2305,#2306,#2307));
#482=PLANE('',#483);
#483=AXIS2_PLACEMENT_3D('',#484,#485,#486);
#484=CARTESIAN_POINT('',(-17.5,23.5,-3.));
#485=DIRECTION('',(-1.,0.,0.));
#486=DIRECTION('',(0.,1.,0.));
#487=FACE_BOUND('',#488,.T.);
#488=EDGE_LOOP('',(#2308,#2309,#2310,#2311));
#489=CYLINDRICAL_SURFACE('',#490,1.);
#490=AXIS2_PLACEMENT_3D('',#491,#492,#493);
#491=CARTESIAN_POINT('',(-16.,23.5,-3.));
#492=DIRECTION('',(-1.,0.,0.));
#493=DIRECTION('',(0.,1.,6.12323399573677E-17));
#494=FACE_BOUND('',#495,.T.);
#495=EDGE_LOOP('',(#2312,#2313,#2314,#2315,#2316,#2317,#2318,#2319,#2320,#2321,#2322,
#2323,#2324,#2325,#2326,#2327,#2328,#2329,#2330,#2331,#2332,#2333));
#496=PLANE('',#497);
#497=AXIS2_PLACEMENT_3D('',#498,#499,#500);
#498=CARTESIAN_POINT('',(-17.,26.,0.));
#499=DIRECTION('',(-1.,0.,0.));
#500=DIRECTION('',(0.,-1.,0.));
#501=FACE_BOUND('',#502,.T.);
#502=EDGE_LOOP('',(#2334,#2335,#2336,#2337,#2338,#2339,#2340,#2341,#2342,#2343,#2344,
#2345,#2346,#2347,#2348,#2349,#2350,#2351));
#503=PLANE('',#504);
#504=AXIS2_PLACEMENT_3D('',#505,#506,#507);
#505=CARTESIAN_POINT('',(17.,-26.,0.));
#506=DIRECTION('',(1.,0.,0.));
#507=DIRECTION('',(0.,1.,0.));
#508=FACE_BOUND('',#509,.T.);
#509=EDGE_LOOP('',(#2352,#2353,#2354,#2355));
#510=CYLINDRICAL_SURFACE('',#511,1.);
#511=AXIS2_PLACEMENT_3D('',#512,#513,#514);
#512=CARTESIAN_POINT('',(16.,23.5,-3.));
#513=DIRECTION('',(1.,0.,0.));
#514=DIRECTION('',(0.,6.12323399573677E-17,-1.));
#515=FACE_BOUND('',#516,.T.);
#516=EDGE_LOOP('',(#2356,#2357,#2358,#2359,#2360,#2361,#2362));
#517=PLANE('',#518);
#518=AXIS2_PLACEMENT_3D('',#519,#520,#521);
#519=CARTESIAN_POINT('',(17.5,26.5,-3.));
#520=DIRECTION('',(1.,0.,0.));
#521=DIRECTION('',(0.,-1.,0.));
#522=FACE_BOUND('',#523,.T.);
#523=EDGE_LOOP('',(#2363,#2364,#2365,#2366));
#524=PLANE('',#525);
#525=AXIS2_PLACEMENT_3D('',#526,#527,#528);
#526=CARTESIAN_POINT('',(14.5,-23.5,-3.));
#527=DIRECTION('',(-1.1842378929335E-15,1.,0.));
#528=DIRECTION('',(1.,1.1842378929335E-15,0.));
#529=FACE_BOUND('',#530,.T.);
#530=EDGE_LOOP('',(#2367,#2368,#2369,#2370,#2371,#2372,#2373));
#531=PLANE('',#532);
#532=AXIS2_PLACEMENT_3D('',#533,#534,#535);
#533=CARTESIAN_POINT('',(17.5,-23.5,-3.));
#534=DIRECTION('',(1.,0.,0.));
#535=DIRECTION('',(0.,-1.,0.));
#536=FACE_BOUND('',#537,.T.);
#537=EDGE_LOOP('',(#2374,#2375,#2376,#2377,#2378,#2379,#2380));
#538=PLANE('',#539);
#539=AXIS2_PLACEMENT_3D('',#540,#541,#542);
#540=CARTESIAN_POINT('',(17.5,-26.5,-3.));
#541=DIRECTION('',(1.1842378929335E-15,-1.,0.));
#542=DIRECTION('',(-1.,-1.1842378929335E-15,0.));
#543=FACE_BOUND('',#544,.T.);
#544=EDGE_LOOP('',(#2381,#2382,#2383,#2384));
#545=PLANE('',#546);
#546=AXIS2_PLACEMENT_3D('',#547,#548,#549);
#547=CARTESIAN_POINT('',(14.5,-26.5,-3.));
#548=DIRECTION('',(-1.,0.,0.));
#549=DIRECTION('',(0.,1.,0.));
#550=FACE_BOUND('',#551,.T.);
#551=EDGE_LOOP('',(#2385,#2386,#2387,#2388,#2389,#2390,#2391,#2392,#2393,#2394,#2395,
#2396,#2397,#2398,#2399,#2400,#2401,#2402,#2403,#2404,#2405,#2406,#2407,#2408));
#552=PLANE('',#553);
#553=AXIS2_PLACEMENT_3D('',#554,#555,#556);
#554=CARTESIAN_POINT('',(-17.,-26.,0.));
#555=DIRECTION('',(0.,-1.,0.));
#556=DIRECTION('',(1.,0.,0.));
#557=FACE_BOUND('',#558,.T.);
#558=EDGE_LOOP('',(#2409,#2410,#2411,#2412));
#559=PLANE('',#560);
#560=AXIS2_PLACEMENT_3D('',#561,#562,#563);
#561=CARTESIAN_POINT('',(-14.5,-23.5,-3.));
#562=DIRECTION('',(1.,0.,0.));
#563=DIRECTION('',(0.,-1.,0.));
#564=FACE_BOUND('',#565,.T.);
#565=EDGE_LOOP('',(#2413,#2414,#2415,#2416,#2417,#2418,#2419));
#566=PLANE('',#567);
#567=AXIS2_PLACEMENT_3D('',#568,#569,#570);
#568=CARTESIAN_POINT('',(-14.5,-26.5,-3.));
#569=DIRECTION('',(1.1842378929335E-15,-1.,0.));
#570=DIRECTION('',(-1.,-1.1842378929335E-15,0.));
#571=FACE_BOUND('',#572,.T.);
#572=EDGE_LOOP('',(#2420,#2421,#2422,#2423,#2424,#2425,#2426));
#573=PLANE('',#574);
#574=AXIS2_PLACEMENT_3D('',#575,#576,#577);
#575=CARTESIAN_POINT('',(-17.5,-26.5,-3.));
#576=DIRECTION('',(-1.,0.,0.));
#577=DIRECTION('',(0.,1.,0.));
#578=FACE_BOUND('',#579,.T.);
#579=EDGE_LOOP('',(#2427,#2428,#2429,#2430));
#580=PLANE('',#581);
#581=AXIS2_PLACEMENT_3D('',#582,#583,#584);
#582=CARTESIAN_POINT('',(-17.5,-23.5,-3.));
#583=DIRECTION('',(-1.1842378929335E-15,1.,0.));
#584=DIRECTION('',(1.,1.1842378929335E-15,0.));
#585=FACE_BOUND('',#586,.T.);
#586=EDGE_LOOP('',(#2431,#2432,#2433,#2434));
#587=PLANE('',#588);
#588=AXIS2_PLACEMENT_3D('',#589,#590,#591);
#589=CARTESIAN_POINT('',(-14.5,23.5,-3.));
#590=DIRECTION('',(1.1842378929335E-15,-1.,0.));
#591=DIRECTION('',(-1.,-1.1842378929335E-15,0.));
#592=FACE_BOUND('',#593,.T.);
#593=EDGE_LOOP('',(#2435,#2436,#2437,#2438));
#594=PLANE('',#595);
#595=AXIS2_PLACEMENT_3D('',#596,#597,#598);
#596=CARTESIAN_POINT('',(17.5,23.5,-3.));
#597=DIRECTION('',(1.1842378929335E-15,-1.,0.));
#598=DIRECTION('',(-1.,-1.1842378929335E-15,0.));
#599=FACE_BOUND('',#600,.T.);
#600=EDGE_LOOP('',(#2439,#2440,#2441,#2442));
#601=CONICAL_SURFACE('',#602,1.25,0.785398163397444);
#602=AXIS2_PLACEMENT_3D('',#603,#604,#605);
#603=CARTESIAN_POINT('',(-16.,25.,17.75));
#604=DIRECTION('',(0.,0.,1.));
#605=DIRECTION('',(0.707106781186549,0.707106781186546,0.));
#606=FACE_BOUND('',#607,.T.);
#607=EDGE_LOOP('',(#2443,#2444,#2445,#2446,#2447,#2448));
#608=PLANE('',#609);
#609=AXIS2_PLACEMENT_3D('',#610,#611,#612);
#610=CARTESIAN_POINT('',(-14.5,26.5,18.));
#611=DIRECTION('',(0.,1.,0.));
#612=DIRECTION('',(-1.,0.,0.));
#613=FACE_BOUND('',#614,.T.);
#614=EDGE_LOOP('',(#2449,#2450,#2451,#2452));
#615=PLANE('',#616);
#616=AXIS2_PLACEMENT_3D('',#617,#618,#619);
#617=CARTESIAN_POINT('',(-14.5,23.5,18.));
#618=DIRECTION('',(1.,0.,0.));
#619=DIRECTION('',(0.,1.,0.));
#620=FACE_BOUND('',#621,.T.);
#621=EDGE_LOOP('',(#2453,#2454,#2455,#2456,#2457,#2458,#2459,#2460,#2461,#2462,#2463,
#2464,#2465,#2466,#2467,#2468));
#622=FACE_BOUND('',#623,.T.);
#623=EDGE_LOOP('',(#2469,#2470,#2471,#2472));
#624=FACE_BOUND('',#625,.T.);
#625=EDGE_LOOP('',(#2473,#2474,#2475,#2476));
#626=FACE_BOUND('',#627,.T.);
#627=EDGE_LOOP('',(#2477,#2478,#2479,#2480));
#628=FACE_BOUND('',#629,.T.);
#629=EDGE_LOOP('',(#2481,#2482,#2483,#2484));
#630=FACE_BOUND('',#631,.T.);
#631=EDGE_LOOP('',(#2485,#2486,#2487,#2488));
#632=FACE_BOUND('',#633,.T.);
#633=EDGE_LOOP('',(#2489,#2490,#2491,#2492));
#634=FACE_BOUND('',#635,.T.);
#635=EDGE_LOOP('',(#2493,#2494,#2495,#2496));
#636=FACE_BOUND('',#637,.T.);
#637=EDGE_LOOP('',(#2497,#2498,#2499,#2500));
#638=FACE_BOUND('',#639,.T.);
#639=EDGE_LOOP('',(#2501,#2502,#2503,#2504));
#640=FACE_BOUND('',#641,.T.);
#641=EDGE_LOOP('',(#2505,#2506,#2507,#2508));
#642=FACE_BOUND('',#643,.T.);
#643=EDGE_LOOP('',(#2509,#2510,#2511,#2512));
#644=PLANE('',#645);
#645=AXIS2_PLACEMENT_3D('',#646,#647,#648);
#646=CARTESIAN_POINT('',(0.,0.,20.));
#647=DIRECTION('',(0.,0.,1.));
#648=DIRECTION('',(6.12323399573677E-17,1.,0.));
#649=FACE_BOUND('',#650,.T.);
#650=EDGE_LOOP('',(#2513,#2514,#2515,#2516));
#651=PLANE('',#652);
#652=AXIS2_PLACEMENT_3D('',#653,#654,#655);
#653=CARTESIAN_POINT('',(12.7072225348865,26.5,18.));
#654=DIRECTION('',(-1.,0.,0.));
#655=DIRECTION('',(0.,-1.,0.));
#656=FACE_BOUND('',#657,.T.);
#657=EDGE_LOOP('',(#2517,#2518,#2519,#2520,#2521,#2522));
#658=PLANE('',#659);
#659=AXIS2_PLACEMENT_3D('',#660,#661,#662);
#660=CARTESIAN_POINT('',(15.7072225348865,26.5,18.));
#661=DIRECTION('',(0.,1.,0.));
#662=DIRECTION('',(-1.,0.,0.));
#663=FACE_BOUND('',#664,.T.);
#664=EDGE_LOOP('',(#2523,#2524,#2525,#2526));
#665=CYLINDRICAL_SURFACE('',#666,1.5);
#666=AXIS2_PLACEMENT_3D('',#667,#668,#669);
#667=CARTESIAN_POINT('',(14.2072225348865,25.,18.));
#668=DIRECTION('',(0.,0.,-1.));
#669=DIRECTION('',(6.12323399573676E-17,1.,0.));
#670=FACE_BOUND('',#671,.T.);
#671=EDGE_LOOP('',(#2527,#2528,#2529,#2530));
#672=PLANE('',#673);
#673=AXIS2_PLACEMENT_3D('',#674,#675,#676);
#674=CARTESIAN_POINT('',(15.2072225348865,25.,17.5));
#675=DIRECTION('',(0.707106781186547,0.,-0.707106781186547));
#676=DIRECTION('',(0.707106781186547,0.,0.707106781186547));
#677=FACE_BOUND('',#678,.T.);
#678=EDGE_LOOP('',(#2531,#2532,#2533,#2534,#2535,#2536,#2537,#2538,#2539,#2540,#2541,
#2542,#2543,#2544,#2545,#2546));
#679=PLANE('',#680);
#680=AXIS2_PLACEMENT_3D('',#681,#682,#683);
#681=CARTESIAN_POINT('',(15.,26.,20.));
#682=DIRECTION('',(-0.961523947640823,0.,-0.274721127897378));
#683=DIRECTION('',(0.274721127897378,0.,-0.961523947640823));
#684=FACE_BOUND('',#685,.T.);
#685=EDGE_LOOP('',(#2547,#2548,#2549,#2550));
#686=CYLINDRICAL_SURFACE('',#687,20.);
#687=AXIS2_PLACEMENT_3D('',#688,#689,#690);
#688=CARTESIAN_POINT('',(-3.,10.0000000000001,10.1989011071948));
#689=DIRECTION('',(0.,1.,0.));
#690=DIRECTION('',(0.961523947640823,0.,0.274721127897378));
#691=FACE_BOUND('',#692,.T.);
#692=EDGE_LOOP('',(#2551,#2552,#2553,#2554));
#693=CYLINDRICAL_SURFACE('',#694,1.);
#694=AXIS2_PLACEMENT_3D('',#695,#696,#697);
#695=CARTESIAN_POINT('',(-16.,-23.5,-3.00000000000001));
#696=DIRECTION('',(-1.,0.,0.));
#697=DIRECTION('',(0.,6.12323399573677E-17,-1.));
#698=FACE_BOUND('',#699,.T.);
#699=EDGE_LOOP('',(#2555,#2556,#2557,#2558,#2559,#2560,#2561,#2562));
#700=PLANE('',#701);
#701=AXIS2_PLACEMENT_3D('',#702,#703,#704);
#702=CARTESIAN_POINT('',(0.,0.,-3.));
#703=DIRECTION('',(0.,0.,-1.));
#704=DIRECTION('',(1.,1.22464679914735E-16,0.));
#705=FACE_BOUND('',#706,.T.);
#706=EDGE_LOOP('',(#2563,#2564,#2565,#2566));
#707=CYLINDRICAL_SURFACE('',#708,1.);
#708=AXIS2_PLACEMENT_3D('',#709,#710,#711);
#709=CARTESIAN_POINT('',(-16.,-25.,-9.));
#710=DIRECTION('',(0.,0.,-1.));
#711=DIRECTION('',(0.,-1.,0.));
#712=FACE_BOUND('',#713,.T.);
#713=EDGE_LOOP('',(#2567,#2568,#2569,#2570));
#714=PLANE('',#715);
#715=AXIS2_PLACEMENT_3D('',#716,#717,#718);
#716=CARTESIAN_POINT('',(-17.,-27.,17.5));
#717=DIRECTION('',(0.707106781186547,0.,0.707106781186547));
#718=DIRECTION('',(0.,1.,0.));
#719=FACE_BOUND('',#720,.T.);
#720=EDGE_LOOP('',(#2571,#2572,#2573));
#721=PLANE('',#722);
#722=AXIS2_PLACEMENT_3D('',#723,#724,#725);
#723=CARTESIAN_POINT('',(-16.,-24.5,17.5));
#724=DIRECTION('',(0.,-1.,0.));
#725=DIRECTION('',(0.,0.,1.));
#726=FACE_BOUND('',#727,.T.);
#727=EDGE_LOOP('',(#2574,#2575,#2576,#2577));
#728=CYLINDRICAL_SURFACE('',#729,1.);
#729=AXIS2_PLACEMENT_3D('',#730,#731,#732);
#730=CARTESIAN_POINT('',(-16.,-23.5,18.));
#731=DIRECTION('',(-1.,0.,0.));
#732=DIRECTION('',(0.,-1.,-6.12323399573677E-17));
#733=FACE_BOUND('',#734,.T.);
#734=EDGE_LOOP('',(#2578,#2579,#2580,#2581,#2582));
#735=CYLINDRICAL_SURFACE('',#736,0.5);
#736=AXIS2_PLACEMENT_3D('',#737,#738,#739);
#737=CARTESIAN_POINT('',(-16.,-24.,19.4142135623731));
#738=DIRECTION('',(1.,0.,0.));
#739=DIRECTION('',(0.,0.333333333333328,-0.942809041582065));
#740=FACE_BOUND('',#741,.T.);
#741=EDGE_LOOP('',(#2583,#2584,#2585,#2586,#2587,#2588));
#742=CYLINDRICAL_SURFACE('',#743,1.);
#743=AXIS2_PLACEMENT_3D('',#744,#745,#746);
#744=CARTESIAN_POINT('',(-16.,29.,19.));
#745=DIRECTION('',(0.,-1.,0.));
#746=DIRECTION('',(1.77635683940025E-15,0.,1.));
#747=FACE_BOUND('',#748,.T.);
#748=EDGE_LOOP('',(#2589,#2590,#2591,#2592,#2593));
#749=CYLINDRICAL_SURFACE('',#750,0.5);
#750=AXIS2_PLACEMENT_3D('',#751,#752,#753);
#751=CARTESIAN_POINT('',(-16.,24.,19.4142135623731));
#752=DIRECTION('',(-1.,0.,0.));
#753=DIRECTION('',(0.,-0.333333333333328,-0.942809041582065));
#754=FACE_BOUND('',#755,.T.);
#755=EDGE_LOOP('',(#2594,#2595,#2596,#2597));
#756=CYLINDRICAL_SURFACE('',#757,1.);
#757=AXIS2_PLACEMENT_3D('',#758,#759,#760);
#758=CARTESIAN_POINT('',(-16.,23.5,18.));
#759=DIRECTION('',(-1.,0.,0.));
#760=DIRECTION('',(0.,-6.12323399573677E-17,1.));
#761=FACE_BOUND('',#762,.T.);
#762=EDGE_LOOP('',(#2598,#2599,#2600));
#763=PLANE('',#764);
#764=AXIS2_PLACEMENT_3D('',#765,#766,#767);
#765=CARTESIAN_POINT('',(-16.,24.5,18.));
#766=DIRECTION('',(0.,1.,0.));
#767=DIRECTION('',(0.,0.,-1.));
#768=FACE_BOUND('',#769,.T.);
#769=EDGE_LOOP('',(#2601,#2602,#2603,#2604));
#770=PLANE('',#771);
#771=AXIS2_PLACEMENT_3D('',#772,#773,#774);
#772=CARTESIAN_POINT('',(-17.,19.5,17.5));
#773=DIRECTION('',(0.707106781186537,6.69906115705087E-16,0.707106781186558));
#774=DIRECTION('',(0.,1.,-9.473903143468E-16));
#775=FACE_BOUND('',#776,.T.);
#776=EDGE_LOOP('',(#2605,#2606,#2607,#2608,#2609,#2610,#2611));
#777=PLANE('',#778);
#778=AXIS2_PLACEMENT_3D('',#779,#780,#781);
#779=CARTESIAN_POINT('',(0.,24.,0.));
#780=DIRECTION('',(0.,-1.,0.));
#781=DIRECTION('',(1.,0.,0.));
#782=FACE_BOUND('',#783,.T.);
#783=EDGE_LOOP('',(#2612,#2613,#2614,#2615));
#784=PLANE('',#785);
#785=AXIS2_PLACEMENT_3D('',#786,#787,#788);
#786=CARTESIAN_POINT('',(15.,24.,-3.));
#787=DIRECTION('',(0.,0.,-1.));
#788=DIRECTION('',(1.,0.,0.));
#789=FACE_BOUND('',#790,.T.);
#790=EDGE_LOOP('',(#2616,#2617,#2618,#2619,#2620,#2621,#2622));
#791=PLANE('',#792);
#792=AXIS2_PLACEMENT_3D('',#793,#794,#795);
#793=CARTESIAN_POINT('',(0.,-24.,0.));
#794=DIRECTION('',(0.,-1.,0.));
#795=DIRECTION('',(1.,0.,0.));
#796=FACE_BOUND('',#797,.T.);
#797=EDGE_LOOP('',(#2623,#2624,#2625,#2626));
#798=CYLINDRICAL_SURFACE('',#799,20.);
#799=AXIS2_PLACEMENT_3D('',#800,#801,#802);
#800=CARTESIAN_POINT('',(-3.,-40.,10.1989011071948));
#801=DIRECTION('',(0.,1.,0.));
#802=DIRECTION('',(0.961523947640823,0.,0.274721127897378));
#803=FACE_BOUND('',#804,.T.);
#804=EDGE_LOOP('',(#2627,#2628,#2629,#2630));
#805=CYLINDRICAL_SURFACE('',#806,1.);
#806=AXIS2_PLACEMENT_3D('',#807,#808,#809);
#807=CARTESIAN_POINT('',(16.,-25.,-9.));
#808=DIRECTION('',(0.,0.,-1.));
#809=DIRECTION('',(1.,0.,0.));
#810=FACE_BOUND('',#811,.T.);
#811=EDGE_LOOP('',(#2631,#2632,#2633,#2634,#2635,#2636,#2637,#2638));
#812=PLANE('',#813);
#813=AXIS2_PLACEMENT_3D('',#814,#815,#816);
#814=CARTESIAN_POINT('',(15.,24.,-3.));
#815=DIRECTION('',(0.,0.,-1.));
#816=DIRECTION('',(1.,0.,0.));
#817=FACE_BOUND('',#818,.T.);
#818=EDGE_LOOP('',(#2639,#2640,#2641,#2642));
#819=CYLINDRICAL_SURFACE('',#820,1.);
#820=AXIS2_PLACEMENT_3D('',#821,#822,#823);
#821=CARTESIAN_POINT('',(16.,-23.5,-3.));
#822=DIRECTION('',(1.,0.,0.));
#823=DIRECTION('',(0.,-1.,-6.12323399573677E-17));
#824=FACE_BOUND('',#825,.T.);
#825=EDGE_LOOP('',(#2643,#2644,#2645,#2646));
#826=CYLINDRICAL_SURFACE('',#827,1.);
#827=AXIS2_PLACEMENT_3D('',#828,#829,#830);
#828=CARTESIAN_POINT('',(14.5,-25.,-3.));
#829=DIRECTION('',(1.1842378929335E-15,-1.,0.));
#830=DIRECTION('',(0.,0.,-1.));
#831=FACE_BOUND('',#832,.T.);
#832=EDGE_LOOP('',(#2647,#2648,#2649,#2650));
#833=TOROIDAL_SURFACE('',#834,19.,1.);
#834=AXIS2_PLACEMENT_3D('',#835,#836,#837);
#835=CARTESIAN_POINT('',(-3.,-25.,10.1989011071948));
#836=DIRECTION('',(0.,-1.,0.));
#837=DIRECTION('',(0.994464947479576,0.,-0.10506887376595));
#838=FACE_BOUND('',#839,.T.);
#839=EDGE_LOOP('',(#2651,#2652,#2653,#2654));
#840=CYLINDRICAL_SURFACE('',#841,1.);
#841=AXIS2_PLACEMENT_3D('',#842,#843,#844);
#842=CARTESIAN_POINT('',(13.1468140756561,-25.,22.8460957905633));
#843=DIRECTION('',(0.274721127897379,0.,-0.961523947640823));
#844=DIRECTION('',(0.961523947640823,3.5527136788005E-15,0.274721127897379));
#845=FACE_BOUND('',#846,.T.);
#846=EDGE_LOOP('',(#2655,#2656,#2657,#2658,#2659));
#847=CONICAL_SURFACE('',#848,1.25,0.785398163397452);
#848=AXIS2_PLACEMENT_3D('',#849,#850,#851);
#849=CARTESIAN_POINT('',(14.2072225348865,-25.,17.75));
#850=DIRECTION('',(0.,0.,1.));
#851=DIRECTION('',(0.,-1.,0.));
#852=FACE_BOUND('',#853,.T.);
#853=EDGE_LOOP('',(#2660,#2661,#2662,#2663));
#854=PLANE('',#855);
#855=AXIS2_PLACEMENT_3D('',#856,#857,#858);
#856=CARTESIAN_POINT('',(12.7072225348865,-26.5,18.));
#857=DIRECTION('',(0.,-0.707106781186545,-0.70710678118655));
#858=DIRECTION('',(0.,0.70710678118655,-0.707106781186545));
#859=FACE_BOUND('',#860,.T.);
#860=EDGE_LOOP('',(#2664,#2665,#2666));
#861=PLANE('',#862);
#862=AXIS2_PLACEMENT_3D('',#863,#864,#865);
#863=CARTESIAN_POINT('',(13.7072225348865,-25.,17.5));
#864=DIRECTION('',(1.,0.,-3.5527136788005E-15));
#865=DIRECTION('',(3.5527136788005E-15,0.,1.));
#866=FACE_BOUND('',#867,.T.);
#867=EDGE_LOOP('',(#2667,#2668,#2669,#2670));
#868=CYLINDRICAL_SURFACE('',#869,1.);
#869=AXIS2_PLACEMENT_3D('',#870,#871,#872);
#870=CARTESIAN_POINT('',(12.7072225348865,-25.,18.));
#871=DIRECTION('',(0.,-1.,0.));
#872=DIRECTION('',(1.,0.,0.));
#873=FACE_BOUND('',#874,.T.);
#874=EDGE_LOOP('',(#2671,#2672,#2673,#2674,#2675));
#875=CYLINDRICAL_SURFACE('',#876,0.5);
#876=AXIS2_PLACEMENT_3D('',#877,#878,#879);
#877=CARTESIAN_POINT('',(13.2072225348865,-25.,19.4142135623731));
#878=DIRECTION('',(0.,1.,0.));
#879=DIRECTION('',(-0.333333333333331,0.,-0.942809041582064));
#880=FACE_BOUND('',#881,.T.);
#881=EDGE_LOOP('',(#2676,#2677,#2678,#2679,#2680,#2681));
#882=CYLINDRICAL_SURFACE('',#883,1.);
#883=AXIS2_PLACEMENT_3D('',#884,#885,#886);
#884=CARTESIAN_POINT('',(-20.,-25.,19.));
#885=DIRECTION('',(1.,0.,0.));
#886=DIRECTION('',(0.,0.,1.));
#887=FACE_BOUND('',#888,.T.);
#888=EDGE_LOOP('',(#2682,#2683,#2684,#2685,#2686));
#889=CYLINDRICAL_SURFACE('',#890,0.5);
#890=AXIS2_PLACEMENT_3D('',#891,#892,#893);
#891=CARTESIAN_POINT('',(-15.,-25.,19.4142135623731));
#892=DIRECTION('',(0.,-1.,0.));
#893=DIRECTION('',(0.333333333333328,0.,-0.942809041582065));
#894=FACE_BOUND('',#895,.T.);
#895=EDGE_LOOP('',(#2687,#2688,#2689,#2690));
#896=CYLINDRICAL_SURFACE('',#897,1.);
#897=AXIS2_PLACEMENT_3D('',#898,#899,#900);
#898=CARTESIAN_POINT('',(-14.5,-25.,18.));
#899=DIRECTION('',(0.,-1.,0.));
#900=DIRECTION('',(0.,0.,1.));
#901=FACE_BOUND('',#902,.T.);
#902=EDGE_LOOP('',(#2691,#2692,#2693,#2694));
#903=PLANE('',#904);
#904=AXIS2_PLACEMENT_3D('',#905,#906,#907);
#905=CARTESIAN_POINT('',(-11.5,-26.,17.5));
#906=DIRECTION('',(0.,0.707106781186548,0.707106781186548));
#907=DIRECTION('',(-1.,0.,0.));
#908=FACE_BOUND('',#909,.T.);
#909=EDGE_LOOP('',(#2695,#2696,#2697,#2698));
#910=CYLINDRICAL_SURFACE('',#911,1.);
#911=AXIS2_PLACEMENT_3D('',#912,#913,#914);
#912=CARTESIAN_POINT('',(-14.5,-25.,-3.));
#913=DIRECTION('',(1.1842378929335E-15,-1.,0.));
#914=DIRECTION('',(-1.,-1.1842378929335E-15,0.));
#915=FACE_BOUND('',#916,.T.);
#916=EDGE_LOOP('',(#2699,#2700,#2701,#2702));
#917=CYLINDRICAL_SURFACE('',#918,1.5);
#918=AXIS2_PLACEMENT_3D('',#919,#920,#921);
#919=CARTESIAN_POINT('',(-16.,25.,18.));
#920=DIRECTION('',(0.,0.,-1.));
#921=DIRECTION('',(-1.,6.12323399573676E-17,0.));
#922=FACE_BOUND('',#923,.T.);
#923=EDGE_LOOP('',(#2703,#2704,#2705,#2706));
#924=CYLINDRICAL_SURFACE('',#925,0.5);
#925=AXIS2_PLACEMENT_3D('',#926,#927,#928);
#926=CARTESIAN_POINT('',(-12.5,26.,20.));
#927=DIRECTION('',(-1.,6.45947941600092E-16,0.));
#928=DIRECTION('',(-4.58973617583135E-30,-7.105427357601E-15,1.));
#929=FACE_BOUND('',#930,.T.);
#930=EDGE_LOOP('',(#2707,#2708,#2709,#2710,#2711));
#931=CYLINDRICAL_SURFACE('',#932,0.5);
#932=AXIS2_PLACEMENT_3D('',#933,#934,#935);
#933=CARTESIAN_POINT('',(-15.,22.5,20.));
#934=DIRECTION('',(0.,1.,0.));
#935=DIRECTION('',(0.,0.,1.));
#936=FACE_BOUND('',#937,.T.);
#937=EDGE_LOOP('',(#2712,#2713,#2714,#2715,#2716));
#938=CYLINDRICAL_SURFACE('',#939,0.5);
#939=AXIS2_PLACEMENT_3D('',#940,#941,#942);
#940=CARTESIAN_POINT('',(13.2072225348865,-22.5,20.));
#941=DIRECTION('',(0.,-1.,0.));
#942=DIRECTION('',(0.,0.,1.));
#943=FACE_BOUND('',#944,.T.);
#944=EDGE_LOOP('',(#2717,#2718,#2719,#2720));
#945=TOROIDAL_SURFACE('',#946,1.5,0.5);
#946=AXIS2_PLACEMENT_3D('',#947,#948,#949);
#947=CARTESIAN_POINT('',(12.7072225348865,-23.5,20.));
#948=DIRECTION('',(0.,0.,1.));
#949=DIRECTION('',(-1.,0.,0.));
#950=FACE_BOUND('',#951,.T.);
#951=EDGE_LOOP('',(#2721,#2722,#2723,#2724,#2725));
#952=CYLINDRICAL_SURFACE('',#953,0.5);
#953=AXIS2_PLACEMENT_3D('',#954,#955,#956);
#954=CARTESIAN_POINT('',(17.7072225348865,-24.,20.));
#955=DIRECTION('',(-1.,0.,0.));
#956=DIRECTION('',(0.,0.,1.));
#957=FACE_BOUND('',#958,.T.);
#958=EDGE_LOOP('',(#2726,#2727,#2728,#2729,#2730,#2731));
#959=CYLINDRICAL_SURFACE('',#960,1.);
#960=AXIS2_PLACEMENT_3D('',#961,#962,#963);
#961=CARTESIAN_POINT('',(14.2456985872456,30.,19.));
#962=DIRECTION('',(0.,-1.,0.));
#963=DIRECTION('',(0.961523947640823,0.,0.274721127897379));
#964=FACE_BOUND('',#965,.T.);
#965=EDGE_LOOP('',(#2732,#2733,#2734,#2735,#2736));
#966=CYLINDRICAL_SURFACE('',#967,0.5);
#967=AXIS2_PLACEMENT_3D('',#968,#969,#970);
#968=CARTESIAN_POINT('',(11.7072225348865,24.,20.));
#969=DIRECTION('',(1.,0.,0.));
#970=DIRECTION('',(0.,0.,1.));
#971=FACE_BOUND('',#972,.T.);
#972=EDGE_LOOP('',(#2737,#2738,#2739,#2740));
#973=TOROIDAL_SURFACE('',#974,1.5,0.5);
#974=AXIS2_PLACEMENT_3D('',#975,#976,#977);
#975=CARTESIAN_POINT('',(12.7072225348865,23.5,20.));
#976=DIRECTION('',(0.,0.,1.));
#977=DIRECTION('',(0.,-1.,0.));
#978=FACE_BOUND('',#979,.T.);
#979=EDGE_LOOP('',(#2741,#2742,#2743,#2744,#2745));
#980=CYLINDRICAL_SURFACE('',#981,0.5);
#981=AXIS2_PLACEMENT_3D('',#982,#983,#984);
#982=CARTESIAN_POINT('',(13.2072225348865,28.5,20.));
#983=DIRECTION('',(0.,-1.,0.));
#984=DIRECTION('',(0.,0.,1.));
#985=FACE_BOUND('',#986,.T.);
#986=EDGE_LOOP('',(#2746,#2747,#2748,#2749));
#987=TOROIDAL_SURFACE('',#988,1.5,0.5);
#988=AXIS2_PLACEMENT_3D('',#989,#990,#991);
#989=CARTESIAN_POINT('',(-14.5,23.5,20.));
#990=DIRECTION('',(0.,0.,1.));
#991=DIRECTION('',(1.,0.,0.));
#992=FACE_BOUND('',#993,.T.);
#993=EDGE_LOOP('',(#2750,#2751,#2752,#2753,#2754));
#994=CYLINDRICAL_SURFACE('',#995,0.5);
#995=AXIS2_PLACEMENT_3D('',#996,#997,#998);
#996=CARTESIAN_POINT('',(-19.5,24.,20.));
#997=DIRECTION('',(1.,0.,0.));
#998=DIRECTION('',(0.,0.,1.));
#999=FACE_BOUND('',#1000,.T.);
#1000=EDGE_LOOP('',(#2755,#2756,#2757,#2758,#2759));
#1001=CYLINDRICAL_SURFACE('',#1002,0.5);
#1002=AXIS2_PLACEMENT_3D('',#1003,#1004,#1005);
#1003=CARTESIAN_POINT('',(-13.5,-24.,20.));
#1004=DIRECTION('',(-1.,5.92118946466751E-16,0.));
#1005=DIRECTION('',(-4.33873497871556E-30,-7.105427357601E-15,1.));
#1006=FACE_BOUND('',#1007,.T.);
#1007=EDGE_LOOP('',(#2760,#2761,#2762,#2763));
#1008=TOROIDAL_SURFACE('',#1009,1.5,0.5);
#1009=AXIS2_PLACEMENT_3D('',#1010,#1011,#1012);
#1010=CARTESIAN_POINT('',(-14.5,-23.5,20.));
#1011=DIRECTION('',(0.,0.,1.));
#1012=DIRECTION('',(0.,1.,0.));
#1013=FACE_BOUND('',#1014,.T.);
#1014=EDGE_LOOP('',(#2764,#2765,#2766,#2767,#2768));
#1015=CYLINDRICAL_SURFACE('',#1016,0.5);
#1016=AXIS2_PLACEMENT_3D('',#1017,#1018,#1019);
#1017=CARTESIAN_POINT('',(-15.,-28.5,20.));
#1018=DIRECTION('',(0.,1.,0.));
#1019=DIRECTION('',(0.,0.,1.));
#1020=FACE_BOUND('',#1021,.T.);
#1021=EDGE_LOOP('',(#2769,#2770,#2771,#2772));
#1022=PLANE('',#1023);
#1023=AXIS2_PLACEMENT_3D('',#1024,#1025,#1026);
#1024=CARTESIAN_POINT('',(-12.,0.999999999999999,0.));
#1025=DIRECTION('',(-1.,0.,0.));
#1026=DIRECTION('',(0.,-1.,0.));
#1027=FACE_BOUND('',#1028,.T.);
#1028=EDGE_LOOP('',(#2773,#2774,#2775,#2776,#2777,#2778));
#1029=PLANE('',#1030);
#1030=AXIS2_PLACEMENT_3D('',#1031,#1032,#1033);
#1031=CARTESIAN_POINT('',(12.,0.999999999999998,0.));
#1032=DIRECTION('',(6.47630097698008E-17,1.,0.));
#1033=DIRECTION('',(-1.,6.47630097698008E-17,0.));
#1034=FACE_BOUND('',#1035,.T.);
#1035=EDGE_LOOP('',(#2779,#2780,#2781,#2782));
#1036=PLANE('',#1037);
#1037=AXIS2_PLACEMENT_3D('',#1038,#1039,#1040);
#1038=CARTESIAN_POINT('',(12.,-1.,0.));
#1039=DIRECTION('',(1.,0.,0.));
#1040=DIRECTION('',(0.,1.,0.));
#1041=FACE_BOUND('',#1042,.T.);
#1042=EDGE_LOOP('',(#2783,#2784,#2785,#2786,#2787,#2788));
#1043=PLANE('',#1044);
#1044=AXIS2_PLACEMENT_3D('',#1045,#1046,#1047);
#1045=CARTESIAN_POINT('',(-12.,-1.,0.));
#1046=DIRECTION('',(-6.01370805005293E-17,-1.,0.));
#1047=DIRECTION('',(1.,-6.01370805005293E-17,0.));
#1048=FACE_BOUND('',#1049,.T.);
#1049=EDGE_LOOP('',(#2789,#2790,#2791,#2792));
#1050=PLANE('',#1051);
#1051=AXIS2_PLACEMENT_3D('',#1052,#1053,#1054);
#1052=CARTESIAN_POINT('',(-12.,5.,0.));
#1053=DIRECTION('',(-1.,0.,0.));
#1054=DIRECTION('',(0.,-1.,0.));
#1055=FACE_BOUND('',#1056,.T.);
#1056=EDGE_LOOP('',(#2793,#2794,#2795,#2796,#2797,#2798));
#1057=PLANE('',#1058);
#1058=AXIS2_PLACEMENT_3D('',#1059,#1060,#1061);
#1059=CARTESIAN_POINT('',(12.,5.,0.));
#1060=DIRECTION('',(7.40148683083438E-17,1.,0.));
#1061=DIRECTION('',(-1.,7.40148683083438E-17,0.));
#1062=FACE_BOUND('',#1063,.T.);
#1063=EDGE_LOOP('',(#2799,#2800,#2801,#2802));
#1064=PLANE('',#1065);
#1065=AXIS2_PLACEMENT_3D('',#1066,#1067,#1068);
#1066=CARTESIAN_POINT('',(12.,3.,0.));
#1067=DIRECTION('',(1.,0.,0.));
#1068=DIRECTION('',(0.,1.,0.));
#1069=FACE_BOUND('',#1070,.T.);
#1070=EDGE_LOOP('',(#2803,#2804,#2805,#2806,#2807,#2808));
#1071=PLANE('',#1072);
#1072=AXIS2_PLACEMENT_3D('',#1073,#1074,#1075);
#1073=CARTESIAN_POINT('',(-12.,3.,0.));
#1074=DIRECTION('',(-7.40148683083438E-17,-1.,0.));
#1075=DIRECTION('',(1.,-7.40148683083438E-17,0.));
#1076=FACE_BOUND('',#1077,.T.);
#1077=EDGE_LOOP('',(#2809,#2810,#2811,#2812));
#1078=PLANE('',#1079);
#1079=AXIS2_PLACEMENT_3D('',#1080,#1081,#1082);
#1080=CARTESIAN_POINT('',(-12.,9.,0.));
#1081=DIRECTION('',(-1.,0.,0.));
#1082=DIRECTION('',(0.,-1.,0.));
#1083=FACE_BOUND('',#1084,.T.);
#1084=EDGE_LOOP('',(#2813,#2814,#2815,#2816,#2817,#2818));
#1085=PLANE('',#1086);
#1086=AXIS2_PLACEMENT_3D('',#1087,#1088,#1089);
#1087=CARTESIAN_POINT('',(12.,9.,0.));
#1088=DIRECTION('',(0.,1.,0.));
#1089=DIRECTION('',(-1.,0.,0.));
#1090=FACE_BOUND('',#1091,.T.);
#1091=EDGE_LOOP('',(#2819,#2820,#2821,#2822));
#1092=PLANE('',#1093);
#1093=AXIS2_PLACEMENT_3D('',#1094,#1095,#1096);
#1094=CARTESIAN_POINT('',(12.,7.,0.));
#1095=DIRECTION('',(1.,0.,0.));
#1096=DIRECTION('',(0.,1.,0.));
#1097=FACE_BOUND('',#1098,.T.);
#1098=EDGE_LOOP('',(#2823,#2824,#2825,#2826,#2827,#2828));
#1099=PLANE('',#1100);
#1100=AXIS2_PLACEMENT_3D('',#1101,#1102,#1103);
#1101=CARTESIAN_POINT('',(-12.,7.,0.));
#1102=DIRECTION('',(-7.40148683083438E-17,-1.,0.));
#1103=DIRECTION('',(1.,-7.40148683083438E-17,0.));
#1104=FACE_BOUND('',#1105,.T.);
#1105=EDGE_LOOP('',(#2829,#2830,#2831,#2832));
#1106=PLANE('',#1107);
#1107=AXIS2_PLACEMENT_3D('',#1108,#1109,#1110);
#1108=CARTESIAN_POINT('',(12.,11.,0.));
#1109=DIRECTION('',(1.,0.,0.));
#1110=DIRECTION('',(0.,1.,0.));
#1111=FACE_BOUND('',#1112,.T.);
#1112=EDGE_LOOP('',(#2833,#2834,#2835,#2836,#2837,#2838));
#1113=PLANE('',#1114);
#1114=AXIS2_PLACEMENT_3D('',#1115,#1116,#1117);
#1115=CARTESIAN_POINT('',(-12.,11.,0.));
#1116=DIRECTION('',(0.,-1.,0.));
#1117=DIRECTION('',(1.,0.,0.));
#1118=FACE_BOUND('',#1119,.T.);
#1119=EDGE_LOOP('',(#2839,#2840,#2841,#2842));
#1120=PLANE('',#1121);
#1121=AXIS2_PLACEMENT_3D('',#1122,#1123,#1124);
#1122=CARTESIAN_POINT('',(-12.,13.,0.));
#1123=DIRECTION('',(-1.,0.,0.));
#1124=DIRECTION('',(0.,-1.,0.));
#1125=FACE_BOUND('',#1126,.T.);
#1126=EDGE_LOOP('',(#2843,#2844,#2845,#2846,#2847,#2848));
#1127=PLANE('',#1128);
#1128=AXIS2_PLACEMENT_3D('',#1129,#1130,#1131);
#1129=CARTESIAN_POINT('',(12.,13.,0.));
#1130=DIRECTION('',(0.,1.,0.));
#1131=DIRECTION('',(-1.,0.,0.));
#1132=FACE_BOUND('',#1133,.T.);
#1133=EDGE_LOOP('',(#2849,#2850,#2851,#2852));
#1134=PLANE('',#1135);
#1135=AXIS2_PLACEMENT_3D('',#1136,#1137,#1138);
#1136=CARTESIAN_POINT('',(-12.,17.,0.));
#1137=DIRECTION('',(-1.,0.,0.));
#1138=DIRECTION('',(0.,-1.,0.));
#1139=FACE_BOUND('',#1140,.T.);
#1140=EDGE_LOOP('',(#2853,#2854,#2855,#2856,#2857,#2858));
#1141=PLANE('',#1142);
#1142=AXIS2_PLACEMENT_3D('',#1143,#1144,#1145);
#1143=CARTESIAN_POINT('',(12.,17.,0.));
#1144=DIRECTION('',(0.,1.,0.));
#1145=DIRECTION('',(-1.,0.,0.));
#1146=FACE_BOUND('',#1147,.T.);
#1147=EDGE_LOOP('',(#2859,#2860,#2861,#2862));
#1148=PLANE('',#1149);
#1149=AXIS2_PLACEMENT_3D('',#1150,#1151,#1152);
#1150=CARTESIAN_POINT('',(12.,15.,0.));
#1151=DIRECTION('',(1.,0.,0.));
#1152=DIRECTION('',(0.,1.,0.));
#1153=FACE_BOUND('',#1154,.T.);
#1154=EDGE_LOOP('',(#2863,#2864,#2865,#2866,#2867,#2868));
#1155=PLANE('',#1156);
#1156=AXIS2_PLACEMENT_3D('',#1157,#1158,#1159);
#1157=CARTESIAN_POINT('',(-12.,15.,0.));
#1158=DIRECTION('',(0.,-1.,0.));
#1159=DIRECTION('',(1.,0.,0.));
#1160=FACE_BOUND('',#1161,.T.);
#1161=EDGE_LOOP('',(#2869,#2870,#2871,#2872));
#1162=PLANE('',#1163);
#1163=AXIS2_PLACEMENT_3D('',#1164,#1165,#1166);
#1164=CARTESIAN_POINT('',(-12.,-3.,0.));
#1165=DIRECTION('',(-1.,0.,0.));
#1166=DIRECTION('',(0.,-1.,0.));
#1167=FACE_BOUND('',#1168,.T.);
#1168=EDGE_LOOP('',(#2873,#2874,#2875,#2876,#2877,#2878));
#1169=PLANE('',#1170);
#1170=AXIS2_PLACEMENT_3D('',#1171,#1172,#1173);
#1171=CARTESIAN_POINT('',(12.,-3.,0.));
#1172=DIRECTION('',(7.40148683083438E-17,1.,0.));
#1173=DIRECTION('',(-1.,7.40148683083438E-17,0.));
#1174=FACE_BOUND('',#1175,.T.);
#1175=EDGE_LOOP('',(#2879,#2880,#2881,#2882));
#1176=PLANE('',#1177);
#1177=AXIS2_PLACEMENT_3D('',#1178,#1179,#1180);
#1178=CARTESIAN_POINT('',(12.,-5.,0.));
#1179=DIRECTION('',(1.,0.,0.));
#1180=DIRECTION('',(0.,1.,0.));
#1181=FACE_BOUND('',#1182,.T.);
#1182=EDGE_LOOP('',(#2883,#2884,#2885,#2886,#2887,#2888));
#1183=PLANE('',#1184);
#1184=AXIS2_PLACEMENT_3D('',#1185,#1186,#1187);
#1185=CARTESIAN_POINT('',(-12.,-5.,0.));
#1186=DIRECTION('',(-7.40148683083438E-17,-1.,0.));
#1187=DIRECTION('',(1.,-7.40148683083438E-17,0.));
#1188=FACE_BOUND('',#1189,.T.);
#1189=EDGE_LOOP('',(#2889,#2890,#2891,#2892));
#1190=PLANE('',#1191);
#1191=AXIS2_PLACEMENT_3D('',#1192,#1193,#1194);
#1192=CARTESIAN_POINT('',(-12.,-7.,0.));
#1193=DIRECTION('',(-1.,0.,0.));
#1194=DIRECTION('',(0.,-1.,0.));
#1195=FACE_BOUND('',#1196,.T.);
#1196=EDGE_LOOP('',(#2893,#2894,#2895,#2896,#2897,#2898));
#1197=PLANE('',#1198);
#1198=AXIS2_PLACEMENT_3D('',#1199,#1200,#1201);
#1199=CARTESIAN_POINT('',(12.,-7.,0.));
#1200=DIRECTION('',(7.40148683083438E-17,1.,0.));
#1201=DIRECTION('',(-1.,7.40148683083438E-17,0.));
#1202=FACE_BOUND('',#1203,.T.);
#1203=EDGE_LOOP('',(#2899,#2900,#2901,#2902));
#1204=PLANE('',#1205);
#1205=AXIS2_PLACEMENT_3D('',#1206,#1207,#1208);
#1206=CARTESIAN_POINT('',(12.,-9.,0.));
#1207=DIRECTION('',(1.,0.,0.));
#1208=DIRECTION('',(0.,1.,0.));
#1209=FACE_BOUND('',#1210,.T.);
#1210=EDGE_LOOP('',(#2903,#2904,#2905,#2906,#2907,#2908));
#1211=PLANE('',#1212);
#1212=AXIS2_PLACEMENT_3D('',#1213,#1214,#1215);
#1213=CARTESIAN_POINT('',(-12.,-9.,0.));
#1214=DIRECTION('',(0.,-1.,0.));
#1215=DIRECTION('',(1.,0.,0.));
#1216=FACE_BOUND('',#1217,.T.);
#1217=EDGE_LOOP('',(#2909,#2910,#2911,#2912));
#1218=PLANE('',#1219);
#1219=AXIS2_PLACEMENT_3D('',#1220,#1221,#1222);
#1220=CARTESIAN_POINT('',(-12.,-11.,0.));
#1221=DIRECTION('',(-1.,0.,0.));
#1222=DIRECTION('',(0.,-1.,0.));
#1223=FACE_BOUND('',#1224,.T.);
#1224=EDGE_LOOP('',(#2913,#2914,#2915,#2916,#2917,#2918));
#1225=PLANE('',#1226);
#1226=AXIS2_PLACEMENT_3D('',#1227,#1228,#1229);
#1227=CARTESIAN_POINT('',(12.,-11.,0.));
#1228=DIRECTION('',(0.,1.,0.));
#1229=DIRECTION('',(-1.,0.,0.));
#1230=FACE_BOUND('',#1231,.T.);
#1231=EDGE_LOOP('',(#2919,#2920,#2921,#2922));
#1232=PLANE('',#1233);
#1233=AXIS2_PLACEMENT_3D('',#1234,#1235,#1236);
#1234=CARTESIAN_POINT('',(12.,-13.,0.));
#1235=DIRECTION('',(1.,0.,0.));
#1236=DIRECTION('',(0.,1.,0.));
#1237=FACE_BOUND('',#1238,.T.);
#1238=EDGE_LOOP('',(#2923,#2924,#2925,#2926,#2927,#2928));
#1239=PLANE('',#1240);
#1240=AXIS2_PLACEMENT_3D('',#1241,#1242,#1243);
#1241=CARTESIAN_POINT('',(-12.,-13.,0.));
#1242=DIRECTION('',(0.,-1.,0.));
#1243=DIRECTION('',(1.,0.,0.));
#1244=FACE_BOUND('',#1245,.T.);
#1245=EDGE_LOOP('',(#2929,#2930,#2931,#2932));
#1246=PLANE('',#1247);
#1247=AXIS2_PLACEMENT_3D('',#1248,#1249,#1250);
#1248=CARTESIAN_POINT('',(-12.,-15.,0.));
#1249=DIRECTION('',(-1.,0.,0.));
#1250=DIRECTION('',(0.,-1.,0.));
#1251=FACE_BOUND('',#1252,.T.);
#1252=EDGE_LOOP('',(#2933,#2934,#2935,#2936,#2937,#2938));
#1253=PLANE('',#1254);
#1254=AXIS2_PLACEMENT_3D('',#1255,#1256,#1257);
#1255=CARTESIAN_POINT('',(12.,-15.,0.));
#1256=DIRECTION('',(0.,1.,0.));
#1257=DIRECTION('',(-1.,0.,0.));
#1258=FACE_BOUND('',#1259,.T.);
#1259=EDGE_LOOP('',(#2939,#2940,#2941,#2942));
#1260=PLANE('',#1261);
#1261=AXIS2_PLACEMENT_3D('',#1262,#1263,#1264);
#1262=CARTESIAN_POINT('',(12.,-17.,0.));
#1263=DIRECTION('',(1.,0.,0.));
#1264=DIRECTION('',(0.,1.,0.));
#1265=FACE_BOUND('',#1266,.T.);
#1266=EDGE_LOOP('',(#2943,#2944,#2945,#2946,#2947,#2948));
#1267=PLANE('',#1268);
#1268=AXIS2_PLACEMENT_3D('',#1269,#1270,#1271);
#1269=CARTESIAN_POINT('',(-12.,-17.,0.));
#1270=DIRECTION('',(0.,-1.,0.));
#1271=DIRECTION('',(1.,0.,0.));
#1272=FACE_BOUND('',#1273,.T.);
#1273=EDGE_LOOP('',(#2949,#2950,#2951,#2952));
#1274=PLANE('',#1275);
#1275=AXIS2_PLACEMENT_3D('',#1276,#1277,#1278);
#1276=CARTESIAN_POINT('',(-12.,-19.,0.));
#1277=DIRECTION('',(-1.,0.,0.));
#1278=DIRECTION('',(0.,-1.,0.));
#1279=FACE_BOUND('',#1280,.T.);
#1280=EDGE_LOOP('',(#2953,#2954,#2955,#2956,#2957,#2958));
#1281=PLANE('',#1282);
#1282=AXIS2_PLACEMENT_3D('',#1283,#1284,#1285);
#1283=CARTESIAN_POINT('',(12.,-19.,0.));
#1284=DIRECTION('',(0.,1.,0.));
#1285=DIRECTION('',(-1.,0.,0.));
#1286=FACE_BOUND('',#1287,.T.);
#1287=EDGE_LOOP('',(#2959,#2960,#2961,#2962));
#1288=PLANE('',#1289);
#1289=AXIS2_PLACEMENT_3D('',#1290,#1291,#1292);
#1290=CARTESIAN_POINT('',(12.,-21.,0.));
#1291=DIRECTION('',(1.,0.,0.));
#1292=DIRECTION('',(0.,1.,0.));
#1293=FACE_BOUND('',#1294,.T.);
#1294=EDGE_LOOP('',(#2963,#2964,#2965,#2966,#2967,#2968));
#1295=PLANE('',#1296);
#1296=AXIS2_PLACEMENT_3D('',#1297,#1298,#1299);
#1297=CARTESIAN_POINT('',(-12.,-21.,0.));
#1298=DIRECTION('',(0.,-1.,0.));
#1299=DIRECTION('',(1.,0.,0.));
#1300=FACE_BOUND('',#1301,.T.);
#1301=EDGE_LOOP('',(#2969,#2970,#2971,#2972));
#1302=PLANE('',#1303);
#1303=AXIS2_PLACEMENT_3D('',#1304,#1305,#1306);
#1304=CARTESIAN_POINT('',(-12.,21.,0.));
#1305=DIRECTION('',(-1.,0.,0.));
#1306=DIRECTION('',(0.,-1.,0.));
#1307=FACE_BOUND('',#1308,.T.);
#1308=EDGE_LOOP('',(#2973,#2974,#2975,#2976,#2977,#2978));
#1309=PLANE('',#1310);
#1310=AXIS2_PLACEMENT_3D('',#1311,#1312,#1313);
#1311=CARTESIAN_POINT('',(12.,21.,0.));
#1312=DIRECTION('',(0.,1.,0.));
#1313=DIRECTION('',(-1.,0.,0.));
#1314=FACE_BOUND('',#1315,.T.);
#1315=EDGE_LOOP('',(#2979,#2980,#2981,#2982));
#1316=PLANE('',#1317);
#1317=AXIS2_PLACEMENT_3D('',#1318,#1319,#1320);
#1318=CARTESIAN_POINT('',(12.,19.,0.));
#1319=DIRECTION('',(1.,0.,0.));
#1320=DIRECTION('',(0.,1.,0.));
#1321=FACE_BOUND('',#1322,.T.);
#1322=EDGE_LOOP('',(#2983,#2984,#2985,#2986,#2987,#2988));
#1323=PLANE('',#1324);
#1324=AXIS2_PLACEMENT_3D('',#1325,#1326,#1327);
#1325=CARTESIAN_POINT('',(-12.,19.,0.));
#1326=DIRECTION('',(0.,-1.,0.));
#1327=DIRECTION('',(1.,0.,0.));
#1328=FACE_BOUND('',#1329,.T.);
#1329=EDGE_LOOP('',(#2989,#2990,#2991,#2992));
#1330=CYLINDRICAL_SURFACE('',#1331,0.5);
#1331=AXIS2_PLACEMENT_3D('',#1332,#1333,#1334);
#1332=CARTESIAN_POINT('',(16.2072225348865,26.,20.));
#1333=DIRECTION('',(-1.,0.,0.));
#1334=DIRECTION('',(0.,0.,1.));
#1335=FACE_BOUND('',#1336,.T.);
#1336=EDGE_LOOP('',(#2993,#2994,#2995,#2996));
#1337=TOROIDAL_SURFACE('',#1338,1.,0.5);
#1338=AXIS2_PLACEMENT_3D('',#1339,#1340,#1341);
#1339=CARTESIAN_POINT('',(14.2072225348865,25.,20.));
#1340=DIRECTION('',(0.,0.,-1.));
#1341=DIRECTION('',(-1.,0.,0.));
#1342=FACE_BOUND('',#1343,.T.);
#1343=EDGE_LOOP('',(#2997,#2998,#2999,#3000,#3001,#3002,#3003,#3004));
#1344=PLANE('',#1345);
#1345=AXIS2_PLACEMENT_3D('',#1346,#1347,#1348);
#1346=CARTESIAN_POINT('',(15.7072225348865,23.5,18.));
#1347=DIRECTION('',(1.,0.,0.));
#1348=DIRECTION('',(0.,1.,0.));
#1349=FACE_BOUND('',#1350,.T.);
#1350=EDGE_LOOP('',(#3005,#3006,#3007,#3008));
#1351=PLANE('',#1352);
#1352=AXIS2_PLACEMENT_3D('',#1353,#1354,#1355);
#1353=CARTESIAN_POINT('',(15.6016050077525,24.5,17.8943824728661));
#1354=DIRECTION('',(0.,1.,0.));
#1355=DIRECTION('',(-0.274721127897378,0.,0.961523947640823));
#1356=FACE_BOUND('',#1357,.T.);
#1357=EDGE_LOOP('',(#3009,#3010,#3011,#3012,#3013));
#1358=CYLINDRICAL_SURFACE('',#1359,0.5);
#1359=AXIS2_PLACEMENT_3D('',#1360,#1361,#1362);
#1360=CARTESIAN_POINT('',(14.2857142857143,24.,19.4142135623731));
#1361=DIRECTION('',(-1.,0.,0.));
#1362=DIRECTION('',(0.,-0.333333333333328,-0.942809041582065));
#1363=FACE_BOUND('',#1364,.T.);
#1364=EDGE_LOOP('',(#3014,#3015,#3016,#3017,#3018));
#1365=CYLINDRICAL_SURFACE('',#1366,0.5);
#1366=AXIS2_PLACEMENT_3D('',#1367,#1368,#1369);
#1367=CARTESIAN_POINT('',(14.2857142857143,-24.,19.4142135623731));
#1368=DIRECTION('',(1.,0.,0.));
#1369=DIRECTION('',(0.,0.333333333333328,-0.942809041582065));
#1370=FACE_BOUND('',#1371,.T.);
#1371=EDGE_LOOP('',(#3019,#3020,#3021,#3022));
#1372=CYLINDRICAL_SURFACE('',#1373,1.);
#1373=AXIS2_PLACEMENT_3D('',#1374,#1375,#1376);
#1374=CARTESIAN_POINT('',(11.7252788721026,-23.5,18.));
#1375=DIRECTION('',(1.,0.,0.));
#1376=DIRECTION('',(0.,-6.12323399573677E-17,1.));
#1377=FACE_BOUND('',#1378,.T.);
#1378=EDGE_LOOP('',(#3023,#3024,#3025,#3026));
#1379=PLANE('',#1380);
#1380=AXIS2_PLACEMENT_3D('',#1381,#1382,#1383);
#1381=CARTESIAN_POINT('',(15.5714285714286,-24.5,18.));
#1382=DIRECTION('',(0.,-1.,0.));
#1383=DIRECTION('',(0.274721127897378,0.,-0.961523947640823));
#1384=FACE_BOUND('',#1385,.T.);
#1385=EDGE_LOOP('',(#3027,#3028,#3029,#3030));
#1386=PLANE('',#1387);
#1387=AXIS2_PLACEMENT_3D('',#1388,#1389,#1390);
#1388=CARTESIAN_POINT('',(15.7072225348865,-25.,18.));
#1389=DIRECTION('',(0.707106781186545,0.,-0.70710678118655));
#1390=DIRECTION('',(-0.70710678118655,0.,-0.707106781186545));
#1391=FACE_BOUND('',#1392,.T.);
#1392=EDGE_LOOP('',(#3031,#3032,#3033,#3034));
#1393=PLANE('',#1394);
#1394=AXIS2_PLACEMENT_3D('',#1395,#1396,#1397);
#1395=CARTESIAN_POINT('',(15.5494422557948,24.,18.0769521047183));
#1396=DIRECTION('',(-0.274721127897377,0.,0.961523947640824));
#1397=DIRECTION('',(-0.961523947640824,0.,-0.274721127897377));
#1398=FACE_BOUND('',#1399,.T.);
#1399=EDGE_LOOP('',(#3035,#3036,#3037,#3038));
#1400=CYLINDRICAL_SURFACE('',#1401,1.);
#1401=AXIS2_PLACEMENT_3D('',#1402,#1403,#1404);
#1402=CARTESIAN_POINT('',(11.7252788721026,23.5,18.));
#1403=DIRECTION('',(1.,0.,0.));
#1404=DIRECTION('',(0.,1.,6.12323399573677E-17));
#1405=FACE_BOUND('',#1406,.T.);
#1406=EDGE_LOOP('',(#3039,#3040,#3041,#3042));
#1407=CONICAL_SURFACE('',#1408,1.25,0.785398163397453);
#1408=AXIS2_PLACEMENT_3D('',#1409,#1410,#1411);
#1409=CARTESIAN_POINT('',(-16.,-25.,17.75));
#1410=DIRECTION('',(0.,0.,1.));
#1411=DIRECTION('',(-0.707106781186548,0.707106781186548,0.));
#1412=FACE_BOUND('',#1413,.T.);
#1413=EDGE_LOOP('',(#3043,#3044,#3045,#3046,#3047,#3048));
#1414=PLANE('',#1415);
#1415=AXIS2_PLACEMENT_3D('',#1416,#1417,#1418);
#1416=CARTESIAN_POINT('',(-17.5,-23.5,18.));
#1417=DIRECTION('',(-1.,0.,0.));
#1418=DIRECTION('',(0.,-1.,0.));
#1419=FACE_BOUND('',#1420,.T.);
#1420=EDGE_LOOP('',(#3049,#3050,#3051,#3052));
#1421=PLANE('',#1422);
#1422=AXIS2_PLACEMENT_3D('',#1423,#1424,#1425);
#1423=CARTESIAN_POINT('',(-14.5,-23.5,18.));
#1424=DIRECTION('',(0.,1.,0.));
#1425=DIRECTION('',(-1.,0.,0.));
#1426=FACE_BOUND('',#1427,.T.);
#1427=EDGE_LOOP('',(#3053,#3054,#3055,#3056));
#1428=PLANE('',#1429);
#1429=AXIS2_PLACEMENT_3D('',#1430,#1431,#1432);
#1430=CARTESIAN_POINT('',(-17.5,23.5,18.));
#1431=DIRECTION('',(0.,-1.,0.));
#1432=DIRECTION('',(1.,0.,0.));
#1433=FACE_BOUND('',#1434,.T.);
#1434=EDGE_LOOP('',(#3057,#3058,#3059,#3060,#3061,#3062));
#1435=PLANE('',#1436);
#1436=AXIS2_PLACEMENT_3D('',#1437,#1438,#1439);
#1437=CARTESIAN_POINT('',(-17.5,26.5,18.));
#1438=DIRECTION('',(-1.,0.,0.));
#1439=DIRECTION('',(0.,-1.,0.));
#1440=FACE_BOUND('',#1441,.T.);
#1441=EDGE_LOOP('',(#3063,#3064,#3065,#3066));
#1442=PLANE('',#1443);
#1443=AXIS2_PLACEMENT_3D('',#1444,#1445,#1446);
#1444=CARTESIAN_POINT('',(13.6263943605131,24.,17.5275098489236));
#1445=DIRECTION('',(-0.961523947640823,0.,-0.274721127897377));
#1446=DIRECTION('',(0.274721127897377,0.,-0.961523947640823));
#1447=FACE_BOUND('',#1448,.T.);
#1448=EDGE_LOOP('',(#3067,#3068,#3069,#3070));
#1449=PLANE('',#1450);
#1450=AXIS2_PLACEMENT_3D('',#1451,#1452,#1453);
#1451=CARTESIAN_POINT('',(15.,24.,12.7198901107195));
#1452=DIRECTION('',(-1.,0.,0.));
#1453=DIRECTION('',(0.,0.,-1.));
#1454=FACE_BOUND('',#1455,.T.);
#1455=EDGE_LOOP('',(#3071,#3072,#3073,#3074));
#1456=CYLINDRICAL_SURFACE('',#1457,1.5);
#1457=AXIS2_PLACEMENT_3D('',#1458,#1459,#1460);
#1458=CARTESIAN_POINT('',(14.2072225348865,-25.,18.));
#1459=DIRECTION('',(0.,0.,-1.));
#1460=DIRECTION('',(1.,-6.12323399573676E-17,0.));
#1461=FACE_BOUND('',#1462,.T.);
#1462=EDGE_LOOP('',(#3075,#3076,#3077,#3078,#3079,#3080));
#1463=PLANE('',#1464);
#1464=AXIS2_PLACEMENT_3D('',#1465,#1466,#1467);
#1465=CARTESIAN_POINT('',(12.7072225348865,-26.5,18.));
#1466=DIRECTION('',(0.,-1.,0.));
#1467=DIRECTION('',(1.,0.,0.));
#1468=FACE_BOUND('',#1469,.T.);
#1469=EDGE_LOOP('',(#3081,#3082,#3083,#3084));
#1470=PLANE('',#1471);
#1471=AXIS2_PLACEMENT_3D('',#1472,#1473,#1474);
#1472=CARTESIAN_POINT('',(12.7072225348865,-23.5,18.));
#1473=DIRECTION('',(-1.,0.,0.));
#1474=DIRECTION('',(0.,-1.,0.));
#1475=FACE_BOUND('',#1476,.T.);
#1476=EDGE_LOOP('',(#3085,#3086,#3087,#3088));
#1477=PLANE('',#1478);
#1478=AXIS2_PLACEMENT_3D('',#1479,#1480,#1481);
#1479=CARTESIAN_POINT('',(-14.5,-26.5,18.));
#1480=DIRECTION('',(1.,0.,0.));
#1481=DIRECTION('',(0.,1.,0.));
#1482=FACE_BOUND('',#1483,.T.);
#1483=EDGE_LOOP('',(#3089,#3090,#3091,#3092,#3093,#3094));
#1484=PLANE('',#1485);
#1485=AXIS2_PLACEMENT_3D('',#1486,#1487,#1488);
#1486=CARTESIAN_POINT('',(-17.5,-26.5,18.));
#1487=DIRECTION('',(0.,-1.,0.));
#1488=DIRECTION('',(1.,0.,0.));
#1489=FACE_BOUND('',#1490,.T.);
#1490=EDGE_LOOP('',(#3095,#3096,#3097,#3098));
#1491=TOROIDAL_SURFACE('',#1492,1.,0.5);
#1492=AXIS2_PLACEMENT_3D('',#1493,#1494,#1495);
#1493=CARTESIAN_POINT('',(-16.,25.,20.));
#1494=DIRECTION('',(0.,0.,-1.));
#1495=DIRECTION('',(0.,-1.,0.));
#1496=FACE_BOUND('',#1497,.T.);
#1497=EDGE_LOOP('',(#3099,#3100,#3101,#3102,#3103,#3104));
#1498=PLANE('',#1499);
#1499=AXIS2_PLACEMENT_3D('',#1500,#1501,#1502);
#1500=CARTESIAN_POINT('',(0.,0.,20.5));
#1501=DIRECTION('',(0.,0.,1.));
#1502=DIRECTION('',(6.12323399573677E-17,1.,0.));
#1503=FACE_BOUND('',#1504,.T.);
#1504=EDGE_LOOP('',(#3105,#3106,#3107,#3108));
#1505=CYLINDRICAL_SURFACE('',#1506,0.5);
#1506=AXIS2_PLACEMENT_3D('',#1507,#1508,#1509);
#1507=CARTESIAN_POINT('',(10.7072225348865,-26.,20.));
#1508=DIRECTION('',(1.,-6.45947941600091E-16,0.));
#1509=DIRECTION('',(4.73316543132607E-30,7.105427357601E-15,1.));
#1510=FACE_BOUND('',#1511,.T.);
#1511=EDGE_LOOP('',(#3109,#3110,#3111,#3112,#3113,#3114));
#1512=PLANE('',#1513);
#1513=AXIS2_PLACEMENT_3D('',#1514,#1515,#1516);
#1514=CARTESIAN_POINT('',(0.,0.,20.5));
#1515=DIRECTION('',(0.,0.,1.));
#1516=DIRECTION('',(6.12323399573677E-17,1.,0.));
#1517=FACE_BOUND('',#1518,.T.);
#1518=EDGE_LOOP('',(#3115,#3116,#3117,#3118));
#1519=PLANE('',#1520);
#1520=AXIS2_PLACEMENT_3D('',#1521,#1522,#1523);
#1521=CARTESIAN_POINT('',(15.7072225348865,-23.5,18.));
#1522=DIRECTION('',(0.,1.,0.));
#1523=DIRECTION('',(-1.,0.,0.));
#1524=FACE_BOUND('',#1525,.T.);
#1525=EDGE_LOOP('',(#3119,#3120,#3121,#3122));
#1526=CYLINDRICAL_SURFACE('',#1527,0.5);
#1527=AXIS2_PLACEMENT_3D('',#1528,#1529,#1530);
#1528=CARTESIAN_POINT('',(15.2072225348865,-27.,20.));
#1529=DIRECTION('',(3.22973970800046E-16,1.,0.));
#1530=DIRECTION('',(-3.5527136788005E-15,7.88860905221012E-31,1.));
#1531=FACE_BOUND('',#1532,.T.);
#1532=EDGE_LOOP('',(#3123,#3124,#3125,#3126));
#1533=PLANE('',#1534);
#1534=AXIS2_PLACEMENT_3D('',#1535,#1536,#1537);
#1535=CARTESIAN_POINT('',(12.7072225348865,23.5,18.));
#1536=DIRECTION('',(0.,-1.,0.));
#1537=DIRECTION('',(1.,0.,0.));
#1538=FACE_BOUND('',#1539,.T.);
#1539=EDGE_LOOP('',(#3127,#3128,#3129,#3130));
#1540=CYLINDRICAL_SURFACE('',#1541,0.5);
#1541=AXIS2_PLACEMENT_3D('',#1542,#1543,#1544);
#1542=CARTESIAN_POINT('',(15.2072225348865,21.5,20.));
#1543=DIRECTION('',(3.22973970800045E-16,1.,0.));
#1544=DIRECTION('',(2.29486808791567E-30,0.,1.));
#1545=FACE_BOUND('',#1546,.T.);
#1546=EDGE_LOOP('',(#3131,#3132,#3133,#3134,#3135,#3136));
#1547=PLANE('',#1548);
#1548=AXIS2_PLACEMENT_3D('',#1549,#1550,#1551);
#1549=CARTESIAN_POINT('',(0.,0.,20.5));
#1550=DIRECTION('',(0.,0.,1.));
#1551=DIRECTION('',(6.12323399573677E-17,1.,0.));
#1552=FACE_BOUND('',#1553,.T.);
#1553=EDGE_LOOP('',(#3137,#3138,#3139,#3140));
#1554=CYLINDRICAL_SURFACE('',#1555,0.5);
#1555=AXIS2_PLACEMENT_3D('',#1556,#1557,#1558);
#1556=CARTESIAN_POINT('',(-17.,27.,20.));
#1557=DIRECTION('',(-6.45947941600092E-16,-1.,0.));
#1558=DIRECTION('',(7.10542735760101E-15,-4.73316543132607E-30,1.));
#1559=FACE_BOUND('',#1560,.T.);
#1560=EDGE_LOOP('',(#3141,#3142,#3143,#3144));
#1561=CYLINDRICAL_SURFACE('',#1562,0.5);
#1562=AXIS2_PLACEMENT_3D('',#1563,#1564,#1565);
#1563=CARTESIAN_POINT('',(-17.,-21.5,20.));
#1564=DIRECTION('',(0.,-1.,0.));
#1565=DIRECTION('',(0.,0.,1.));
#1566=FACE_BOUND('',#1567,.T.);
#1567=EDGE_LOOP('',(#3145,#3146,#3147,#3148,#3149,#3150));
#1568=PLANE('',#1569);
#1569=AXIS2_PLACEMENT_3D('',#1570,#1571,#1572);
#1570=CARTESIAN_POINT('',(0.,0.,20.5));
#1571=DIRECTION('',(0.,0.,1.));
#1572=DIRECTION('',(6.12323399573677E-17,1.,0.));
#1573=FACE_BOUND('',#1574,.T.);
#1574=EDGE_LOOP('',(#3151,#3152,#3153,#3154));
#1575=CYLINDRICAL_SURFACE('',#1576,0.5);
#1576=AXIS2_PLACEMENT_3D('',#1577,#1578,#1579);
#1577=CARTESIAN_POINT('',(-18.,-26.,20.));
#1578=DIRECTION('',(1.,6.45947941600091E-16,0.));
#1579=DIRECTION('',(4.73316543132607E-30,-7.105427357601E-15,1.));
#1580=FACE_BOUND('',#1581,.T.);
#1581=EDGE_LOOP('',(#3155,#3156,#3157,#3158));
#1582=PLANE('',#1583);
#1583=AXIS2_PLACEMENT_3D('',#1584,#1585,#1586);
#1584=CARTESIAN_POINT('',(0.,0.,0.));
#1585=DIRECTION('',(0.,0.,-1.));
#1586=DIRECTION('',(-6.12323399573677E-17,1.,0.));
#1587=FACE_BOUND('',#1588,.T.);
#1588=EDGE_LOOP('',(#3159,#3160,#3161,#3162));
#1589=PLANE('',#1590);
#1590=AXIS2_PLACEMENT_3D('',#1591,#1592,#1593);
#1591=CARTESIAN_POINT('',(0.,0.,0.));
#1592=DIRECTION('',(0.,0.,-1.));
#1593=DIRECTION('',(-6.12323399573677E-17,1.,0.));
#1594=FACE_BOUND('',#1595,.T.);
#1595=EDGE_LOOP('',(#3163,#3164,#3165,#3166));
#1596=PLANE('',#1597);
#1597=AXIS2_PLACEMENT_3D('',#1598,#1599,#1600);
#1598=CARTESIAN_POINT('',(0.,0.,0.));
#1599=DIRECTION('',(0.,0.,-1.));
#1600=DIRECTION('',(-6.12323399573677E-17,1.,0.));
#1601=FACE_BOUND('',#1602,.T.);
#1602=EDGE_LOOP('',(#3167,#3168,#3169,#3170));
#1603=PLANE('',#1604);
#1604=AXIS2_PLACEMENT_3D('',#1605,#1606,#1607);
#1605=CARTESIAN_POINT('',(0.,0.,0.));
#1606=DIRECTION('',(0.,0.,-1.));
#1607=DIRECTION('',(-6.12323399573677E-17,1.,0.));
#1608=FACE_BOUND('',#1609,.T.);
#1609=EDGE_LOOP('',(#3171,#3172,#3173,#3174));
#1610=PLANE('',#1611);
#1611=AXIS2_PLACEMENT_3D('',#1612,#1613,#1614);
#1612=CARTESIAN_POINT('',(0.,0.,0.));
#1613=DIRECTION('',(0.,0.,-1.));
#1614=DIRECTION('',(-6.12323399573677E-17,1.,0.));
#1615=FACE_BOUND('',#1616,.T.);
#1616=EDGE_LOOP('',(#3175,#3176,#3177,#3178));
#1617=PLANE('',#1618);
#1618=AXIS2_PLACEMENT_3D('',#1619,#1620,#1621);
#1619=CARTESIAN_POINT('',(0.,0.,0.));
#1620=DIRECTION('',(0.,0.,-1.));
#1621=DIRECTION('',(-6.12323399573677E-17,1.,0.));
#1622=FACE_BOUND('',#1623,.T.);
#1623=EDGE_LOOP('',(#3179,#3180,#3181,#3182));
#1624=PLANE('',#1625);
#1625=AXIS2_PLACEMENT_3D('',#1626,#1627,#1628);
#1626=CARTESIAN_POINT('',(0.,0.,0.));
#1627=DIRECTION('',(0.,0.,-1.));
#1628=DIRECTION('',(-6.12323399573677E-17,1.,0.));
#1629=FACE_BOUND('',#1630,.T.);
#1630=EDGE_LOOP('',(#3183,#3184,#3185,#3186));
#1631=PLANE('',#1632);
#1632=AXIS2_PLACEMENT_3D('',#1633,#1634,#1635);
#1633=CARTESIAN_POINT('',(0.,0.,0.));
#1634=DIRECTION('',(0.,0.,-1.));
#1635=DIRECTION('',(-6.12323399573677E-17,1.,0.));
#1636=FACE_BOUND('',#1637,.T.);
#1637=EDGE_LOOP('',(#3187,#3188,#3189,#3190));
#1638=PLANE('',#1639);
#1639=AXIS2_PLACEMENT_3D('',#1640,#1641,#1642);
#1640=CARTESIAN_POINT('',(0.,0.,0.));
#1641=DIRECTION('',(0.,0.,-1.));
#1642=DIRECTION('',(-6.12323399573677E-17,1.,0.));
#1643=FACE_BOUND('',#1644,.T.);
#1644=EDGE_LOOP('',(#3191,#3192,#3193,#3194));
#1645=PLANE('',#1646);
#1646=AXIS2_PLACEMENT_3D('',#1647,#1648,#1649);
#1647=CARTESIAN_POINT('',(0.,0.,0.));
#1648=DIRECTION('',(0.,0.,-1.));
#1649=DIRECTION('',(-6.12323399573677E-17,1.,0.));
#1650=FACE_BOUND('',#1651,.T.);
#1651=EDGE_LOOP('',(#3195,#3196,#3197,#3198));
#1652=PLANE('',#1653);
#1653=AXIS2_PLACEMENT_3D('',#1654,#1655,#1656);
#1654=CARTESIAN_POINT('',(0.,0.,0.));
#1655=DIRECTION('',(0.,0.,-1.));
#1656=DIRECTION('',(-6.12323399573677E-17,1.,0.));
#1657=FACE_BOUND('',#1658,.T.);
#1658=EDGE_LOOP('',(#3199,#3200,#3201));
#1659=PLANE('',#1660);
#1660=AXIS2_PLACEMENT_3D('',#1661,#1662,#1663);
#1661=CARTESIAN_POINT('',(15.5714285714286,24.5,18.));
#1662=DIRECTION('',(-0.274721127897379,0.,0.961523947640823));
#1663=DIRECTION('',(0.,-1.,0.));
#1664=FACE_BOUND('',#1665,.T.);
#1665=EDGE_LOOP('',(#3202,#3203,#3204,#3205,#3206,#3207,#3208,#3209));
#1666=PLANE('',#1667);
#1667=AXIS2_PLACEMENT_3D('',#1668,#1669,#1670);
#1668=CARTESIAN_POINT('',(15.7072225348865,-26.5,18.));
#1669=DIRECTION('',(1.,0.,0.));
#1670=DIRECTION('',(0.,1.,0.));
#1671=FACE_BOUND('',#1672,.T.);
#1672=EDGE_LOOP('',(#3210,#3211,#3212));
#1673=PLANE('',#1674);
#1674=AXIS2_PLACEMENT_3D('',#1675,#1676,#1677);
#1675=CARTESIAN_POINT('',(15.5714285714286,-24.,18.));
#1676=DIRECTION('',(-0.274721127897378,0.,0.961523947640823));
#1677=DIRECTION('',(0.,-1.,0.));
#1678=FACE_BOUND('',#1679,.T.);
#1679=EDGE_LOOP('',(#3213,#3214,#3215,#3216));
#1680=CYLINDRICAL_SURFACE('',#1681,1.5);
#1681=AXIS2_PLACEMENT_3D('',#1682,#1683,#1684);
#1682=CARTESIAN_POINT('',(-16.,-25.,18.));
#1683=DIRECTION('',(0.,0.,-1.));
#1684=DIRECTION('',(-6.12323399573676E-17,-1.,0.));
#1685=FACE_BOUND('',#1686,.T.);
#1686=EDGE_LOOP('',(#3217,#3218,#3219,#3220));
#1687=TOROIDAL_SURFACE('',#1688,1.,0.5);
#1688=AXIS2_PLACEMENT_3D('',#1689,#1690,#1691);
#1689=CARTESIAN_POINT('',(14.2072225348865,-25.,20.));
#1690=DIRECTION('',(0.,0.,-1.));
#1691=DIRECTION('',(0.,1.,0.));
#1692=FACE_BOUND('',#1693,.T.);
#1693=EDGE_LOOP('',(#3221,#3222,#3223,#3224));
#1694=TOROIDAL_SURFACE('',#1695,1.,0.5);
#1695=AXIS2_PLACEMENT_3D('',#1696,#1697,#1698);
#1696=CARTESIAN_POINT('',(-16.,-25.,20.));
#1697=DIRECTION('',(0.,0.,-1.));
#1698=DIRECTION('',(1.,0.,0.));
#1699=FACE_BOUND('',#1700,.T.);
#1700=EDGE_LOOP('',(#3225,#3226,#3227,#3228));
#1701=CYLINDRICAL_SURFACE('',#1702,1.5);
#1702=AXIS2_PLACEMENT_3D('',#1703,#1704,#1705);
#1703=CARTESIAN_POINT('',(16.,25.,3.));
#1704=DIRECTION('',(0.,0.,1.));
#1705=DIRECTION('',(1.,2.368475785867E-15,0.));
#1706=FACE_BOUND('',#1707,.T.);
#1707=EDGE_LOOP('',(#3229,#3230,#3231,#3232));
#1708=CYLINDRICAL_SURFACE('',#1709,1.5);
#1709=AXIS2_PLACEMENT_3D('',#1710,#1711,#1712);
#1710=CARTESIAN_POINT('',(-16.,25.,3.));
#1711=DIRECTION('',(0.,0.,1.));
#1712=DIRECTION('',(0.,1.,0.));
#1713=FACE_BOUND('',#1714,.T.);
#1714=EDGE_LOOP('',(#3233,#3234,#3235,#3236));
#1715=CYLINDRICAL_SURFACE('',#1716,1.5);
#1716=AXIS2_PLACEMENT_3D('',#1717,#1718,#1719);
#1717=CARTESIAN_POINT('',(16.,-25.,3.));
#1718=DIRECTION('',(0.,0.,1.));
#1719=DIRECTION('',(0.,-1.,0.));
#1720=FACE_BOUND('',#1721,.T.);
#1721=EDGE_LOOP('',(#3237,#3238,#3239,#3240));
#1722=CYLINDRICAL_SURFACE('',#1723,1.5);
#1723=AXIS2_PLACEMENT_3D('',#1724,#1725,#1726);
#1724=CARTESIAN_POINT('',(-16.,-25.,3.));
#1725=DIRECTION('',(0.,0.,1.));
#1726=DIRECTION('',(-1.,0.,0.));
#1727=FACE_BOUND('',#1728,.T.);
#1728=EDGE_LOOP('',(#3241,#3242,#3243,#3244));
#1729=CYLINDRICAL_SURFACE('',#1730,0.5);
#1730=AXIS2_PLACEMENT_3D('',#1731,#1732,#1733);
#1731=CARTESIAN_POINT('',(-16.,24.9142135623731,-3.5));
#1732=DIRECTION('',(-1.,0.,0.));
#1733=DIRECTION('',(0.,-0.942809041582063,0.333333333333334));
#1734=FACE_BOUND('',#1735,.T.);
#1735=EDGE_LOOP('',(#3245,#3246,#3247,#3248));
#1736=CYLINDRICAL_SURFACE('',#1737,0.5);
#1737=AXIS2_PLACEMENT_3D('',#1738,#1739,#1740);
#1738=CARTESIAN_POINT('',(-15.9142135623731,25.,-3.5));
#1739=DIRECTION('',(7.10542735760114E-16,-1.,0.));
#1740=DIRECTION('',(0.942809041582065,6.69906115705096E-16,0.33333333333333));
#1741=FACE_BOUND('',#1742,.T.);
#1742=EDGE_LOOP('',(#3249,#3250,#3251,#3252));
#1743=CYLINDRICAL_SURFACE('',#1744,0.5);
#1744=AXIS2_PLACEMENT_3D('',#1745,#1746,#1747);
#1745=CARTESIAN_POINT('',(15.9142135623731,25.,-3.5));
#1746=DIRECTION('',(-2.84217094304038E-15,1.,0.));
#1747=DIRECTION('',(-0.942809041582064,-2.6796244628203E-15,0.333333333333332));
#1748=FACE_BOUND('',#1749,.T.);
#1749=EDGE_LOOP('',(#3253,#3254,#3255,#3256));
#1750=CYLINDRICAL_SURFACE('',#1751,0.5);
#1751=AXIS2_PLACEMENT_3D('',#1752,#1753,#1754);
#1752=CARTESIAN_POINT('',(16.,24.9142135623731,-3.5));
#1753=DIRECTION('',(-1.,0.,0.));
#1754=DIRECTION('',(0.,-0.942809041582063,0.333333333333333));
#1755=FACE_BOUND('',#1756,.T.);
#1756=EDGE_LOOP('',(#3257,#3258,#3259,#3260));
#1757=CYLINDRICAL_SURFACE('',#1758,0.5);
#1758=AXIS2_PLACEMENT_3D('',#1759,#1760,#1761);
#1759=CARTESIAN_POINT('',(15.,25.,-4.4142135623731));
#1760=DIRECTION('',(-7.10542735760097E-16,-1.,-3.55271367880049E-16));
#1761=DIRECTION('',(-0.333333333333332,-9.81054792658393E-17,0.942809041582064));
#1762=FACE_BOUND('',#1763,.T.);
#1763=EDGE_LOOP('',(#3261,#3262,#3263,#3264));
#1764=CYLINDRICAL_SURFACE('',#1765,0.5);
#1765=AXIS2_PLACEMENT_3D('',#1766,#1767,#1768);
#1766=CARTESIAN_POINT('',(-15.,25.,-4.4142135623731));
#1767=DIRECTION('',(1.42108547152019E-15,1.,0.));
#1768=DIRECTION('',(0.333333333333336,-4.73695157173402E-16,0.942809041582063));
#1769=FACE_BOUND('',#1770,.T.);
#1770=EDGE_LOOP('',(#3265,#3266,#3267,#3268));
#1771=CYLINDRICAL_SURFACE('',#1772,0.5);
#1772=AXIS2_PLACEMENT_3D('',#1773,#1774,#1775);
#1773=CARTESIAN_POINT('',(-16.,24.,-4.41421356237309));
#1774=DIRECTION('',(1.,0.,0.));
#1775=DIRECTION('',(0.,-0.333333333333336,0.942809041582063));
#1776=FACE_BOUND('',#1777,.T.);
#1777=EDGE_LOOP('',(#3269,#3270,#3271,#3272));
#1778=CYLINDRICAL_SURFACE('',#1779,0.5);
#1779=AXIS2_PLACEMENT_3D('',#1780,#1781,#1782);
#1780=CARTESIAN_POINT('',(16.,24.,-4.41421356237309));
#1781=DIRECTION('',(1.,0.,0.));
#1782=DIRECTION('',(0.,-0.333333333333336,0.942809041582063));
#1783=FACE_BOUND('',#1784,.T.);
#1784=EDGE_LOOP('',(#3273,#3274,#3275,#3276));
#1785=CYLINDRICAL_SURFACE('',#1786,0.5);
#1786=AXIS2_PLACEMENT_3D('',#1787,#1788,#1789);
#1787=CARTESIAN_POINT('',(16.,-24.,-4.41421356237309));
#1788=DIRECTION('',(-1.,-1.4210854715202E-15,0.));
#1789=DIRECTION('',(-4.73695157173403E-16,0.333333333333336,0.942809041582063));
#1790=FACE_BOUND('',#1791,.T.);
#1791=EDGE_LOOP('',(#3277,#3278,#3279,#3280));
#1792=CYLINDRICAL_SURFACE('',#1793,0.5);
#1793=AXIS2_PLACEMENT_3D('',#1794,#1795,#1796);
#1794=CARTESIAN_POINT('',(15.,-25.,-4.4142135623731));
#1795=DIRECTION('',(7.10542735760101E-16,-1.,1.06581410364015E-15));
#1796=DIRECTION('',(-0.333333333333335,7.68011594970916E-16,0.942809041582063));
#1797=FACE_BOUND('',#1798,.T.);
#1798=EDGE_LOOP('',(#3281,#3282,#3283,#3284));
#1799=CYLINDRICAL_SURFACE('',#1800,0.5);
#1800=AXIS2_PLACEMENT_3D('',#1801,#1802,#1803);
#1801=CARTESIAN_POINT('',(-15.,-25.,-4.41421356237309));
#1802=DIRECTION('',(-7.105427357601E-16,1.,0.));
#1803=DIRECTION('',(0.333333333333333,2.36847578586699E-16,0.942809041582064));
#1804=FACE_BOUND('',#1805,.T.);
#1805=EDGE_LOOP('',(#3285,#3286,#3287,#3288));
#1806=CYLINDRICAL_SURFACE('',#1807,0.5);
#1807=AXIS2_PLACEMENT_3D('',#1808,#1809,#1810);
#1808=CARTESIAN_POINT('',(-16.,-24.,-4.4142135623731));
#1809=DIRECTION('',(-1.,0.,0.));
#1810=DIRECTION('',(0.,0.33333333333333,0.942809041582065));
#1811=FACE_BOUND('',#1812,.T.);
#1812=EDGE_LOOP('',(#3289,#3290,#3291,#3292));
#1813=CYLINDRICAL_SURFACE('',#1814,0.5);
#1814=AXIS2_PLACEMENT_3D('',#1815,#1816,#1817);
#1815=CARTESIAN_POINT('',(-16.,-24.9142135623731,-3.5));
#1816=DIRECTION('',(1.,0.,0.));
#1817=DIRECTION('',(0.,0.942809041582064,0.33333333333333));
#1818=FACE_BOUND('',#1819,.T.);
#1819=EDGE_LOOP('',(#3293,#3294,#3295,#3296));
#1820=CYLINDRICAL_SURFACE('',#1821,0.5);
#1821=AXIS2_PLACEMENT_3D('',#1822,#1823,#1824);
#1822=CARTESIAN_POINT('',(-15.9142135623731,-25.,-3.5));
#1823=DIRECTION('',(7.105427357601E-16,-1.,0.));
#1824=DIRECTION('',(0.942809041582063,6.69906115705077E-16,0.333333333333334));
#1825=FACE_BOUND('',#1826,.T.);
#1826=EDGE_LOOP('',(#3297,#3298,#3299,#3300));
#1827=CYLINDRICAL_SURFACE('',#1828,0.5);
#1828=AXIS2_PLACEMENT_3D('',#1829,#1830,#1831);
#1829=CARTESIAN_POINT('',(16.,-24.9142135623731,-3.5));
#1830=DIRECTION('',(1.,0.,0.));
#1831=DIRECTION('',(0.,0.942809041582065,0.333333333333329));
#1832=FACE_BOUND('',#1833,.T.);
#1833=EDGE_LOOP('',(#3301,#3302,#3303,#3304));
#1834=CYLINDRICAL_SURFACE('',#1835,0.5);
#1835=AXIS2_PLACEMENT_3D('',#1836,#1837,#1838);
#1836=CARTESIAN_POINT('',(15.9142135623731,-25.,-3.5));
#1837=DIRECTION('',(-2.13162820728036E-15,1.,0.));
#1838=DIRECTION('',(-0.942809041582063,-2.00971834711528E-15,0.333333333333334));
#1839=FACE_BOUND('',#1840,.T.);
#1840=EDGE_LOOP('',(#3305,#3306,#3307,#3308,#3309,#3310));
#1841=CYLINDRICAL_SURFACE('',#1842,1.5);
#1842=AXIS2_PLACEMENT_3D('',#1843,#1844,#1845);
#1843=CARTESIAN_POINT('',(-13.5,13.,18.5));
#1844=DIRECTION('',(2.73285667600038E-16,-1.,-5.46571335200077E-16));
#1845=DIRECTION('',(1.,2.73285667600036E-16,4.73695157173399E-15));
#1846=FACE_BOUND('',#1847,.T.);
#1847=EDGE_LOOP('',(#3311,#3312,#3313,#3314,#3315,#3316));
#1848=CYLINDRICAL_SURFACE('',#1849,1.5);
#1849=AXIS2_PLACEMENT_3D('',#1850,#1851,#1852);
#1850=CARTESIAN_POINT('',(13.5,-13.,18.5));
#1851=DIRECTION('',(0.,1.,-5.46571335200077E-16));
#1852=DIRECTION('',(-1.,2.62953635073671E-30,4.73695157173401E-15));
#1853=FACE_BOUND('',#1854,.T.);
#1854=EDGE_LOOP('',(#3317,#3318,#3319,#3320,#3321,#3322));
#1855=CYLINDRICAL_SURFACE('',#1856,1.5);
#1856=AXIS2_PLACEMENT_3D('',#1857,#1858,#1859);
#1857=CARTESIAN_POINT('',(-13.5,17.,18.5));
#1858=DIRECTION('',(2.04964250700029E-16,-1.,-5.46571335200077E-16));
#1859=DIRECTION('',(1.,2.04964250700026E-16,4.736951571734E-15));
#1860=FACE_BOUND('',#1861,.T.);
#1861=EDGE_LOOP('',(#3323,#3324,#3325,#3326,#3327,#3328));
#1862=CYLINDRICAL_SURFACE('',#1863,1.5);
#1863=AXIS2_PLACEMENT_3D('',#1864,#1865,#1866);
#1864=CARTESIAN_POINT('',(13.5,-9.,18.5));
#1865=DIRECTION('',(6.83214169000096E-17,1.,-5.46571335200077E-16));
#1866=DIRECTION('',(-1.,6.83214169000122E-17,4.73695157173401E-15));
#1867=FACE_BOUND('',#1868,.T.);
#1868=EDGE_LOOP('',(#3329,#3330,#3331,#3332,#3333,#3334));
#1869=CYLINDRICAL_SURFACE('',#1870,1.5);
#1870=AXIS2_PLACEMENT_3D('',#1871,#1872,#1873);
#1871=CARTESIAN_POINT('',(-13.5,21.,18.5));
#1872=DIRECTION('',(-6.83214169000096E-17,-1.,2.73285667600039E-16));
#1873=DIRECTION('',(1.,-6.83214169000096E-17,-6.2859922230629E-31));
#1874=FACE_BOUND('',#1875,.T.);
#1875=EDGE_LOOP('',(#3335,#3336,#3337,#3338,#3339,#3340));
#1876=CYLINDRICAL_SURFACE('',#1877,1.5);
#1877=AXIS2_PLACEMENT_3D('',#1878,#1879,#1880);
#1878=CARTESIAN_POINT('',(13.5,-5.,18.5));
#1879=DIRECTION('',(6.83214169000096E-17,1.,0.));
#1880=DIRECTION('',(-1.,6.83214169000095E-17,-4.73695157173401E-15));
#1881=FACE_BOUND('',#1882,.T.);
#1882=EDGE_LOOP('',(#3341,#3342,#3343,#3344,#3345,#3346));
#1883=CYLINDRICAL_SURFACE('',#1884,1.5);
#1884=AXIS2_PLACEMENT_3D('',#1885,#1886,#1887);
#1885=CARTESIAN_POINT('',(13.5,-1.,18.5));
#1886=DIRECTION('',(6.83214169000096E-17,1.,0.));
#1887=DIRECTION('',(-1.,6.83214169000096E-17,0.));
#1888=FACE_BOUND('',#1889,.T.);
#1889=EDGE_LOOP('',(#3347,#3348,#3349,#3350,#3351,#3352));
#1890=CYLINDRICAL_SURFACE('',#1891,1.5);
#1891=AXIS2_PLACEMENT_3D('',#1892,#1893,#1894);
#1892=CARTESIAN_POINT('',(-13.5,25.,18.5));
#1893=DIRECTION('',(-6.83214169000096E-17,-1.,0.));
#1894=DIRECTION('',(1.,-6.83214169000096E-17,0.));
#1895=FACE_BOUND('',#1896,.T.);
#1896=EDGE_LOOP('',(#3353,#3354,#3355,#3356,#3357,#3358));
#1897=CYLINDRICAL_SURFACE('',#1898,1.5);
#1898=AXIS2_PLACEMENT_3D('',#1899,#1900,#1901);
#1899=CARTESIAN_POINT('',(-13.5,29.,18.5));
#1900=DIRECTION('',(-6.83214169000096E-17,-1.,0.));
#1901=DIRECTION('',(1.,-6.83214169000096E-17,0.));
#1902=FACE_BOUND('',#1903,.T.);
#1903=EDGE_LOOP('',(#3359,#3360,#3361,#3362,#3363,#3364));
#1904=CYLINDRICAL_SURFACE('',#1905,1.5);
#1905=AXIS2_PLACEMENT_3D('',#1906,#1907,#1908);
#1906=CARTESIAN_POINT('',(13.5,3.,18.5));
#1907=DIRECTION('',(6.83214169000096E-17,1.,0.));
#1908=DIRECTION('',(-1.,6.83214169000096E-17,0.));
#1909=FACE_BOUND('',#1910,.T.);
#1910=EDGE_LOOP('',(#3365,#3366,#3367,#3368,#3369,#3370));
#1911=CYLINDRICAL_SURFACE('',#1912,1.5);
#1912=AXIS2_PLACEMENT_3D('',#1913,#1914,#1915);
#1913=CARTESIAN_POINT('',(-13.5,9.,18.5));
#1914=DIRECTION('',(0.,-1.,0.));
#1915=DIRECTION('',(1.,0.,0.));
#1916=FACE_BOUND('',#1917,.T.);
#1917=EDGE_LOOP('',(#3371,#3372,#3373,#3374,#3375,#3376));
#1918=CYLINDRICAL_SURFACE('',#1919,1.5);
#1919=AXIS2_PLACEMENT_3D('',#1920,#1921,#1922);
#1920=CARTESIAN_POINT('',(13.5,-17.,18.5));
#1921=DIRECTION('',(0.,1.,0.));
#1922=DIRECTION('',(-1.,0.,0.));
#1923=FACE_BOUND('',#1924,.T.);
#1924=EDGE_LOOP('',(#3377,#3378,#3379,#3380,#3381,#3382));
#1925=CYLINDRICAL_SURFACE('',#1926,1.5);
#1926=AXIS2_PLACEMENT_3D('',#1927,#1928,#1929);
#1927=CARTESIAN_POINT('',(-13.5,5.,18.5));
#1928=DIRECTION('',(0.,-1.,0.));
#1929=DIRECTION('',(1.,5.25907270147341E-31,0.));
#1930=FACE_BOUND('',#1931,.T.);
#1931=EDGE_LOOP('',(#3383,#3384,#3385,#3386,#3387,#3388));
#1932=CYLINDRICAL_SURFACE('',#1933,1.5);
#1933=AXIS2_PLACEMENT_3D('',#1934,#1935,#1936);
#1934=CARTESIAN_POINT('',(13.5,-21.,18.5));
#1935=DIRECTION('',(0.,1.,0.));
#1936=DIRECTION('',(-1.,0.,-4.73695157173401E-15));
#1937=FACE_BOUND('',#1938,.T.);
#1938=EDGE_LOOP('',(#3389,#3390,#3391,#3392,#3393,#3394));
#1939=CYLINDRICAL_SURFACE('',#1940,1.5);
#1940=AXIS2_PLACEMENT_3D('',#1941,#1942,#1943);
#1941=CARTESIAN_POINT('',(-13.5,1.,18.5));
#1942=DIRECTION('',(0.,-1.,0.));
#1943=DIRECTION('',(1.,5.25907270147341E-31,0.));
#1944=FACE_BOUND('',#1945,.T.);
#1945=EDGE_LOOP('',(#3395,#3396,#3397,#3398,#3399,#3400));
#1946=CYLINDRICAL_SURFACE('',#1947,1.5);
#1947=AXIS2_PLACEMENT_3D('',#1948,#1949,#1950);
#1948=CARTESIAN_POINT('',(13.5,-25.,18.5));
#1949=DIRECTION('',(0.,1.,0.));
#1950=DIRECTION('',(-1.,0.,0.));
#1951=FACE_BOUND('',#1952,.T.);
#1952=EDGE_LOOP('',(#3401,#3402,#3403,#3404,#3405,#3406));
#1953=CYLINDRICAL_SURFACE('',#1954,1.5);
#1954=AXIS2_PLACEMENT_3D('',#1955,#1956,#1957);
#1955=CARTESIAN_POINT('',(-13.5,-3.,18.5));
#1956=DIRECTION('',(0.,-1.,0.));
#1957=DIRECTION('',(1.,5.25907270147341E-31,0.));
#1958=FACE_BOUND('',#1959,.T.);
#1959=EDGE_LOOP('',(#3407,#3408,#3409,#3410,#3411,#3412));
#1960=CYLINDRICAL_SURFACE('',#1961,1.5);
#1961=AXIS2_PLACEMENT_3D('',#1962,#1963,#1964);
#1962=CARTESIAN_POINT('',(13.5,-29.,18.5));
#1963=DIRECTION('',(0.,1.,0.));
#1964=DIRECTION('',(-1.,0.,-4.736951571734E-15));
#1965=FACE_BOUND('',#1966,.T.);
#1966=EDGE_LOOP('',(#3413,#3414,#3415,#3416,#3417,#3418));
#1967=CYLINDRICAL_SURFACE('',#1968,1.5);
#1968=AXIS2_PLACEMENT_3D('',#1969,#1970,#1971);
#1969=CARTESIAN_POINT('',(-13.5,-7.,18.5));
#1970=DIRECTION('',(0.,-1.,0.));
#1971=DIRECTION('',(1.,0.,0.));
#1972=FACE_BOUND('',#1973,.T.);
#1973=EDGE_LOOP('',(#3419,#3420,#3421,#3422,#3423,#3424));
#1974=CYLINDRICAL_SURFACE('',#1975,1.5);
#1975=AXIS2_PLACEMENT_3D('',#1976,#1977,#1978);
#1976=CARTESIAN_POINT('',(13.5,-27.,18.5));
#1977=DIRECTION('',(0.,1.,0.));
#1978=DIRECTION('',(-1.,0.,0.));
#1979=FACE_BOUND('',#1980,.T.);
#1980=EDGE_LOOP('',(#3425,#3426,#3427,#3428,#3429,#3430));
#1981=CYLINDRICAL_SURFACE('',#1982,1.5);
#1982=AXIS2_PLACEMENT_3D('',#1983,#1984,#1985);
#1983=CARTESIAN_POINT('',(-13.5,27.,18.5));
#1984=DIRECTION('',(-8.88178419700125E-17,-1.,0.));
#1985=DIRECTION('',(1.,-8.88178419700125E-17,0.));
#1986=FACE_BOUND('',#1987,.T.);
#1987=EDGE_LOOP('',(#3431,#3432,#3433,#3434,#3435,#3436));
#1988=CYLINDRICAL_SURFACE('',#1989,1.5);
#1989=AXIS2_PLACEMENT_3D('',#1990,#1991,#1992);
#1990=CARTESIAN_POINT('',(13.5,7.,18.5));
#1991=DIRECTION('',(8.88178419700125E-17,1.,0.));
#1992=DIRECTION('',(-1.,8.88178419700125E-17,0.));
#1993=FACE_BOUND('',#1994,.T.);
#1994=EDGE_LOOP('',(#3437,#3438,#3439,#3440));
#1995=CYLINDRICAL_SURFACE('',#1996,0.5);
#1996=AXIS2_PLACEMENT_3D('',#1997,#1998,#1999);
#1997=CARTESIAN_POINT('',(-17.5,18.5,19.5));
#1998=DIRECTION('',(1.,0.,0.));
#1999=DIRECTION('',(0.,1.,0.));
#2000=FACE_BOUND('',#2001,.T.);
#2001=EDGE_LOOP('',(#3441,#3442,#3443,#3444));
#2002=CYLINDRICAL_SURFACE('',#2003,0.5);
#2003=AXIS2_PLACEMENT_3D('',#2004,#2005,#2006);
#2004=CARTESIAN_POINT('',(15.5,21.5,19.5));
#2005=DIRECTION('',(-1.,0.,0.));
#2006=DIRECTION('',(0.,-1.,0.));
#2007=FACE_BOUND('',#2008,.T.);
#2008=EDGE_LOOP('',(#3445,#3446,#3447,#3448));
#2009=CYLINDRICAL_SURFACE('',#2010,0.5);
#2010=AXIS2_PLACEMENT_3D('',#2011,#2012,#2013);
#2011=CARTESIAN_POINT('',(-17.5,-21.5,19.5));
#2012=DIRECTION('',(1.,0.,0.));
#2013=DIRECTION('',(0.,1.,0.));
#2014=FACE_BOUND('',#2015,.T.);
#2015=EDGE_LOOP('',(#3449,#3450,#3451,#3452));
#2016=CYLINDRICAL_SURFACE('',#2017,0.5);
#2017=AXIS2_PLACEMENT_3D('',#2018,#2019,#2020);
#2018=CARTESIAN_POINT('',(15.5,-18.5,19.5));
#2019=DIRECTION('',(-1.,0.,0.));
#2020=DIRECTION('',(0.,-1.,0.));
#2021=FACE_BOUND('',#2022,.T.);
#2022=EDGE_LOOP('',(#3453,#3454,#3455,#3456));
#2023=CYLINDRICAL_SURFACE('',#2024,0.5);
#2024=AXIS2_PLACEMENT_3D('',#2025,#2026,#2027);
#2025=CARTESIAN_POINT('',(-17.5,-17.5,19.5));
#2026=DIRECTION('',(1.,0.,0.));
#2027=DIRECTION('',(0.,1.,0.));
#2028=FACE_BOUND('',#2029,.T.);
#2029=EDGE_LOOP('',(#3457,#3458,#3459,#3460));
#2030=CYLINDRICAL_SURFACE('',#2031,0.5);
#2031=AXIS2_PLACEMENT_3D('',#2032,#2033,#2034);
#2032=CARTESIAN_POINT('',(15.5,-14.5,19.5));
#2033=DIRECTION('',(-1.,5.38289951333409E-17,0.));
#2034=DIRECTION('',(-5.38289951333409E-17,-1.,0.));
#2035=FACE_BOUND('',#2036,.T.);
#2036=EDGE_LOOP('',(#3461,#3462,#3463,#3464));
#2037=CYLINDRICAL_SURFACE('',#2038,0.5);
#2038=AXIS2_PLACEMENT_3D('',#2039,#2040,#2041);
#2039=CARTESIAN_POINT('',(-17.5,-13.5,19.5));
#2040=DIRECTION('',(1.,0.,0.));
#2041=DIRECTION('',(0.,1.,0.));
#2042=FACE_BOUND('',#2043,.T.);
#2043=EDGE_LOOP('',(#3465,#3466,#3467,#3468));
#2044=CYLINDRICAL_SURFACE('',#2045,0.5);
#2045=AXIS2_PLACEMENT_3D('',#2046,#2047,#2048);
#2046=CARTESIAN_POINT('',(15.5,-10.5,19.5));
#2047=DIRECTION('',(-1.,5.38289951333409E-17,0.));
#2048=DIRECTION('',(-5.38289951333409E-17,-1.,0.));
#2049=FACE_BOUND('',#2050,.T.);
#2050=EDGE_LOOP('',(#3469,#3470,#3471,#3472));
#2051=CYLINDRICAL_SURFACE('',#2052,0.5);
#2052=AXIS2_PLACEMENT_3D('',#2053,#2054,#2055);
#2053=CARTESIAN_POINT('',(-17.5,-9.5,19.5));
#2054=DIRECTION('',(1.,0.,0.));
#2055=DIRECTION('',(0.,1.,0.));
#2056=FACE_BOUND('',#2057,.T.);
#2057=EDGE_LOOP('',(#3473,#3474,#3475,#3476));
#2058=CYLINDRICAL_SURFACE('',#2059,0.5);
#2059=AXIS2_PLACEMENT_3D('',#2060,#2061,#2062);
#2060=CARTESIAN_POINT('',(15.5,-6.5,19.5));
#2061=DIRECTION('',(-1.,2.69144975666705E-17,0.));
#2062=DIRECTION('',(-2.69144975666705E-17,-1.,0.));
#2063=FACE_BOUND('',#2064,.T.);
#2064=EDGE_LOOP('',(#3477,#3478,#3479,#3480));
#2065=CYLINDRICAL_SURFACE('',#2066,0.5);
#2066=AXIS2_PLACEMENT_3D('',#2067,#2068,#2069);
#2067=CARTESIAN_POINT('',(-17.5,-5.5,19.5));
#2068=DIRECTION('',(1.,-5.38289951333409E-17,0.));
#2069=DIRECTION('',(5.38289951333409E-17,1.,7.105427357601E-15));
#2070=FACE_BOUND('',#2071,.T.);
#2071=EDGE_LOOP('',(#3481,#3482,#3483,#3484));
#2072=CYLINDRICAL_SURFACE('',#2073,0.5);
#2073=AXIS2_PLACEMENT_3D('',#2074,#2075,#2076);
#2074=CARTESIAN_POINT('',(15.5,-2.5,19.5));
#2075=DIRECTION('',(-1.,8.07434927000114E-17,0.));
#2076=DIRECTION('',(-8.07434927000114E-17,-1.,0.));
#2077=FACE_BOUND('',#2078,.T.);
#2078=EDGE_LOOP('',(#3485,#3486,#3487,#3488));
#2079=CYLINDRICAL_SURFACE('',#2080,0.5);
#2080=AXIS2_PLACEMENT_3D('',#2081,#2082,#2083);
#2081=CARTESIAN_POINT('',(-17.5,14.5,19.5));
#2082=DIRECTION('',(1.,0.,0.));
#2083=DIRECTION('',(0.,1.,0.));
#2084=FACE_BOUND('',#2085,.T.);
#2085=EDGE_LOOP('',(#3489,#3490,#3491,#3492));
#2086=CYLINDRICAL_SURFACE('',#2087,0.5);
#2087=AXIS2_PLACEMENT_3D('',#2088,#2089,#2090);
#2088=CARTESIAN_POINT('',(15.5,17.5,19.5));
#2089=DIRECTION('',(-1.,0.,0.));
#2090=DIRECTION('',(0.,-1.,0.));
#2091=FACE_BOUND('',#2092,.T.);
#2092=EDGE_LOOP('',(#3493,#3494,#3495,#3496));
#2093=CYLINDRICAL_SURFACE('',#2094,0.5);
#2094=AXIS2_PLACEMENT_3D('',#2095,#2096,#2097);
#2095=CARTESIAN_POINT('',(15.5,13.5,19.5));
#2096=DIRECTION('',(-1.,1.07657990266682E-16,0.));
#2097=DIRECTION('',(-1.07657990266682E-16,-1.,0.));
#2098=FACE_BOUND('',#2099,.T.);
#2099=EDGE_LOOP('',(#3497,#3498,#3499,#3500));
#2100=CYLINDRICAL_SURFACE('',#2101,0.5);
#2101=AXIS2_PLACEMENT_3D('',#2102,#2103,#2104);
#2102=CARTESIAN_POINT('',(-17.5,10.5,19.5));
#2103=DIRECTION('',(1.,0.,0.));
#2104=DIRECTION('',(0.,1.,0.));
#2105=FACE_BOUND('',#2106,.T.);
#2106=EDGE_LOOP('',(#3501,#3502,#3503,#3504));
#2107=CYLINDRICAL_SURFACE('',#2108,0.5);
#2108=AXIS2_PLACEMENT_3D('',#2109,#2110,#2111);
#2109=CARTESIAN_POINT('',(-17.5,6.5,19.5));
#2110=DIRECTION('',(1.,-5.38289951333409E-17,0.));
#2111=DIRECTION('',(5.38289951333409E-17,1.,0.));
#2112=FACE_BOUND('',#2113,.T.);
#2113=EDGE_LOOP('',(#3505,#3506,#3507,#3508));
#2114=CYLINDRICAL_SURFACE('',#2115,0.5);
#2115=AXIS2_PLACEMENT_3D('',#2116,#2117,#2118);
#2116=CARTESIAN_POINT('',(15.5,9.5,19.5));
#2117=DIRECTION('',(-1.,1.07657990266682E-16,0.));
#2118=DIRECTION('',(-1.07657990266682E-16,-1.,0.));
#2119=FACE_BOUND('',#2120,.T.);
#2120=EDGE_LOOP('',(#3509,#3510,#3511,#3512));
#2121=CYLINDRICAL_SURFACE('',#2122,0.5);
#2122=AXIS2_PLACEMENT_3D('',#2123,#2124,#2125);
#2123=CARTESIAN_POINT('',(-17.5,2.5,19.5));
#2124=DIRECTION('',(1.,-5.38289951333409E-17,0.));
#2125=DIRECTION('',(5.38289951333409E-17,1.,0.));
#2126=FACE_BOUND('',#2127,.T.);
#2127=EDGE_LOOP('',(#3513,#3514,#3515,#3516));
#2128=CYLINDRICAL_SURFACE('',#2129,0.5);
#2129=AXIS2_PLACEMENT_3D('',#2130,#2131,#2132);
#2130=CARTESIAN_POINT('',(15.5,5.5,19.5));
#2131=DIRECTION('',(-1.,5.38289951333409E-17,0.));
#2132=DIRECTION('',(-5.38289951333409E-17,-1.,0.));
#2133=FACE_BOUND('',#2134,.T.);
#2134=EDGE_LOOP('',(#3517,#3518,#3519,#3520));
#2135=CYLINDRICAL_SURFACE('',#2136,0.5);
#2136=AXIS2_PLACEMENT_3D('',#2137,#2138,#2139);
#2137=CARTESIAN_POINT('',(-17.5,-1.5,19.5));
#2138=DIRECTION('',(1.,-5.04646829375071E-17,0.));
#2139=DIRECTION('',(5.04646829375071E-17,1.,0.));
#2140=FACE_BOUND('',#2141,.T.);
#2141=EDGE_LOOP('',(#3521,#3522,#3523,#3524));
#2142=CYLINDRICAL_SURFACE('',#2143,0.5);
#2143=AXIS2_PLACEMENT_3D('',#2144,#2145,#2146);
#2144=CARTESIAN_POINT('',(15.5,1.5,19.5));
#2145=DIRECTION('',(-1.,6.05576195250086E-17,0.));
#2146=DIRECTION('',(-6.05576195250086E-17,-1.,0.));
#2147=ORIENTED_EDGE('',*,*,#3525,.F.);
#2148=ORIENTED_EDGE('',*,*,#3526,.F.);
#2149=ORIENTED_EDGE('',*,*,#3527,.F.);
#2150=ORIENTED_EDGE('',*,*,#3528,.F.);
#2151=ORIENTED_EDGE('',*,*,#3529,.T.);
#2152=ORIENTED_EDGE('',*,*,#3530,.F.);
#2153=ORIENTED_EDGE('',*,*,#3531,.F.);
#2154=ORIENTED_EDGE('',*,*,#3532,.F.);
#2155=ORIENTED_EDGE('',*,*,#3533,.F.);
#2156=ORIENTED_EDGE('',*,*,#3534,.F.);
#2157=ORIENTED_EDGE('',*,*,#3535,.F.);
#2158=ORIENTED_EDGE('',*,*,#3536,.F.);
#2159=ORIENTED_EDGE('',*,*,#3537,.F.);
#2160=ORIENTED_EDGE('',*,*,#3538,.F.);
#2161=ORIENTED_EDGE('',*,*,#3539,.F.);
#2162=ORIENTED_EDGE('',*,*,#3540,.T.);
#2163=ORIENTED_EDGE('',*,*,#3541,.F.);
#2164=ORIENTED_EDGE('',*,*,#3542,.F.);
#2165=ORIENTED_EDGE('',*,*,#3543,.F.);
#2166=ORIENTED_EDGE('',*,*,#3544,.F.);
#2167=ORIENTED_EDGE('',*,*,#3545,.F.);
#2168=ORIENTED_EDGE('',*,*,#3546,.F.);
#2169=ORIENTED_EDGE('',*,*,#3547,.F.);
#2170=ORIENTED_EDGE('',*,*,#3548,.F.);
#2171=ORIENTED_EDGE('',*,*,#3549,.F.);
#2172=ORIENTED_EDGE('',*,*,#3550,.T.);
#2173=ORIENTED_EDGE('',*,*,#3551,.F.);
#2174=ORIENTED_EDGE('',*,*,#3552,.F.);
#2175=ORIENTED_EDGE('',*,*,#3553,.F.);
#2176=ORIENTED_EDGE('',*,*,#3554,.T.);
#2177=ORIENTED_EDGE('',*,*,#3555,.T.);
#2178=ORIENTED_EDGE('',*,*,#3556,.T.);
#2179=ORIENTED_EDGE('',*,*,#3528,.T.);
#2180=ORIENTED_EDGE('',*,*,#3557,.T.);
#2181=ORIENTED_EDGE('',*,*,#3558,.F.);
#2182=ORIENTED_EDGE('',*,*,#3559,.F.);
#2183=ORIENTED_EDGE('',*,*,#3560,.F.);
#2184=ORIENTED_EDGE('',*,*,#3561,.T.);
#2185=ORIENTED_EDGE('',*,*,#3543,.T.);
#2186=ORIENTED_EDGE('',*,*,#3562,.T.);
#2187=ORIENTED_EDGE('',*,*,#3563,.T.);
#2188=ORIENTED_EDGE('',*,*,#3564,.F.);
#2189=ORIENTED_EDGE('',*,*,#3565,.T.);
#2190=ORIENTED_EDGE('',*,*,#3566,.F.);
#2191=ORIENTED_EDGE('',*,*,#3560,.T.);
#2192=ORIENTED_EDGE('',*,*,#3567,.T.);
#2193=ORIENTED_EDGE('',*,*,#3568,.F.);
#2194=ORIENTED_EDGE('',*,*,#3569,.F.);
#2195=ORIENTED_EDGE('',*,*,#3570,.T.);
#2196=ORIENTED_EDGE('',*,*,#3569,.T.);
#2197=ORIENTED_EDGE('',*,*,#3571,.F.);
#2198=ORIENTED_EDGE('',*,*,#3547,.T.);
#2199=ORIENTED_EDGE('',*,*,#3572,.T.);
#2200=ORIENTED_EDGE('',*,*,#3549,.T.);
#2201=ORIENTED_EDGE('',*,*,#3573,.F.);
#2202=ORIENTED_EDGE('',*,*,#3574,.F.);
#2203=ORIENTED_EDGE('',*,*,#3575,.F.);
#2204=ORIENTED_EDGE('',*,*,#3574,.T.);
#2205=ORIENTED_EDGE('',*,*,#3576,.F.);
#2206=ORIENTED_EDGE('',*,*,#3577,.F.);
#2207=ORIENTED_EDGE('',*,*,#3551,.T.);
#2208=ORIENTED_EDGE('',*,*,#3578,.F.);
#2209=ORIENTED_EDGE('',*,*,#3579,.T.);
#2210=ORIENTED_EDGE('',*,*,#3580,.F.);
#2211=ORIENTED_EDGE('',*,*,#3545,.T.);
#2212=ORIENTED_EDGE('',*,*,#3581,.F.);
#2213=ORIENTED_EDGE('',*,*,#3565,.F.);
#2214=ORIENTED_EDGE('',*,*,#3582,.F.);
#2215=ORIENTED_EDGE('',*,*,#3579,.F.);
#2216=ORIENTED_EDGE('',*,*,#3583,.F.);
#2217=ORIENTED_EDGE('',*,*,#3526,.T.);
#2218=ORIENTED_EDGE('',*,*,#3584,.F.);
#2219=ORIENTED_EDGE('',*,*,#3585,.T.);
#2220=ORIENTED_EDGE('',*,*,#3586,.T.);
#2221=ORIENTED_EDGE('',*,*,#3587,.T.);
#2222=ORIENTED_EDGE('',*,*,#3588,.T.);
#2223=ORIENTED_EDGE('',*,*,#3589,.T.);
#2224=ORIENTED_EDGE('',*,*,#3590,.F.);
#2225=ORIENTED_EDGE('',*,*,#3576,.T.);
#2226=ORIENTED_EDGE('',*,*,#3573,.T.);
#2227=ORIENTED_EDGE('',*,*,#3548,.T.);
#2228=ORIENTED_EDGE('',*,*,#3571,.T.);
#2229=ORIENTED_EDGE('',*,*,#3568,.T.);
#2230=ORIENTED_EDGE('',*,*,#3591,.F.);
#2231=ORIENTED_EDGE('',*,*,#3592,.T.);
#2232=ORIENTED_EDGE('',*,*,#3593,.T.);
#2233=ORIENTED_EDGE('',*,*,#3594,.T.);
#2234=ORIENTED_EDGE('',*,*,#3595,.T.);
#2235=ORIENTED_EDGE('',*,*,#3596,.T.);
#2236=ORIENTED_EDGE('',*,*,#3597,.F.);
#2237=ORIENTED_EDGE('',*,*,#3598,.T.);
#2238=ORIENTED_EDGE('',*,*,#3599,.T.);
#2239=ORIENTED_EDGE('',*,*,#3600,.T.);
#2240=ORIENTED_EDGE('',*,*,#3601,.T.);
#2241=ORIENTED_EDGE('',*,*,#3602,.T.);
#2242=ORIENTED_EDGE('',*,*,#3556,.F.);
#2243=ORIENTED_EDGE('',*,*,#3603,.T.);
#2244=ORIENTED_EDGE('',*,*,#3604,.F.);
#2245=ORIENTED_EDGE('',*,*,#3529,.F.);
#2246=ORIENTED_EDGE('',*,*,#3605,.T.);
#2247=ORIENTED_EDGE('',*,*,#3530,.T.);
#2248=ORIENTED_EDGE('',*,*,#3606,.T.);
#2249=ORIENTED_EDGE('',*,*,#3607,.F.);
#2250=ORIENTED_EDGE('',*,*,#3605,.F.);
#2251=ORIENTED_EDGE('',*,*,#3608,.F.);
#2252=ORIENTED_EDGE('',*,*,#3531,.T.);
#2253=ORIENTED_EDGE('',*,*,#3609,.F.);
#2254=ORIENTED_EDGE('',*,*,#3532,.T.);
#2255=ORIENTED_EDGE('',*,*,#3608,.T.);
#2256=ORIENTED_EDGE('',*,*,#3610,.F.);
#2257=ORIENTED_EDGE('',*,*,#3611,.F.);
#2258=ORIENTED_EDGE('',*,*,#3612,.T.);
#2259=ORIENTED_EDGE('',*,*,#3533,.T.);
#2260=ORIENTED_EDGE('',*,*,#3609,.T.);
#2261=ORIENTED_EDGE('',*,*,#3613,.T.);
#2262=ORIENTED_EDGE('',*,*,#3614,.F.);
#2263=ORIENTED_EDGE('',*,*,#3534,.T.);
#2264=ORIENTED_EDGE('',*,*,#3612,.F.);
#2265=ORIENTED_EDGE('',*,*,#3615,.F.);
#2266=ORIENTED_EDGE('',*,*,#3616,.F.);
#2267=ORIENTED_EDGE('',*,*,#3617,.F.);
#2268=ORIENTED_EDGE('',*,*,#3618,.F.);
#2269=ORIENTED_EDGE('',*,*,#3619,.T.);
#2270=ORIENTED_EDGE('',*,*,#3620,.T.);
#2271=ORIENTED_EDGE('',*,*,#3535,.T.);
#2272=ORIENTED_EDGE('',*,*,#3614,.T.);
#2273=ORIENTED_EDGE('',*,*,#3620,.F.);
#2274=ORIENTED_EDGE('',*,*,#3621,.F.);
#2275=ORIENTED_EDGE('',*,*,#3622,.F.);
#2276=ORIENTED_EDGE('',*,*,#3536,.T.);
#2277=ORIENTED_EDGE('',*,*,#3623,.F.);
#2278=ORIENTED_EDGE('',*,*,#3537,.T.);
#2279=ORIENTED_EDGE('',*,*,#3622,.T.);
#2280=ORIENTED_EDGE('',*,*,#3623,.T.);
#2281=ORIENTED_EDGE('',*,*,#3624,.T.);
#2282=ORIENTED_EDGE('',*,*,#3625,.F.);
#2283=ORIENTED_EDGE('',*,*,#3538,.T.);
#2284=ORIENTED_EDGE('',*,*,#3626,.T.);
#2285=ORIENTED_EDGE('',*,*,#3627,.F.);
#2286=ORIENTED_EDGE('',*,*,#3628,.T.);
#2287=ORIENTED_EDGE('',*,*,#3539,.T.);
#2288=ORIENTED_EDGE('',*,*,#3625,.T.);
#2289=ORIENTED_EDGE('',*,*,#3628,.F.);
#2290=ORIENTED_EDGE('',*,*,#3629,.T.);
#2291=ORIENTED_EDGE('',*,*,#3630,.F.);
#2292=ORIENTED_EDGE('',*,*,#3540,.F.);
#2293=ORIENTED_EDGE('',*,*,#3541,.T.);
#2294=ORIENTED_EDGE('',*,*,#3630,.T.);
#2295=ORIENTED_EDGE('',*,*,#3631,.F.);
#2296=ORIENTED_EDGE('',*,*,#3632,.F.);
#2297=ORIENTED_EDGE('',*,*,#3562,.F.);
#2298=ORIENTED_EDGE('',*,*,#3542,.T.);
#2299=ORIENTED_EDGE('',*,*,#3632,.T.);
#2300=ORIENTED_EDGE('',*,*,#3633,.F.);
#2301=ORIENTED_EDGE('',*,*,#3634,.F.);
#2302=ORIENTED_EDGE('',*,*,#3635,.T.);
#2303=ORIENTED_EDGE('',*,*,#3636,.F.);
#2304=ORIENTED_EDGE('',*,*,#3553,.T.);
#2305=ORIENTED_EDGE('',*,*,#3637,.T.);
#2306=ORIENTED_EDGE('',*,*,#3589,.F.);
#2307=ORIENTED_EDGE('',*,*,#3638,.F.);
#2308=ORIENTED_EDGE('',*,*,#3639,.F.);
#2309=ORIENTED_EDGE('',*,*,#3640,.T.);
#2310=ORIENTED_EDGE('',*,*,#3641,.F.);
#2311=ORIENTED_EDGE('',*,*,#3635,.F.);
#2312=ORIENTED_EDGE('',*,*,#3642,.F.);
#2313=ORIENTED_EDGE('',*,*,#3643,.F.);
#2314=ORIENTED_EDGE('',*,*,#3644,.T.);
#2315=ORIENTED_EDGE('',*,*,#3645,.F.);
#2316=ORIENTED_EDGE('',*,*,#3646,.F.);
#2317=ORIENTED_EDGE('',*,*,#3647,.F.);
#2318=ORIENTED_EDGE('',*,*,#3648,.F.);
#2319=ORIENTED_EDGE('',*,*,#3649,.F.);
#2320=ORIENTED_EDGE('',*,*,#3650,.F.);
#2321=ORIENTED_EDGE('',*,*,#3651,.F.);
#2322=ORIENTED_EDGE('',*,*,#3652,.F.);
#2323=ORIENTED_EDGE('',*,*,#3653,.F.);
#2324=ORIENTED_EDGE('',*,*,#3603,.F.);
#2325=ORIENTED_EDGE('',*,*,#3555,.F.);
#2326=ORIENTED_EDGE('',*,*,#3654,.F.);
#2327=ORIENTED_EDGE('',*,*,#3640,.F.);
#2328=ORIENTED_EDGE('',*,*,#3655,.F.);
#2329=ORIENTED_EDGE('',*,*,#3656,.F.);
#2330=ORIENTED_EDGE('',*,*,#3587,.F.);
#2331=ORIENTED_EDGE('',*,*,#3657,.F.);
#2332=ORIENTED_EDGE('',*,*,#3658,.F.);
#2333=ORIENTED_EDGE('',*,*,#3659,.F.);
#2334=ORIENTED_EDGE('',*,*,#3660,.F.);
#2335=ORIENTED_EDGE('',*,*,#3661,.F.);
#2336=ORIENTED_EDGE('',*,*,#3662,.F.);
#2337=ORIENTED_EDGE('',*,*,#3663,.F.);
#2338=ORIENTED_EDGE('',*,*,#3594,.F.);
#2339=ORIENTED_EDGE('',*,*,#3664,.F.);
#2340=ORIENTED_EDGE('',*,*,#3665,.F.);
#2341=ORIENTED_EDGE('',*,*,#3666,.F.);
#2342=ORIENTED_EDGE('',*,*,#3667,.F.);
#2343=ORIENTED_EDGE('',*,*,#3563,.F.);
#2344=ORIENTED_EDGE('',*,*,#3633,.T.);
#2345=ORIENTED_EDGE('',*,*,#3668,.T.);
#2346=ORIENTED_EDGE('',*,*,#3669,.T.);
#2347=ORIENTED_EDGE('',*,*,#3670,.T.);
#2348=ORIENTED_EDGE('',*,*,#3671,.T.);
#2349=ORIENTED_EDGE('',*,*,#3672,.T.);
#2350=ORIENTED_EDGE('',*,*,#3673,.F.);
#2351=ORIENTED_EDGE('',*,*,#3674,.F.);
#2352=ORIENTED_EDGE('',*,*,#3675,.F.);
#2353=ORIENTED_EDGE('',*,*,#3676,.F.);
#2354=ORIENTED_EDGE('',*,*,#3677,.F.);
#2355=ORIENTED_EDGE('',*,*,#3666,.T.);
#2356=ORIENTED_EDGE('',*,*,#3678,.F.);
#2357=ORIENTED_EDGE('',*,*,#3679,.T.);
#2358=ORIENTED_EDGE('',*,*,#3592,.F.);
#2359=ORIENTED_EDGE('',*,*,#3680,.F.);
#2360=ORIENTED_EDGE('',*,*,#3558,.T.);
#2361=ORIENTED_EDGE('',*,*,#3681,.F.);
#2362=ORIENTED_EDGE('',*,*,#3676,.T.);
#2363=ORIENTED_EDGE('',*,*,#3682,.T.);
#2364=ORIENTED_EDGE('',*,*,#3683,.T.);
#2365=ORIENTED_EDGE('',*,*,#3595,.F.);
#2366=ORIENTED_EDGE('',*,*,#3663,.T.);
#2367=ORIENTED_EDGE('',*,*,#3684,.F.);
#2368=ORIENTED_EDGE('',*,*,#3685,.T.);
#2369=ORIENTED_EDGE('',*,*,#3686,.T.);
#2370=ORIENTED_EDGE('',*,*,#3596,.F.);
#2371=ORIENTED_EDGE('',*,*,#3683,.F.);
#2372=ORIENTED_EDGE('',*,*,#3687,.F.);
#2373=ORIENTED_EDGE('',*,*,#3688,.T.);
#2374=ORIENTED_EDGE('',*,*,#3689,.F.);
#2375=ORIENTED_EDGE('',*,*,#3690,.T.);
#2376=ORIENTED_EDGE('',*,*,#3691,.F.);
#2377=ORIENTED_EDGE('',*,*,#3692,.T.);
#2378=ORIENTED_EDGE('',*,*,#3598,.F.);
#2379=ORIENTED_EDGE('',*,*,#3693,.F.);
#2380=ORIENTED_EDGE('',*,*,#3694,.T.);
#2381=ORIENTED_EDGE('',*,*,#3695,.T.);
#2382=ORIENTED_EDGE('',*,*,#3696,.T.);
#2383=ORIENTED_EDGE('',*,*,#3599,.F.);
#2384=ORIENTED_EDGE('',*,*,#3692,.F.);
#2385=ORIENTED_EDGE('',*,*,#3697,.F.);
#2386=ORIENTED_EDGE('',*,*,#3698,.F.);
#2387=ORIENTED_EDGE('',*,*,#3699,.T.);
#2388=ORIENTED_EDGE('',*,*,#3700,.F.);
#2389=ORIENTED_EDGE('',*,*,#3701,.T.);
#2390=ORIENTED_EDGE('',*,*,#3702,.F.);
#2391=ORIENTED_EDGE('',*,*,#3703,.F.);
#2392=ORIENTED_EDGE('',*,*,#3704,.F.);
#2393=ORIENTED_EDGE('',*,*,#3705,.F.);
#2394=ORIENTED_EDGE('',*,*,#3706,.F.);
#2395=ORIENTED_EDGE('',*,*,#3707,.F.);
#2396=ORIENTED_EDGE('',*,*,#3708,.F.);
#2397=ORIENTED_EDGE('',*,*,#3709,.F.);
#2398=ORIENTED_EDGE('',*,*,#3710,.F.);
#2399=ORIENTED_EDGE('',*,*,#3711,.F.);
#2400=ORIENTED_EDGE('',*,*,#3712,.F.);
#2401=ORIENTED_EDGE('',*,*,#3713,.F.);
#2402=ORIENTED_EDGE('',*,*,#3714,.F.);
#2403=ORIENTED_EDGE('',*,*,#3715,.F.);
#2404=ORIENTED_EDGE('',*,*,#3716,.F.);
#2405=ORIENTED_EDGE('',*,*,#3600,.F.);
#2406=ORIENTED_EDGE('',*,*,#3696,.F.);
#2407=ORIENTED_EDGE('',*,*,#3717,.F.);
#2408=ORIENTED_EDGE('',*,*,#3718,.F.);
#2409=ORIENTED_EDGE('',*,*,#3719,.T.);
#2410=ORIENTED_EDGE('',*,*,#3720,.T.);
#2411=ORIENTED_EDGE('',*,*,#3601,.F.);
#2412=ORIENTED_EDGE('',*,*,#3716,.T.);
#2413=ORIENTED_EDGE('',*,*,#3721,.F.);
#2414=ORIENTED_EDGE('',*,*,#3722,.T.);
#2415=ORIENTED_EDGE('',*,*,#3723,.T.);
#2416=ORIENTED_EDGE('',*,*,#3602,.F.);
#2417=ORIENTED_EDGE('',*,*,#3720,.F.);
#2418=ORIENTED_EDGE('',*,*,#3724,.F.);
#2419=ORIENTED_EDGE('',*,*,#3725,.T.);
#2420=ORIENTED_EDGE('',*,*,#3726,.F.);
#2421=ORIENTED_EDGE('',*,*,#3727,.T.);
#2422=ORIENTED_EDGE('',*,*,#3728,.F.);
#2423=ORIENTED_EDGE('',*,*,#3729,.T.);
#2424=ORIENTED_EDGE('',*,*,#3585,.F.);
#2425=ORIENTED_EDGE('',*,*,#3730,.F.);
#2426=ORIENTED_EDGE('',*,*,#3731,.T.);
#2427=ORIENTED_EDGE('',*,*,#3732,.T.);
#2428=ORIENTED_EDGE('',*,*,#3657,.T.);
#2429=ORIENTED_EDGE('',*,*,#3586,.F.);
#2430=ORIENTED_EDGE('',*,*,#3729,.F.);
#2431=ORIENTED_EDGE('',*,*,#3733,.T.);
#2432=ORIENTED_EDGE('',*,*,#3638,.T.);
#2433=ORIENTED_EDGE('',*,*,#3588,.F.);
#2434=ORIENTED_EDGE('',*,*,#3656,.T.);
#2435=ORIENTED_EDGE('',*,*,#3734,.T.);
#2436=ORIENTED_EDGE('',*,*,#3664,.T.);
#2437=ORIENTED_EDGE('',*,*,#3593,.F.);
#2438=ORIENTED_EDGE('',*,*,#3679,.F.);
#2439=ORIENTED_EDGE('',*,*,#3604,.T.);
#2440=ORIENTED_EDGE('',*,*,#3735,.T.);
#2441=ORIENTED_EDGE('',*,*,#3736,.F.);
#2442=ORIENTED_EDGE('',*,*,#3606,.F.);
#2443=ORIENTED_EDGE('',*,*,#3737,.F.);
#2444=ORIENTED_EDGE('',*,*,#3738,.F.);
#2445=ORIENTED_EDGE('',*,*,#3613,.F.);
#2446=ORIENTED_EDGE('',*,*,#3610,.T.);
#2447=ORIENTED_EDGE('',*,*,#3607,.T.);
#2448=ORIENTED_EDGE('',*,*,#3739,.T.);
#2449=ORIENTED_EDGE('',*,*,#3740,.F.);
#2450=ORIENTED_EDGE('',*,*,#3615,.T.);
#2451=ORIENTED_EDGE('',*,*,#3611,.T.);
#2452=ORIENTED_EDGE('',*,*,#3738,.T.);
#2453=ORIENTED_EDGE('',*,*,#3741,.F.);
#2454=ORIENTED_EDGE('',*,*,#3742,.F.);
#2455=ORIENTED_EDGE('',*,*,#3743,.F.);
#2456=ORIENTED_EDGE('',*,*,#3744,.T.);
#2457=ORIENTED_EDGE('',*,*,#3745,.F.);
#2458=ORIENTED_EDGE('',*,*,#3746,.F.);
#2459=ORIENTED_EDGE('',*,*,#3747,.F.);
#2460=ORIENTED_EDGE('',*,*,#3616,.T.);
#2461=ORIENTED_EDGE('',*,*,#3748,.F.);
#2462=ORIENTED_EDGE('',*,*,#3749,.F.);
#2463=ORIENTED_EDGE('',*,*,#3750,.F.);
#2464=ORIENTED_EDGE('',*,*,#3751,.T.);
#2465=ORIENTED_EDGE('',*,*,#3752,.F.);
#2466=ORIENTED_EDGE('',*,*,#3753,.F.);
#2467=ORIENTED_EDGE('',*,*,#3754,.F.);
#2468=ORIENTED_EDGE('',*,*,#3755,.T.);
#2469=ORIENTED_EDGE('',*,*,#3756,.T.);
#2470=ORIENTED_EDGE('',*,*,#3757,.T.);
#2471=ORIENTED_EDGE('',*,*,#3758,.T.);
#2472=ORIENTED_EDGE('',*,*,#3759,.T.);
#2473=ORIENTED_EDGE('',*,*,#3760,.T.);
#2474=ORIENTED_EDGE('',*,*,#3761,.T.);
#2475=ORIENTED_EDGE('',*,*,#3762,.T.);
#2476=ORIENTED_EDGE('',*,*,#3763,.T.);
#2477=ORIENTED_EDGE('',*,*,#3764,.T.);
#2478=ORIENTED_EDGE('',*,*,#3765,.T.);
#2479=ORIENTED_EDGE('',*,*,#3766,.T.);
#2480=ORIENTED_EDGE('',*,*,#3767,.T.);
#2481=ORIENTED_EDGE('',*,*,#3768,.T.);
#2482=ORIENTED_EDGE('',*,*,#3769,.T.);
#2483=ORIENTED_EDGE('',*,*,#3770,.T.);
#2484=ORIENTED_EDGE('',*,*,#3771,.T.);
#2485=ORIENTED_EDGE('',*,*,#3772,.T.);
#2486=ORIENTED_EDGE('',*,*,#3773,.T.);
#2487=ORIENTED_EDGE('',*,*,#3774,.T.);
#2488=ORIENTED_EDGE('',*,*,#3775,.T.);
#2489=ORIENTED_EDGE('',*,*,#3776,.T.);
#2490=ORIENTED_EDGE('',*,*,#3777,.T.);
#2491=ORIENTED_EDGE('',*,*,#3778,.T.);
#2492=ORIENTED_EDGE('',*,*,#3779,.T.);
#2493=ORIENTED_EDGE('',*,*,#3780,.T.);
#2494=ORIENTED_EDGE('',*,*,#3781,.T.);
#2495=ORIENTED_EDGE('',*,*,#3782,.T.);
#2496=ORIENTED_EDGE('',*,*,#3783,.T.);
#2497=ORIENTED_EDGE('',*,*,#3784,.T.);
#2498=ORIENTED_EDGE('',*,*,#3785,.T.);
#2499=ORIENTED_EDGE('',*,*,#3786,.T.);
#2500=ORIENTED_EDGE('',*,*,#3787,.T.);
#2501=ORIENTED_EDGE('',*,*,#3788,.T.);
#2502=ORIENTED_EDGE('',*,*,#3789,.T.);
#2503=ORIENTED_EDGE('',*,*,#3790,.T.);
#2504=ORIENTED_EDGE('',*,*,#3791,.T.);
#2505=ORIENTED_EDGE('',*,*,#3792,.T.);
#2506=ORIENTED_EDGE('',*,*,#3793,.T.);
#2507=ORIENTED_EDGE('',*,*,#3794,.T.);
#2508=ORIENTED_EDGE('',*,*,#3795,.T.);
#2509=ORIENTED_EDGE('',*,*,#3796,.T.);
#2510=ORIENTED_EDGE('',*,*,#3797,.T.);
#2511=ORIENTED_EDGE('',*,*,#3798,.T.);
#2512=ORIENTED_EDGE('',*,*,#3799,.T.);
#2513=ORIENTED_EDGE('',*,*,#3800,.F.);
#2514=ORIENTED_EDGE('',*,*,#3801,.F.);
#2515=ORIENTED_EDGE('',*,*,#3618,.T.);
#2516=ORIENTED_EDGE('',*,*,#3617,.T.);
#2517=ORIENTED_EDGE('',*,*,#3802,.F.);
#2518=ORIENTED_EDGE('',*,*,#3803,.F.);
#2519=ORIENTED_EDGE('',*,*,#3624,.F.);
#2520=ORIENTED_EDGE('',*,*,#3621,.T.);
#2521=ORIENTED_EDGE('',*,*,#3619,.F.);
#2522=ORIENTED_EDGE('',*,*,#3801,.T.);
#2523=ORIENTED_EDGE('',*,*,#3804,.F.);
#2524=ORIENTED_EDGE('',*,*,#3805,.F.);
#2525=ORIENTED_EDGE('',*,*,#3626,.F.);
#2526=ORIENTED_EDGE('',*,*,#3803,.T.);
#2527=ORIENTED_EDGE('',*,*,#3806,.T.);
#2528=ORIENTED_EDGE('',*,*,#3807,.T.);
#2529=ORIENTED_EDGE('',*,*,#3627,.T.);
#2530=ORIENTED_EDGE('',*,*,#3808,.T.);
#2531=ORIENTED_EDGE('',*,*,#3809,.F.);
#2532=ORIENTED_EDGE('',*,*,#3810,.F.);
#2533=ORIENTED_EDGE('',*,*,#3811,.F.);
#2534=ORIENTED_EDGE('',*,*,#3812,.F.);
#2535=ORIENTED_EDGE('',*,*,#3813,.T.);
#2536=ORIENTED_EDGE('',*,*,#3814,.F.);
#2537=ORIENTED_EDGE('',*,*,#3815,.F.);
#2538=ORIENTED_EDGE('',*,*,#3816,.F.);
#2539=ORIENTED_EDGE('',*,*,#3817,.T.);
#2540=ORIENTED_EDGE('',*,*,#3818,.T.);
#2541=ORIENTED_EDGE('',*,*,#3819,.T.);
#2542=ORIENTED_EDGE('',*,*,#3820,.F.);
#2543=ORIENTED_EDGE('',*,*,#3629,.F.);
#2544=ORIENTED_EDGE('',*,*,#3807,.F.);
#2545=ORIENTED_EDGE('',*,*,#3821,.T.);
#2546=ORIENTED_EDGE('',*,*,#3822,.F.);
#2547=ORIENTED_EDGE('',*,*,#3631,.T.);
#2548=ORIENTED_EDGE('',*,*,#3820,.T.);
#2549=ORIENTED_EDGE('',*,*,#3823,.T.);
#2550=ORIENTED_EDGE('',*,*,#3668,.F.);
#2551=ORIENTED_EDGE('',*,*,#3824,.F.);
#2552=ORIENTED_EDGE('',*,*,#3659,.T.);
#2553=ORIENTED_EDGE('',*,*,#3825,.F.);
#2554=ORIENTED_EDGE('',*,*,#3727,.F.);
#2555=ORIENTED_EDGE('',*,*,#3826,.T.);
#2556=ORIENTED_EDGE('',*,*,#3712,.T.);
#2557=ORIENTED_EDGE('',*,*,#3827,.T.);
#2558=ORIENTED_EDGE('',*,*,#3643,.T.);
#2559=ORIENTED_EDGE('',*,*,#3828,.T.);
#2560=ORIENTED_EDGE('',*,*,#3731,.F.);
#2561=ORIENTED_EDGE('',*,*,#3829,.F.);
#2562=ORIENTED_EDGE('',*,*,#3722,.F.);
#2563=ORIENTED_EDGE('',*,*,#3827,.F.);
#2564=ORIENTED_EDGE('',*,*,#3711,.T.);
#2565=ORIENTED_EDGE('',*,*,#3830,.F.);
#2566=ORIENTED_EDGE('',*,*,#3644,.F.);
#2567=ORIENTED_EDGE('',*,*,#3831,.T.);
#2568=ORIENTED_EDGE('',*,*,#3645,.T.);
#2569=ORIENTED_EDGE('',*,*,#3832,.T.);
#2570=ORIENTED_EDGE('',*,*,#3833,.F.);
#2571=ORIENTED_EDGE('',*,*,#3831,.F.);
#2572=ORIENTED_EDGE('',*,*,#3834,.F.);
#2573=ORIENTED_EDGE('',*,*,#3646,.T.);
#2574=ORIENTED_EDGE('',*,*,#3835,.F.);
#2575=ORIENTED_EDGE('',*,*,#3647,.T.);
#2576=ORIENTED_EDGE('',*,*,#3834,.T.);
#2577=ORIENTED_EDGE('',*,*,#3836,.F.);
#2578=ORIENTED_EDGE('',*,*,#3837,.F.);
#2579=ORIENTED_EDGE('',*,*,#3838,.T.);
#2580=ORIENTED_EDGE('',*,*,#3648,.T.);
#2581=ORIENTED_EDGE('',*,*,#3835,.T.);
#2582=ORIENTED_EDGE('',*,*,#3839,.T.);
#2583=ORIENTED_EDGE('',*,*,#3840,.F.);
#2584=ORIENTED_EDGE('',*,*,#3649,.T.);
#2585=ORIENTED_EDGE('',*,*,#3838,.F.);
#2586=ORIENTED_EDGE('',*,*,#3841,.F.);
#2587=ORIENTED_EDGE('',*,*,#3751,.F.);
#2588=ORIENTED_EDGE('',*,*,#3842,.F.);
#2589=ORIENTED_EDGE('',*,*,#3843,.F.);
#2590=ORIENTED_EDGE('',*,*,#3844,.T.);
#2591=ORIENTED_EDGE('',*,*,#3845,.T.);
#2592=ORIENTED_EDGE('',*,*,#3650,.T.);
#2593=ORIENTED_EDGE('',*,*,#3840,.T.);
#2594=ORIENTED_EDGE('',*,*,#3845,.F.);
#2595=ORIENTED_EDGE('',*,*,#3846,.F.);
#2596=ORIENTED_EDGE('',*,*,#3847,.F.);
#2597=ORIENTED_EDGE('',*,*,#3651,.T.);
#2598=ORIENTED_EDGE('',*,*,#3848,.F.);
#2599=ORIENTED_EDGE('',*,*,#3652,.T.);
#2600=ORIENTED_EDGE('',*,*,#3847,.T.);
#2601=ORIENTED_EDGE('',*,*,#3848,.T.);
#2602=ORIENTED_EDGE('',*,*,#3849,.F.);
#2603=ORIENTED_EDGE('',*,*,#3735,.F.);
#2604=ORIENTED_EDGE('',*,*,#3653,.T.);
#2605=ORIENTED_EDGE('',*,*,#3850,.T.);
#2606=ORIENTED_EDGE('',*,*,#3851,.T.);
#2607=ORIENTED_EDGE('',*,*,#3852,.T.);
#2608=ORIENTED_EDGE('',*,*,#3853,.T.);
#2609=ORIENTED_EDGE('',*,*,#3669,.F.);
#2610=ORIENTED_EDGE('',*,*,#3823,.F.);
#2611=ORIENTED_EDGE('',*,*,#3819,.F.);
#2612=ORIENTED_EDGE('',*,*,#3670,.F.);
#2613=ORIENTED_EDGE('',*,*,#3853,.F.);
#2614=ORIENTED_EDGE('',*,*,#3854,.T.);
#2615=ORIENTED_EDGE('',*,*,#3855,.T.);
#2616=ORIENTED_EDGE('',*,*,#3817,.F.);
#2617=ORIENTED_EDGE('',*,*,#3856,.F.);
#2618=ORIENTED_EDGE('',*,*,#3671,.F.);
#2619=ORIENTED_EDGE('',*,*,#3855,.F.);
#2620=ORIENTED_EDGE('',*,*,#3857,.F.);
#2621=ORIENTED_EDGE('',*,*,#3858,.F.);
#2622=ORIENTED_EDGE('',*,*,#3859,.F.);
#2623=ORIENTED_EDGE('',*,*,#3860,.T.);
#2624=ORIENTED_EDGE('',*,*,#3672,.F.);
#2625=ORIENTED_EDGE('',*,*,#3856,.T.);
#2626=ORIENTED_EDGE('',*,*,#3816,.T.);
#2627=ORIENTED_EDGE('',*,*,#3861,.F.);
#2628=ORIENTED_EDGE('',*,*,#3673,.T.);
#2629=ORIENTED_EDGE('',*,*,#3862,.F.);
#2630=ORIENTED_EDGE('',*,*,#3699,.F.);
#2631=ORIENTED_EDGE('',*,*,#3863,.T.);
#2632=ORIENTED_EDGE('',*,*,#3694,.F.);
#2633=ORIENTED_EDGE('',*,*,#3864,.F.);
#2634=ORIENTED_EDGE('',*,*,#3685,.F.);
#2635=ORIENTED_EDGE('',*,*,#3865,.T.);
#2636=ORIENTED_EDGE('',*,*,#3674,.T.);
#2637=ORIENTED_EDGE('',*,*,#3861,.T.);
#2638=ORIENTED_EDGE('',*,*,#3698,.T.);
#2639=ORIENTED_EDGE('',*,*,#3866,.F.);
#2640=ORIENTED_EDGE('',*,*,#3688,.F.);
#2641=ORIENTED_EDGE('',*,*,#3867,.F.);
#2642=ORIENTED_EDGE('',*,*,#3661,.T.);
#2643=ORIENTED_EDGE('',*,*,#3868,.F.);
#2644=ORIENTED_EDGE('',*,*,#3718,.T.);
#2645=ORIENTED_EDGE('',*,*,#3869,.F.);
#2646=ORIENTED_EDGE('',*,*,#3690,.F.);
#2647=ORIENTED_EDGE('',*,*,#3700,.T.);
#2648=ORIENTED_EDGE('',*,*,#3862,.T.);
#2649=ORIENTED_EDGE('',*,*,#3860,.F.);
#2650=ORIENTED_EDGE('',*,*,#3870,.F.);
#2651=ORIENTED_EDGE('',*,*,#3871,.F.);
#2652=ORIENTED_EDGE('',*,*,#3701,.F.);
#2653=ORIENTED_EDGE('',*,*,#3870,.T.);
#2654=ORIENTED_EDGE('',*,*,#3815,.T.);
#2655=ORIENTED_EDGE('',*,*,#3872,.T.);
#2656=ORIENTED_EDGE('',*,*,#3873,.T.);
#2657=ORIENTED_EDGE('',*,*,#3702,.T.);
#2658=ORIENTED_EDGE('',*,*,#3871,.T.);
#2659=ORIENTED_EDGE('',*,*,#3874,.F.);
#2660=ORIENTED_EDGE('',*,*,#3875,.T.);
#2661=ORIENTED_EDGE('',*,*,#3703,.T.);
#2662=ORIENTED_EDGE('',*,*,#3873,.F.);
#2663=ORIENTED_EDGE('',*,*,#3876,.T.);
#2664=ORIENTED_EDGE('',*,*,#3875,.F.);
#2665=ORIENTED_EDGE('',*,*,#3877,.F.);
#2666=ORIENTED_EDGE('',*,*,#3704,.T.);
#2667=ORIENTED_EDGE('',*,*,#3878,.F.);
#2668=ORIENTED_EDGE('',*,*,#3705,.T.);
#2669=ORIENTED_EDGE('',*,*,#3877,.T.);
#2670=ORIENTED_EDGE('',*,*,#3879,.F.);
#2671=ORIENTED_EDGE('',*,*,#3880,.F.);
#2672=ORIENTED_EDGE('',*,*,#3881,.T.);
#2673=ORIENTED_EDGE('',*,*,#3706,.T.);
#2674=ORIENTED_EDGE('',*,*,#3878,.T.);
#2675=ORIENTED_EDGE('',*,*,#3882,.T.);
#2676=ORIENTED_EDGE('',*,*,#3881,.F.);
#2677=ORIENTED_EDGE('',*,*,#3883,.F.);
#2678=ORIENTED_EDGE('',*,*,#3755,.F.);
#2679=ORIENTED_EDGE('',*,*,#3884,.F.);
#2680=ORIENTED_EDGE('',*,*,#3885,.F.);
#2681=ORIENTED_EDGE('',*,*,#3707,.T.);
#2682=ORIENTED_EDGE('',*,*,#3886,.F.);
#2683=ORIENTED_EDGE('',*,*,#3887,.T.);
#2684=ORIENTED_EDGE('',*,*,#3888,.T.);
#2685=ORIENTED_EDGE('',*,*,#3708,.T.);
#2686=ORIENTED_EDGE('',*,*,#3885,.T.);
#2687=ORIENTED_EDGE('',*,*,#3888,.F.);
#2688=ORIENTED_EDGE('',*,*,#3889,.F.);
#2689=ORIENTED_EDGE('',*,*,#3890,.F.);
#2690=ORIENTED_EDGE('',*,*,#3709,.T.);
#2691=ORIENTED_EDGE('',*,*,#3710,.T.);
#2692=ORIENTED_EDGE('',*,*,#3890,.T.);
#2693=ORIENTED_EDGE('',*,*,#3891,.F.);
#2694=ORIENTED_EDGE('',*,*,#3892,.F.);
#2695=ORIENTED_EDGE('',*,*,#3893,.F.);
#2696=ORIENTED_EDGE('',*,*,#3725,.F.);
#2697=ORIENTED_EDGE('',*,*,#3894,.F.);
#2698=ORIENTED_EDGE('',*,*,#3714,.T.);
#2699=ORIENTED_EDGE('',*,*,#3895,.F.);
#2700=ORIENTED_EDGE('',*,*,#3739,.F.);
#2701=ORIENTED_EDGE('',*,*,#3736,.T.);
#2702=ORIENTED_EDGE('',*,*,#3896,.T.);
#2703=ORIENTED_EDGE('',*,*,#3737,.T.);
#2704=ORIENTED_EDGE('',*,*,#3897,.T.);
#2705=ORIENTED_EDGE('',*,*,#3898,.F.);
#2706=ORIENTED_EDGE('',*,*,#3899,.F.);
#2707=ORIENTED_EDGE('',*,*,#3748,.T.);
#2708=ORIENTED_EDGE('',*,*,#3740,.T.);
#2709=ORIENTED_EDGE('',*,*,#3899,.T.);
#2710=ORIENTED_EDGE('',*,*,#3900,.F.);
#2711=ORIENTED_EDGE('',*,*,#3901,.F.);
#2712=ORIENTED_EDGE('',*,*,#3741,.T.);
#2713=ORIENTED_EDGE('',*,*,#3902,.T.);
#2714=ORIENTED_EDGE('',*,*,#3903,.T.);
#2715=ORIENTED_EDGE('',*,*,#3904,.F.);
#2716=ORIENTED_EDGE('',*,*,#3905,.F.);
#2717=ORIENTED_EDGE('',*,*,#3906,.F.);
#2718=ORIENTED_EDGE('',*,*,#3907,.F.);
#2719=ORIENTED_EDGE('',*,*,#3742,.T.);
#2720=ORIENTED_EDGE('',*,*,#3905,.T.);
#2721=ORIENTED_EDGE('',*,*,#3908,.T.);
#2722=ORIENTED_EDGE('',*,*,#3743,.T.);
#2723=ORIENTED_EDGE('',*,*,#3907,.T.);
#2724=ORIENTED_EDGE('',*,*,#3909,.F.);
#2725=ORIENTED_EDGE('',*,*,#3910,.F.);
#2726=ORIENTED_EDGE('',*,*,#3911,.F.);
#2727=ORIENTED_EDGE('',*,*,#3912,.F.);
#2728=ORIENTED_EDGE('',*,*,#3744,.F.);
#2729=ORIENTED_EDGE('',*,*,#3913,.F.);
#2730=ORIENTED_EDGE('',*,*,#3914,.F.);
#2731=ORIENTED_EDGE('',*,*,#3810,.T.);
#2732=ORIENTED_EDGE('',*,*,#3745,.T.);
#2733=ORIENTED_EDGE('',*,*,#3915,.T.);
#2734=ORIENTED_EDGE('',*,*,#3916,.T.);
#2735=ORIENTED_EDGE('',*,*,#3917,.F.);
#2736=ORIENTED_EDGE('',*,*,#3918,.F.);
#2737=ORIENTED_EDGE('',*,*,#3919,.F.);
#2738=ORIENTED_EDGE('',*,*,#3920,.F.);
#2739=ORIENTED_EDGE('',*,*,#3746,.T.);
#2740=ORIENTED_EDGE('',*,*,#3918,.T.);
#2741=ORIENTED_EDGE('',*,*,#3800,.T.);
#2742=ORIENTED_EDGE('',*,*,#3747,.T.);
#2743=ORIENTED_EDGE('',*,*,#3920,.T.);
#2744=ORIENTED_EDGE('',*,*,#3921,.F.);
#2745=ORIENTED_EDGE('',*,*,#3922,.F.);
#2746=ORIENTED_EDGE('',*,*,#3923,.F.);
#2747=ORIENTED_EDGE('',*,*,#3924,.F.);
#2748=ORIENTED_EDGE('',*,*,#3749,.T.);
#2749=ORIENTED_EDGE('',*,*,#3901,.T.);
#2750=ORIENTED_EDGE('',*,*,#3925,.T.);
#2751=ORIENTED_EDGE('',*,*,#3750,.T.);
#2752=ORIENTED_EDGE('',*,*,#3924,.T.);
#2753=ORIENTED_EDGE('',*,*,#3926,.F.);
#2754=ORIENTED_EDGE('',*,*,#3927,.F.);
#2755=ORIENTED_EDGE('',*,*,#3752,.T.);
#2756=ORIENTED_EDGE('',*,*,#3928,.T.);
#2757=ORIENTED_EDGE('',*,*,#3929,.T.);
#2758=ORIENTED_EDGE('',*,*,#3930,.F.);
#2759=ORIENTED_EDGE('',*,*,#3931,.F.);
#2760=ORIENTED_EDGE('',*,*,#3932,.F.);
#2761=ORIENTED_EDGE('',*,*,#3933,.F.);
#2762=ORIENTED_EDGE('',*,*,#3753,.T.);
#2763=ORIENTED_EDGE('',*,*,#3931,.T.);
#2764=ORIENTED_EDGE('',*,*,#3934,.T.);
#2765=ORIENTED_EDGE('',*,*,#3754,.T.);
#2766=ORIENTED_EDGE('',*,*,#3933,.T.);
#2767=ORIENTED_EDGE('',*,*,#3935,.F.);
#2768=ORIENTED_EDGE('',*,*,#3936,.F.);
#2769=ORIENTED_EDGE('',*,*,#3937,.F.);
#2770=ORIENTED_EDGE('',*,*,#3938,.F.);
#2771=ORIENTED_EDGE('',*,*,#3939,.F.);
#2772=ORIENTED_EDGE('',*,*,#3940,.T.);
#2773=ORIENTED_EDGE('',*,*,#3941,.F.);
#2774=ORIENTED_EDGE('',*,*,#3942,.F.);
#2775=ORIENTED_EDGE('',*,*,#3940,.F.);
#2776=ORIENTED_EDGE('',*,*,#3943,.F.);
#2777=ORIENTED_EDGE('',*,*,#3944,.T.);
#2778=ORIENTED_EDGE('',*,*,#3945,.F.);
#2779=ORIENTED_EDGE('',*,*,#3946,.F.);
#2780=ORIENTED_EDGE('',*,*,#3944,.F.);
#2781=ORIENTED_EDGE('',*,*,#3947,.F.);
#2782=ORIENTED_EDGE('',*,*,#3948,.T.);
#2783=ORIENTED_EDGE('',*,*,#3949,.F.);
#2784=ORIENTED_EDGE('',*,*,#3950,.F.);
#2785=ORIENTED_EDGE('',*,*,#3948,.F.);
#2786=ORIENTED_EDGE('',*,*,#3951,.F.);
#2787=ORIENTED_EDGE('',*,*,#3938,.T.);
#2788=ORIENTED_EDGE('',*,*,#3952,.F.);
#2789=ORIENTED_EDGE('',*,*,#3953,.F.);
#2790=ORIENTED_EDGE('',*,*,#3954,.F.);
#2791=ORIENTED_EDGE('',*,*,#3955,.F.);
#2792=ORIENTED_EDGE('',*,*,#3956,.T.);
#2793=ORIENTED_EDGE('',*,*,#3957,.F.);
#2794=ORIENTED_EDGE('',*,*,#3958,.F.);
#2795=ORIENTED_EDGE('',*,*,#3956,.F.);
#2796=ORIENTED_EDGE('',*,*,#3959,.F.);
#2797=ORIENTED_EDGE('',*,*,#3960,.T.);
#2798=ORIENTED_EDGE('',*,*,#3961,.F.);
#2799=ORIENTED_EDGE('',*,*,#3962,.F.);
#2800=ORIENTED_EDGE('',*,*,#3960,.F.);
#2801=ORIENTED_EDGE('',*,*,#3963,.F.);
#2802=ORIENTED_EDGE('',*,*,#3964,.T.);
#2803=ORIENTED_EDGE('',*,*,#3965,.F.);
#2804=ORIENTED_EDGE('',*,*,#3966,.F.);
#2805=ORIENTED_EDGE('',*,*,#3964,.F.);
#2806=ORIENTED_EDGE('',*,*,#3967,.F.);
#2807=ORIENTED_EDGE('',*,*,#3954,.T.);
#2808=ORIENTED_EDGE('',*,*,#3968,.F.);
#2809=ORIENTED_EDGE('',*,*,#3969,.F.);
#2810=ORIENTED_EDGE('',*,*,#3970,.F.);
#2811=ORIENTED_EDGE('',*,*,#3971,.F.);
#2812=ORIENTED_EDGE('',*,*,#3972,.T.);
#2813=ORIENTED_EDGE('',*,*,#3973,.F.);
#2814=ORIENTED_EDGE('',*,*,#3974,.F.);
#2815=ORIENTED_EDGE('',*,*,#3972,.F.);
#2816=ORIENTED_EDGE('',*,*,#3975,.F.);
#2817=ORIENTED_EDGE('',*,*,#3976,.T.);
#2818=ORIENTED_EDGE('',*,*,#3977,.F.);
#2819=ORIENTED_EDGE('',*,*,#3978,.F.);
#2820=ORIENTED_EDGE('',*,*,#3976,.F.);
#2821=ORIENTED_EDGE('',*,*,#3979,.F.);
#2822=ORIENTED_EDGE('',*,*,#3980,.T.);
#2823=ORIENTED_EDGE('',*,*,#3981,.F.);
#2824=ORIENTED_EDGE('',*,*,#3982,.F.);
#2825=ORIENTED_EDGE('',*,*,#3980,.F.);
#2826=ORIENTED_EDGE('',*,*,#3983,.F.);
#2827=ORIENTED_EDGE('',*,*,#3970,.T.);
#2828=ORIENTED_EDGE('',*,*,#3984,.F.);
#2829=ORIENTED_EDGE('',*,*,#3985,.F.);
#2830=ORIENTED_EDGE('',*,*,#3986,.F.);
#2831=ORIENTED_EDGE('',*,*,#3987,.F.);
#2832=ORIENTED_EDGE('',*,*,#3988,.T.);
#2833=ORIENTED_EDGE('',*,*,#3989,.F.);
#2834=ORIENTED_EDGE('',*,*,#3990,.F.);
#2835=ORIENTED_EDGE('',*,*,#3988,.F.);
#2836=ORIENTED_EDGE('',*,*,#3991,.F.);
#2837=ORIENTED_EDGE('',*,*,#3992,.T.);
#2838=ORIENTED_EDGE('',*,*,#3993,.F.);
#2839=ORIENTED_EDGE('',*,*,#3994,.F.);
#2840=ORIENTED_EDGE('',*,*,#3992,.F.);
#2841=ORIENTED_EDGE('',*,*,#3995,.F.);
#2842=ORIENTED_EDGE('',*,*,#3996,.T.);
#2843=ORIENTED_EDGE('',*,*,#3997,.F.);
#2844=ORIENTED_EDGE('',*,*,#3998,.F.);
#2845=ORIENTED_EDGE('',*,*,#3996,.F.);
#2846=ORIENTED_EDGE('',*,*,#3999,.F.);
#2847=ORIENTED_EDGE('',*,*,#3986,.T.);
#2848=ORIENTED_EDGE('',*,*,#4000,.F.);
#2849=ORIENTED_EDGE('',*,*,#4001,.F.);
#2850=ORIENTED_EDGE('',*,*,#4002,.F.);
#2851=ORIENTED_EDGE('',*,*,#4003,.F.);
#2852=ORIENTED_EDGE('',*,*,#4004,.T.);
#2853=ORIENTED_EDGE('',*,*,#4005,.F.);
#2854=ORIENTED_EDGE('',*,*,#4006,.F.);
#2855=ORIENTED_EDGE('',*,*,#4004,.F.);
#2856=ORIENTED_EDGE('',*,*,#4007,.F.);
#2857=ORIENTED_EDGE('',*,*,#4008,.T.);
#2858=ORIENTED_EDGE('',*,*,#4009,.F.);
#2859=ORIENTED_EDGE('',*,*,#4010,.F.);
#2860=ORIENTED_EDGE('',*,*,#4008,.F.);
#2861=ORIENTED_EDGE('',*,*,#4011,.F.);
#2862=ORIENTED_EDGE('',*,*,#4012,.T.);
#2863=ORIENTED_EDGE('',*,*,#4013,.F.);
#2864=ORIENTED_EDGE('',*,*,#4014,.F.);
#2865=ORIENTED_EDGE('',*,*,#4012,.F.);
#2866=ORIENTED_EDGE('',*,*,#4015,.F.);
#2867=ORIENTED_EDGE('',*,*,#4002,.T.);
#2868=ORIENTED_EDGE('',*,*,#4016,.F.);
#2869=ORIENTED_EDGE('',*,*,#4017,.F.);
#2870=ORIENTED_EDGE('',*,*,#4018,.F.);
#2871=ORIENTED_EDGE('',*,*,#4019,.F.);
#2872=ORIENTED_EDGE('',*,*,#4020,.T.);
#2873=ORIENTED_EDGE('',*,*,#4021,.F.);
#2874=ORIENTED_EDGE('',*,*,#4022,.F.);
#2875=ORIENTED_EDGE('',*,*,#4020,.F.);
#2876=ORIENTED_EDGE('',*,*,#4023,.F.);
#2877=ORIENTED_EDGE('',*,*,#4024,.T.);
#2878=ORIENTED_EDGE('',*,*,#4025,.F.);
#2879=ORIENTED_EDGE('',*,*,#4026,.F.);
#2880=ORIENTED_EDGE('',*,*,#4024,.F.);
#2881=ORIENTED_EDGE('',*,*,#4027,.F.);
#2882=ORIENTED_EDGE('',*,*,#4028,.T.);
#2883=ORIENTED_EDGE('',*,*,#4029,.F.);
#2884=ORIENTED_EDGE('',*,*,#4030,.F.);
#2885=ORIENTED_EDGE('',*,*,#4028,.F.);
#2886=ORIENTED_EDGE('',*,*,#4031,.F.);
#2887=ORIENTED_EDGE('',*,*,#4018,.T.);
#2888=ORIENTED_EDGE('',*,*,#4032,.F.);
#2889=ORIENTED_EDGE('',*,*,#4033,.F.);
#2890=ORIENTED_EDGE('',*,*,#4034,.F.);
#2891=ORIENTED_EDGE('',*,*,#4035,.F.);
#2892=ORIENTED_EDGE('',*,*,#4036,.T.);
#2893=ORIENTED_EDGE('',*,*,#4037,.F.);
#2894=ORIENTED_EDGE('',*,*,#4038,.F.);
#2895=ORIENTED_EDGE('',*,*,#4036,.F.);
#2896=ORIENTED_EDGE('',*,*,#4039,.F.);
#2897=ORIENTED_EDGE('',*,*,#4040,.T.);
#2898=ORIENTED_EDGE('',*,*,#4041,.F.);
#2899=ORIENTED_EDGE('',*,*,#4042,.F.);
#2900=ORIENTED_EDGE('',*,*,#4040,.F.);
#2901=ORIENTED_EDGE('',*,*,#4043,.F.);
#2902=ORIENTED_EDGE('',*,*,#4044,.T.);
#2903=ORIENTED_EDGE('',*,*,#4045,.F.);
#2904=ORIENTED_EDGE('',*,*,#4046,.F.);
#2905=ORIENTED_EDGE('',*,*,#4044,.F.);
#2906=ORIENTED_EDGE('',*,*,#4047,.F.);
#2907=ORIENTED_EDGE('',*,*,#4034,.T.);
#2908=ORIENTED_EDGE('',*,*,#4048,.F.);
#2909=ORIENTED_EDGE('',*,*,#4049,.F.);
#2910=ORIENTED_EDGE('',*,*,#4050,.F.);
#2911=ORIENTED_EDGE('',*,*,#4051,.F.);
#2912=ORIENTED_EDGE('',*,*,#4052,.T.);
#2913=ORIENTED_EDGE('',*,*,#4053,.F.);
#2914=ORIENTED_EDGE('',*,*,#4054,.F.);
#2915=ORIENTED_EDGE('',*,*,#4052,.F.);
#2916=ORIENTED_EDGE('',*,*,#4055,.F.);
#2917=ORIENTED_EDGE('',*,*,#4056,.T.);
#2918=ORIENTED_EDGE('',*,*,#4057,.F.);
#2919=ORIENTED_EDGE('',*,*,#4058,.F.);
#2920=ORIENTED_EDGE('',*,*,#4056,.F.);
#2921=ORIENTED_EDGE('',*,*,#4059,.F.);
#2922=ORIENTED_EDGE('',*,*,#4060,.T.);
#2923=ORIENTED_EDGE('',*,*,#4061,.F.);
#2924=ORIENTED_EDGE('',*,*,#4062,.F.);
#2925=ORIENTED_EDGE('',*,*,#4060,.F.);
#2926=ORIENTED_EDGE('',*,*,#4063,.F.);
#2927=ORIENTED_EDGE('',*,*,#4050,.T.);
#2928=ORIENTED_EDGE('',*,*,#4064,.F.);
#2929=ORIENTED_EDGE('',*,*,#4065,.F.);
#2930=ORIENTED_EDGE('',*,*,#4066,.F.);
#2931=ORIENTED_EDGE('',*,*,#4067,.F.);
#2932=ORIENTED_EDGE('',*,*,#4068,.T.);
#2933=ORIENTED_EDGE('',*,*,#4069,.F.);
#2934=ORIENTED_EDGE('',*,*,#4070,.F.);
#2935=ORIENTED_EDGE('',*,*,#4068,.F.);
#2936=ORIENTED_EDGE('',*,*,#4071,.F.);
#2937=ORIENTED_EDGE('',*,*,#4072,.T.);
#2938=ORIENTED_EDGE('',*,*,#4073,.F.);
#2939=ORIENTED_EDGE('',*,*,#4074,.F.);
#2940=ORIENTED_EDGE('',*,*,#4072,.F.);
#2941=ORIENTED_EDGE('',*,*,#4075,.F.);
#2942=ORIENTED_EDGE('',*,*,#4076,.T.);
#2943=ORIENTED_EDGE('',*,*,#4077,.F.);
#2944=ORIENTED_EDGE('',*,*,#4078,.F.);
#2945=ORIENTED_EDGE('',*,*,#4076,.F.);
#2946=ORIENTED_EDGE('',*,*,#4079,.F.);
#2947=ORIENTED_EDGE('',*,*,#4066,.T.);
#2948=ORIENTED_EDGE('',*,*,#4080,.F.);
#2949=ORIENTED_EDGE('',*,*,#4081,.F.);
#2950=ORIENTED_EDGE('',*,*,#4082,.F.);
#2951=ORIENTED_EDGE('',*,*,#4083,.F.);
#2952=ORIENTED_EDGE('',*,*,#4084,.T.);
#2953=ORIENTED_EDGE('',*,*,#4085,.F.);
#2954=ORIENTED_EDGE('',*,*,#4086,.F.);
#2955=ORIENTED_EDGE('',*,*,#4084,.F.);
#2956=ORIENTED_EDGE('',*,*,#4087,.F.);
#2957=ORIENTED_EDGE('',*,*,#4088,.T.);
#2958=ORIENTED_EDGE('',*,*,#4089,.F.);
#2959=ORIENTED_EDGE('',*,*,#4090,.F.);
#2960=ORIENTED_EDGE('',*,*,#4088,.F.);
#2961=ORIENTED_EDGE('',*,*,#4091,.F.);
#2962=ORIENTED_EDGE('',*,*,#4092,.T.);
#2963=ORIENTED_EDGE('',*,*,#4093,.F.);
#2964=ORIENTED_EDGE('',*,*,#4094,.F.);
#2965=ORIENTED_EDGE('',*,*,#4092,.F.);
#2966=ORIENTED_EDGE('',*,*,#4095,.F.);
#2967=ORIENTED_EDGE('',*,*,#4082,.T.);
#2968=ORIENTED_EDGE('',*,*,#4096,.F.);
#2969=ORIENTED_EDGE('',*,*,#4097,.F.);
#2970=ORIENTED_EDGE('',*,*,#4098,.F.);
#2971=ORIENTED_EDGE('',*,*,#4099,.F.);
#2972=ORIENTED_EDGE('',*,*,#4100,.T.);
#2973=ORIENTED_EDGE('',*,*,#4101,.F.);
#2974=ORIENTED_EDGE('',*,*,#4102,.F.);
#2975=ORIENTED_EDGE('',*,*,#4100,.F.);
#2976=ORIENTED_EDGE('',*,*,#4103,.F.);
#2977=ORIENTED_EDGE('',*,*,#4104,.T.);
#2978=ORIENTED_EDGE('',*,*,#4105,.F.);
#2979=ORIENTED_EDGE('',*,*,#4106,.F.);
#2980=ORIENTED_EDGE('',*,*,#4104,.F.);
#2981=ORIENTED_EDGE('',*,*,#4107,.F.);
#2982=ORIENTED_EDGE('',*,*,#4108,.T.);
#2983=ORIENTED_EDGE('',*,*,#4109,.F.);
#2984=ORIENTED_EDGE('',*,*,#4110,.F.);
#2985=ORIENTED_EDGE('',*,*,#4108,.F.);
#2986=ORIENTED_EDGE('',*,*,#4111,.F.);
#2987=ORIENTED_EDGE('',*,*,#4098,.T.);
#2988=ORIENTED_EDGE('',*,*,#4112,.F.);
#2989=ORIENTED_EDGE('',*,*,#3802,.T.);
#2990=ORIENTED_EDGE('',*,*,#3922,.T.);
#2991=ORIENTED_EDGE('',*,*,#4113,.F.);
#2992=ORIENTED_EDGE('',*,*,#4114,.F.);
#2993=ORIENTED_EDGE('',*,*,#4115,.F.);
#2994=ORIENTED_EDGE('',*,*,#4116,.F.);
#2995=ORIENTED_EDGE('',*,*,#3804,.T.);
#2996=ORIENTED_EDGE('',*,*,#4114,.T.);
#2997=ORIENTED_EDGE('',*,*,#4117,.F.);
#2998=ORIENTED_EDGE('',*,*,#4118,.F.);
#2999=ORIENTED_EDGE('',*,*,#4119,.F.);
#3000=ORIENTED_EDGE('',*,*,#4120,.T.);
#3001=ORIENTED_EDGE('',*,*,#4121,.T.);
#3002=ORIENTED_EDGE('',*,*,#4122,.T.);
#3003=ORIENTED_EDGE('',*,*,#3808,.F.);
#3004=ORIENTED_EDGE('',*,*,#3805,.T.);
#3005=ORIENTED_EDGE('',*,*,#4122,.F.);
#3006=ORIENTED_EDGE('',*,*,#4123,.F.);
#3007=ORIENTED_EDGE('',*,*,#3821,.F.);
#3008=ORIENTED_EDGE('',*,*,#3806,.F.);
#3009=ORIENTED_EDGE('',*,*,#4124,.F.);
#3010=ORIENTED_EDGE('',*,*,#3911,.T.);
#3011=ORIENTED_EDGE('',*,*,#3809,.T.);
#3012=ORIENTED_EDGE('',*,*,#4125,.T.);
#3013=ORIENTED_EDGE('',*,*,#4119,.T.);
#3014=ORIENTED_EDGE('',*,*,#4126,.F.);
#3015=ORIENTED_EDGE('',*,*,#4127,.T.);
#3016=ORIENTED_EDGE('',*,*,#4128,.T.);
#3017=ORIENTED_EDGE('',*,*,#3811,.T.);
#3018=ORIENTED_EDGE('',*,*,#3914,.T.);
#3019=ORIENTED_EDGE('',*,*,#4128,.F.);
#3020=ORIENTED_EDGE('',*,*,#4129,.F.);
#3021=ORIENTED_EDGE('',*,*,#4130,.T.);
#3022=ORIENTED_EDGE('',*,*,#3812,.T.);
#3023=ORIENTED_EDGE('',*,*,#4131,.F.);
#3024=ORIENTED_EDGE('',*,*,#4132,.F.);
#3025=ORIENTED_EDGE('',*,*,#3813,.F.);
#3026=ORIENTED_EDGE('',*,*,#4133,.T.);
#3027=ORIENTED_EDGE('',*,*,#4132,.T.);
#3028=ORIENTED_EDGE('',*,*,#4134,.T.);
#3029=ORIENTED_EDGE('',*,*,#3874,.T.);
#3030=ORIENTED_EDGE('',*,*,#3814,.T.);
#3031=ORIENTED_EDGE('',*,*,#3818,.F.);
#3032=ORIENTED_EDGE('',*,*,#3859,.T.);
#3033=ORIENTED_EDGE('',*,*,#4135,.F.);
#3034=ORIENTED_EDGE('',*,*,#3850,.F.);
#3035=ORIENTED_EDGE('',*,*,#4125,.F.);
#3036=ORIENTED_EDGE('',*,*,#3822,.T.);
#3037=ORIENTED_EDGE('',*,*,#4136,.T.);
#3038=ORIENTED_EDGE('',*,*,#4120,.F.);
#3039=ORIENTED_EDGE('',*,*,#3830,.T.);
#3040=ORIENTED_EDGE('',*,*,#3892,.T.);
#3041=ORIENTED_EDGE('',*,*,#4137,.F.);
#3042=ORIENTED_EDGE('',*,*,#3832,.F.);
#3043=ORIENTED_EDGE('',*,*,#4138,.F.);
#3044=ORIENTED_EDGE('',*,*,#4139,.F.);
#3045=ORIENTED_EDGE('',*,*,#3839,.F.);
#3046=ORIENTED_EDGE('',*,*,#3836,.T.);
#3047=ORIENTED_EDGE('',*,*,#3833,.T.);
#3048=ORIENTED_EDGE('',*,*,#4140,.T.);
#3049=ORIENTED_EDGE('',*,*,#3928,.F.);
#3050=ORIENTED_EDGE('',*,*,#3841,.T.);
#3051=ORIENTED_EDGE('',*,*,#3837,.T.);
#3052=ORIENTED_EDGE('',*,*,#4139,.T.);
#3053=ORIENTED_EDGE('',*,*,#3925,.F.);
#3054=ORIENTED_EDGE('',*,*,#4141,.F.);
#3055=ORIENTED_EDGE('',*,*,#3843,.T.);
#3056=ORIENTED_EDGE('',*,*,#3842,.T.);
#3057=ORIENTED_EDGE('',*,*,#4142,.F.);
#3058=ORIENTED_EDGE('',*,*,#3896,.F.);
#3059=ORIENTED_EDGE('',*,*,#3849,.T.);
#3060=ORIENTED_EDGE('',*,*,#3846,.T.);
#3061=ORIENTED_EDGE('',*,*,#3844,.F.);
#3062=ORIENTED_EDGE('',*,*,#4141,.T.);
#3063=ORIENTED_EDGE('',*,*,#4135,.T.);
#3064=ORIENTED_EDGE('',*,*,#3858,.T.);
#3065=ORIENTED_EDGE('',*,*,#4143,.F.);
#3066=ORIENTED_EDGE('',*,*,#3851,.F.);
#3067=ORIENTED_EDGE('',*,*,#4143,.T.);
#3068=ORIENTED_EDGE('',*,*,#3857,.T.);
#3069=ORIENTED_EDGE('',*,*,#3854,.F.);
#3070=ORIENTED_EDGE('',*,*,#3852,.F.);
#3071=ORIENTED_EDGE('',*,*,#4144,.F.);
#3072=ORIENTED_EDGE('',*,*,#4145,.F.);
#3073=ORIENTED_EDGE('',*,*,#3872,.F.);
#3074=ORIENTED_EDGE('',*,*,#4146,.T.);
#3075=ORIENTED_EDGE('',*,*,#4147,.F.);
#3076=ORIENTED_EDGE('',*,*,#4148,.F.);
#3077=ORIENTED_EDGE('',*,*,#3882,.F.);
#3078=ORIENTED_EDGE('',*,*,#3879,.T.);
#3079=ORIENTED_EDGE('',*,*,#3876,.F.);
#3080=ORIENTED_EDGE('',*,*,#4145,.T.);
#3081=ORIENTED_EDGE('',*,*,#3902,.F.);
#3082=ORIENTED_EDGE('',*,*,#3883,.T.);
#3083=ORIENTED_EDGE('',*,*,#3880,.T.);
#3084=ORIENTED_EDGE('',*,*,#4148,.T.);
#3085=ORIENTED_EDGE('',*,*,#3934,.F.);
#3086=ORIENTED_EDGE('',*,*,#4149,.F.);
#3087=ORIENTED_EDGE('',*,*,#3886,.T.);
#3088=ORIENTED_EDGE('',*,*,#3884,.T.);
#3089=ORIENTED_EDGE('',*,*,#4150,.F.);
#3090=ORIENTED_EDGE('',*,*,#4151,.F.);
#3091=ORIENTED_EDGE('',*,*,#3891,.T.);
#3092=ORIENTED_EDGE('',*,*,#3889,.T.);
#3093=ORIENTED_EDGE('',*,*,#3887,.F.);
#3094=ORIENTED_EDGE('',*,*,#4149,.T.);
#3095=ORIENTED_EDGE('',*,*,#4152,.F.);
#3096=ORIENTED_EDGE('',*,*,#3897,.F.);
#3097=ORIENTED_EDGE('',*,*,#3895,.T.);
#3098=ORIENTED_EDGE('',*,*,#4153,.T.);
#3099=ORIENTED_EDGE('',*,*,#3926,.T.);
#3100=ORIENTED_EDGE('',*,*,#3923,.T.);
#3101=ORIENTED_EDGE('',*,*,#3900,.T.);
#3102=ORIENTED_EDGE('',*,*,#3898,.T.);
#3103=ORIENTED_EDGE('',*,*,#4152,.T.);
#3104=ORIENTED_EDGE('',*,*,#4154,.T.);
#3105=ORIENTED_EDGE('',*,*,#4147,.T.);
#3106=ORIENTED_EDGE('',*,*,#4155,.T.);
#3107=ORIENTED_EDGE('',*,*,#4156,.F.);
#3108=ORIENTED_EDGE('',*,*,#3903,.F.);
#3109=ORIENTED_EDGE('',*,*,#3909,.T.);
#3110=ORIENTED_EDGE('',*,*,#3906,.T.);
#3111=ORIENTED_EDGE('',*,*,#3904,.T.);
#3112=ORIENTED_EDGE('',*,*,#4156,.T.);
#3113=ORIENTED_EDGE('',*,*,#4157,.T.);
#3114=ORIENTED_EDGE('',*,*,#4158,.T.);
#3115=ORIENTED_EDGE('',*,*,#3908,.F.);
#3116=ORIENTED_EDGE('',*,*,#4159,.F.);
#3117=ORIENTED_EDGE('',*,*,#4126,.T.);
#3118=ORIENTED_EDGE('',*,*,#3913,.T.);
#3119=ORIENTED_EDGE('',*,*,#4160,.T.);
#3120=ORIENTED_EDGE('',*,*,#3910,.T.);
#3121=ORIENTED_EDGE('',*,*,#4158,.F.);
#3122=ORIENTED_EDGE('',*,*,#4161,.F.);
#3123=ORIENTED_EDGE('',*,*,#3915,.F.);
#3124=ORIENTED_EDGE('',*,*,#3912,.T.);
#3125=ORIENTED_EDGE('',*,*,#4124,.T.);
#3126=ORIENTED_EDGE('',*,*,#4118,.T.);
#3127=ORIENTED_EDGE('',*,*,#4117,.T.);
#3128=ORIENTED_EDGE('',*,*,#4116,.T.);
#3129=ORIENTED_EDGE('',*,*,#4162,.F.);
#3130=ORIENTED_EDGE('',*,*,#3916,.F.);
#3131=ORIENTED_EDGE('',*,*,#3921,.T.);
#3132=ORIENTED_EDGE('',*,*,#3919,.T.);
#3133=ORIENTED_EDGE('',*,*,#3917,.T.);
#3134=ORIENTED_EDGE('',*,*,#4162,.T.);
#3135=ORIENTED_EDGE('',*,*,#4115,.T.);
#3136=ORIENTED_EDGE('',*,*,#4113,.T.);
#3137=ORIENTED_EDGE('',*,*,#4142,.T.);
#3138=ORIENTED_EDGE('',*,*,#3927,.T.);
#3139=ORIENTED_EDGE('',*,*,#4154,.F.);
#3140=ORIENTED_EDGE('',*,*,#4153,.F.);
#3141=ORIENTED_EDGE('',*,*,#4138,.T.);
#3142=ORIENTED_EDGE('',*,*,#4163,.T.);
#3143=ORIENTED_EDGE('',*,*,#4164,.F.);
#3144=ORIENTED_EDGE('',*,*,#3929,.F.);
#3145=ORIENTED_EDGE('',*,*,#3935,.T.);
#3146=ORIENTED_EDGE('',*,*,#3932,.T.);
#3147=ORIENTED_EDGE('',*,*,#3930,.T.);
#3148=ORIENTED_EDGE('',*,*,#4164,.T.);
#3149=ORIENTED_EDGE('',*,*,#4165,.T.);
#3150=ORIENTED_EDGE('',*,*,#4166,.T.);
#3151=ORIENTED_EDGE('',*,*,#4150,.T.);
#3152=ORIENTED_EDGE('',*,*,#3936,.T.);
#3153=ORIENTED_EDGE('',*,*,#4166,.F.);
#3154=ORIENTED_EDGE('',*,*,#4167,.F.);
#3155=ORIENTED_EDGE('',*,*,#3943,.T.);
#3156=ORIENTED_EDGE('',*,*,#3939,.T.);
#3157=ORIENTED_EDGE('',*,*,#3951,.T.);
#3158=ORIENTED_EDGE('',*,*,#3947,.T.);
#3159=ORIENTED_EDGE('',*,*,#3959,.T.);
#3160=ORIENTED_EDGE('',*,*,#3955,.T.);
#3161=ORIENTED_EDGE('',*,*,#3967,.T.);
#3162=ORIENTED_EDGE('',*,*,#3963,.T.);
#3163=ORIENTED_EDGE('',*,*,#3975,.T.);
#3164=ORIENTED_EDGE('',*,*,#3971,.T.);
#3165=ORIENTED_EDGE('',*,*,#3983,.T.);
#3166=ORIENTED_EDGE('',*,*,#3979,.T.);
#3167=ORIENTED_EDGE('',*,*,#3991,.T.);
#3168=ORIENTED_EDGE('',*,*,#3987,.T.);
#3169=ORIENTED_EDGE('',*,*,#3999,.T.);
#3170=ORIENTED_EDGE('',*,*,#3995,.T.);
#3171=ORIENTED_EDGE('',*,*,#4007,.T.);
#3172=ORIENTED_EDGE('',*,*,#4003,.T.);
#3173=ORIENTED_EDGE('',*,*,#4015,.T.);
#3174=ORIENTED_EDGE('',*,*,#4011,.T.);
#3175=ORIENTED_EDGE('',*,*,#4023,.T.);
#3176=ORIENTED_EDGE('',*,*,#4019,.T.);
#3177=ORIENTED_EDGE('',*,*,#4031,.T.);
#3178=ORIENTED_EDGE('',*,*,#4027,.T.);
#3179=ORIENTED_EDGE('',*,*,#4039,.T.);
#3180=ORIENTED_EDGE('',*,*,#4035,.T.);
#3181=ORIENTED_EDGE('',*,*,#4047,.T.);
#3182=ORIENTED_EDGE('',*,*,#4043,.T.);
#3183=ORIENTED_EDGE('',*,*,#4055,.T.);
#3184=ORIENTED_EDGE('',*,*,#4051,.T.);
#3185=ORIENTED_EDGE('',*,*,#4063,.T.);
#3186=ORIENTED_EDGE('',*,*,#4059,.T.);
#3187=ORIENTED_EDGE('',*,*,#4071,.T.);
#3188=ORIENTED_EDGE('',*,*,#4067,.T.);
#3189=ORIENTED_EDGE('',*,*,#4079,.T.);
#3190=ORIENTED_EDGE('',*,*,#4075,.T.);
#3191=ORIENTED_EDGE('',*,*,#4087,.T.);
#3192=ORIENTED_EDGE('',*,*,#4083,.T.);
#3193=ORIENTED_EDGE('',*,*,#4095,.T.);
#3194=ORIENTED_EDGE('',*,*,#4091,.T.);
#3195=ORIENTED_EDGE('',*,*,#4103,.T.);
#3196=ORIENTED_EDGE('',*,*,#4099,.T.);
#3197=ORIENTED_EDGE('',*,*,#4111,.T.);
#3198=ORIENTED_EDGE('',*,*,#4107,.T.);
#3199=ORIENTED_EDGE('',*,*,#4136,.F.);
#3200=ORIENTED_EDGE('',*,*,#4123,.T.);
#3201=ORIENTED_EDGE('',*,*,#4121,.F.);
#3202=ORIENTED_EDGE('',*,*,#4160,.F.);
#3203=ORIENTED_EDGE('',*,*,#4146,.F.);
#3204=ORIENTED_EDGE('',*,*,#4134,.F.);
#3205=ORIENTED_EDGE('',*,*,#4131,.T.);
#3206=ORIENTED_EDGE('',*,*,#4168,.T.);
#3207=ORIENTED_EDGE('',*,*,#4129,.T.);
#3208=ORIENTED_EDGE('',*,*,#4127,.F.);
#3209=ORIENTED_EDGE('',*,*,#4159,.T.);
#3210=ORIENTED_EDGE('',*,*,#4130,.F.);
#3211=ORIENTED_EDGE('',*,*,#4168,.F.);
#3212=ORIENTED_EDGE('',*,*,#4133,.F.);
#3213=ORIENTED_EDGE('',*,*,#4169,.F.);
#3214=ORIENTED_EDGE('',*,*,#4140,.F.);
#3215=ORIENTED_EDGE('',*,*,#4137,.T.);
#3216=ORIENTED_EDGE('',*,*,#4151,.T.);
#3217=ORIENTED_EDGE('',*,*,#4157,.F.);
#3218=ORIENTED_EDGE('',*,*,#4155,.F.);
#3219=ORIENTED_EDGE('',*,*,#4144,.T.);
#3220=ORIENTED_EDGE('',*,*,#4161,.T.);
#3221=ORIENTED_EDGE('',*,*,#4165,.F.);
#3222=ORIENTED_EDGE('',*,*,#4163,.F.);
#3223=ORIENTED_EDGE('',*,*,#4169,.T.);
#3224=ORIENTED_EDGE('',*,*,#4167,.T.);
#3225=ORIENTED_EDGE('',*,*,#3567,.F.);
#3226=ORIENTED_EDGE('',*,*,#3559,.T.);
#3227=ORIENTED_EDGE('',*,*,#3680,.T.);
#3228=ORIENTED_EDGE('',*,*,#3591,.T.);
#3229=ORIENTED_EDGE('',*,*,#3637,.F.);
#3230=ORIENTED_EDGE('',*,*,#3552,.T.);
#3231=ORIENTED_EDGE('',*,*,#3577,.T.);
#3232=ORIENTED_EDGE('',*,*,#3590,.T.);
#3233=ORIENTED_EDGE('',*,*,#3686,.F.);
#3234=ORIENTED_EDGE('',*,*,#3864,.T.);
#3235=ORIENTED_EDGE('',*,*,#3693,.T.);
#3236=ORIENTED_EDGE('',*,*,#3597,.T.);
#3237=ORIENTED_EDGE('',*,*,#3723,.F.);
#3238=ORIENTED_EDGE('',*,*,#3829,.T.);
#3239=ORIENTED_EDGE('',*,*,#3730,.T.);
#3240=ORIENTED_EDGE('',*,*,#3584,.T.);
#3241=ORIENTED_EDGE('',*,*,#3554,.F.);
#3242=ORIENTED_EDGE('',*,*,#3636,.T.);
#3243=ORIENTED_EDGE('',*,*,#3641,.T.);
#3244=ORIENTED_EDGE('',*,*,#3654,.T.);
#3245=ORIENTED_EDGE('',*,*,#3550,.F.);
#3246=ORIENTED_EDGE('',*,*,#3527,.T.);
#3247=ORIENTED_EDGE('',*,*,#3583,.T.);
#3248=ORIENTED_EDGE('',*,*,#3578,.T.);
#3249=ORIENTED_EDGE('',*,*,#3561,.F.);
#3250=ORIENTED_EDGE('',*,*,#3566,.T.);
#3251=ORIENTED_EDGE('',*,*,#3581,.T.);
#3252=ORIENTED_EDGE('',*,*,#3544,.T.);
#3253=ORIENTED_EDGE('',*,*,#3557,.F.);
#3254=ORIENTED_EDGE('',*,*,#3667,.T.);
#3255=ORIENTED_EDGE('',*,*,#3677,.T.);
#3256=ORIENTED_EDGE('',*,*,#3681,.T.);
#3257=ORIENTED_EDGE('',*,*,#3570,.F.);
#3258=ORIENTED_EDGE('',*,*,#3546,.T.);
#3259=ORIENTED_EDGE('',*,*,#3580,.T.);
#3260=ORIENTED_EDGE('',*,*,#3564,.T.);
#3261=ORIENTED_EDGE('',*,*,#3572,.F.);
#3262=ORIENTED_EDGE('',*,*,#3575,.T.);
#3263=ORIENTED_EDGE('',*,*,#3582,.T.);
#3264=ORIENTED_EDGE('',*,*,#3525,.T.);
#3265=ORIENTED_EDGE('',*,*,#3733,.F.);
#3266=ORIENTED_EDGE('',*,*,#3655,.T.);
#3267=ORIENTED_EDGE('',*,*,#3639,.T.);
#3268=ORIENTED_EDGE('',*,*,#3634,.T.);
#3269=ORIENTED_EDGE('',*,*,#3734,.F.);
#3270=ORIENTED_EDGE('',*,*,#3678,.T.);
#3271=ORIENTED_EDGE('',*,*,#3675,.T.);
#3272=ORIENTED_EDGE('',*,*,#3665,.T.);
#3273=ORIENTED_EDGE('',*,*,#3682,.F.);
#3274=ORIENTED_EDGE('',*,*,#3662,.T.);
#3275=ORIENTED_EDGE('',*,*,#3867,.T.);
#3276=ORIENTED_EDGE('',*,*,#3687,.T.);
#3277=ORIENTED_EDGE('',*,*,#3695,.F.);
#3278=ORIENTED_EDGE('',*,*,#3691,.T.);
#3279=ORIENTED_EDGE('',*,*,#3869,.T.);
#3280=ORIENTED_EDGE('',*,*,#3717,.T.);
#3281=ORIENTED_EDGE('',*,*,#3719,.F.);
#3282=ORIENTED_EDGE('',*,*,#3715,.T.);
#3283=ORIENTED_EDGE('',*,*,#3894,.T.);
#3284=ORIENTED_EDGE('',*,*,#3724,.T.);
#3285=ORIENTED_EDGE('',*,*,#3732,.F.);
#3286=ORIENTED_EDGE('',*,*,#3728,.T.);
#3287=ORIENTED_EDGE('',*,*,#3825,.T.);
#3288=ORIENTED_EDGE('',*,*,#3658,.T.);
#3289=ORIENTED_EDGE('',*,*,#3828,.F.);
#3290=ORIENTED_EDGE('',*,*,#3642,.T.);
#3291=ORIENTED_EDGE('',*,*,#3824,.T.);
#3292=ORIENTED_EDGE('',*,*,#3726,.T.);
#3293=ORIENTED_EDGE('',*,*,#3826,.F.);
#3294=ORIENTED_EDGE('',*,*,#3721,.T.);
#3295=ORIENTED_EDGE('',*,*,#3893,.T.);
#3296=ORIENTED_EDGE('',*,*,#3713,.T.);
#3297=ORIENTED_EDGE('',*,*,#3865,.F.);
#3298=ORIENTED_EDGE('',*,*,#3684,.T.);
#3299=ORIENTED_EDGE('',*,*,#3866,.T.);
#3300=ORIENTED_EDGE('',*,*,#3660,.T.);
#3301=ORIENTED_EDGE('',*,*,#3863,.F.);
#3302=ORIENTED_EDGE('',*,*,#3697,.T.);
#3303=ORIENTED_EDGE('',*,*,#3868,.T.);
#3304=ORIENTED_EDGE('',*,*,#3689,.T.);
#3305=ORIENTED_EDGE('',*,*,#4170,.F.);
#3306=ORIENTED_EDGE('',*,*,#3759,.F.);
#3307=ORIENTED_EDGE('',*,*,#4171,.F.);
#3308=ORIENTED_EDGE('',*,*,#3952,.T.);
#3309=ORIENTED_EDGE('',*,*,#3937,.T.);
#3310=ORIENTED_EDGE('',*,*,#3942,.T.);
#3311=ORIENTED_EDGE('',*,*,#4172,.F.);
#3312=ORIENTED_EDGE('',*,*,#3945,.T.);
#3313=ORIENTED_EDGE('',*,*,#3946,.T.);
#3314=ORIENTED_EDGE('',*,*,#3950,.T.);
#3315=ORIENTED_EDGE('',*,*,#4173,.F.);
#3316=ORIENTED_EDGE('',*,*,#3757,.F.);
#3317=ORIENTED_EDGE('',*,*,#4174,.F.);
#3318=ORIENTED_EDGE('',*,*,#3763,.F.);
#3319=ORIENTED_EDGE('',*,*,#4175,.F.);
#3320=ORIENTED_EDGE('',*,*,#3968,.T.);
#3321=ORIENTED_EDGE('',*,*,#3953,.T.);
#3322=ORIENTED_EDGE('',*,*,#3958,.T.);
#3323=ORIENTED_EDGE('',*,*,#4176,.F.);
#3324=ORIENTED_EDGE('',*,*,#3961,.T.);
#3325=ORIENTED_EDGE('',*,*,#3962,.T.);
#3326=ORIENTED_EDGE('',*,*,#3966,.T.);
#3327=ORIENTED_EDGE('',*,*,#4177,.F.);
#3328=ORIENTED_EDGE('',*,*,#3761,.F.);
#3329=ORIENTED_EDGE('',*,*,#4178,.F.);
#3330=ORIENTED_EDGE('',*,*,#3767,.F.);
#3331=ORIENTED_EDGE('',*,*,#4179,.F.);
#3332=ORIENTED_EDGE('',*,*,#3984,.T.);
#3333=ORIENTED_EDGE('',*,*,#3969,.T.);
#3334=ORIENTED_EDGE('',*,*,#3974,.T.);
#3335=ORIENTED_EDGE('',*,*,#4180,.F.);
#3336=ORIENTED_EDGE('',*,*,#3977,.T.);
#3337=ORIENTED_EDGE('',*,*,#3978,.T.);
#3338=ORIENTED_EDGE('',*,*,#3982,.T.);
#3339=ORIENTED_EDGE('',*,*,#4181,.F.);
#3340=ORIENTED_EDGE('',*,*,#3765,.F.);
#3341=ORIENTED_EDGE('',*,*,#4182,.F.);
#3342=ORIENTED_EDGE('',*,*,#3771,.F.);
#3343=ORIENTED_EDGE('',*,*,#4183,.F.);
#3344=ORIENTED_EDGE('',*,*,#4000,.T.);
#3345=ORIENTED_EDGE('',*,*,#3985,.T.);
#3346=ORIENTED_EDGE('',*,*,#3990,.T.);
#3347=ORIENTED_EDGE('',*,*,#4184,.F.);
#3348=ORIENTED_EDGE('',*,*,#3993,.T.);
#3349=ORIENTED_EDGE('',*,*,#3994,.T.);
#3350=ORIENTED_EDGE('',*,*,#3998,.T.);
#3351=ORIENTED_EDGE('',*,*,#4185,.F.);
#3352=ORIENTED_EDGE('',*,*,#3769,.F.);
#3353=ORIENTED_EDGE('',*,*,#4186,.F.);
#3354=ORIENTED_EDGE('',*,*,#3775,.F.);
#3355=ORIENTED_EDGE('',*,*,#4187,.F.);
#3356=ORIENTED_EDGE('',*,*,#4016,.T.);
#3357=ORIENTED_EDGE('',*,*,#4001,.T.);
#3358=ORIENTED_EDGE('',*,*,#4006,.T.);
#3359=ORIENTED_EDGE('',*,*,#4188,.F.);
#3360=ORIENTED_EDGE('',*,*,#4009,.T.);
#3361=ORIENTED_EDGE('',*,*,#4010,.T.);
#3362=ORIENTED_EDGE('',*,*,#4014,.T.);
#3363=ORIENTED_EDGE('',*,*,#4189,.F.);
#3364=ORIENTED_EDGE('',*,*,#3773,.F.);
#3365=ORIENTED_EDGE('',*,*,#4190,.F.);
#3366=ORIENTED_EDGE('',*,*,#3779,.F.);
#3367=ORIENTED_EDGE('',*,*,#4191,.F.);
#3368=ORIENTED_EDGE('',*,*,#4032,.T.);
#3369=ORIENTED_EDGE('',*,*,#4017,.T.);
#3370=ORIENTED_EDGE('',*,*,#4022,.T.);
#3371=ORIENTED_EDGE('',*,*,#4192,.F.);
#3372=ORIENTED_EDGE('',*,*,#4025,.T.);
#3373=ORIENTED_EDGE('',*,*,#4026,.T.);
#3374=ORIENTED_EDGE('',*,*,#4030,.T.);
#3375=ORIENTED_EDGE('',*,*,#4193,.F.);
#3376=ORIENTED_EDGE('',*,*,#3777,.F.);
#3377=ORIENTED_EDGE('',*,*,#4194,.F.);
#3378=ORIENTED_EDGE('',*,*,#3783,.F.);
#3379=ORIENTED_EDGE('',*,*,#4195,.F.);
#3380=ORIENTED_EDGE('',*,*,#4048,.T.);
#3381=ORIENTED_EDGE('',*,*,#4033,.T.);
#3382=ORIENTED_EDGE('',*,*,#4038,.T.);
#3383=ORIENTED_EDGE('',*,*,#4196,.F.);
#3384=ORIENTED_EDGE('',*,*,#4041,.T.);
#3385=ORIENTED_EDGE('',*,*,#4042,.T.);
#3386=ORIENTED_EDGE('',*,*,#4046,.T.);
#3387=ORIENTED_EDGE('',*,*,#4197,.F.);
#3388=ORIENTED_EDGE('',*,*,#3781,.F.);
#3389=ORIENTED_EDGE('',*,*,#4198,.F.);
#3390=ORIENTED_EDGE('',*,*,#3787,.F.);
#3391=ORIENTED_EDGE('',*,*,#4199,.F.);
#3392=ORIENTED_EDGE('',*,*,#4064,.T.);
#3393=ORIENTED_EDGE('',*,*,#4049,.T.);
#3394=ORIENTED_EDGE('',*,*,#4054,.T.);
#3395=ORIENTED_EDGE('',*,*,#4200,.F.);
#3396=ORIENTED_EDGE('',*,*,#4057,.T.);
#3397=ORIENTED_EDGE('',*,*,#4058,.T.);
#3398=ORIENTED_EDGE('',*,*,#4062,.T.);
#3399=ORIENTED_EDGE('',*,*,#4201,.F.);
#3400=ORIENTED_EDGE('',*,*,#3785,.F.);
#3401=ORIENTED_EDGE('',*,*,#4202,.F.);
#3402=ORIENTED_EDGE('',*,*,#3791,.F.);
#3403=ORIENTED_EDGE('',*,*,#4203,.F.);
#3404=ORIENTED_EDGE('',*,*,#4080,.T.);
#3405=ORIENTED_EDGE('',*,*,#4065,.T.);
#3406=ORIENTED_EDGE('',*,*,#4070,.T.);
#3407=ORIENTED_EDGE('',*,*,#4204,.F.);
#3408=ORIENTED_EDGE('',*,*,#4073,.T.);
#3409=ORIENTED_EDGE('',*,*,#4074,.T.);
#3410=ORIENTED_EDGE('',*,*,#4078,.T.);
#3411=ORIENTED_EDGE('',*,*,#4205,.F.);
#3412=ORIENTED_EDGE('',*,*,#3789,.F.);
#3413=ORIENTED_EDGE('',*,*,#4206,.F.);
#3414=ORIENTED_EDGE('',*,*,#3795,.F.);
#3415=ORIENTED_EDGE('',*,*,#4207,.F.);
#3416=ORIENTED_EDGE('',*,*,#4096,.T.);
#3417=ORIENTED_EDGE('',*,*,#4081,.T.);
#3418=ORIENTED_EDGE('',*,*,#4086,.T.);
#3419=ORIENTED_EDGE('',*,*,#4208,.F.);
#3420=ORIENTED_EDGE('',*,*,#4089,.T.);
#3421=ORIENTED_EDGE('',*,*,#4090,.T.);
#3422=ORIENTED_EDGE('',*,*,#4094,.T.);
#3423=ORIENTED_EDGE('',*,*,#4209,.F.);
#3424=ORIENTED_EDGE('',*,*,#3793,.F.);
#3425=ORIENTED_EDGE('',*,*,#4210,.F.);
#3426=ORIENTED_EDGE('',*,*,#3799,.F.);
#3427=ORIENTED_EDGE('',*,*,#4211,.F.);
#3428=ORIENTED_EDGE('',*,*,#4112,.T.);
#3429=ORIENTED_EDGE('',*,*,#4097,.T.);
#3430=ORIENTED_EDGE('',*,*,#4102,.T.);
#3431=ORIENTED_EDGE('',*,*,#4212,.F.);
#3432=ORIENTED_EDGE('',*,*,#4105,.T.);
#3433=ORIENTED_EDGE('',*,*,#4106,.T.);
#3434=ORIENTED_EDGE('',*,*,#4110,.T.);
#3435=ORIENTED_EDGE('',*,*,#4213,.F.);
#3436=ORIENTED_EDGE('',*,*,#3797,.F.);
#3437=ORIENTED_EDGE('',*,*,#3798,.F.);
#3438=ORIENTED_EDGE('',*,*,#4213,.T.);
#3439=ORIENTED_EDGE('',*,*,#4109,.T.);
#3440=ORIENTED_EDGE('',*,*,#4211,.T.);
#3441=ORIENTED_EDGE('',*,*,#3796,.F.);
#3442=ORIENTED_EDGE('',*,*,#4210,.T.);
#3443=ORIENTED_EDGE('',*,*,#4101,.T.);
#3444=ORIENTED_EDGE('',*,*,#4212,.T.);
#3445=ORIENTED_EDGE('',*,*,#3794,.F.);
#3446=ORIENTED_EDGE('',*,*,#4209,.T.);
#3447=ORIENTED_EDGE('',*,*,#4093,.T.);
#3448=ORIENTED_EDGE('',*,*,#4207,.T.);
#3449=ORIENTED_EDGE('',*,*,#3792,.F.);
#3450=ORIENTED_EDGE('',*,*,#4206,.T.);
#3451=ORIENTED_EDGE('',*,*,#4085,.T.);
#3452=ORIENTED_EDGE('',*,*,#4208,.T.);
#3453=ORIENTED_EDGE('',*,*,#3790,.F.);
#3454=ORIENTED_EDGE('',*,*,#4205,.T.);
#3455=ORIENTED_EDGE('',*,*,#4077,.T.);
#3456=ORIENTED_EDGE('',*,*,#4203,.T.);
#3457=ORIENTED_EDGE('',*,*,#3788,.F.);
#3458=ORIENTED_EDGE('',*,*,#4202,.T.);
#3459=ORIENTED_EDGE('',*,*,#4069,.T.);
#3460=ORIENTED_EDGE('',*,*,#4204,.T.);
#3461=ORIENTED_EDGE('',*,*,#3786,.F.);
#3462=ORIENTED_EDGE('',*,*,#4201,.T.);
#3463=ORIENTED_EDGE('',*,*,#4061,.T.);
#3464=ORIENTED_EDGE('',*,*,#4199,.T.);
#3465=ORIENTED_EDGE('',*,*,#3784,.F.);
#3466=ORIENTED_EDGE('',*,*,#4198,.T.);
#3467=ORIENTED_EDGE('',*,*,#4053,.T.);
#3468=ORIENTED_EDGE('',*,*,#4200,.T.);
#3469=ORIENTED_EDGE('',*,*,#3782,.F.);
#3470=ORIENTED_EDGE('',*,*,#4197,.T.);
#3471=ORIENTED_EDGE('',*,*,#4045,.T.);
#3472=ORIENTED_EDGE('',*,*,#4195,.T.);
#3473=ORIENTED_EDGE('',*,*,#3780,.F.);
#3474=ORIENTED_EDGE('',*,*,#4194,.T.);
#3475=ORIENTED_EDGE('',*,*,#4037,.T.);
#3476=ORIENTED_EDGE('',*,*,#4196,.T.);
#3477=ORIENTED_EDGE('',*,*,#3778,.F.);
#3478=ORIENTED_EDGE('',*,*,#4193,.T.);
#3479=ORIENTED_EDGE('',*,*,#4029,.T.);
#3480=ORIENTED_EDGE('',*,*,#4191,.T.);
#3481=ORIENTED_EDGE('',*,*,#3776,.F.);
#3482=ORIENTED_EDGE('',*,*,#4190,.T.);
#3483=ORIENTED_EDGE('',*,*,#4021,.T.);
#3484=ORIENTED_EDGE('',*,*,#4192,.T.);
#3485=ORIENTED_EDGE('',*,*,#3774,.F.);
#3486=ORIENTED_EDGE('',*,*,#4189,.T.);
#3487=ORIENTED_EDGE('',*,*,#4013,.T.);
#3488=ORIENTED_EDGE('',*,*,#4187,.T.);
#3489=ORIENTED_EDGE('',*,*,#3772,.F.);
#3490=ORIENTED_EDGE('',*,*,#4186,.T.);
#3491=ORIENTED_EDGE('',*,*,#4005,.T.);
#3492=ORIENTED_EDGE('',*,*,#4188,.T.);
#3493=ORIENTED_EDGE('',*,*,#3770,.F.);
#3494=ORIENTED_EDGE('',*,*,#4185,.T.);
#3495=ORIENTED_EDGE('',*,*,#3997,.T.);
#3496=ORIENTED_EDGE('',*,*,#4183,.T.);
#3497=ORIENTED_EDGE('',*,*,#3768,.F.);
#3498=ORIENTED_EDGE('',*,*,#4182,.T.);
#3499=ORIENTED_EDGE('',*,*,#3989,.T.);
#3500=ORIENTED_EDGE('',*,*,#4184,.T.);
#3501=ORIENTED_EDGE('',*,*,#3766,.F.);
#3502=ORIENTED_EDGE('',*,*,#4181,.T.);
#3503=ORIENTED_EDGE('',*,*,#3981,.T.);
#3504=ORIENTED_EDGE('',*,*,#4179,.T.);
#3505=ORIENTED_EDGE('',*,*,#3764,.F.);
#3506=ORIENTED_EDGE('',*,*,#4178,.T.);
#3507=ORIENTED_EDGE('',*,*,#3973,.T.);
#3508=ORIENTED_EDGE('',*,*,#4180,.T.);
#3509=ORIENTED_EDGE('',*,*,#3762,.F.);
#3510=ORIENTED_EDGE('',*,*,#4177,.T.);
#3511=ORIENTED_EDGE('',*,*,#3965,.T.);
#3512=ORIENTED_EDGE('',*,*,#4175,.T.);
#3513=ORIENTED_EDGE('',*,*,#3760,.F.);
#3514=ORIENTED_EDGE('',*,*,#4174,.T.);
#3515=ORIENTED_EDGE('',*,*,#3957,.T.);
#3516=ORIENTED_EDGE('',*,*,#4176,.T.);
#3517=ORIENTED_EDGE('',*,*,#3758,.F.);
#3518=ORIENTED_EDGE('',*,*,#4173,.T.);
#3519=ORIENTED_EDGE('',*,*,#3949,.T.);
#3520=ORIENTED_EDGE('',*,*,#4171,.T.);
#3521=ORIENTED_EDGE('',*,*,#3756,.F.);
#3522=ORIENTED_EDGE('',*,*,#4170,.T.);
#3523=ORIENTED_EDGE('',*,*,#3941,.T.);
#3524=ORIENTED_EDGE('',*,*,#4172,.T.);
#3525=EDGE_CURVE('',#4214,#4215,#4216,.F.);
#3526=EDGE_CURVE('',#4217,#4214,#4218,.F.);
#3527=EDGE_CURVE('',#4219,#4217,#4220,.F.);
#3528=EDGE_CURVE('',#4221,#4219,#4222,.F.);
#3529=EDGE_CURVE('',#4221,#4223,#4224,.T.);
#3530=EDGE_CURVE('',#4225,#4223,#4226,.F.);
#3531=EDGE_CURVE('',#4227,#4225,#4228,.F.);
#3532=EDGE_CURVE('',#4229,#4227,#4230,.F.);
#3533=EDGE_CURVE('',#4231,#4229,#4232,.F.);
#3534=EDGE_CURVE('',#4233,#4231,#4234,.T.);
#3535=EDGE_CURVE('',#4235,#4233,#4236,.F.);
#3536=EDGE_CURVE('',#4237,#4235,#4238,.F.);
#3537=EDGE_CURVE('',#4239,#4237,#4240,.F.);
#3538=EDGE_CURVE('',#4241,#4239,#4242,.T.);
#3539=EDGE_CURVE('',#4243,#4241,#4244,.T.);
#3540=EDGE_CURVE('',#4243,#4245,#4246,.F.);
#3541=EDGE_CURVE('',#4247,#4245,#4248,.F.);
#3542=EDGE_CURVE('',#4249,#4247,#4250,.T.);
#3543=EDGE_CURVE('',#4251,#4249,#4252,.F.);
#3544=EDGE_CURVE('',#4253,#4251,#4254,.F.);
#3545=EDGE_CURVE('',#4255,#4253,#4256,.F.);
#3546=EDGE_CURVE('',#4257,#4255,#4258,.F.);
#3547=EDGE_CURVE('',#4259,#4257,#4260,.T.);
#3548=EDGE_CURVE('',#4261,#4259,#4262,.T.);
#3549=EDGE_CURVE('',#4215,#4261,#4263,.T.);
#3550=EDGE_CURVE('',#4219,#4264,#4265,.T.);
#3551=EDGE_CURVE('',#4266,#4264,#4267,.T.);
#3552=EDGE_CURVE('',#4268,#4266,#4269,.F.);
#3553=EDGE_CURVE('',#4270,#4268,#4271,.T.);
#3554=EDGE_CURVE('',#4270,#4272,#4273,.F.);
#3555=EDGE_CURVE('',#4272,#4274,#4275,.F.);
#3556=EDGE_CURVE('',#4274,#4221,#4276,.T.);
#3557=EDGE_CURVE('',#4277,#4278,#4279,.T.);
#3558=EDGE_CURVE('',#4280,#4278,#4281,.T.);
#3559=EDGE_CURVE('',#4282,#4280,#4283,.F.);
#3560=EDGE_CURVE('',#4284,#4282,#4285,.T.);
#3561=EDGE_CURVE('',#4284,#4251,#4286,.F.);
#3562=EDGE_CURVE('',#4249,#4287,#4288,.T.);
#3563=EDGE_CURVE('',#4287,#4277,#4289,.F.);
#3564=EDGE_CURVE('',#4290,#4291,#4292,.F.);
#3565=EDGE_CURVE('',#4290,#4293,#4294,.F.);
#3566=EDGE_CURVE('',#4284,#4293,#4295,.F.);
#3567=EDGE_CURVE('',#4282,#4296,#4297,.T.);
#3568=EDGE_CURVE('',#4298,#4296,#4299,.T.);
#3569=EDGE_CURVE('',#4291,#4298,#4300,.T.);
#3570=EDGE_CURVE('',#4257,#4291,#4301,.T.);
#3571=EDGE_CURVE('',#4259,#4298,#4302,.T.);
#3572=EDGE_CURVE('',#4303,#4215,#4304,.F.);
#3573=EDGE_CURVE('',#4305,#4261,#4306,.T.);
#3574=EDGE_CURVE('',#4303,#4305,#4307,.T.);
#3575=EDGE_CURVE('',#4303,#4308,#4309,.F.);
#3576=EDGE_CURVE('',#4310,#4305,#4311,.T.);
#3577=EDGE_CURVE('',#4266,#4310,#4312,.T.);
#3578=EDGE_CURVE('',#4313,#4264,#4314,.F.);
#3579=EDGE_CURVE('',#4313,#4308,#4315,.F.);
#3580=EDGE_CURVE('',#4255,#4290,#4316,.T.);
#3581=EDGE_CURVE('',#4293,#4253,#4317,.F.);
#3582=EDGE_CURVE('',#4308,#4214,#4318,.F.);
#3583=EDGE_CURVE('',#4217,#4313,#4319,.T.);
#3584=EDGE_CURVE('',#4320,#4321,#4322,.F.);
#3585=EDGE_CURVE('',#4320,#4323,#4324,.T.);
#3586=EDGE_CURVE('',#4323,#4325,#4326,.T.);
#3587=EDGE_CURVE('',#4325,#4327,#4328,.T.);
#3588=EDGE_CURVE('',#4327,#4329,#4330,.T.);
#3589=EDGE_CURVE('',#4329,#4331,#4332,.T.);
#3590=EDGE_CURVE('',#4310,#4331,#4333,.F.);
#3591=EDGE_CURVE('',#4334,#4296,#4335,.F.);
#3592=EDGE_CURVE('',#4334,#4336,#4337,.T.);
#3593=EDGE_CURVE('',#4336,#4338,#4339,.T.);
#3594=EDGE_CURVE('',#4338,#4340,#4341,.T.);
#3595=EDGE_CURVE('',#4340,#4342,#4343,.T.);
#3596=EDGE_CURVE('',#4342,#4344,#4345,.T.);
#3597=EDGE_CURVE('',#4346,#4344,#4347,.F.);
#3598=EDGE_CURVE('',#4346,#4348,#4349,.T.);
#3599=EDGE_CURVE('',#4348,#4350,#4351,.T.);
#3600=EDGE_CURVE('',#4350,#4352,#4353,.T.);
#3601=EDGE_CURVE('',#4352,#4354,#4355,.T.);
#3602=EDGE_CURVE('',#4354,#4321,#4356,.T.);
#3603=EDGE_CURVE('',#4274,#4357,#4358,.T.);
#3604=EDGE_CURVE('',#4223,#4357,#4359,.F.);
#3605=EDGE_CURVE('',#4360,#4225,#4361,.T.);
#3606=EDGE_CURVE('',#4223,#4362,#4363,.T.);
#3607=EDGE_CURVE('',#4360,#4362,#4364,.F.);
#3608=EDGE_CURVE('',#4227,#4360,#4365,.T.);
#3609=EDGE_CURVE('',#4229,#4366,#4367,.T.);
#3610=EDGE_CURVE('',#4366,#4360,#4368,.F.);
#3611=EDGE_CURVE('',#4369,#4370,#4371,.T.);
#3612=EDGE_CURVE('',#4369,#4231,#4372,.F.);
#3613=EDGE_CURVE('',#4366,#4370,#4373,.F.);
#3614=EDGE_CURVE('',#4233,#4374,#4375,.F.);
#3615=EDGE_CURVE('',#4376,#4369,#4377,.T.);
#3616=EDGE_CURVE('',#4378,#4376,#4379,.T.);
#3617=EDGE_CURVE('',#4374,#4378,#4380,.F.);
#3618=EDGE_CURVE('',#4381,#4374,#4382,.F.);
#3619=EDGE_CURVE('',#4381,#4383,#4384,.F.);
#3620=EDGE_CURVE('',#4383,#4235,#4385,.F.);
#3621=EDGE_CURVE('',#4386,#4383,#4387,.F.);
#3622=EDGE_CURVE('',#4237,#4386,#4388,.T.);
#3623=EDGE_CURVE('',#4239,#4386,#4389,.F.);
#3624=EDGE_CURVE('',#4386,#4390,#4391,.F.);
#3625=EDGE_CURVE('',#4241,#4390,#4392,.T.);
#3626=EDGE_CURVE('',#4390,#4393,#4394,.T.);
#3627=EDGE_CURVE('',#4395,#4393,#4396,.T.);
#3628=EDGE_CURVE('',#4395,#4243,#4397,.T.);
#3629=EDGE_CURVE('',#4395,#4398,#4399,.F.);
#3630=EDGE_CURVE('',#4245,#4398,#4400,.T.);
#3631=EDGE_CURVE('',#4401,#4398,#4402,.F.);
#3632=EDGE_CURVE('',#4247,#4401,#4403,.F.);
#3633=EDGE_CURVE('',#4287,#4401,#4404,.T.);
#3634=EDGE_CURVE('',#4405,#4406,#4407,.F.);
#3635=EDGE_CURVE('',#4405,#4408,#4409,.F.);
#3636=EDGE_CURVE('',#4270,#4408,#4410,.F.);
#3637=EDGE_CURVE('',#4268,#4331,#4411,.T.);
#3638=EDGE_CURVE('',#4406,#4329,#4412,.T.);
#3639=EDGE_CURVE('',#4413,#4405,#4414,.T.);
#3640=EDGE_CURVE('',#4413,#4415,#4416,.F.);
#3641=EDGE_CURVE('',#4408,#4415,#4417,.F.);
#3642=EDGE_CURVE('',#4418,#4419,#4420,.F.);
#3643=EDGE_CURVE('',#4421,#4418,#4422,.F.);
#3644=EDGE_CURVE('',#4421,#4423,#4424,.T.);
#3645=EDGE_CURVE('',#4425,#4423,#4426,.F.);
#3646=EDGE_CURVE('',#4427,#4425,#4428,.F.);
#3647=EDGE_CURVE('',#4429,#4427,#4430,.F.);
#3648=EDGE_CURVE('',#4431,#4429,#4432,.F.);
#3649=EDGE_CURVE('',#4433,#4431,#4434,.T.);
#3650=EDGE_CURVE('',#4435,#4433,#4436,.F.);
#3651=EDGE_CURVE('',#4437,#4435,#4438,.F.);
#3652=EDGE_CURVE('',#4439,#4437,#4440,.F.);
#3653=EDGE_CURVE('',#4357,#4439,#4441,.F.);
#3654=EDGE_CURVE('',#4415,#4272,#4442,.F.);
#3655=EDGE_CURVE('',#4443,#4413,#4444,.F.);
#3656=EDGE_CURVE('',#4327,#4443,#4445,.T.);
#3657=EDGE_CURVE('',#4446,#4325,#4447,.T.);
#3658=EDGE_CURVE('',#4448,#4446,#4449,.F.);
#3659=EDGE_CURVE('',#4419,#4448,#4450,.F.);
#3660=EDGE_CURVE('',#4451,#4452,#4453,.F.);
#3661=EDGE_CURVE('',#4454,#4451,#4455,.F.);
#3662=EDGE_CURVE('',#4456,#4454,#4457,.F.);
#3663=EDGE_CURVE('',#4340,#4456,#4458,.T.);
#3664=EDGE_CURVE('',#4459,#4338,#4460,.T.);
#3665=EDGE_CURVE('',#4461,#4459,#4462,.F.);
#3666=EDGE_CURVE('',#4463,#4461,#4464,.F.);
#3667=EDGE_CURVE('',#4277,#4463,#4465,.F.);
#3668=EDGE_CURVE('',#4401,#4466,#4467,.F.);
#3669=EDGE_CURVE('',#4466,#4468,#4469,.T.);
#3670=EDGE_CURVE('',#4468,#4470,#4471,.F.);
#3671=EDGE_CURVE('',#4470,#4472,#4473,.F.);
#3672=EDGE_CURVE('',#4472,#4474,#4475,.F.);
#3673=EDGE_CURVE('',#4476,#4474,#4477,.T.);
#3674=EDGE_CURVE('',#4452,#4476,#4478,.F.);
#3675=EDGE_CURVE('',#4479,#4461,#4480,.F.);
#3676=EDGE_CURVE('',#4481,#4479,#4482,.F.);
#3677=EDGE_CURVE('',#4463,#4481,#4483,.T.);
#3678=EDGE_CURVE('',#4484,#4479,#4485,.F.);
#3679=EDGE_CURVE('',#4484,#4336,#4486,.T.);
#3680=EDGE_CURVE('',#4280,#4334,#4487,.T.);
#3681=EDGE_CURVE('',#4481,#4278,#4488,.F.);
#3682=EDGE_CURVE('',#4456,#4489,#4490,.T.);
#3683=EDGE_CURVE('',#4489,#4342,#4491,.T.);
#3684=EDGE_CURVE('',#4492,#4493,#4494,.F.);
#3685=EDGE_CURVE('',#4492,#4495,#4496,.T.);
#3686=EDGE_CURVE('',#4495,#4344,#4497,.T.);
#3687=EDGE_CURVE('',#4498,#4489,#4499,.F.);
#3688=EDGE_CURVE('',#4498,#4493,#4500,.F.);
#3689=EDGE_CURVE('',#4501,#4502,#4503,.F.);
#3690=EDGE_CURVE('',#4501,#4504,#4505,.F.);
#3691=EDGE_CURVE('',#4506,#4504,#4507,.F.);
#3692=EDGE_CURVE('',#4506,#4348,#4508,.T.);
#3693=EDGE_CURVE('',#4509,#4346,#4510,.T.);
#3694=EDGE_CURVE('',#4509,#4502,#4511,.T.);
#3695=EDGE_CURVE('',#4506,#4512,#4513,.F.);
#3696=EDGE_CURVE('',#4512,#4350,#4514,.T.);
#3697=EDGE_CURVE('',#4515,#4516,#4517,.F.);
#3698=EDGE_CURVE('',#4518,#4515,#4519,.F.);
#3699=EDGE_CURVE('',#4518,#4520,#4521,.T.);
#3700=EDGE_CURVE('',#4522,#4520,#4523,.F.);
#3701=EDGE_CURVE('',#4522,#4524,#4525,.F.);
#3702=EDGE_CURVE('',#4526,#4524,#4527,.T.);
#3703=EDGE_CURVE('',#4528,#4526,#4529,.T.);
#3704=EDGE_CURVE('',#4530,#4528,#4531,.F.);
#3705=EDGE_CURVE('',#4532,#4530,#4533,.F.);
#3706=EDGE_CURVE('',#4534,#4532,#4535,.F.);
#3707=EDGE_CURVE('',#4536,#4534,#4537,.T.);
#3708=EDGE_CURVE('',#4538,#4536,#4539,.F.);
#3709=EDGE_CURVE('',#4540,#4538,#4541,.F.);
#3710=EDGE_CURVE('',#4542,#4540,#4543,.F.);
#3711=EDGE_CURVE('',#4544,#4542,#4545,.T.);
#3712=EDGE_CURVE('',#4546,#4544,#4547,.F.);
#3713=EDGE_CURVE('',#4548,#4546,#4549,.F.);
#3714=EDGE_CURVE('',#4550,#4548,#4551,.F.);
#3715=EDGE_CURVE('',#4552,#4550,#4553,.F.);
#3716=EDGE_CURVE('',#4352,#4552,#4554,.T.);
#3717=EDGE_CURVE('',#4555,#4512,#4556,.F.);
#3718=EDGE_CURVE('',#4516,#4555,#4557,.F.);
#3719=EDGE_CURVE('',#4552,#4558,#4559,.T.);
#3720=EDGE_CURVE('',#4558,#4354,#4560,.T.);
#3721=EDGE_CURVE('',#4561,#4562,#4563,.F.);
#3722=EDGE_CURVE('',#4561,#4564,#4565,.T.);
#3723=EDGE_CURVE('',#4564,#4321,#4566,.T.);
#3724=EDGE_CURVE('',#4567,#4558,#4568,.F.);
#3725=EDGE_CURVE('',#4567,#4562,#4569,.F.);
#3726=EDGE_CURVE('',#4570,#4571,#4572,.F.);
#3727=EDGE_CURVE('',#4570,#4573,#4574,.F.);
#3728=EDGE_CURVE('',#4575,#4573,#4576,.F.);
#3729=EDGE_CURVE('',#4575,#4323,#4577,.T.);
#3730=EDGE_CURVE('',#4578,#4320,#4579,.T.);
#3731=EDGE_CURVE('',#4578,#4571,#4580,.T.);
#3732=EDGE_CURVE('',#4575,#4446,#4581,.F.);
#3733=EDGE_CURVE('',#4443,#4406,#4582,.T.);
#3734=EDGE_CURVE('',#4484,#4459,#4583,.F.);
#3735=EDGE_CURVE('',#4357,#4584,#4585,.T.);
#3736=EDGE_CURVE('',#4362,#4584,#4586,.F.);
#3737=EDGE_CURVE('',#4587,#4588,#4589,.T.);
#3738=EDGE_CURVE('',#4370,#4587,#4590,.T.);
#3739=EDGE_CURVE('',#4362,#4588,#4591,.T.);
#3740=EDGE_CURVE('',#4376,#4587,#4592,.T.);
#3741=EDGE_CURVE('',#4593,#4594,#4595,.T.);
#3742=EDGE_CURVE('',#4596,#4593,#4597,.F.);
#3743=EDGE_CURVE('',#4598,#4596,#4599,.T.);
#3744=EDGE_CURVE('',#4598,#4600,#4601,.F.);
#3745=EDGE_CURVE('',#4602,#4600,#4603,.T.);
#3746=EDGE_CURVE('',#4604,#4602,#4605,.F.);
#3747=EDGE_CURVE('',#4378,#4604,#4606,.T.);
#3748=EDGE_CURVE('',#4607,#4376,#4608,.T.);
#3749=EDGE_CURVE('',#4609,#4607,#4610,.F.);
#3750=EDGE_CURVE('',#4611,#4609,#4612,.T.);
#3751=EDGE_CURVE('',#4611,#4613,#4614,.T.);
#3752=EDGE_CURVE('',#4615,#4613,#4616,.T.);
#3753=EDGE_CURVE('',#4617,#4615,#4618,.F.);
#3754=EDGE_CURVE('',#4619,#4617,#4620,.T.);
#3755=EDGE_CURVE('',#4619,#4594,#4621,.T.);
#3756=EDGE_CURVE('',#4622,#4623,#4624,.F.);
#3757=EDGE_CURVE('',#4623,#4625,#4626,.F.);
#3758=EDGE_CURVE('',#4625,#4627,#4628,.F.);
#3759=EDGE_CURVE('',#4627,#4622,#4629,.F.);
#3760=EDGE_CURVE('',#4630,#4631,#4632,.F.);
#3761=EDGE_CURVE('',#4631,#4633,#4634,.F.);
#3762=EDGE_CURVE('',#4633,#4635,#4636,.F.);
#3763=EDGE_CURVE('',#4635,#4630,#4637,.F.);
#3764=EDGE_CURVE('',#4638,#4639,#4640,.F.);
#3765=EDGE_CURVE('',#4639,#4641,#4642,.F.);
#3766=EDGE_CURVE('',#4641,#4643,#4644,.F.);
#3767=EDGE_CURVE('',#4643,#4638,#4645,.F.);
#3768=EDGE_CURVE('',#4646,#4647,#4648,.F.);
#3769=EDGE_CURVE('',#4647,#4649,#4650,.F.);
#3770=EDGE_CURVE('',#4649,#4651,#4652,.F.);
#3771=EDGE_CURVE('',#4651,#4646,#4653,.F.);
#3772=EDGE_CURVE('',#4654,#4655,#4656,.F.);
#3773=EDGE_CURVE('',#4655,#4657,#4658,.F.);
#3774=EDGE_CURVE('',#4657,#4659,#4660,.F.);
#3775=EDGE_CURVE('',#4659,#4654,#4661,.F.);
#3776=EDGE_CURVE('',#4662,#4663,#4664,.F.);
#3777=EDGE_CURVE('',#4663,#4665,#4666,.F.);
#3778=EDGE_CURVE('',#4665,#4667,#4668,.F.);
#3779=EDGE_CURVE('',#4667,#4662,#4669,.F.);
#3780=EDGE_CURVE('',#4670,#4671,#4672,.F.);
#3781=EDGE_CURVE('',#4671,#4673,#4674,.F.);
#3782=EDGE_CURVE('',#4673,#4675,#4676,.F.);
#3783=EDGE_CURVE('',#4675,#4670,#4677,.F.);
#3784=EDGE_CURVE('',#4678,#4679,#4680,.F.);
#3785=EDGE_CURVE('',#4679,#4681,#4682,.F.);
#3786=EDGE_CURVE('',#4681,#4683,#4684,.F.);
#3787=EDGE_CURVE('',#4683,#4678,#4685,.F.);
#3788=EDGE_CURVE('',#4686,#4687,#4688,.F.);
#3789=EDGE_CURVE('',#4687,#4689,#4690,.F.);
#3790=EDGE_CURVE('',#4689,#4691,#4692,.F.);
#3791=EDGE_CURVE('',#4691,#4686,#4693,.F.);
#3792=EDGE_CURVE('',#4694,#4695,#4696,.F.);
#3793=EDGE_CURVE('',#4695,#4697,#4698,.F.);
#3794=EDGE_CURVE('',#4697,#4699,#4700,.F.);
#3795=EDGE_CURVE('',#4699,#4694,#4701,.F.);
#3796=EDGE_CURVE('',#4702,#4703,#4704,.F.);
#3797=EDGE_CURVE('',#4703,#4705,#4706,.F.);
#3798=EDGE_CURVE('',#4705,#4707,#4708,.F.);
#3799=EDGE_CURVE('',#4707,#4702,#4709,.F.);
#3800=EDGE_CURVE('',#4710,#4378,#4711,.T.);
#3801=EDGE_CURVE('',#4381,#4710,#4712,.T.);
#3802=EDGE_CURVE('',#4713,#4710,#4714,.T.);
#3803=EDGE_CURVE('',#4390,#4713,#4715,.T.);
#3804=EDGE_CURVE('',#4716,#4713,#4717,.F.);
#3805=EDGE_CURVE('',#4393,#4716,#4718,.T.);
#3806=EDGE_CURVE('',#4719,#4720,#4721,.F.);
#3807=EDGE_CURVE('',#4720,#4395,#4722,.F.);
#3808=EDGE_CURVE('',#4393,#4719,#4723,.F.);
#3809=EDGE_CURVE('',#4724,#4725,#4726,.T.);
#3810=EDGE_CURVE('',#4727,#4724,#4728,.F.);
#3811=EDGE_CURVE('',#4729,#4727,#4730,.F.);
#3812=EDGE_CURVE('',#4731,#4729,#4732,.F.);
#3813=EDGE_CURVE('',#4731,#4733,#4734,.T.);
#3814=EDGE_CURVE('',#4735,#4733,#4736,.F.);
#3815=EDGE_CURVE('',#4737,#4735,#4738,.F.);
#3816=EDGE_CURVE('',#4739,#4737,#4740,.F.);
#3817=EDGE_CURVE('',#4739,#4741,#4742,.T.);
#3818=EDGE_CURVE('',#4741,#4743,#4744,.T.);
#3819=EDGE_CURVE('',#4743,#4745,#4746,.F.);
#3820=EDGE_CURVE('',#4398,#4745,#4747,.F.);
#3821=EDGE_CURVE('',#4720,#4748,#4749,.T.);
#3822=EDGE_CURVE('',#4725,#4748,#4750,.F.);
#3823=EDGE_CURVE('',#4745,#4466,#4751,.F.);
#3824=EDGE_CURVE('',#4419,#4570,#4752,.T.);
#3825=EDGE_CURVE('',#4573,#4448,#4753,.F.);
#3826=EDGE_CURVE('',#4561,#4546,#4754,.F.);
#3827=EDGE_CURVE('',#4544,#4421,#4755,.T.);
#3828=EDGE_CURVE('',#4418,#4571,#4756,.T.);
#3829=EDGE_CURVE('',#4564,#4578,#4757,.F.);
#3830=EDGE_CURVE('',#4423,#4542,#4758,.F.);
#3831=EDGE_CURVE('',#4759,#4425,#4760,.T.);
#3832=EDGE_CURVE('',#4423,#4761,#4762,.T.);
#3833=EDGE_CURVE('',#4759,#4761,#4763,.F.);
#3834=EDGE_CURVE('',#4427,#4759,#4764,.T.);
#3835=EDGE_CURVE('',#4429,#4765,#4766,.T.);
#3836=EDGE_CURVE('',#4765,#4759,#4767,.F.);
#3837=EDGE_CURVE('',#4768,#4769,#4770,.T.);
#3838=EDGE_CURVE('',#4768,#4431,#4771,.F.);
#3839=EDGE_CURVE('',#4765,#4769,#4772,.F.);
#3840=EDGE_CURVE('',#4433,#4773,#4774,.F.);
#3841=EDGE_CURVE('',#4613,#4768,#4775,.T.);
#3842=EDGE_CURVE('',#4773,#4611,#4776,.F.);
#3843=EDGE_CURVE('',#4777,#4773,#4778,.F.);
#3844=EDGE_CURVE('',#4777,#4779,#4780,.F.);
#3845=EDGE_CURVE('',#4779,#4435,#4781,.F.);
#3846=EDGE_CURVE('',#4782,#4779,#4783,.F.);
#3847=EDGE_CURVE('',#4437,#4782,#4784,.T.);
#3848=EDGE_CURVE('',#4439,#4782,#4785,.T.);
#3849=EDGE_CURVE('',#4584,#4782,#4786,.T.);
#3850=EDGE_CURVE('',#4743,#4787,#4788,.T.);
#3851=EDGE_CURVE('',#4787,#4789,#4790,.T.);
#3852=EDGE_CURVE('',#4789,#4791,#4792,.T.);
#3853=EDGE_CURVE('',#4791,#4468,#4793,.T.);
#3854=EDGE_CURVE('',#4791,#4794,#4795,.T.);
#3855=EDGE_CURVE('',#4794,#4470,#4796,.T.);
#3856=EDGE_CURVE('',#4472,#4739,#4797,.F.);
#3857=EDGE_CURVE('',#4798,#4794,#4799,.T.);
#3858=EDGE_CURVE('',#4800,#4798,#4801,.T.);
#3859=EDGE_CURVE('',#4741,#4800,#4802,.T.);
#3860=EDGE_CURVE('',#4737,#4474,#4803,.F.);
#3861=EDGE_CURVE('',#4476,#4518,#4804,.T.);
#3862=EDGE_CURVE('',#4520,#4474,#4805,.T.);
#3863=EDGE_CURVE('',#4515,#4502,#4806,.T.);
#3864=EDGE_CURVE('',#4495,#4509,#4807,.F.);
#3865=EDGE_CURVE('',#4492,#4452,#4808,.F.);
#3866=EDGE_CURVE('',#4493,#4451,#4809,.F.);
#3867=EDGE_CURVE('',#4454,#4498,#4810,.T.);
#3868=EDGE_CURVE('',#4516,#4501,#4811,.T.);
#3869=EDGE_CURVE('',#4504,#4555,#4812,.F.);
#3870=EDGE_CURVE('',#4522,#4737,#4813,.T.);
#3871=EDGE_CURVE('',#4524,#4735,#4814,.T.);
#3872=EDGE_CURVE('',#4815,#4816,#4817,.F.);
#3873=EDGE_CURVE('',#4816,#4526,#4818,.T.);
#3874=EDGE_CURVE('',#4815,#4735,#4819,.T.);
#3875=EDGE_CURVE('',#4820,#4528,#4821,.F.);
#3876=EDGE_CURVE('',#4816,#4820,#4822,.F.);
#3877=EDGE_CURVE('',#4530,#4820,#4823,.T.);
#3878=EDGE_CURVE('',#4532,#4824,#4825,.T.);
#3879=EDGE_CURVE('',#4824,#4820,#4826,.F.);
#3880=EDGE_CURVE('',#4827,#4828,#4829,.T.);
#3881=EDGE_CURVE('',#4827,#4534,#4830,.F.);
#3882=EDGE_CURVE('',#4824,#4828,#4831,.F.);
#3883=EDGE_CURVE('',#4594,#4827,#4832,.T.);
#3884=EDGE_CURVE('',#4833,#4619,#4834,.F.);
#3885=EDGE_CURVE('',#4536,#4833,#4835,.F.);
#3886=EDGE_CURVE('',#4836,#4833,#4837,.F.);
#3887=EDGE_CURVE('',#4836,#4838,#4839,.F.);
#3888=EDGE_CURVE('',#4838,#4538,#4840,.F.);
#3889=EDGE_CURVE('',#4841,#4838,#4842,.F.);
#3890=EDGE_CURVE('',#4540,#4841,#4843,.F.);
#3891=EDGE_CURVE('',#4844,#4841,#4845,.T.);
#3892=EDGE_CURVE('',#4542,#4844,#4846,.T.);
#3893=EDGE_CURVE('',#4562,#4548,#4847,.F.);
#3894=EDGE_CURVE('',#4550,#4567,#4848,.T.);
#3895=EDGE_CURVE('',#4588,#4849,#4850,.F.);
#3896=EDGE_CURVE('',#4584,#4849,#4851,.T.);
#3897=EDGE_CURVE('',#4588,#4852,#4853,.T.);
#3898=EDGE_CURVE('',#4854,#4852,#4855,.T.);
#3899=EDGE_CURVE('',#4587,#4854,#4856,.T.);
#3900=EDGE_CURVE('',#4857,#4854,#4858,.T.);
#3901=EDGE_CURVE('',#4607,#4857,#4859,.F.);
#3902=EDGE_CURVE('',#4594,#4860,#4861,.T.);
#3903=EDGE_CURVE('',#4860,#4862,#4863,.T.);
#3904=EDGE_CURVE('',#4864,#4862,#4865,.T.);
#3905=EDGE_CURVE('',#4593,#4864,#4866,.F.);
#3906=EDGE_CURVE('',#4867,#4864,#4868,.F.);
#3907=EDGE_CURVE('',#4596,#4867,#4869,.T.);
#3908=EDGE_CURVE('',#4870,#4598,#4871,.T.);
#3909=EDGE_CURVE('',#4872,#4867,#4873,.T.);
#3910=EDGE_CURVE('',#4870,#4872,#4874,.T.);
#3911=EDGE_CURVE('',#4875,#4724,#4876,.T.);
#3912=EDGE_CURVE('',#4600,#4875,#4877,.F.);
#3913=EDGE_CURVE('',#4878,#4598,#4879,.T.);
#3914=EDGE_CURVE('',#4727,#4878,#4880,.F.);
#3915=EDGE_CURVE('',#4600,#4881,#4882,.T.);
#3916=EDGE_CURVE('',#4881,#4883,#4884,.T.);
#3917=EDGE_CURVE('',#4885,#4883,#4886,.T.);
#3918=EDGE_CURVE('',#4602,#4885,#4887,.F.);
#3919=EDGE_CURVE('',#4888,#4885,#4889,.F.);
#3920=EDGE_CURVE('',#4604,#4888,#4890,.T.);
#3921=EDGE_CURVE('',#4891,#4888,#4892,.T.);
#3922=EDGE_CURVE('',#4710,#4891,#4893,.T.);
#3923=EDGE_CURVE('',#4894,#4857,#4895,.F.);
#3924=EDGE_CURVE('',#4609,#4894,#4896,.T.);
#3925=EDGE_CURVE('',#4897,#4611,#4898,.T.);
#3926=EDGE_CURVE('',#4899,#4894,#4900,.T.);
#3927=EDGE_CURVE('',#4897,#4899,#4901,.T.);
#3928=EDGE_CURVE('',#4613,#4902,#4903,.T.);
#3929=EDGE_CURVE('',#4902,#4904,#4905,.T.);
#3930=EDGE_CURVE('',#4906,#4904,#4907,.T.);
#3931=EDGE_CURVE('',#4615,#4906,#4908,.F.);
#3932=EDGE_CURVE('',#4909,#4906,#4910,.F.);
#3933=EDGE_CURVE('',#4617,#4909,#4911,.T.);
#3934=EDGE_CURVE('',#4912,#4619,#4913,.T.);
#3935=EDGE_CURVE('',#4914,#4909,#4915,.T.);
#3936=EDGE_CURVE('',#4912,#4914,#4916,.T.);
#3937=EDGE_CURVE('',#4917,#4918,#4919,.F.);
#3938=EDGE_CURVE('',#4920,#4917,#4921,.T.);
#3939=EDGE_CURVE('',#4922,#4920,#4923,.T.);
#3940=EDGE_CURVE('',#4922,#4918,#4924,.T.);
#3941=EDGE_CURVE('',#4925,#4926,#4927,.F.);
#3942=EDGE_CURVE('',#4918,#4925,#4928,.F.);
#3943=EDGE_CURVE('',#4929,#4922,#4930,.T.);
#3944=EDGE_CURVE('',#4929,#4931,#4932,.T.);
#3945=EDGE_CURVE('',#4926,#4931,#4933,.F.);
#3946=EDGE_CURVE('',#4931,#4934,#4935,.F.);
#3947=EDGE_CURVE('',#4936,#4929,#4937,.T.);
#3948=EDGE_CURVE('',#4936,#4934,#4938,.T.);
#3949=EDGE_CURVE('',#4939,#4940,#4941,.F.);
#3950=EDGE_CURVE('',#4934,#4939,#4942,.F.);
#3951=EDGE_CURVE('',#4920,#4936,#4943,.T.);
#3952=EDGE_CURVE('',#4940,#4917,#4944,.F.);
#3953=EDGE_CURVE('',#4945,#4946,#4947,.F.);
#3954=EDGE_CURVE('',#4948,#4945,#4949,.T.);
#3955=EDGE_CURVE('',#4950,#4948,#4951,.T.);
#3956=EDGE_CURVE('',#4950,#4946,#4952,.T.);
#3957=EDGE_CURVE('',#4953,#4954,#4955,.F.);
#3958=EDGE_CURVE('',#4946,#4953,#4956,.F.);
#3959=EDGE_CURVE('',#4957,#4950,#4958,.T.);
#3960=EDGE_CURVE('',#4957,#4959,#4960,.T.);
#3961=EDGE_CURVE('',#4954,#4959,#4961,.F.);
#3962=EDGE_CURVE('',#4959,#4962,#4963,.F.);
#3963=EDGE_CURVE('',#4964,#4957,#4965,.T.);
#3964=EDGE_CURVE('',#4964,#4962,#4966,.T.);
#3965=EDGE_CURVE('',#4967,#4968,#4969,.F.);
#3966=EDGE_CURVE('',#4962,#4967,#4970,.F.);
#3967=EDGE_CURVE('',#4948,#4964,#4971,.T.);
#3968=EDGE_CURVE('',#4968,#4945,#4972,.F.);
#3969=EDGE_CURVE('',#4973,#4974,#4975,.F.);
#3970=EDGE_CURVE('',#4976,#4973,#4977,.T.);
#3971=EDGE_CURVE('',#4978,#4976,#4979,.T.);
#3972=EDGE_CURVE('',#4978,#4974,#4980,.T.);
#3973=EDGE_CURVE('',#4981,#4982,#4983,.F.);
#3974=EDGE_CURVE('',#4974,#4981,#4984,.F.);
#3975=EDGE_CURVE('',#4985,#4978,#4986,.T.);
#3976=EDGE_CURVE('',#4985,#4987,#4988,.T.);
#3977=EDGE_CURVE('',#4982,#4987,#4989,.F.);
#3978=EDGE_CURVE('',#4987,#4990,#4991,.F.);
#3979=EDGE_CURVE('',#4992,#4985,#4993,.T.);
#3980=EDGE_CURVE('',#4992,#4990,#4994,.T.);
#3981=EDGE_CURVE('',#4995,#4996,#4997,.F.);
#3982=EDGE_CURVE('',#4990,#4995,#4998,.F.);
#3983=EDGE_CURVE('',#4976,#4992,#4999,.T.);
#3984=EDGE_CURVE('',#4996,#4973,#5000,.F.);
#3985=EDGE_CURVE('',#5001,#5002,#5003,.F.);
#3986=EDGE_CURVE('',#5004,#5001,#5005,.T.);
#3987=EDGE_CURVE('',#5006,#5004,#5007,.T.);
#3988=EDGE_CURVE('',#5006,#5002,#5008,.T.);
#3989=EDGE_CURVE('',#5009,#5010,#5011,.F.);
#3990=EDGE_CURVE('',#5002,#5009,#5012,.F.);
#3991=EDGE_CURVE('',#5013,#5006,#5014,.T.);
#3992=EDGE_CURVE('',#5013,#5015,#5016,.T.);
#3993=EDGE_CURVE('',#5010,#5015,#5017,.F.);
#3994=EDGE_CURVE('',#5015,#5018,#5019,.F.);
#3995=EDGE_CURVE('',#5020,#5013,#5021,.T.);
#3996=EDGE_CURVE('',#5020,#5018,#5022,.T.);
#3997=EDGE_CURVE('',#5023,#5024,#5025,.F.);
#3998=EDGE_CURVE('',#5018,#5023,#5026,.F.);
#3999=EDGE_CURVE('',#5004,#5020,#5027,.T.);
#4000=EDGE_CURVE('',#5024,#5001,#5028,.F.);
#4001=EDGE_CURVE('',#5029,#5030,#5031,.F.);
#4002=EDGE_CURVE('',#5032,#5029,#5033,.T.);
#4003=EDGE_CURVE('',#5034,#5032,#5035,.T.);
#4004=EDGE_CURVE('',#5034,#5030,#5036,.T.);
#4005=EDGE_CURVE('',#5037,#5038,#5039,.F.);
#4006=EDGE_CURVE('',#5030,#5037,#5040,.F.);
#4007=EDGE_CURVE('',#5041,#5034,#5042,.T.);
#4008=EDGE_CURVE('',#5041,#5043,#5044,.T.);
#4009=EDGE_CURVE('',#5038,#5043,#5045,.F.);
#4010=EDGE_CURVE('',#5043,#5046,#5047,.F.);
#4011=EDGE_CURVE('',#5048,#5041,#5049,.T.);
#4012=EDGE_CURVE('',#5048,#5046,#5050,.T.);
#4013=EDGE_CURVE('',#5051,#5052,#5053,.F.);
#4014=EDGE_CURVE('',#5046,#5051,#5054,.F.);
#4015=EDGE_CURVE('',#5032,#5048,#5055,.T.);
#4016=EDGE_CURVE('',#5052,#5029,#5056,.F.);
#4017=EDGE_CURVE('',#5057,#5058,#5059,.F.);
#4018=EDGE_CURVE('',#5060,#5057,#5061,.T.);
#4019=EDGE_CURVE('',#5062,#5060,#5063,.T.);
#4020=EDGE_CURVE('',#5062,#5058,#5064,.T.);
#4021=EDGE_CURVE('',#5065,#5066,#5067,.F.);
#4022=EDGE_CURVE('',#5058,#5065,#5068,.F.);
#4023=EDGE_CURVE('',#5069,#5062,#5070,.T.);
#4024=EDGE_CURVE('',#5069,#5071,#5072,.T.);
#4025=EDGE_CURVE('',#5066,#5071,#5073,.F.);
#4026=EDGE_CURVE('',#5071,#5074,#5075,.F.);
#4027=EDGE_CURVE('',#5076,#5069,#5077,.T.);
#4028=EDGE_CURVE('',#5076,#5074,#5078,.T.);
#4029=EDGE_CURVE('',#5079,#5080,#5081,.F.);
#4030=EDGE_CURVE('',#5074,#5079,#5082,.F.);
#4031=EDGE_CURVE('',#5060,#5076,#5083,.T.);
#4032=EDGE_CURVE('',#5080,#5057,#5084,.F.);
#4033=EDGE_CURVE('',#5085,#5086,#5087,.F.);
#4034=EDGE_CURVE('',#5088,#5085,#5089,.T.);
#4035=EDGE_CURVE('',#5090,#5088,#5091,.T.);
#4036=EDGE_CURVE('',#5090,#5086,#5092,.T.);
#4037=EDGE_CURVE('',#5093,#5094,#5095,.F.);
#4038=EDGE_CURVE('',#5086,#5093,#5096,.F.);
#4039=EDGE_CURVE('',#5097,#5090,#5098,.T.);
#4040=EDGE_CURVE('',#5097,#5099,#5100,.T.);
#4041=EDGE_CURVE('',#5094,#5099,#5101,.F.);
#4042=EDGE_CURVE('',#5099,#5102,#5103,.F.);
#4043=EDGE_CURVE('',#5104,#5097,#5105,.T.);
#4044=EDGE_CURVE('',#5104,#5102,#5106,.T.);
#4045=EDGE_CURVE('',#5107,#5108,#5109,.F.);
#4046=EDGE_CURVE('',#5102,#5107,#5110,.F.);
#4047=EDGE_CURVE('',#5088,#5104,#5111,.T.);
#4048=EDGE_CURVE('',#5108,#5085,#5112,.F.);
#4049=EDGE_CURVE('',#5113,#5114,#5115,.F.);
#4050=EDGE_CURVE('',#5116,#5113,#5117,.T.);
#4051=EDGE_CURVE('',#5118,#5116,#5119,.T.);
#4052=EDGE_CURVE('',#5118,#5114,#5120,.T.);
#4053=EDGE_CURVE('',#5121,#5122,#5123,.F.);
#4054=EDGE_CURVE('',#5114,#5121,#5124,.F.);
#4055=EDGE_CURVE('',#5125,#5118,#5126,.T.);
#4056=EDGE_CURVE('',#5125,#5127,#5128,.T.);
#4057=EDGE_CURVE('',#5122,#5127,#5129,.F.);
#4058=EDGE_CURVE('',#5127,#5130,#5131,.F.);
#4059=EDGE_CURVE('',#5132,#5125,#5133,.T.);
#4060=EDGE_CURVE('',#5132,#5130,#5134,.T.);
#4061=EDGE_CURVE('',#5135,#5136,#5137,.F.);
#4062=EDGE_CURVE('',#5130,#5135,#5138,.F.);
#4063=EDGE_CURVE('',#5116,#5132,#5139,.T.);
#4064=EDGE_CURVE('',#5136,#5113,#5140,.F.);
#4065=EDGE_CURVE('',#5141,#5142,#5143,.F.);
#4066=EDGE_CURVE('',#5144,#5141,#5145,.T.);
#4067=EDGE_CURVE('',#5146,#5144,#5147,.T.);
#4068=EDGE_CURVE('',#5146,#5142,#5148,.T.);
#4069=EDGE_CURVE('',#5149,#5150,#5151,.F.);
#4070=EDGE_CURVE('',#5142,#5149,#5152,.F.);
#4071=EDGE_CURVE('',#5153,#5146,#5154,.T.);
#4072=EDGE_CURVE('',#5153,#5155,#5156,.T.);
#4073=EDGE_CURVE('',#5150,#5155,#5157,.F.);
#4074=EDGE_CURVE('',#5155,#5158,#5159,.F.);
#4075=EDGE_CURVE('',#5160,#5153,#5161,.T.);
#4076=EDGE_CURVE('',#5160,#5158,#5162,.T.);
#4077=EDGE_CURVE('',#5163,#5164,#5165,.F.);
#4078=EDGE_CURVE('',#5158,#5163,#5166,.F.);
#4079=EDGE_CURVE('',#5144,#5160,#5167,.T.);
#4080=EDGE_CURVE('',#5164,#5141,#5168,.F.);
#4081=EDGE_CURVE('',#5169,#5170,#5171,.F.);
#4082=EDGE_CURVE('',#5172,#5169,#5173,.T.);
#4083=EDGE_CURVE('',#5174,#5172,#5175,.T.);
#4084=EDGE_CURVE('',#5174,#5170,#5176,.T.);
#4085=EDGE_CURVE('',#5177,#5178,#5179,.F.);
#4086=EDGE_CURVE('',#5170,#5177,#5180,.F.);
#4087=EDGE_CURVE('',#5181,#5174,#5182,.T.);
#4088=EDGE_CURVE('',#5181,#5183,#5184,.T.);
#4089=EDGE_CURVE('',#5178,#5183,#5185,.F.);
#4090=EDGE_CURVE('',#5183,#5186,#5187,.F.);
#4091=EDGE_CURVE('',#5188,#5181,#5189,.T.);
#4092=EDGE_CURVE('',#5188,#5186,#5190,.T.);
#4093=EDGE_CURVE('',#5191,#5192,#5193,.F.);
#4094=EDGE_CURVE('',#5186,#5191,#5194,.F.);
#4095=EDGE_CURVE('',#5172,#5188,#5195,.T.);
#4096=EDGE_CURVE('',#5192,#5169,#5196,.F.);
#4097=EDGE_CURVE('',#5197,#5198,#5199,.F.);
#4098=EDGE_CURVE('',#5200,#5197,#5201,.T.);
#4099=EDGE_CURVE('',#5202,#5200,#5203,.T.);
#4100=EDGE_CURVE('',#5202,#5198,#5204,.T.);
#4101=EDGE_CURVE('',#5205,#5206,#5207,.F.);
#4102=EDGE_CURVE('',#5198,#5205,#5208,.F.);
#4103=EDGE_CURVE('',#5209,#5202,#5210,.T.);
#4104=EDGE_CURVE('',#5209,#5211,#5212,.T.);
#4105=EDGE_CURVE('',#5206,#5211,#5213,.F.);
#4106=EDGE_CURVE('',#5211,#5214,#5215,.F.);
#4107=EDGE_CURVE('',#5216,#5209,#5217,.T.);
#4108=EDGE_CURVE('',#5216,#5214,#5218,.T.);
#4109=EDGE_CURVE('',#5219,#5220,#5221,.F.);
#4110=EDGE_CURVE('',#5214,#5219,#5222,.F.);
#4111=EDGE_CURVE('',#5200,#5216,#5223,.T.);
#4112=EDGE_CURVE('',#5220,#5197,#5224,.F.);
#4113=EDGE_CURVE('',#5225,#4891,#5226,.T.);
#4114=EDGE_CURVE('',#4713,#5225,#5227,.F.);
#4115=EDGE_CURVE('',#5228,#5225,#5229,.F.);
#4116=EDGE_CURVE('',#4716,#5228,#5230,.T.);
#4117=EDGE_CURVE('',#4881,#4716,#5231,.T.);
#4118=EDGE_CURVE('',#5232,#4881,#5233,.T.);
#4119=EDGE_CURVE('',#5234,#5232,#5235,.F.);
#4120=EDGE_CURVE('',#5234,#5236,#5237,.F.);
#4121=EDGE_CURVE('',#5236,#5238,#5239,.F.);
#4122=EDGE_CURVE('',#5238,#4719,#5240,.F.);
#4123=EDGE_CURVE('',#4748,#5238,#5241,.T.);
#4124=EDGE_CURVE('',#4875,#5232,#5242,.T.);
#4125=EDGE_CURVE('',#4725,#5234,#5243,.T.);
#4126=EDGE_CURVE('',#5244,#4878,#5245,.F.);
#4127=EDGE_CURVE('',#5244,#5246,#5247,.F.);
#4128=EDGE_CURVE('',#5246,#4729,#5248,.F.);
#4129=EDGE_CURVE('',#5249,#5246,#5250,.F.);
#4130=EDGE_CURVE('',#5249,#4731,#5251,.T.);
#4131=EDGE_CURVE('',#5252,#5253,#5254,.F.);
#4132=EDGE_CURVE('',#4733,#5252,#5255,.F.);
#4133=EDGE_CURVE('',#4731,#5253,#5256,.T.);
#4134=EDGE_CURVE('',#5252,#4815,#5257,.F.);
#4135=EDGE_CURVE('',#4787,#4800,#5258,.T.);
#4136=EDGE_CURVE('',#4748,#5236,#5259,.T.);
#4137=EDGE_CURVE('',#4761,#4844,#5260,.F.);
#4138=EDGE_CURVE('',#4902,#5261,#5262,.T.);
#4139=EDGE_CURVE('',#4769,#4902,#5263,.T.);
#4140=EDGE_CURVE('',#4761,#5261,#5264,.T.);
#4141=EDGE_CURVE('',#4777,#4897,#5265,.T.);
#4142=EDGE_CURVE('',#4849,#4897,#5266,.T.);
#4143=EDGE_CURVE('',#4789,#4798,#5267,.T.);
#4144=EDGE_CURVE('',#5268,#5269,#5270,.F.);
#4145=EDGE_CURVE('',#4816,#5268,#5271,.T.);
#4146=EDGE_CURVE('',#4815,#5269,#5272,.T.);
#4147=EDGE_CURVE('',#4860,#5268,#5273,.T.);
#4148=EDGE_CURVE('',#4828,#4860,#5274,.T.);
#4149=EDGE_CURVE('',#4836,#4912,#5275,.T.);
#4150=EDGE_CURVE('',#5276,#4912,#5277,.T.);
#4151=EDGE_CURVE('',#4844,#5276,#5278,.T.);
#4152=EDGE_CURVE('',#4852,#5279,#5280,.F.);
#4153=EDGE_CURVE('',#4849,#5279,#5281,.F.);
#4154=EDGE_CURVE('',#5279,#4899,#5282,.T.);
#4155=EDGE_CURVE('',#5268,#5283,#5284,.T.);
#4156=EDGE_CURVE('',#4862,#5283,#5285,.T.);
#4157=EDGE_CURVE('',#5283,#5286,#5287,.F.);
#4158=EDGE_CURVE('',#5286,#4872,#5288,.T.);
#4159=EDGE_CURVE('',#5244,#4870,#5289,.T.);
#4160=EDGE_CURVE('',#5269,#4870,#5290,.T.);
#4161=EDGE_CURVE('',#5269,#5286,#5291,.F.);
#4162=EDGE_CURVE('',#4883,#5228,#5292,.T.);
#4163=EDGE_CURVE('',#5261,#5293,#5294,.T.);
#4164=EDGE_CURVE('',#4904,#5293,#5295,.T.);
#4165=EDGE_CURVE('',#5293,#5296,#5297,.F.);
#4166=EDGE_CURVE('',#5296,#4914,#5298,.T.);
#4167=EDGE_CURVE('',#5276,#5296,#5299,.F.);
#4168=EDGE_CURVE('',#5253,#5249,#5300,.F.);
#4169=EDGE_CURVE('',#5261,#5276,#5301,.F.);
#4170=EDGE_CURVE('',#4622,#4925,#5302,.F.);
#4171=EDGE_CURVE('',#4940,#4627,#5303,.T.);
#4172=EDGE_CURVE('',#4926,#4623,#5304,.T.);
#4173=EDGE_CURVE('',#4625,#4939,#5305,.F.);
#4174=EDGE_CURVE('',#4630,#4953,#5306,.F.);
#4175=EDGE_CURVE('',#4968,#4635,#5307,.T.);
#4176=EDGE_CURVE('',#4954,#4631,#5308,.T.);
#4177=EDGE_CURVE('',#4633,#4967,#5309,.F.);
#4178=EDGE_CURVE('',#4638,#4981,#5310,.F.);
#4179=EDGE_CURVE('',#4996,#4643,#5311,.T.);
#4180=EDGE_CURVE('',#4982,#4639,#5312,.T.);
#4181=EDGE_CURVE('',#4641,#4995,#5313,.F.);
#4182=EDGE_CURVE('',#4646,#5009,#5314,.F.);
#4183=EDGE_CURVE('',#5024,#4651,#5315,.T.);
#4184=EDGE_CURVE('',#5010,#4647,#5316,.T.);
#4185=EDGE_CURVE('',#4649,#5023,#5317,.F.);
#4186=EDGE_CURVE('',#4654,#5037,#5318,.F.);
#4187=EDGE_CURVE('',#5052,#4659,#5319,.T.);
#4188=EDGE_CURVE('',#5038,#4655,#5320,.T.);
#4189=EDGE_CURVE('',#4657,#5051,#5321,.F.);
#4190=EDGE_CURVE('',#4662,#5065,#5322,.F.);
#4191=EDGE_CURVE('',#5080,#4667,#5323,.T.);
#4192=EDGE_CURVE('',#5066,#4663,#5324,.T.);
#4193=EDGE_CURVE('',#4665,#5079,#5325,.F.);
#4194=EDGE_CURVE('',#4670,#5093,#5326,.F.);
#4195=EDGE_CURVE('',#5108,#4675,#5327,.T.);
#4196=EDGE_CURVE('',#5094,#4671,#5328,.T.);
#4197=EDGE_CURVE('',#4673,#5107,#5329,.F.);
#4198=EDGE_CURVE('',#4678,#5121,#5330,.F.);
#4199=EDGE_CURVE('',#5136,#4683,#5331,.T.);
#4200=EDGE_CURVE('',#5122,#4679,#5332,.T.);
#4201=EDGE_CURVE('',#4681,#5135,#5333,.F.);
#4202=EDGE_CURVE('',#4686,#5149,#5334,.F.);
#4203=EDGE_CURVE('',#5164,#4691,#5335,.T.);
#4204=EDGE_CURVE('',#5150,#4687,#5336,.T.);
#4205=EDGE_CURVE('',#4689,#5163,#5337,.F.);
#4206=EDGE_CURVE('',#4694,#5177,#5338,.F.);
#4207=EDGE_CURVE('',#5192,#4699,#5339,.T.);
#4208=EDGE_CURVE('',#5178,#4695,#5340,.T.);
#4209=EDGE_CURVE('',#4697,#5191,#5341,.F.);
#4210=EDGE_CURVE('',#4702,#5205,#5342,.F.);
#4211=EDGE_CURVE('',#5220,#4707,#5343,.T.);
#4212=EDGE_CURVE('',#5206,#4703,#5344,.T.);
#4213=EDGE_CURVE('',#4705,#5219,#5345,.F.);
#4214=VERTEX_POINT('',#5346);
#4215=VERTEX_POINT('',#5347);
#4216=CIRCLE('',#5348,0.500000000000004);
#4217=VERTEX_POINT('',#5352);
#4218=CIRCLE('',#5353,1.);
#4219=VERTEX_POINT('',#5357);
#4220=CIRCLE('',#5358,0.500000000000001);
#4221=VERTEX_POINT('',#5362);
#4222=LINE('',#5363,#5364);
#4223=VERTEX_POINT('',#5366);
#4224=LINE('',#5367,#5368);
#4225=VERTEX_POINT('',#5370);
#4226=LINE('',#5371,#5372);
#4227=VERTEX_POINT('',#5374);
#4228=LINE('',#5375,#5376);
#4229=VERTEX_POINT('',#5378);
#4230=CIRCLE('',#5379,1.);
#4231=VERTEX_POINT('',#5383);
#4232=CIRCLE('',#5384,0.500000000000002);
#4233=VERTEX_POINT('',#5388);
#4234=LINE('',#5389,#5390);
#4235=VERTEX_POINT('',#5392);
#4236=CIRCLE('',#5393,0.500000000000003);
#4237=VERTEX_POINT('',#5397);
#4238=CIRCLE('',#5398,1.);
#4239=VERTEX_POINT('',#5402);
#4240=LINE('',#5403,#5404);
#4241=VERTEX_POINT('',#5406);
#4242=LINE('',#5407,#5408);
#4243=VERTEX_POINT('',#5410);
#4244=B_SPLINE_CURVE_WITH_KNOTS('',3,
(#5411,#5412,#5413,#5414,#5415,#5416,#5417,#5418,#5419,#5420,#5421,#5422,#5423,#5424,
#5425,#5426,#5427,#5428,#5429,#5430,#5431,#5432,#5433,#5434),
.UNSPECIFIED.,.F.,.F.,
(4,1,1,1,1,1,1,1,1,1,1,1,1,1,1,1,1,1,1,1,1,4),
(0.,0.0606048157688399,0.121371541775476,0.12175251941491,0.183305404196579,0.245487603892983,
0.308000696065637,0.371069111891123,0.391732272389402,0.434370545300103,0.497910688835521,
0.561447926908675,0.624941630251105,0.647599386867976,0.688285964329714,0.751374431162177,
0.814205841770949,0.861457044305636,0.876569467356964,0.938498445658502,0.98379212561778,
1.),
.UNSPECIFIED.);
#4245=VERTEX_POINT('',#5435);
#4246=LINE('',#5436,#5437);
#4247=VERTEX_POINT('',#5439);
#4248=CIRCLE('',#5440,19.);
#4249=VERTEX_POINT('',#5444);
#4250=LINE('',#5445,#5446);
#4251=VERTEX_POINT('',#5448);
#4252=LINE('',#5449,#5450);
#4253=VERTEX_POINT('',#5452);
#4254=CIRCLE('',#5453,0.5);
#4255=VERTEX_POINT('',#5457);
#4256=CIRCLE('',#5458,1.);
#4257=VERTEX_POINT('',#5462);
#4258=CIRCLE('',#5463,0.500000000000001);
#4259=VERTEX_POINT('',#5467);
#4260=LINE('',#5468,#5469);
#4261=VERTEX_POINT('',#5471);
#4262=LINE('',#5472,#5473);
#4263=LINE('',#5475,#5476);
#4264=VERTEX_POINT('',#5478);
#4265=LINE('',#5479,#5480);
#4266=VERTEX_POINT('',#5482);
#4267=LINE('',#5483,#5484);
#4268=VERTEX_POINT('',#5486);
#4269=CIRCLE('',#5487,1.5);
#4270=VERTEX_POINT('',#5491);
#4271=LINE('',#5492,#5493);
#4272=VERTEX_POINT('',#5495);
#4273=LINE('',#5496,#5497);
#4274=VERTEX_POINT('',#5499);
#4275=LINE('',#5500,#5501);
#4276=CIRCLE('',#5503,1.);
#4277=VERTEX_POINT('',#5507);
#4278=VERTEX_POINT('',#5508);
#4279=LINE('',#5509,#5510);
#4280=VERTEX_POINT('',#5512);
#4281=LINE('',#5513,#5514);
#4282=VERTEX_POINT('',#5516);
#4283=CIRCLE('',#5517,1.5);
#4284=VERTEX_POINT('',#5521);
#4285=LINE('',#5522,#5523);
#4286=LINE('',#5525,#5526);
#4287=VERTEX_POINT('',#5528);
#4288=CIRCLE('',#5529,1.);
#4289=LINE('',#5533,#5534);
#4290=VERTEX_POINT('',#5536);
#4291=VERTEX_POINT('',#5537);
#4292=CIRCLE('',#5538,0.499999999999998);
#4293=VERTEX_POINT('',#5542);
#4294=CIRCLE('',#5543,1.);
#4295=CIRCLE('',#5547,0.500000000000003);
#4296=VERTEX_POINT('',#5551);
#4297=LINE('',#5552,#5553);
#4298=VERTEX_POINT('',#5555);
#4299=LINE('',#5556,#5557);
#4300=LINE('',#5559,#5560);
#4301=LINE('',#5562,#5563);
#4302=LINE('',#5565,#5566);
#4303=VERTEX_POINT('',#5568);
#4304=LINE('',#5569,#5570);
#4305=VERTEX_POINT('',#5572);
#4306=LINE('',#5573,#5574);
#4307=LINE('',#5576,#5577);
#4308=VERTEX_POINT('',#5579);
#4309=CIRCLE('',#5580,0.499999999999999);
#4310=VERTEX_POINT('',#5584);
#4311=LINE('',#5585,#5586);
#4312=LINE('',#5588,#5589);
#4313=VERTEX_POINT('',#5591);
#4314=CIRCLE('',#5592,0.5);
#4315=CIRCLE('',#5596,1.);
#4316=LINE('',#5600,#5601);
#4317=LINE('',#5603,#5604);
#4318=LINE('',#5606,#5607);
#4319=LINE('',#5609,#5610);
#4320=VERTEX_POINT('',#5612);
#4321=VERTEX_POINT('',#5613);
#4322=CIRCLE('',#5614,1.5);
#4323=VERTEX_POINT('',#5618);
#4324=LINE('',#5619,#5620);
#4325=VERTEX_POINT('',#5622);
#4326=LINE('',#5623,#5624);
#4327=VERTEX_POINT('',#5626);
#4328=LINE('',#5627,#5628);
#4329=VERTEX_POINT('',#5630);
#4330=LINE('',#5631,#5632);
#4331=VERTEX_POINT('',#5634);
#4332=LINE('',#5635,#5636);
#4333=CIRCLE('',#5638,1.49999999999999);
#4334=VERTEX_POINT('',#5642);
#4335=CIRCLE('',#5643,1.5);
#4336=VERTEX_POINT('',#5647);
#4337=LINE('',#5648,#5649);
#4338=VERTEX_POINT('',#5651);
#4339=LINE('',#5652,#5653);
#4340=VERTEX_POINT('',#5655);
#4341=LINE('',#5656,#5657);
#4342=VERTEX_POINT('',#5659);
#4343=LINE('',#5660,#5661);
#4344=VERTEX_POINT('',#5663);
#4345=LINE('',#5664,#5665);
#4346=VERTEX_POINT('',#5667);
#4347=CIRCLE('',#5668,1.49999999999999);
#4348=VERTEX_POINT('',#5672);
#4349=LINE('',#5673,#5674);
#4350=VERTEX_POINT('',#5676);
#4351=LINE('',#5677,#5678);
#4352=VERTEX_POINT('',#5680);
#4353=LINE('',#5681,#5682);
#4354=VERTEX_POINT('',#5684);
#4355=LINE('',#5685,#5686);
#4356=LINE('',#5688,#5689);
#4357=VERTEX_POINT('',#5691);
#4358=LINE('',#5692,#5693);
#4359=CIRCLE('',#5695,1.);
#4360=VERTEX_POINT('',#5699);
#4361=LINE('',#5700,#5701);
#4362=VERTEX_POINT('',#5703);
#4363=LINE('',#5704,#5705);
#4364=LINE('',#5707,#5708);
#4365=LINE('',#5710,#5711);
#4366=VERTEX_POINT('',#5713);
#4367=LINE('',#5714,#5715);
#4368=CIRCLE('',#5717,1.);
#4369=VERTEX_POINT('',#5721);
#4370=VERTEX_POINT('',#5722);
#4371=LINE('',#5723,#5724);
#4372=B_SPLINE_CURVE_WITH_KNOTS('',3,
(#5726,#5727,#5728,#5729,#5730,#5731,#5732,#5733,#5734,#5735,#5736,#5737,#5738,#5739,
#5740,#5741),
.UNSPECIFIED.,.F.,.F.,
(4,1,1,1,1,1,1,1,1,1,1,1,1,4),
(0.,0.0467496678949792,0.0965441576956533,0.149877455329558,0.210745433991214,0.275137808356697,
0.345060345100922,0.416841728788883,0.518660558483828,0.623574613390504,0.731613413374884,
0.817813036204461,0.907223636805939,1.),
.UNSPECIFIED.);
#4373=CIRCLE('',#5742,0.5);
#4374=VERTEX_POINT('',#5746);
#4375=B_SPLINE_CURVE_WITH_KNOTS('',3,
(#5747,#5748,#5749,#5750,#5751,#5752,#5753,#5754,#5755,#5756,#5757,#5758,#5759,#5760,
#5761,#5762,#5763,#5764,#5765,#5766,#5767,#5768,#5769,#5770,#5771,#5772,#5773,#5774,
#5775,#5776,#5777),
.UNSPECIFIED.,.F.,.F.,
(4,1,1,1,1,1,1,1,1,1,1,1,1,1,1,1,1,1,1,1,1,1,1,1,1,1,1,1,4),
(0.,0.0238578680566219,0.0502527306290456,0.079193107112518,0.126415171189211,0.194670674952361,
0.278608548190836,0.357241903210302,0.414833037627144,0.456635207642704,0.503511538344179,
0.570335310662426,0.651127298859229,0.724372223265965,0.773440417345901,0.804411596126029,
0.822771319689016,0.8407108976086,0.857597641171846,0.873828626715649,0.889180028561263,
0.90428171492908,0.918802352538222,0.932984880577803,0.946687974495173,0.960258511338306,
0.973590387759749,0.98684942548976,1.),
.UNSPECIFIED.);
#4376=VERTEX_POINT('',#5778);
#4377=CIRCLE('',#5779,1.);
#4378=VERTEX_POINT('',#5783);
#4379=LINE('',#5784,#5785);
#4380=CIRCLE('',#5787,1.);
#4381=VERTEX_POINT('',#5791);
#4382=LINE('',#5792,#5793);
#4383=VERTEX_POINT('',#5795);
#4384=CIRCLE('',#5796,0.500000000000001);
#4385=LINE('',#5800,#5801);
#4386=VERTEX_POINT('',#5803);
#4387=CIRCLE('',#5804,1.);
#4388=LINE('',#5808,#5809);
#4389=LINE('',#5811,#5812);
#4390=VERTEX_POINT('',#5814);
#4391=LINE('',#5815,#5816);
#4392=LINE('',#5818,#5819);
#4393=VERTEX_POINT('',#5821);
#4394=CIRCLE('',#5822,1.5);
#4395=VERTEX_POINT('',#5826);
#4396=LINE('',#5827,#5828);
#4397=B_SPLINE_CURVE_WITH_KNOTS('',3,
(#5830,#5831,#5832,#5833,#5834,#5835,#5836,#5837,#5838,#5839,#5840,#5841,#5842,#5843),
.UNSPECIFIED.,.F.,.F.,
(4,1,1,1,1,1,1,1,1,1,1,4),
(0.,0.0702019012890729,0.153966613363197,0.257069533944814,0.379213685828536,0.510480932292397,
0.644110872921422,0.75198498060592,0.83491833833756,0.891923786461041,0.94696022037548,
1.),
.UNSPECIFIED.);
#4398=VERTEX_POINT('',#5844);
#4399=LINE('',#5845,#5846);
#4400=CIRCLE('',#5848,1.);
#4401=VERTEX_POINT('',#5852);
#4402=CIRCLE('',#5853,20.);
#4403=CIRCLE('',#5857,1.);
#4404=LINE('',#5861,#5862);
#4405=VERTEX_POINT('',#5864);
#4406=VERTEX_POINT('',#5865);
#4407=CIRCLE('',#5866,0.5);
#4408=VERTEX_POINT('',#5870);
#4409=CIRCLE('',#5871,1.);
#4410=CIRCLE('',#5875,0.499999999999997);
#4411=LINE('',#5879,#5880);
#4412=LINE('',#5882,#5883);
#4413=VERTEX_POINT('',#5885);
#4414=LINE('',#5886,#5887);
#4415=VERTEX_POINT('',#5889);
#4416=CIRCLE('',#5890,1.);
#4417=LINE('',#5894,#5895);
#4418=VERTEX_POINT('',#5897);
#4419=VERTEX_POINT('',#5898);
#4420=CIRCLE('',#5899,0.499999999999987);
#4421=VERTEX_POINT('',#5903);
#4422=LINE('',#5904,#5905);
#4423=VERTEX_POINT('',#5907);
#4424=LINE('',#5908,#5909);
#4425=VERTEX_POINT('',#5911);
#4426=LINE('',#5912,#5913);
#4427=VERTEX_POINT('',#5915);
#4428=LINE('',#5916,#5917);
#4429=VERTEX_POINT('',#5919);
#4430=CIRCLE('',#5920,1.);
#4431=VERTEX_POINT('',#5924);
#4432=CIRCLE('',#5925,0.499999999999994);
#4433=VERTEX_POINT('',#5929);
#4434=LINE('',#5930,#5931);
#4435=VERTEX_POINT('',#5933);
#4436=CIRCLE('',#5934,0.500000000000005);
#4437=VERTEX_POINT('',#5938);
#4438=CIRCLE('',#5939,1.);
#4439=VERTEX_POINT('',#5943);
#4440=LINE('',#5944,#5945);
#4441=LINE('',#5947,#5948);
#4442=CIRCLE('',#5950,0.5);
#4443=VERTEX_POINT('',#5954);
#4444=CIRCLE('',#5955,0.5);
#4445=LINE('',#5959,#5960);
#4446=VERTEX_POINT('',#5962);
#4447=LINE('',#5963,#5964);
#4448=VERTEX_POINT('',#5966);
#4449=CIRCLE('',#5967,0.499999999999993);
#4450=CIRCLE('',#5971,1.);
#4451=VERTEX_POINT('',#5975);
#4452=VERTEX_POINT('',#5976);
#4453=CIRCLE('',#5977,0.5);
#4454=VERTEX_POINT('',#5981);
#4455=CIRCLE('',#5982,1.);
#4456=VERTEX_POINT('',#5986);
#4457=CIRCLE('',#5987,0.5);
#4458=LINE('',#5991,#5992);
#4459=VERTEX_POINT('',#5994);
#4460=LINE('',#5995,#5996);
#4461=VERTEX_POINT('',#5998);
#4462=CIRCLE('',#5999,0.5);
#4463=VERTEX_POINT('',#6003);
#4464=CIRCLE('',#6004,1.);
#4465=CIRCLE('',#6008,0.499999999999988);
#4466=VERTEX_POINT('',#6012);
#4467=LINE('',#6013,#6014);
#4468=VERTEX_POINT('',#6016);
#4469=LINE('',#6017,#6018);
#4470=VERTEX_POINT('',#6020);
#4471=LINE('',#6021,#6022);
#4472=VERTEX_POINT('',#6024);
#4473=LINE('',#6025,#6026);
#4474=VERTEX_POINT('',#6028);
#4475=LINE('',#6029,#6030);
#4476=VERTEX_POINT('',#6032);
#4477=LINE('',#6033,#6034);
#4478=LINE('',#6036,#6037);
#4479=VERTEX_POINT('',#6039);
#4480=LINE('',#6040,#6041);
#4481=VERTEX_POINT('',#6043);
#4482=CIRCLE('',#6044,1.);
#4483=LINE('',#6048,#6049);
#4484=VERTEX_POINT('',#6051);
#4485=CIRCLE('',#6052,0.5);
#4486=LINE('',#6056,#6057);
#4487=LINE('',#6059,#6060);
#4488=CIRCLE('',#6062,0.5);
#4489=VERTEX_POINT('',#6066);
#4490=LINE('',#6067,#6068);
#4491=LINE('',#6070,#6071);
#4492=VERTEX_POINT('',#6073);
#4493=VERTEX_POINT('',#6074);
#4494=CIRCLE('',#6075,0.500000000000008);
#4495=VERTEX_POINT('',#6079);
#4496=LINE('',#6080,#6081);
#4497=LINE('',#6083,#6084);
#4498=VERTEX_POINT('',#6086);
#4499=CIRCLE('',#6087,0.5);
#4500=CIRCLE('',#6091,1.);
#4501=VERTEX_POINT('',#6095);
#4502=VERTEX_POINT('',#6096);
#4503=CIRCLE('',#6097,0.5);
#4504=VERTEX_POINT('',#6101);
#4505=CIRCLE('',#6102,1.);
#4506=VERTEX_POINT('',#6106);
#4507=CIRCLE('',#6107,0.500000000000001);
#4508=LINE('',#6111,#6112);
#4509=VERTEX_POINT('',#6114);
#4510=LINE('',#6115,#6116);
#4511=LINE('',#6118,#6119);
#4512=VERTEX_POINT('',#6121);
#4513=LINE('',#6122,#6123);
#4514=LINE('',#6125,#6126);
#4515=VERTEX_POINT('',#6128);
#4516=VERTEX_POINT('',#6129);
#4517=CIRCLE('',#6130,0.499999999999995);
#4518=VERTEX_POINT('',#6134);
#4519=LINE('',#6135,#6136);
#4520=VERTEX_POINT('',#6138);
#4521=LINE('',#6139,#6140);
#4522=VERTEX_POINT('',#6142);
#4523=CIRCLE('',#6143,19.);
#4524=VERTEX_POINT('',#6147);
#4525=LINE('',#6148,#6149);
#4526=VERTEX_POINT('',#6151);
#4527=B_SPLINE_CURVE_WITH_KNOTS('',3,
(#6152,#6153,#6154,#6155,#6156,#6157,#6158,#6159,#6160,#6161,#6162,#6163,#6164,#6165,
#6166,#6167,#6168,#6169,#6170,#6171,#6172,#6173,#6174,#6175),
.UNSPECIFIED.,.F.,.F.,
(4,1,1,1,1,1,1,1,1,1,1,1,1,1,1,1,1,1,1,1,1,4),
(0.,0.058640193985002,0.108861889267998,0.117889689651409,0.177746803932789,0.238492324419551,
0.299681717213371,0.339010502265856,0.361791823670108,0.424502673579859,0.48793278806201,
0.551611124747735,0.56738779224545,0.615703781719137,0.680021897183388,0.744437620271653,
0.781762925534788,0.808704621180914,0.87274679347831,0.936553141117953,0.944278482841122,
1.),
.UNSPECIFIED.);
#4528=VERTEX_POINT('',#6176);
#4529=LINE('',#6177,#6178);
#4530=VERTEX_POINT('',#6180);
#4531=LINE('',#6181,#6182);
#4532=VERTEX_POINT('',#6184);
#4533=CIRCLE('',#6185,1.);
#4534=VERTEX_POINT('',#6189);
#4535=CIRCLE('',#6190,0.500000000000002);
#4536=VERTEX_POINT('',#6194);
#4537=LINE('',#6195,#6196);
#4538=VERTEX_POINT('',#6198);
#4539=CIRCLE('',#6199,0.500000000000006);
#4540=VERTEX_POINT('',#6203);
#4541=CIRCLE('',#6204,1.);
#4542=VERTEX_POINT('',#6208);
#4543=LINE('',#6209,#6210);
#4544=VERTEX_POINT('',#6212);
#4545=LINE('',#6213,#6214);
#4546=VERTEX_POINT('',#6216);
#4547=LINE('',#6217,#6218);
#4548=VERTEX_POINT('',#6220);
#4549=CIRCLE('',#6221,0.5);
#4550=VERTEX_POINT('',#6225);
#4551=CIRCLE('',#6226,1.);
#4552=VERTEX_POINT('',#6230);
#4553=CIRCLE('',#6231,0.5);
#4554=LINE('',#6235,#6236);
#4555=VERTEX_POINT('',#6238);
#4556=CIRCLE('',#6239,0.499999999999996);
#4557=CIRCLE('',#6243,1.);
#4558=VERTEX_POINT('',#6247);
#4559=LINE('',#6248,#6249);
#4560=LINE('',#6251,#6252);
#4561=VERTEX_POINT('',#6254);
#4562=VERTEX_POINT('',#6255);
#4563=CIRCLE('',#6256,0.499999999999999);
#4564=VERTEX_POINT('',#6260);
#4565=LINE('',#6261,#6262);
#4566=LINE('',#6264,#6265);
#4567=VERTEX_POINT('',#6267);
#4568=CIRCLE('',#6268,0.5);
#4569=CIRCLE('',#6272,1.);
#4570=VERTEX_POINT('',#6276);
#4571=VERTEX_POINT('',#6277);
#4572=CIRCLE('',#6278,0.5);
#4573=VERTEX_POINT('',#6282);
#4574=CIRCLE('',#6283,1.);
#4575=VERTEX_POINT('',#6287);
#4576=CIRCLE('',#6288,0.499999999999998);
#4577=LINE('',#6292,#6293);
#4578=VERTEX_POINT('',#6295);
#4579=LINE('',#6296,#6297);
#4580=LINE('',#6299,#6300);
#4581=LINE('',#6302,#6303);
#4582=LINE('',#6305,#6306);
#4583=LINE('',#6308,#6309);
#4584=VERTEX_POINT('',#6311);
#4585=LINE('',#6312,#6313);
#4586=CIRCLE('',#6315,1.5);
#4587=VERTEX_POINT('',#6319);
#4588=VERTEX_POINT('',#6320);
#4589=LINE('',#6321,#6322);
#4590=LINE('',#6324,#6325);
#4591=LINE('',#6327,#6328);
#4592=LINE('',#6330,#6331);
#4593=VERTEX_POINT('',#6333);
#4594=VERTEX_POINT('',#6334);
#4595=LINE('',#6335,#6336);
#4596=VERTEX_POINT('',#6338);
#4597=CIRCLE('',#6339,1.);
#4598=VERTEX_POINT('',#6343);
#4599=LINE('',#6344,#6345);
#4600=VERTEX_POINT('',#6347);
#4601=LINE('',#6348,#6349);
#4602=VERTEX_POINT('',#6351);
#4603=LINE('',#6352,#6353);
#4604=VERTEX_POINT('',#6355);
#4605=CIRCLE('',#6356,1.);
#4606=LINE('',#6360,#6361);
#4607=VERTEX_POINT('',#6363);
#4608=LINE('',#6364,#6365);
#4609=VERTEX_POINT('',#6367);
#4610=CIRCLE('',#6368,1.);
#4611=VERTEX_POINT('',#6372);
#4612=LINE('',#6373,#6374);
#4613=VERTEX_POINT('',#6376);
#4614=LINE('',#6377,#6378);
#4615=VERTEX_POINT('',#6380);
#4616=LINE('',#6381,#6382);
#4617=VERTEX_POINT('',#6384);
#4618=CIRCLE('',#6385,1.);
#4619=VERTEX_POINT('',#6389);
#4620=LINE('',#6390,#6391);
#4621=LINE('',#6393,#6394);
#4622=VERTEX_POINT('',#6396);
#4623=VERTEX_POINT('',#6397);
#4624=LINE('',#6398,#6399);
#4625=VERTEX_POINT('',#6401);
#4626=LINE('',#6402,#6403);
#4627=VERTEX_POINT('',#6405);
#4628=LINE('',#6406,#6407);
#4629=LINE('',#6409,#6410);
#4630=VERTEX_POINT('',#6412);
#4631=VERTEX_POINT('',#6413);
#4632=LINE('',#6414,#6415);
#4633=VERTEX_POINT('',#6417);
#4634=LINE('',#6418,#6419);
#4635=VERTEX_POINT('',#6421);
#4636=LINE('',#6422,#6423);
#4637=LINE('',#6425,#6426);
#4638=VERTEX_POINT('',#6428);
#4639=VERTEX_POINT('',#6429);
#4640=LINE('',#6430,#6431);
#4641=VERTEX_POINT('',#6433);
#4642=LINE('',#6434,#6435);
#4643=VERTEX_POINT('',#6437);
#4644=LINE('',#6438,#6439);
#4645=LINE('',#6441,#6442);
#4646=VERTEX_POINT('',#6444);
#4647=VERTEX_POINT('',#6445);
#4648=LINE('',#6446,#6447);
#4649=VERTEX_POINT('',#6449);
#4650=LINE('',#6450,#6451);
#4651=VERTEX_POINT('',#6453);
#4652=LINE('',#6454,#6455);
#4653=LINE('',#6457,#6458);
#4654=VERTEX_POINT('',#6460);
#4655=VERTEX_POINT('',#6461);
#4656=LINE('',#6462,#6463);
#4657=VERTEX_POINT('',#6465);
#4658=LINE('',#6466,#6467);
#4659=VERTEX_POINT('',#6469);
#4660=LINE('',#6470,#6471);
#4661=LINE('',#6473,#6474);
#4662=VERTEX_POINT('',#6476);
#4663=VERTEX_POINT('',#6477);
#4664=LINE('',#6478,#6479);
#4665=VERTEX_POINT('',#6481);
#4666=LINE('',#6482,#6483);
#4667=VERTEX_POINT('',#6485);
#4668=LINE('',#6486,#6487);
#4669=LINE('',#6489,#6490);
#4670=VERTEX_POINT('',#6492);
#4671=VERTEX_POINT('',#6493);
#4672=LINE('',#6494,#6495);
#4673=VERTEX_POINT('',#6497);
#4674=LINE('',#6498,#6499);
#4675=VERTEX_POINT('',#6501);
#4676=LINE('',#6502,#6503);
#4677=LINE('',#6505,#6506);
#4678=VERTEX_POINT('',#6508);
#4679=VERTEX_POINT('',#6509);
#4680=LINE('',#6510,#6511);
#4681=VERTEX_POINT('',#6513);
#4682=LINE('',#6514,#6515);
#4683=VERTEX_POINT('',#6517);
#4684=LINE('',#6518,#6519);
#4685=LINE('',#6521,#6522);
#4686=VERTEX_POINT('',#6524);
#4687=VERTEX_POINT('',#6525);
#4688=LINE('',#6526,#6527);
#4689=VERTEX_POINT('',#6529);
#4690=LINE('',#6530,#6531);
#4691=VERTEX_POINT('',#6533);
#4692=LINE('',#6534,#6535);
#4693=LINE('',#6537,#6538);
#4694=VERTEX_POINT('',#6540);
#4695=VERTEX_POINT('',#6541);
#4696=LINE('',#6542,#6543);
#4697=VERTEX_POINT('',#6545);
#4698=LINE('',#6546,#6547);
#4699=VERTEX_POINT('',#6549);
#4700=LINE('',#6550,#6551);
#4701=LINE('',#6553,#6554);
#4702=VERTEX_POINT('',#6556);
#4703=VERTEX_POINT('',#6557);
#4704=LINE('',#6558,#6559);
#4705=VERTEX_POINT('',#6561);
#4706=LINE('',#6562,#6563);
#4707=VERTEX_POINT('',#6565);
#4708=LINE('',#6566,#6567);
#4709=LINE('',#6569,#6570);
#4710=VERTEX_POINT('',#6572);
#4711=LINE('',#6573,#6574);
#4712=LINE('',#6576,#6577);
#4713=VERTEX_POINT('',#6579);
#4714=LINE('',#6580,#6581);
#4715=LINE('',#6583,#6584);
#4716=VERTEX_POINT('',#6586);
#4717=CIRCLE('',#6587,1.5);
#4718=LINE('',#6591,#6592);
#4719=VERTEX_POINT('',#6594);
#4720=VERTEX_POINT('',#6595);
#4721=LINE('',#6596,#6597);
#4722=LINE('',#6599,#6600);
#4723=LINE('',#6602,#6603);
#4724=VERTEX_POINT('',#6605);
#4725=VERTEX_POINT('',#6606);
#4726=(BOUNDED_CURVE()B_SPLINE_CURVE(3,
(#6607,#6608,#6609,#6610),
.UNSPECIFIED.,.F.,.F.)B_SPLINE_CURVE_WITH_KNOTS((4,4),
(0.,1.),
.UNSPECIFIED.)CURVE()GEOMETRIC_REPRESENTATION_ITEM()RATIONAL_B_SPLINE_CURVE((1.,
0.926465875409468,0.926465875409468,1.))REPRESENTATION_ITEM(''));
#4727=VERTEX_POINT('',#6611);
#4728=LINE('',#6612,#6613);
#4729=VERTEX_POINT('',#6615);
#4730=(BOUNDED_CURVE()B_SPLINE_CURVE(3,
(#6616,#6617,#6618,#6619),
.UNSPECIFIED.,.F.,.F.)B_SPLINE_CURVE_WITH_KNOTS((4,4),
(0.,1.),
.UNSPECIFIED.)CURVE()GEOMETRIC_REPRESENTATION_ITEM()RATIONAL_B_SPLINE_CURVE((1.,
0.926465875409468,0.926465875409468,1.))REPRESENTATION_ITEM(''));
#4731=VERTEX_POINT('',#6620);
#4732=(BOUNDED_CURVE()B_SPLINE_CURVE(3,
(#6621,#6622,#6623,#6624),
.UNSPECIFIED.,.F.,.F.)B_SPLINE_CURVE_WITH_KNOTS((4,4),
(0.,1.),
.UNSPECIFIED.)CURVE()GEOMETRIC_REPRESENTATION_ITEM()RATIONAL_B_SPLINE_CURVE((1.,
0.877664387285151,0.877664387285151,1.))REPRESENTATION_ITEM(''));
#4733=VERTEX_POINT('',#6625);
#4734=LINE('',#6626,#6627);
#4735=VERTEX_POINT('',#6629);
#4736=LINE('',#6630,#6631);
#4737=VERTEX_POINT('',#6633);
#4738=LINE('',#6634,#6635);
#4739=VERTEX_POINT('',#6637);
#4740=LINE('',#6638,#6639);
#4741=VERTEX_POINT('',#6641);
#4742=LINE('',#6642,#6643);
#4743=VERTEX_POINT('',#6645);
#4744=LINE('',#6646,#6647);
#4745=VERTEX_POINT('',#6649);
#4746=LINE('',#6650,#6651);
#4747=LINE('',#6653,#6654);
#4748=VERTEX_POINT('',#6656);
#4749=LINE('',#6657,#6658);
#4750=(BOUNDED_CURVE()B_SPLINE_CURVE(3,
(#6660,#6661,#6662,#6663),
.UNSPECIFIED.,.F.,.F.)B_SPLINE_CURVE_WITH_KNOTS((4,4),
(0.,1.),
.UNSPECIFIED.)CURVE()GEOMETRIC_REPRESENTATION_ITEM()RATIONAL_B_SPLINE_CURVE((1.,
0.877664387285151,0.877664387285151,1.))REPRESENTATION_ITEM(''));
#4751=CIRCLE('',#6664,20.);
#4752=LINE('',#6668,#6669);
#4753=LINE('',#6671,#6672);
#4754=LINE('',#6674,#6675);
#4755=CIRCLE('',#6677,1.);
#4756=LINE('',#6681,#6682);
#4757=CIRCLE('',#6684,1.5);
#4758=CIRCLE('',#6688,1.);
#4759=VERTEX_POINT('',#6692);
#4760=LINE('',#6693,#6694);
#4761=VERTEX_POINT('',#6696);
#4762=LINE('',#6697,#6698);
#4763=LINE('',#6700,#6701);
#4764=LINE('',#6703,#6704);
#4765=VERTEX_POINT('',#6706);
#4766=LINE('',#6707,#6708);
#4767=CIRCLE('',#6710,1.);
#4768=VERTEX_POINT('',#6714);
#4769=VERTEX_POINT('',#6715);
#4770=LINE('',#6716,#6717);
#4771=B_SPLINE_CURVE_WITH_KNOTS('',3,
(#6719,#6720,#6721,#6722,#6723,#6724,#6725,#6726,#6727,#6728,#6729,#6730,#6731,#6732,
#6733,#6734,#6735),
.UNSPECIFIED.,.F.,.F.,
(4,1,1,1,1,1,1,1,1,1,1,1,1,1,4),
(0.,0.0467493736888652,0.0965430942282122,0.149875630906328,0.210743508796545,0.275136161231161,
0.345058426841191,0.416838635279145,0.518661664457826,0.641040983845022,0.759554445247601,
0.846062458007816,0.902711655870859,0.953975239128424,1.),
.UNSPECIFIED.);
#4772=CIRCLE('',#6736,0.499999999999996);
#4773=VERTEX_POINT('',#6740);
#4774=B_SPLINE_CURVE_WITH_KNOTS('',3,
(#6741,#6742,#6743,#6744,#6745,#6746,#6747,#6748,#6749,#6750,#6751,#6752,#6753,#6754,
#6755,#6756,#6757,#6758,#6759,#6760,#6761,#6762,#6763,#6764,#6765,#6766,#6767,#6768,
#6769,#6770),
.UNSPECIFIED.,.F.,.F.,
(4,1,1,1,1,1,1,1,1,1,1,1,1,1,1,1,1,1,1,1,1,1,1,1,1,1,1,4),
(0.,0.015967612448898,0.0323847669443577,0.0492550808450755,0.0670544873025056,0.0853109945346604,
0.118514499589534,0.177386915544546,0.272318641491827,0.390475281498455,0.515267777900096,
0.626002839575578,0.712227979573085,0.76649250276195,0.799129944013804,0.818420813873631,
0.837247868790717,0.854888412765891,0.871784143978183,0.887668657216869,0.903257307462058,
0.918143177156089,0.932613045033678,0.946488810881278,0.960194803359916,0.973586132028591,
0.986866597983739,1.),
.UNSPECIFIED.);
#4775=CIRCLE('',#6771,1.);
#4776=CIRCLE('',#6775,1.);
#4777=VERTEX_POINT('',#6779);
#4778=LINE('',#6780,#6781);
#4779=VERTEX_POINT('',#6783);
#4780=CIRCLE('',#6784,0.499999999999999);
#4781=LINE('',#6788,#6789);
#4782=VERTEX_POINT('',#6791);
#4783=CIRCLE('',#6792,1.);
#4784=LINE('',#6796,#6797);
#4785=LINE('',#6799,#6800);
#4786=LINE('',#6802,#6803);
#4787=VERTEX_POINT('',#6805);
#4788=LINE('',#6806,#6807);
#4789=VERTEX_POINT('',#6809);
#4790=LINE('',#6810,#6811);
#4791=VERTEX_POINT('',#6813);
#4792=LINE('',#6814,#6815);
#4793=LINE('',#6817,#6818);
#4794=VERTEX_POINT('',#6820);
#4795=LINE('',#6821,#6822);
#4796=LINE('',#6824,#6825);
#4797=CIRCLE('',#6827,20.);
#4798=VERTEX_POINT('',#6831);
#4799=LINE('',#6832,#6833);
#4800=VERTEX_POINT('',#6835);
#4801=LINE('',#6836,#6837);
#4802=LINE('',#6839,#6840);
#4803=CIRCLE('',#6842,20.);
#4804=CIRCLE('',#6846,1.);
#4805=CIRCLE('',#6850,1.);
#4806=LINE('',#6854,#6855);
#4807=CIRCLE('',#6857,1.50000000000001);
#4808=LINE('',#6861,#6862);
#4809=LINE('',#6864,#6865);
#4810=LINE('',#6867,#6868);
#4811=LINE('',#6870,#6871);
#4812=LINE('',#6873,#6874);
#4813=CIRCLE('',#6876,1.);
#4814=B_SPLINE_CURVE_WITH_KNOTS('',3,
(#6880,#6881,#6882,#6883,#6884,#6885,#6886,#6887,#6888,#6889,#6890,#6891,#6892,#6893),
.UNSPECIFIED.,.F.,.F.,
(4,1,1,1,1,1,1,1,1,1,1,4),
(0.,0.0439103685803224,0.106515247551046,0.193880160827856,0.306100814981494,0.427859980980394,
0.554081781889139,0.68351569076702,0.80502484525117,0.896396047266979,0.958805465050412,
1.),
.UNSPECIFIED.);
#4815=VERTEX_POINT('',#6894);
#4816=VERTEX_POINT('',#6895);
#4817=CIRCLE('',#6896,1.5);
#4818=LINE('',#6900,#6901);
#4819=LINE('',#6903,#6904);
#4820=VERTEX_POINT('',#6906);
#4821=LINE('',#6907,#6908);
#4822=LINE('',#6910,#6911);
#4823=LINE('',#6913,#6914);
#4824=VERTEX_POINT('',#6916);
#4825=LINE('',#6917,#6918);
#4826=CIRCLE('',#6920,1.);
#4827=VERTEX_POINT('',#6924);
#4828=VERTEX_POINT('',#6925);
#4829=LINE('',#6926,#6927);
#4830=B_SPLINE_CURVE_WITH_KNOTS('',3,
(#6929,#6930,#6931,#6932,#6933,#6934,#6935,#6936,#6937,#6938,#6939,#6940,#6941,#6942,
#6943,#6944),
.UNSPECIFIED.,.F.,.F.,
(4,1,1,1,1,1,1,1,1,1,1,1,1,4),
(0.,0.0467496678949621,0.0965441576956359,0.149877455329521,0.210745433991184,0.275137808356672,
0.345060345100905,0.41684172878887,0.518660558483802,0.623574613390468,0.731613413374858,
0.817813036204445,0.907223636805935,1.),
.UNSPECIFIED.);
#4831=CIRCLE('',#6945,0.5);
#4832=CIRCLE('',#6949,1.);
#4833=VERTEX_POINT('',#6953);
#4834=CIRCLE('',#6954,1.);
#4835=B_SPLINE_CURVE_WITH_KNOTS('',3,
(#6958,#6959,#6960,#6961,#6962,#6963,#6964,#6965,#6966,#6967,#6968,#6969,#6970,#6971,
#6972,#6973,#6974,#6975,#6976,#6977,#6978,#6979,#6980,#6981,#6982,#6983,#6984,#6985,
#6986,#6987,#6988),
.UNSPECIFIED.,.F.,.F.,
(4,1,1,1,1,1,1,1,1,1,1,1,1,1,1,1,1,1,1,1,1,1,1,1,1,1,1,1,4),
(0.,0.0238578680566211,0.0502527306290506,0.0791931071125389,0.126415171189229,0.194670674952365,
0.278608548190856,0.35724190321032,0.414833037627181,0.456635207642725,0.503511538344174,
0.570335310662423,0.651127298859225,0.724372223265946,0.773440417345873,0.804411596126007,
0.822771319689011,0.840710897608601,0.857597641171854,0.873828626715668,0.889180028561286,
0.904281714929097,0.918802352538232,0.932984880577818,0.946687974495191,0.960258511338302,
0.97359038775975,0.98684942548975,1.),
.UNSPECIFIED.);
#4836=VERTEX_POINT('',#6989);
#4837=LINE('',#6990,#6991);
#4838=VERTEX_POINT('',#6993);
#4839=CIRCLE('',#6994,0.499999999999999);
#4840=LINE('',#6998,#6999);
#4841=VERTEX_POINT('',#7001);
#4842=CIRCLE('',#7002,1.);
#4843=(BOUNDED_CURVE()B_SPLINE_CURVE(3,
(#7006,#7007,#7008,#7009),
.UNSPECIFIED.,.F.,.F.)B_SPLINE_CURVE_WITH_KNOTS((4,4),
(0.,1.),
.UNSPECIFIED.)CURVE()GEOMETRIC_REPRESENTATION_ITEM()RATIONAL_B_SPLINE_CURVE((1.,
0.977283884192712,0.977283884192712,1.))REPRESENTATION_ITEM(''));
#4844=VERTEX_POINT('',#7010);
#4845=LINE('',#7011,#7012);
#4846=LINE('',#7014,#7015);
#4847=LINE('',#7017,#7018);
#4848=LINE('',#7020,#7021);
#4849=VERTEX_POINT('',#7023);
#4850=CIRCLE('',#7024,1.5);
#4851=LINE('',#7028,#7029);
#4852=VERTEX_POINT('',#7031);
#4853=CIRCLE('',#7032,0.5);
#4854=VERTEX_POINT('',#7036);
#4855=LINE('',#7037,#7038);
#4856=(BOUNDED_CURVE()B_SPLINE_CURVE(3,
(#7040,#7041,#7042,#7043),
.UNSPECIFIED.,.F.,.F.)B_SPLINE_CURVE_WITH_KNOTS((4,4),
(0.,1.),
.UNSPECIFIED.)CURVE()GEOMETRIC_REPRESENTATION_ITEM()RATIONAL_B_SPLINE_CURVE((1.,
0.804737854124365,0.804737854124365,1.))REPRESENTATION_ITEM(''));
#4857=VERTEX_POINT('',#7044);
#4858=LINE('',#7045,#7046);
#4859=B_SPLINE_CURVE_WITH_KNOTS('',3,
(#7048,#7049,#7050,#7051,#7052,#7053,#7054,#7055,#7056,#7057,#7058,#7059,#7060,#7061,
#7062,#7063),
.UNSPECIFIED.,.F.,.F.,
(4,1,1,1,1,1,1,1,1,1,1,1,1,4),
(0.,0.0765084689140937,0.152953240705267,0.229346947554327,0.327152307276665,0.438121092817106,
0.558222558398307,0.665643040089949,0.764215136152042,0.84104929944001,0.896493343416769,
0.932972545100358,0.967491032520221,1.),
.UNSPECIFIED.);
#4860=VERTEX_POINT('',#7064);
#4861=LINE('',#7065,#7066);
#4862=VERTEX_POINT('',#7068);
#4863=(BOUNDED_CURVE()B_SPLINE_CURVE(3,
(#7069,#7070,#7071,#7072),
.UNSPECIFIED.,.F.,.F.)B_SPLINE_CURVE_WITH_KNOTS((4,4),
(0.,1.),
.UNSPECIFIED.)CURVE()GEOMETRIC_REPRESENTATION_ITEM()RATIONAL_B_SPLINE_CURVE((1.,
0.804737854124365,0.804737854124365,1.))REPRESENTATION_ITEM(''));
#4864=VERTEX_POINT('',#7073);
#4865=LINE('',#7074,#7075);
#4866=B_SPLINE_CURVE_WITH_KNOTS('',3,
(#7077,#7078,#7079,#7080,#7081,#7082,#7083,#7084,#7085,#7086,#7087,#7088,#7089,#7090,
#7091,#7092),
.UNSPECIFIED.,.F.,.F.,
(4,1,1,1,1,1,1,1,1,1,1,1,1,4),
(0.,0.0765084689140968,0.152953240705274,0.229346947554325,0.327152307276666,0.438121092817104,
0.558222558398312,0.665643040089946,0.764215136152043,0.841049299440009,0.896493343416766,
0.932972545100362,0.967491032520221,1.),
.UNSPECIFIED.);
#4867=VERTEX_POINT('',#7093);
#4868=CIRCLE('',#7094,1.5);
#4869=B_SPLINE_CURVE_WITH_KNOTS('',3,
(#7098,#7099,#7100,#7101,#7102,#7103,#7104,#7105,#7106,#7107,#7108,#7109,#7110,#7111),
.UNSPECIFIED.,.F.,.F.,
(4,1,1,1,1,1,1,1,1,1,1,4),
(0.,0.0375058009734366,0.0750671168888134,0.112665261020987,0.167181670790449,0.2426883475989,
0.347239242033066,0.469810483143919,0.610708206366574,0.754429473253238,0.885672333369935,
1.),
.UNSPECIFIED.);
#4870=VERTEX_POINT('',#7112);
#4871=LINE('',#7113,#7114);
#4872=VERTEX_POINT('',#7116);
#4873=LINE('',#7117,#7118);
#4874=(BOUNDED_CURVE()B_SPLINE_CURVE(3,
(#7120,#7121,#7122,#7123),
.UNSPECIFIED.,.F.,.F.)B_SPLINE_CURVE_WITH_KNOTS((4,4),
(0.,1.),
.UNSPECIFIED.)CURVE()GEOMETRIC_REPRESENTATION_ITEM()RATIONAL_B_SPLINE_CURVE((1.,
0.804737854124365,0.804737854124365,1.))REPRESENTATION_ITEM(''));
#4875=VERTEX_POINT('',#7124);
#4876=B_SPLINE_CURVE_WITH_KNOTS('',3,
(#7125,#7126,#7127,#7128,#7129,#7130,#7131,#7132,#7133,#7134,#7135,#7136,#7137,#7138,
#7139,#7140,#7141,#7142,#7143),
.UNSPECIFIED.,.F.,.F.,
(4,1,1,1,1,1,1,1,1,1,1,1,1,1,1,1,4),
(0.,0.0587798230670606,0.11791996747356,0.177419826511074,0.237568971403835,0.298057608136232,
0.359460690002773,0.421489653444149,0.484460091529512,0.547728394493612,0.611688069125221,
0.67601738158929,0.740834589380964,0.805661386479049,0.870530227731211,0.935330487262093,
1.),
.UNSPECIFIED.);
#4877=CIRCLE('',#7144,1.);
#4878=VERTEX_POINT('',#7148);
#4879=CIRCLE('',#7149,1.);
#4880=B_SPLINE_CURVE_WITH_KNOTS('',3,
(#7153,#7154,#7155,#7156,#7157,#7158,#7159,#7160,#7161,#7162,#7163,#7164,#7165,#7166,
#7167,#7168,#7169,#7170,#7171),
.UNSPECIFIED.,.F.,.F.,
(4,1,1,1,1,1,1,1,1,1,1,1,1,1,1,1,4),
(0.,0.0587798230670389,0.117919967473533,0.177419826511097,0.237568971403846,0.298057608136293,
0.359460690002866,0.421489653444242,0.484460091529593,0.547728394493637,0.61168806912524,
0.676017381589216,0.74083458938087,0.805661386478962,0.870530227731191,0.935330487262016,
1.),
.UNSPECIFIED.);
#4881=VERTEX_POINT('',#7172);
#4882=LINE('',#7173,#7174);
#4883=VERTEX_POINT('',#7176);
#4884=(BOUNDED_CURVE()B_SPLINE_CURVE(3,
(#7177,#7178,#7179,#7180),
.UNSPECIFIED.,.F.,.F.)B_SPLINE_CURVE_WITH_KNOTS((4,4),
(0.,1.),
.UNSPECIFIED.)CURVE()GEOMETRIC_REPRESENTATION_ITEM()RATIONAL_B_SPLINE_CURVE((1.,
0.804737854124365,0.804737854124365,1.))REPRESENTATION_ITEM(''));
#4885=VERTEX_POINT('',#7181);
#4886=LINE('',#7182,#7183);
#4887=B_SPLINE_CURVE_WITH_KNOTS('',3,
(#7185,#7186,#7187,#7188,#7189,#7190,#7191,#7192,#7193,#7194,#7195,#7196,#7197,#7198,
#7199,#7200),
.UNSPECIFIED.,.F.,.F.,
(4,1,1,1,1,1,1,1,1,1,1,1,1,4),
(0.,0.0765084689140981,0.152953240705268,0.22934694755432,0.327152307276663,0.438121092817111,
0.558222558398305,0.665643040089948,0.764215136152045,0.841049299440008,0.896493343416771,
0.932972545100362,0.967491032520226,1.),
.UNSPECIFIED.);
#4888=VERTEX_POINT('',#7201);
#4889=CIRCLE('',#7202,1.5);
#4890=B_SPLINE_CURVE_WITH_KNOTS('',3,
(#7206,#7207,#7208,#7209,#7210,#7211,#7212,#7213,#7214,#7215,#7216,#7217,#7218,#7219),
.UNSPECIFIED.,.F.,.F.,
(4,1,1,1,1,1,1,1,1,1,1,4),
(0.,0.037505800973442,0.0750671168888197,0.112665261020987,0.167181670790442,0.242688347598903,
0.347239242033059,0.469810483143899,0.610708206366548,0.75442947325323,0.885672333369934,
1.),
.UNSPECIFIED.);
#4891=VERTEX_POINT('',#7220);
#4892=LINE('',#7221,#7222);
#4893=(BOUNDED_CURVE()B_SPLINE_CURVE(3,
(#7224,#7225,#7226,#7227),
.UNSPECIFIED.,.F.,.F.)B_SPLINE_CURVE_WITH_KNOTS((4,4),
(0.,1.),
.UNSPECIFIED.)CURVE()GEOMETRIC_REPRESENTATION_ITEM()RATIONAL_B_SPLINE_CURVE((1.,
0.804737854124365,0.804737854124365,1.))REPRESENTATION_ITEM(''));
#4894=VERTEX_POINT('',#7228);
#4895=CIRCLE('',#7229,1.5);
#4896=B_SPLINE_CURVE_WITH_KNOTS('',3,
(#7233,#7234,#7235,#7236,#7237,#7238,#7239,#7240,#7241,#7242,#7243,#7244,#7245,#7246),
.UNSPECIFIED.,.F.,.F.,
(4,1,1,1,1,1,1,1,1,1,1,4),
(0.,0.0375058009734348,0.0750671168888071,0.112665261020978,0.167181670790449,0.24268834759891,
0.347239242033072,0.469810483143925,0.610708206366581,0.754429473253242,0.885672333369943,
1.),
.UNSPECIFIED.);
#4897=VERTEX_POINT('',#7247);
#4898=LINE('',#7248,#7249);
#4899=VERTEX_POINT('',#7251);
#4900=LINE('',#7252,#7253);
#4901=(BOUNDED_CURVE()B_SPLINE_CURVE(3,
(#7255,#7256,#7257,#7258),
.UNSPECIFIED.,.F.,.F.)B_SPLINE_CURVE_WITH_KNOTS((4,4),
(0.,1.),
.UNSPECIFIED.)CURVE()GEOMETRIC_REPRESENTATION_ITEM()RATIONAL_B_SPLINE_CURVE((1.,
0.804737854124365,0.804737854124365,1.))REPRESENTATION_ITEM(''));
#4902=VERTEX_POINT('',#7259);
#4903=LINE('',#7260,#7261);
#4904=VERTEX_POINT('',#7263);
#4905=(BOUNDED_CURVE()B_SPLINE_CURVE(3,
(#7264,#7265,#7266,#7267),
.UNSPECIFIED.,.F.,.F.)B_SPLINE_CURVE_WITH_KNOTS((4,4),
(0.,1.),
.UNSPECIFIED.)CURVE()GEOMETRIC_REPRESENTATION_ITEM()RATIONAL_B_SPLINE_CURVE((1.,
0.804737854124365,0.804737854124365,1.))REPRESENTATION_ITEM(''));
#4906=VERTEX_POINT('',#7268);
#4907=LINE('',#7269,#7270);
#4908=B_SPLINE_CURVE_WITH_KNOTS('',3,
(#7272,#7273,#7274,#7275,#7276,#7277,#7278,#7279,#7280,#7281,#7282,#7283,#7284,#7285,
#7286,#7287),
.UNSPECIFIED.,.F.,.F.,
(4,1,1,1,1,1,1,1,1,1,1,1,1,4),
(0.,0.0765084689140947,0.152953240705273,0.229346947554326,0.32715230727666,0.438121092817102,
0.5582225583983,0.665643040089954,0.764215136152037,0.841049299440009,0.896493343416765,
0.932972545100355,0.967491032520215,1.),
.UNSPECIFIED.);
#4909=VERTEX_POINT('',#7288);
#4910=CIRCLE('',#7289,1.5);
#4911=B_SPLINE_CURVE_WITH_KNOTS('',3,
(#7293,#7294,#7295,#7296,#7297,#7298,#7299,#7300,#7301,#7302,#7303,#7304,#7305,#7306),
.UNSPECIFIED.,.F.,.F.,
(4,1,1,1,1,1,1,1,1,1,1,4),
(0.,0.0375058009734325,0.0750671168888173,0.112665261020986,0.167181670790445,0.242688347598905,
0.34723924203306,0.469810483143911,0.610708206366558,0.75442947325323,0.885672333369934,
1.),
.UNSPECIFIED.);
#4912=VERTEX_POINT('',#7307);
#4913=LINE('',#7308,#7309);
#4914=VERTEX_POINT('',#7311);
#4915=LINE('',#7312,#7313);
#4916=(BOUNDED_CURVE()B_SPLINE_CURVE(3,
(#7315,#7316,#7317,#7318),
.UNSPECIFIED.,.F.,.F.)B_SPLINE_CURVE_WITH_KNOTS((4,4),
(0.,1.),
.UNSPECIFIED.)CURVE()GEOMETRIC_REPRESENTATION_ITEM()RATIONAL_B_SPLINE_CURVE((1.,
0.804737854124365,0.804737854124365,1.))REPRESENTATION_ITEM(''));
#4917=VERTEX_POINT('',#7319);
#4918=VERTEX_POINT('',#7320);
#4919=LINE('',#7321,#7322);
#4920=VERTEX_POINT('',#7324);
#4921=LINE('',#7325,#7326);
#4922=VERTEX_POINT('',#7328);
#4923=LINE('',#7329,#7330);
#4924=LINE('',#7332,#7333);
#4925=VERTEX_POINT('',#7335);
#4926=VERTEX_POINT('',#7336);
#4927=LINE('',#7337,#7338);
#4928=CIRCLE('',#7340,1.49999999999999);
#4929=VERTEX_POINT('',#7344);
#4930=LINE('',#7345,#7346);
#4931=VERTEX_POINT('',#7348);
#4932=LINE('',#7349,#7350);
#4933=CIRCLE('',#7352,1.5);
#4934=VERTEX_POINT('',#7356);
#4935=LINE('',#7357,#7358);
#4936=VERTEX_POINT('',#7360);
#4937=LINE('',#7361,#7362);
#4938=LINE('',#7364,#7365);
#4939=VERTEX_POINT('',#7367);
#4940=VERTEX_POINT('',#7368);
#4941=LINE('',#7369,#7370);
#4942=CIRCLE('',#7372,1.49999999999999);
#4943=LINE('',#7376,#7377);
#4944=CIRCLE('',#7379,1.5);
#4945=VERTEX_POINT('',#7383);
#4946=VERTEX_POINT('',#7384);
#4947=LINE('',#7385,#7386);
#4948=VERTEX_POINT('',#7388);
#4949=LINE('',#7389,#7390);
#4950=VERTEX_POINT('',#7392);
#4951=LINE('',#7393,#7394);
#4952=LINE('',#7396,#7397);
#4953=VERTEX_POINT('',#7399);
#4954=VERTEX_POINT('',#7400);
#4955=LINE('',#7401,#7402);
#4956=CIRCLE('',#7404,1.49999999999999);
#4957=VERTEX_POINT('',#7408);
#4958=LINE('',#7409,#7410);
#4959=VERTEX_POINT('',#7412);
#4960=LINE('',#7413,#7414);
#4961=CIRCLE('',#7416,1.5);
#4962=VERTEX_POINT('',#7420);
#4963=LINE('',#7421,#7422);
#4964=VERTEX_POINT('',#7424);
#4965=LINE('',#7425,#7426);
#4966=LINE('',#7428,#7429);
#4967=VERTEX_POINT('',#7431);
#4968=VERTEX_POINT('',#7432);
#4969=LINE('',#7433,#7434);
#4970=CIRCLE('',#7436,1.49999999999999);
#4971=LINE('',#7440,#7441);
#4972=CIRCLE('',#7443,1.5);
#4973=VERTEX_POINT('',#7447);
#4974=VERTEX_POINT('',#7448);
#4975=LINE('',#7449,#7450);
#4976=VERTEX_POINT('',#7452);
#4977=LINE('',#7453,#7454);
#4978=VERTEX_POINT('',#7456);
#4979=LINE('',#7457,#7458);
#4980=LINE('',#7460,#7461);
#4981=VERTEX_POINT('',#7463);
#4982=VERTEX_POINT('',#7464);
#4983=LINE('',#7465,#7466);
#4984=CIRCLE('',#7468,1.5);
#4985=VERTEX_POINT('',#7472);
#4986=LINE('',#7473,#7474);
#4987=VERTEX_POINT('',#7476);
#4988=LINE('',#7477,#7478);
#4989=CIRCLE('',#7480,1.5);
#4990=VERTEX_POINT('',#7484);
#4991=LINE('',#7485,#7486);
#4992=VERTEX_POINT('',#7488);
#4993=LINE('',#7489,#7490);
#4994=LINE('',#7492,#7493);
#4995=VERTEX_POINT('',#7495);
#4996=VERTEX_POINT('',#7496);
#4997=LINE('',#7497,#7498);
#4998=CIRCLE('',#7500,1.50000000000001);
#4999=LINE('',#7504,#7505);
#5000=CIRCLE('',#7507,1.5);
#5001=VERTEX_POINT('',#7511);
#5002=VERTEX_POINT('',#7512);
#5003=LINE('',#7513,#7514);
#5004=VERTEX_POINT('',#7516);
#5005=LINE('',#7517,#7518);
#5006=VERTEX_POINT('',#7520);
#5007=LINE('',#7521,#7522);
#5008=LINE('',#7524,#7525);
#5009=VERTEX_POINT('',#7527);
#5010=VERTEX_POINT('',#7528);
#5011=LINE('',#7529,#7530);
#5012=CIRCLE('',#7532,1.5);
#5013=VERTEX_POINT('',#7536);
#5014=LINE('',#7537,#7538);
#5015=VERTEX_POINT('',#7540);
#5016=LINE('',#7541,#7542);
#5017=CIRCLE('',#7544,1.5);
#5018=VERTEX_POINT('',#7548);
#5019=LINE('',#7549,#7550);
#5020=VERTEX_POINT('',#7552);
#5021=LINE('',#7553,#7554);
#5022=LINE('',#7556,#7557);
#5023=VERTEX_POINT('',#7559);
#5024=VERTEX_POINT('',#7560);
#5025=LINE('',#7561,#7562);
#5026=CIRCLE('',#7564,1.5);
#5027=LINE('',#7568,#7569);
#5028=CIRCLE('',#7571,1.5);
#5029=VERTEX_POINT('',#7575);
#5030=VERTEX_POINT('',#7576);
#5031=LINE('',#7577,#7578);
#5032=VERTEX_POINT('',#7580);
#5033=LINE('',#7581,#7582);
#5034=VERTEX_POINT('',#7584);
#5035=LINE('',#7585,#7586);
#5036=LINE('',#7588,#7589);
#5037=VERTEX_POINT('',#7591);
#5038=VERTEX_POINT('',#7592);
#5039=LINE('',#7593,#7594);
#5040=CIRCLE('',#7596,1.5);
#5041=VERTEX_POINT('',#7600);
#5042=LINE('',#7601,#7602);
#5043=VERTEX_POINT('',#7604);
#5044=LINE('',#7605,#7606);
#5045=CIRCLE('',#7608,1.5);
#5046=VERTEX_POINT('',#7612);
#5047=LINE('',#7613,#7614);
#5048=VERTEX_POINT('',#7616);
#5049=LINE('',#7617,#7618);
#5050=LINE('',#7620,#7621);
#5051=VERTEX_POINT('',#7623);
#5052=VERTEX_POINT('',#7624);
#5053=LINE('',#7625,#7626);
#5054=CIRCLE('',#7628,1.5);
#5055=LINE('',#7632,#7633);
#5056=CIRCLE('',#7635,1.5);
#5057=VERTEX_POINT('',#7639);
#5058=VERTEX_POINT('',#7640);
#5059=LINE('',#7641,#7642);
#5060=VERTEX_POINT('',#7644);
#5061=LINE('',#7645,#7646);
#5062=VERTEX_POINT('',#7648);
#5063=LINE('',#7649,#7650);
#5064=LINE('',#7652,#7653);
#5065=VERTEX_POINT('',#7655);
#5066=VERTEX_POINT('',#7656);
#5067=LINE('',#7657,#7658);
#5068=CIRCLE('',#7660,1.5);
#5069=VERTEX_POINT('',#7664);
#5070=LINE('',#7665,#7666);
#5071=VERTEX_POINT('',#7668);
#5072=LINE('',#7669,#7670);
#5073=CIRCLE('',#7672,1.50000000000001);
#5074=VERTEX_POINT('',#7676);
#5075=LINE('',#7677,#7678);
#5076=VERTEX_POINT('',#7680);
#5077=LINE('',#7681,#7682);
#5078=LINE('',#7684,#7685);
#5079=VERTEX_POINT('',#7687);
#5080=VERTEX_POINT('',#7688);
#5081=LINE('',#7689,#7690);
#5082=CIRCLE('',#7692,1.5);
#5083=LINE('',#7696,#7697);
#5084=CIRCLE('',#7699,1.5);
#5085=VERTEX_POINT('',#7703);
#5086=VERTEX_POINT('',#7704);
#5087=LINE('',#7705,#7706);
#5088=VERTEX_POINT('',#7708);
#5089=LINE('',#7709,#7710);
#5090=VERTEX_POINT('',#7712);
#5091=LINE('',#7713,#7714);
#5092=LINE('',#7716,#7717);
#5093=VERTEX_POINT('',#7719);
#5094=VERTEX_POINT('',#7720);
#5095=LINE('',#7721,#7722);
#5096=CIRCLE('',#7724,1.5);
#5097=VERTEX_POINT('',#7728);
#5098=LINE('',#7729,#7730);
#5099=VERTEX_POINT('',#7732);
#5100=LINE('',#7733,#7734);
#5101=CIRCLE('',#7736,1.5);
#5102=VERTEX_POINT('',#7740);
#5103=LINE('',#7741,#7742);
#5104=VERTEX_POINT('',#7744);
#5105=LINE('',#7745,#7746);
#5106=LINE('',#7748,#7749);
#5107=VERTEX_POINT('',#7751);
#5108=VERTEX_POINT('',#7752);
#5109=LINE('',#7753,#7754);
#5110=CIRCLE('',#7756,1.50000000000001);
#5111=LINE('',#7760,#7761);
#5112=CIRCLE('',#7763,1.5);
#5113=VERTEX_POINT('',#7767);
#5114=VERTEX_POINT('',#7768);
#5115=LINE('',#7769,#7770);
#5116=VERTEX_POINT('',#7772);
#5117=LINE('',#7773,#7774);
#5118=VERTEX_POINT('',#7776);
#5119=LINE('',#7777,#7778);
#5120=LINE('',#7780,#7781);
#5121=VERTEX_POINT('',#7783);
#5122=VERTEX_POINT('',#7784);
#5123=LINE('',#7785,#7786);
#5124=CIRCLE('',#7788,1.5);
#5125=VERTEX_POINT('',#7792);
#5126=LINE('',#7793,#7794);
#5127=VERTEX_POINT('',#7796);
#5128=LINE('',#7797,#7798);
#5129=CIRCLE('',#7800,1.5);
#5130=VERTEX_POINT('',#7804);
#5131=LINE('',#7805,#7806);
#5132=VERTEX_POINT('',#7808);
#5133=LINE('',#7809,#7810);
#5134=LINE('',#7812,#7813);
#5135=VERTEX_POINT('',#7815);
#5136=VERTEX_POINT('',#7816);
#5137=LINE('',#7817,#7818);
#5138=CIRCLE('',#7820,1.5);
#5139=LINE('',#7824,#7825);
#5140=CIRCLE('',#7827,1.5);
#5141=VERTEX_POINT('',#7831);
#5142=VERTEX_POINT('',#7832);
#5143=LINE('',#7833,#7834);
#5144=VERTEX_POINT('',#7836);
#5145=LINE('',#7837,#7838);
#5146=VERTEX_POINT('',#7840);
#5147=LINE('',#7841,#7842);
#5148=LINE('',#7844,#7845);
#5149=VERTEX_POINT('',#7847);
#5150=VERTEX_POINT('',#7848);
#5151=LINE('',#7849,#7850);
#5152=CIRCLE('',#7852,1.5);
#5153=VERTEX_POINT('',#7856);
#5154=LINE('',#7857,#7858);
#5155=VERTEX_POINT('',#7860);
#5156=LINE('',#7861,#7862);
#5157=CIRCLE('',#7864,1.5);
#5158=VERTEX_POINT('',#7868);
#5159=LINE('',#7869,#7870);
#5160=VERTEX_POINT('',#7872);
#5161=LINE('',#7873,#7874);
#5162=LINE('',#7876,#7877);
#5163=VERTEX_POINT('',#7879);
#5164=VERTEX_POINT('',#7880);
#5165=LINE('',#7881,#7882);
#5166=CIRCLE('',#7884,1.50000000000001);
#5167=LINE('',#7888,#7889);
#5168=CIRCLE('',#7891,1.5);
#5169=VERTEX_POINT('',#7895);
#5170=VERTEX_POINT('',#7896);
#5171=LINE('',#7897,#7898);
#5172=VERTEX_POINT('',#7900);
#5173=LINE('',#7901,#7902);
#5174=VERTEX_POINT('',#7904);
#5175=LINE('',#7905,#7906);
#5176=LINE('',#7908,#7909);
#5177=VERTEX_POINT('',#7911);
#5178=VERTEX_POINT('',#7912);
#5179=LINE('',#7913,#7914);
#5180=CIRCLE('',#7916,1.5);
#5181=VERTEX_POINT('',#7920);
#5182=LINE('',#7921,#7922);
#5183=VERTEX_POINT('',#7924);
#5184=LINE('',#7925,#7926);
#5185=CIRCLE('',#7928,1.5);
#5186=VERTEX_POINT('',#7932);
#5187=LINE('',#7933,#7934);
#5188=VERTEX_POINT('',#7936);
#5189=LINE('',#7937,#7938);
#5190=LINE('',#7940,#7941);
#5191=VERTEX_POINT('',#7943);
#5192=VERTEX_POINT('',#7944);
#5193=LINE('',#7945,#7946);
#5194=CIRCLE('',#7948,1.5);
#5195=LINE('',#7952,#7953);
#5196=CIRCLE('',#7955,1.5);
#5197=VERTEX_POINT('',#7959);
#5198=VERTEX_POINT('',#7960);
#5199=LINE('',#7961,#7962);
#5200=VERTEX_POINT('',#7964);
#5201=LINE('',#7965,#7966);
#5202=VERTEX_POINT('',#7968);
#5203=LINE('',#7969,#7970);
#5204=LINE('',#7972,#7973);
#5205=VERTEX_POINT('',#7975);
#5206=VERTEX_POINT('',#7976);
#5207=LINE('',#7977,#7978);
#5208=CIRCLE('',#7980,1.5);
#5209=VERTEX_POINT('',#7984);
#5210=LINE('',#7985,#7986);
#5211=VERTEX_POINT('',#7988);
#5212=LINE('',#7989,#7990);
#5213=CIRCLE('',#7992,1.5);
#5214=VERTEX_POINT('',#7996);
#5215=LINE('',#7997,#7998);
#5216=VERTEX_POINT('',#8000);
#5217=LINE('',#8001,#8002);
#5218=LINE('',#8004,#8005);
#5219=VERTEX_POINT('',#8007);
#5220=VERTEX_POINT('',#8008);
#5221=LINE('',#8009,#8010);
#5222=CIRCLE('',#8012,1.5);
#5223=LINE('',#8016,#8017);
#5224=CIRCLE('',#8019,1.5);
#5225=VERTEX_POINT('',#8023);
#5226=LINE('',#8024,#8025);
#5227=CIRCLE('',#8027,0.5);
#5228=VERTEX_POINT('',#8031);
#5229=CIRCLE('',#8032,1.);
#5230=CIRCLE('',#8036,0.5);
#5231=LINE('',#8040,#8041);
#5232=VERTEX_POINT('',#8043);
#5233=LINE('',#8044,#8045);
#5234=VERTEX_POINT('',#8047);
#5235=CIRCLE('',#8048,0.499999999999996);
#5236=VERTEX_POINT('',#8052);
#5237=CIRCLE('',#8053,1.);
#5238=VERTEX_POINT('',#8057);
#5239=LINE('',#8058,#8059);
#5240=LINE('',#8061,#8062);
#5241=LINE('',#8064,#8065);
#5242=LINE('',#8067,#8068);
#5243=LINE('',#8070,#8071);
#5244=VERTEX_POINT('',#8073);
#5245=LINE('',#8074,#8075);
#5246=VERTEX_POINT('',#8077);
#5247=CIRCLE('',#8078,0.499999999999999);
#5248=LINE('',#8082,#8083);
#5249=VERTEX_POINT('',#8085);
#5250=CIRCLE('',#8086,1.);
#5251=(BOUNDED_CURVE()B_SPLINE_CURVE(3,
(#8090,#8091,#8092,#8093),
.UNSPECIFIED.,.F.,.F.)B_SPLINE_CURVE_WITH_KNOTS((4,4),
(0.,1.),
.UNSPECIFIED.)CURVE()GEOMETRIC_REPRESENTATION_ITEM()RATIONAL_B_SPLINE_CURVE((1.,
0.999874498763943,0.999874498763943,1.))REPRESENTATION_ITEM(''));
#5252=VERTEX_POINT('',#8094);
#5253=VERTEX_POINT('',#8095);
#5254=LINE('',#8096,#8097);
#5255=LINE('',#8099,#8100);
#5256=LINE('',#8102,#8103);
#5257=LINE('',#8105,#8106);
#5258=LINE('',#8108,#8109);
#5259=(BOUNDED_CURVE()B_SPLINE_CURVE(3,
(#8111,#8112,#8113,#8114),
.UNSPECIFIED.,.F.,.F.)B_SPLINE_CURVE_WITH_KNOTS((4,4),
(0.,1.),
.UNSPECIFIED.)CURVE()GEOMETRIC_REPRESENTATION_ITEM()RATIONAL_B_SPLINE_CURVE((1.,
0.999874498763943,0.999874498763943,1.))REPRESENTATION_ITEM(''));
#5260=CIRCLE('',#8115,1.5);
#5261=VERTEX_POINT('',#8119);
#5262=LINE('',#8120,#8121);
#5263=LINE('',#8123,#8124);
#5264=LINE('',#8126,#8127);
#5265=LINE('',#8129,#8130);
#5266=LINE('',#8132,#8133);
#5267=LINE('',#8135,#8136);
#5268=VERTEX_POINT('',#8138);
#5269=VERTEX_POINT('',#8139);
#5270=CIRCLE('',#8140,1.5);
#5271=LINE('',#8144,#8145);
#5272=LINE('',#8147,#8148);
#5273=LINE('',#8150,#8151);
#5274=LINE('',#8153,#8154);
#5275=LINE('',#8156,#8157);
#5276=VERTEX_POINT('',#8159);
#5277=LINE('',#8160,#8161);
#5278=LINE('',#8163,#8164);
#5279=VERTEX_POINT('',#8166);
#5280=CIRCLE('',#8167,1.);
#5281=CIRCLE('',#8171,0.5);
#5282=LINE('',#8175,#8176);
#5283=VERTEX_POINT('',#8178);
#5284=CIRCLE('',#8179,0.5);
#5285=LINE('',#8183,#8184);
#5286=VERTEX_POINT('',#8186);
#5287=CIRCLE('',#8187,1.);
#5288=LINE('',#8191,#8192);
#5289=LINE('',#8194,#8195);
#5290=LINE('',#8197,#8198);
#5291=CIRCLE('',#8200,0.5);
#5292=LINE('',#8204,#8205);
#5293=VERTEX_POINT('',#8207);
#5294=CIRCLE('',#8208,0.5);
#5295=LINE('',#8212,#8213);
#5296=VERTEX_POINT('',#8215);
#5297=CIRCLE('',#8216,1.);
#5298=LINE('',#8220,#8221);
#5299=CIRCLE('',#8223,0.5);
#5300=LINE('',#8227,#8228);
#5301=CIRCLE('',#8230,1.5);
#5302=B_SPLINE_CURVE_WITH_KNOTS('',3,
(#8234,#8235,#8236,#8237,#8238,#8239,#8240,#8241,#8242,#8243,#8244,#8245,#8246,#8247,
#8248,#8249,#8250,#8251,#8252,#8253,#8254,#8255,#8256,#8257,#8258,#8259,#8260,#8261,
#8262,#8263,#8264,#8265,#8266,#8267,#8268,#8269,#8270,#8271,#8272,#8273,#8274),
.UNSPECIFIED.,.F.,.F.,
(4,1,1,1,1,1,1,1,1,1,1,1,1,1,1,1,1,1,1,1,1,1,1,1,1,1,1,1,1,1,1,1,1,1,1,1,1,1,4),
(0.,0.0208802305141813,0.0420067560329788,0.0632902798299962,0.0848290960589092,
0.106493881501469,0.128419630779759,0.150495925418198,0.172770922196025,0.195090279241889,
0.217727417231308,0.240624023306656,0.263993038253682,0.28755994818595,0.311712517576333,
0.336244839883081,0.361336133977943,0.386611645674581,0.412383457039375,0.438476000346456,
0.465033671768349,0.491738766122717,0.527810513917768,0.573078547712577,0.618416843411277,
0.654598174439912,0.681597251129223,0.708546110043793,0.735366234971942,0.762103781060408,
0.78872572843822,0.815310381023121,0.841805736640551,0.868248042240713,0.894621022888367,
0.920982871427719,0.9473213459214,0.973659128731326,1.),
.UNSPECIFIED.);
#5303=B_SPLINE_CURVE_WITH_KNOTS('',3,
(#8275,#8276,#8277,#8278,#8279,#8280,#8281,#8282,#8283,#8284,#8285,#8286,#8287,#8288,
#8289,#8290,#8291,#8292,#8293,#8294,#8295,#8296,#8297,#8298,#8299,#8300,#8301,#8302,
#8303,#8304,#8305,#8306,#8307,#8308,#8309,#8310,#8311,#8312,#8313,#8314,#8315),
.UNSPECIFIED.,.F.,.F.,
(4,1,1,1,1,1,1,1,1,1,1,1,1,1,1,1,1,1,1,1,1,1,1,1,1,1,1,1,1,1,1,1,1,1,1,1,1,1,4),
(0.,0.0208802305141822,0.042006756032973,0.0632902798299976,0.0848290960589013,0.106493881501461,
0.128419630779752,0.150495925418188,0.17277092219601,0.195090279241874,0.217727417231291,
0.240624023306641,0.263993038253664,0.287559948185932,0.311712517576319,0.336244839883068,
0.361336133977929,0.386611645674565,0.412383457039359,0.438476000346428,0.465033671768324,
0.491738766122693,0.527810513917746,0.573078547712564,0.618416843411257,0.654598174439883,
0.681597251129199,0.708546110043766,0.735366234971916,0.762103781060388,0.788725728438203,
0.815310381023106,0.841805736640537,0.868248042240697,0.894621022888347,0.920982871427707,
0.947321345921391,0.973659128731315,1.),
.UNSPECIFIED.);
#5304=B_SPLINE_CURVE_WITH_KNOTS('',3,
(#8316,#8317,#8318,#8319,#8320,#8321,#8322,#8323,#8324,#8325,#8326,#8327,#8328,#8329,
#8330,#8331,#8332,#8333,#8334,#8335,#8336,#8337,#8338,#8339,#8340,#8341,#8342,#8343,
#8344,#8345,#8346,#8347,#8348,#8349,#8350,#8351,#8352,#8353,#8354,#8355,#8356),
.UNSPECIFIED.,.F.,.F.,
(4,1,1,1,1,1,1,1,1,1,1,1,1,1,1,1,1,1,1,1,1,1,1,1,1,1,1,1,1,1,1,1,1,1,1,1,1,1,4),
(0.,0.0208802305141815,0.0420067560329774,0.0632902798300001,0.0848290960589115,
0.106493881501478,0.128419630779774,0.150495925418212,0.172770922196045,0.195090279241916,
0.217727417231341,0.2406240233067,0.26399303825373,0.287559948186006,0.311712517576397,
0.336244839883151,0.361336133978019,0.386611645674662,0.412383457039469,0.438476000346551,
0.465033671768459,0.49173876612283,0.527810513917886,0.573078547712706,0.618416843411404,
0.654598174440026,0.681597251129337,0.708546110043901,0.735366234972049,0.762103781060511,
0.788725728438313,0.815310381023202,0.841805736640625,0.868248042240771,0.894621022888411,
0.920982871427755,0.947321345921423,0.973659128731335,1.),
.UNSPECIFIED.);
#5305=B_SPLINE_CURVE_WITH_KNOTS('',3,
(#8357,#8358,#8359,#8360,#8361,#8362,#8363,#8364,#8365,#8366,#8367,#8368,#8369,#8370,
#8371,#8372,#8373,#8374,#8375,#8376,#8377,#8378,#8379,#8380,#8381,#8382,#8383,#8384,
#8385,#8386,#8387,#8388,#8389,#8390,#8391,#8392,#8393,#8394,#8395,#8396,#8397),
.UNSPECIFIED.,.F.,.F.,
(4,1,1,1,1,1,1,1,1,1,1,1,1,1,1,1,1,1,1,1,1,1,1,1,1,1,1,1,1,1,1,1,1,1,1,1,1,1,4),
(0.,0.0208802305141766,0.0420067560329673,0.0632902798299874,0.08482909605889,0.106493881501446,
0.128419630779735,0.150495925418169,0.172770922195996,0.195090279241861,0.217727417231281,
0.240624023306634,0.26399303825366,0.287559948185929,0.311712517576306,0.336244839883058,
0.361336133977917,0.386611645674551,0.412383457039347,0.438476000346422,0.465033671768316,
0.49173876612268,0.527810513917735,0.573078547712546,0.618416843411238,0.654598174439863,
0.681597251129178,0.708546110043745,0.735366234971898,0.762103781060372,0.788725728438184,
0.815310381023085,0.841805736640516,0.868248042240683,0.894621022888333,0.920982871427698,
0.947321345921381,0.973659128731314,1.),
.UNSPECIFIED.);
#5306=B_SPLINE_CURVE_WITH_KNOTS('',3,
(#8398,#8399,#8400,#8401,#8402,#8403,#8404,#8405,#8406,#8407,#8408,#8409,#8410,#8411,
#8412,#8413,#8414,#8415,#8416,#8417,#8418,#8419,#8420,#8421,#8422,#8423,#8424,#8425,
#8426,#8427,#8428,#8429,#8430,#8431,#8432,#8433,#8434,#8435,#8436,#8437,#8438),
.UNSPECIFIED.,.F.,.F.,
(4,1,1,1,1,1,1,1,1,1,1,1,1,1,1,1,1,1,1,1,1,1,1,1,1,1,1,1,1,1,1,1,1,1,1,1,1,1,4),
(0.,0.0208802305141764,0.0420067560329699,0.0632902798299894,0.0848290960588965,
0.106493881501459,0.128419630779751,0.150495925418189,0.172770922196007,0.19509027924187,
0.217727417231294,0.240624023306642,0.263993038253667,0.287559948185937,0.311712517576321,
0.336244839883071,0.361336133977928,0.386611645674567,0.412383457039361,0.438476000346432,
0.465033671768327,0.491738766122695,0.527810513917743,0.573078547712561,0.618416843411254,
0.654598174439882,0.6815972511292,0.708546110043759,0.73536623497191,0.762103781060381,
0.78872572843819,0.815310381023099,0.841805736640531,0.868248042240694,0.894621022888348,
0.920982871427705,0.94732134592139,0.973659128731319,1.),
.UNSPECIFIED.);
#5307=B_SPLINE_CURVE_WITH_KNOTS('',3,
(#8439,#8440,#8441,#8442,#8443,#8444,#8445,#8446,#8447,#8448,#8449,#8450,#8451,#8452,
#8453,#8454,#8455,#8456,#8457,#8458,#8459,#8460,#8461,#8462,#8463,#8464,#8465,#8466,
#8467,#8468,#8469,#8470,#8471,#8472,#8473,#8474,#8475,#8476,#8477,#8478,#8479),
.UNSPECIFIED.,.F.,.F.,
(4,1,1,1,1,1,1,1,1,1,1,1,1,1,1,1,1,1,1,1,1,1,1,1,1,1,1,1,1,1,1,1,1,1,1,1,1,1,4),
(0.,0.0208802305141775,0.0420067560329721,0.0632902798299924,0.0848290960588994,
0.106493881501463,0.128419630779752,0.150495925418193,0.172770922196021,0.195090279241879,
0.217727417231301,0.240624023306655,0.263993038253679,0.287559948185946,0.311712517576332,
0.336244839883079,0.361336133977941,0.386611645674579,0.412383457039374,0.438476000346439,
0.465033671768333,0.491738766122697,0.527810513917753,0.573078547712564,0.618416843411265,
0.654598174439893,0.681597251129203,0.708546110043767,0.735366234971918,0.762103781060387,
0.788725728438201,0.8153103810231,0.841805736640534,0.868248042240696,0.894621022888349,
0.920982871427704,0.947321345921388,0.973659128731319,1.),
.UNSPECIFIED.);
#5308=B_SPLINE_CURVE_WITH_KNOTS('',3,
(#8480,#8481,#8482,#8483,#8484,#8485,#8486,#8487,#8488,#8489,#8490,#8491,#8492,#8493,
#8494,#8495,#8496,#8497,#8498,#8499,#8500,#8501,#8502,#8503,#8504,#8505,#8506,#8507,
#8508,#8509,#8510,#8511,#8512,#8513,#8514,#8515,#8516,#8517,#8518,#8519,#8520),
.UNSPECIFIED.,.F.,.F.,
(4,1,1,1,1,1,1,1,1,1,1,1,1,1,1,1,1,1,1,1,1,1,1,1,1,1,1,1,1,1,1,1,1,1,1,1,1,1,4),
(0.,0.020880230514178,0.0420067560329738,0.0632902798299976,0.0848290960589115,0.10649388150147,
0.128419630779763,0.150495925418207,0.172770922196039,0.195090279241911,0.217727417231341,
0.240624023306697,0.263993038253726,0.287559948185999,0.311712517576388,0.336244839883142,
0.36133613397801,0.386611645674656,0.412383457039455,0.438476000346535,0.465033671768438,
0.491738766122803,0.527810513917866,0.573078547712684,0.618416843411387,0.654598174440014,
0.681597251129323,0.708546110043887,0.735366234972033,0.762103781060492,0.788725728438298,
0.815310381023195,0.841805736640611,0.868248042240766,0.894621022888405,0.920982871427753,
0.947321345921422,0.973659128731334,1.),
.UNSPECIFIED.);
#5309=B_SPLINE_CURVE_WITH_KNOTS('',3,
(#8521,#8522,#8523,#8524,#8525,#8526,#8527,#8528,#8529,#8530,#8531,#8532,#8533,#8534,
#8535,#8536,#8537,#8538,#8539,#8540,#8541,#8542,#8543,#8544,#8545,#8546,#8547,#8548,
#8549,#8550,#8551,#8552,#8553,#8554,#8555,#8556,#8557,#8558,#8559,#8560,#8561),
.UNSPECIFIED.,.F.,.F.,
(4,1,1,1,1,1,1,1,1,1,1,1,1,1,1,1,1,1,1,1,1,1,1,1,1,1,1,1,1,1,1,1,1,1,1,1,1,1,4),
(0.,0.0208802305141793,0.0420067560329691,0.0632902798299893,0.0848290960588928,
0.10649388150145,0.128419630779733,0.150495925418169,0.172770922195994,0.195090279241857,
0.217727417231281,0.24062402330663,0.26399303825365,0.287559948185923,0.311712517576307,
0.336244839883055,0.361336133977909,0.386611645674547,0.412383457039342,0.43847600034642,
0.465033671768316,0.491738766122678,0.527810513917732,0.57307854771254,0.618416843411231,
0.654598174439857,0.681597251129172,0.708546110043737,0.735366234971894,0.76210378106037,
0.788725728438188,0.815310381023084,0.841805736640515,0.868248042240679,0.894621022888331,
0.920982871427696,0.947321345921379,0.973659128731314,1.),
.UNSPECIFIED.);
#5310=B_SPLINE_CURVE_WITH_KNOTS('',3,
(#8562,#8563,#8564,#8565,#8566,#8567,#8568,#8569,#8570,#8571,#8572,#8573,#8574,#8575,
#8576,#8577,#8578,#8579,#8580,#8581,#8582,#8583,#8584,#8585,#8586,#8587,#8588,#8589,
#8590,#8591,#8592,#8593,#8594,#8595,#8596,#8597,#8598,#8599,#8600,#8601,#8602),
.UNSPECIFIED.,.F.,.F.,
(4,1,1,1,1,1,1,1,1,1,1,1,1,1,1,1,1,1,1,1,1,1,1,1,1,1,1,1,1,1,1,1,1,1,1,1,1,1,4),
(0.,0.0208802305141717,0.0420067560329597,0.0632902798299784,0.0848290960588936,
0.106493881501452,0.128419630779743,0.150495925418183,0.172770922196011,0.195090279241878,
0.2177274172313,0.240624023306653,0.263993038253672,0.287559948185948,0.311712517576331,
0.336244839883081,0.36133613397794,0.386611645674581,0.412383457039374,0.438476000346452,
0.465033671768347,0.491738766122707,0.527810513917764,0.573078547712576,0.61841684341127,
0.654598174439895,0.68159725112921,0.708546110043774,0.735366234971927,0.762103781060398,
0.788725728438208,0.815310381023108,0.841805736640537,0.868248042240695,0.894621022888343,
0.920982871427706,0.947321345921388,0.973659128731314,1.),
.UNSPECIFIED.);
#5311=B_SPLINE_CURVE_WITH_KNOTS('',3,
(#8603,#8604,#8605,#8606,#8607,#8608,#8609,#8610,#8611,#8612,#8613,#8614,#8615,#8616,
#8617,#8618,#8619,#8620,#8621,#8622,#8623,#8624,#8625,#8626,#8627,#8628,#8629,#8630,
#8631,#8632,#8633,#8634,#8635,#8636,#8637,#8638,#8639,#8640,#8641,#8642,#8643),
.UNSPECIFIED.,.F.,.F.,
(4,1,1,1,1,1,1,1,1,1,1,1,1,1,1,1,1,1,1,1,1,1,1,1,1,1,1,1,1,1,1,1,1,1,1,1,1,1,4),
(0.,0.0208802305141744,0.0420067560329606,0.0632902798299749,0.0848290960588816,
0.106493881501437,0.128419630779725,0.150495925418165,0.172770922195983,0.195090279241851,
0.217727417231265,0.240624023306614,0.263993038253631,0.287559948185895,0.311712517576274,
0.336244839883019,0.361336133977873,0.386611645674503,0.412383457039289,0.438476000346356,
0.46503367176825,0.491738766122612,0.527810513917656,0.573078547712461,0.618416843411153,
0.654598174439782,0.681597251129098,0.708546110043667,0.735366234971821,0.762103781060295,
0.788725728438115,0.815310381023022,0.841805736640461,0.868248042240633,0.894621022888296,
0.920982871427666,0.947321345921362,0.973659128731305,1.),
.UNSPECIFIED.);
#5312=B_SPLINE_CURVE_WITH_KNOTS('',3,
(#8644,#8645,#8646,#8647,#8648,#8649,#8650,#8651,#8652,#8653,#8654,#8655,#8656,#8657,
#8658,#8659,#8660,#8661,#8662,#8663,#8664,#8665,#8666,#8667,#8668,#8669,#8670,#8671,
#8672,#8673,#8674,#8675,#8676,#8677,#8678,#8679,#8680,#8681,#8682,#8683,#8684),
.UNSPECIFIED.,.F.,.F.,
(4,1,1,1,1,1,1,1,1,1,1,1,1,1,1,1,1,1,1,1,1,1,1,1,1,1,1,1,1,1,1,1,1,1,1,1,1,1,4),
(0.,0.0208802305141786,0.0420067560329744,0.0632902798299969,0.0848290960589071,
0.106493881501471,0.128419630779764,0.150495925418208,0.172770922196038,0.195090279241909,
0.217727417231334,0.240624023306695,0.263993038253726,0.287559948186005,0.3117125175764,
0.336244839883152,0.361336133978016,0.386611645674666,0.412383457039469,0.43847600034655,
0.465033671768454,0.491738766122824,0.527810513917882,0.573078547712699,0.618416843411396,
0.654598174440028,0.681597251129342,0.708546110043902,0.735366234972046,0.762103781060507,
0.788725728438313,0.815310381023206,0.841805736640627,0.868248042240772,0.894621022888412,
0.920982871427756,0.947321345921424,0.973659128731338,1.),
.UNSPECIFIED.);
#5313=B_SPLINE_CURVE_WITH_KNOTS('',3,
(#8685,#8686,#8687,#8688,#8689,#8690,#8691,#8692,#8693,#8694,#8695,#8696,#8697,#8698,
#8699,#8700,#8701,#8702,#8703,#8704,#8705,#8706,#8707,#8708,#8709,#8710,#8711,#8712,
#8713,#8714,#8715,#8716,#8717,#8718,#8719,#8720,#8721,#8722,#8723,#8724,#8725),
.UNSPECIFIED.,.F.,.F.,
(4,1,1,1,1,1,1,1,1,1,1,1,1,1,1,1,1,1,1,1,1,1,1,1,1,1,1,1,1,1,1,1,1,1,1,1,1,1,4),
(0.,0.0208802305141875,0.0420067560329832,0.0632902798300085,0.0848290960589273,
0.106493881501504,0.128419630779801,0.15049592541825,0.172770922196097,0.195090279241976,
0.217727417231408,0.240624023306768,0.263993038253799,0.28755994818608,0.311712517576483,
0.33624483988325,0.361336133978135,0.386611645674789,0.412383457039607,0.438476000346698,
0.465033671768614,0.491738766122991,0.527810513918061,0.573078547712889,0.618416843411595,
0.654598174440227,0.68159725112953,0.708546110044086,0.735366234972222,0.762103781060671,
0.788725728438463,0.815310381023342,0.841805736640747,0.868248042240877,0.894621022888492,
0.920982871427824,0.947321345921469,0.973659128731359,1.),
.UNSPECIFIED.);
#5314=B_SPLINE_CURVE_WITH_KNOTS('',3,
(#8726,#8727,#8728,#8729,#8730,#8731,#8732,#8733,#8734,#8735,#8736,#8737,#8738,#8739,
#8740,#8741,#8742,#8743,#8744,#8745,#8746,#8747,#8748,#8749,#8750,#8751,#8752,#8753,
#8754,#8755,#8756,#8757,#8758,#8759,#8760,#8761,#8762,#8763,#8764,#8765,#8766),
.UNSPECIFIED.,.F.,.F.,
(4,1,1,1,1,1,1,1,1,1,1,1,1,1,1,1,1,1,1,1,1,1,1,1,1,1,1,1,1,1,1,1,1,1,1,1,1,1,4),
(0.,0.0208802305141871,0.0420067560329864,0.0632902798300094,0.0848290960589179,
0.106493881501476,0.128419630779769,0.15049592541821,0.172770922196036,0.195090279241906,
0.217727417231324,0.240624023306678,0.263993038253704,0.287559948185982,0.311712517576369,
0.33624483988312,0.361336133977987,0.386611645674633,0.412383457039421,0.438476000346507,
0.46503367176841,0.491738766122783,0.527810513917841,0.573078547712658,0.618416843411358,
0.654598174439988,0.681597251129296,0.708546110043859,0.735366234972003,0.762103781060468,
0.788725728438279,0.815310381023173,0.841805736640601,0.868248042240752,0.894621022888397,
0.920982871427744,0.947321345921416,0.973659128731331,1.),
.UNSPECIFIED.);
#5315=B_SPLINE_CURVE_WITH_KNOTS('',3,
(#8767,#8768,#8769,#8770,#8771,#8772,#8773,#8774,#8775,#8776,#8777,#8778,#8779,#8780,
#8781,#8782,#8783,#8784,#8785,#8786,#8787,#8788,#8789,#8790,#8791,#8792,#8793,#8794,
#8795,#8796,#8797,#8798,#8799,#8800,#8801,#8802,#8803,#8804,#8805,#8806,#8807),
.UNSPECIFIED.,.F.,.F.,
(4,1,1,1,1,1,1,1,1,1,1,1,1,1,1,1,1,1,1,1,1,1,1,1,1,1,1,1,1,1,1,1,1,1,1,1,1,1,4),
(0.,0.0208802305141778,0.0420067560329698,0.0632902798299946,0.084829096058902,0.106493881501462,
0.128419630779749,0.150495925418192,0.172770922196017,0.195090279241882,0.217727417231294,
0.240624023306648,0.263993038253668,0.287559948185937,0.311712517576325,0.336244839883074,
0.36133613397793,0.386611645674563,0.41238345703936,0.438476000346435,0.465033671768331,
0.491738766122692,0.527810513917755,0.573078547712567,0.618416843411262,0.654598174439888,
0.681597251129202,0.708546110043769,0.735366234971922,0.762103781060385,0.788725728438198,
0.815310381023096,0.841805736640527,0.868248042240692,0.894621022888341,0.920982871427702,
0.947321345921384,0.973659128731314,1.),
.UNSPECIFIED.);
#5316=B_SPLINE_CURVE_WITH_KNOTS('',3,
(#8808,#8809,#8810,#8811,#8812,#8813,#8814,#8815,#8816,#8817,#8818,#8819,#8820,#8821,
#8822,#8823,#8824,#8825,#8826,#8827,#8828,#8829,#8830,#8831,#8832,#8833,#8834,#8835,
#8836,#8837,#8838,#8839,#8840,#8841,#8842,#8843,#8844,#8845,#8846,#8847,#8848),
.UNSPECIFIED.,.F.,.F.,
(4,1,1,1,1,1,1,1,1,1,1,1,1,1,1,1,1,1,1,1,1,1,1,1,1,1,1,1,1,1,1,1,1,1,1,1,1,1,4),
(0.,0.0208802305141851,0.0420067560329787,0.0632902798300019,0.0848290960589133,
0.106493881501475,0.128419630779767,0.150495925418215,0.172770922196045,0.195090279241915,
0.21772741723134,0.240624023306699,0.263993038253727,0.287559948186002,0.311712517576391,
0.336244839883148,0.361336133978011,0.386611645674656,0.412383457039457,0.43847600034654,
0.465033671768441,0.491738766122811,0.52781051391787,0.573078547712687,0.61841684341139,
0.654598174440018,0.681597251129328,0.70854611004389,0.73536623497204,0.762103781060499,
0.788725728438306,0.815310381023197,0.841805736640615,0.868248042240763,0.8946210228884,
0.920982871427749,0.947321345921416,0.973659128731331,1.),
.UNSPECIFIED.);
#5317=B_SPLINE_CURVE_WITH_KNOTS('',3,
(#8849,#8850,#8851,#8852,#8853,#8854,#8855,#8856,#8857,#8858,#8859,#8860,#8861,#8862,
#8863,#8864,#8865,#8866,#8867,#8868,#8869,#8870,#8871,#8872,#8873,#8874,#8875,#8876,
#8877,#8878,#8879,#8880,#8881,#8882,#8883,#8884,#8885,#8886,#8887,#8888,#8889),
.UNSPECIFIED.,.F.,.F.,
(4,1,1,1,1,1,1,1,1,1,1,1,1,1,1,1,1,1,1,1,1,1,1,1,1,1,1,1,1,1,1,1,1,1,1,1,1,1,4),
(0.,0.0208802305141844,0.042006756032985,0.0632902798300122,0.0848290960589243,0.106493881501486,
0.128419630779773,0.15049592541821,0.172770922196039,0.195090279241908,0.217727417231334,
0.240624023306692,0.263993038253718,0.287559948185991,0.311712517576382,0.336244839883138,
0.361336133978003,0.386611645674647,0.412383457039453,0.438476000346534,0.465033671768428,
0.491738766122798,0.527810513917859,0.573078547712678,0.618416843411381,0.65459817444001,
0.681597251129324,0.708546110043882,0.73536623497203,0.762103781060496,0.788725728438299,
0.815310381023192,0.841805736640612,0.868248042240764,0.894621022888402,0.920982871427749,
0.947321345921417,0.973659128731335,1.),
.UNSPECIFIED.);
#5318=B_SPLINE_CURVE_WITH_KNOTS('',3,
(#8890,#8891,#8892,#8893,#8894,#8895,#8896,#8897,#8898,#8899,#8900,#8901,#8902,#8903,
#8904,#8905,#8906,#8907,#8908,#8909,#8910,#8911,#8912,#8913,#8914,#8915,#8916,#8917,
#8918,#8919,#8920,#8921,#8922,#8923,#8924,#8925,#8926,#8927,#8928,#8929,#8930),
.UNSPECIFIED.,.F.,.F.,
(4,1,1,1,1,1,1,1,1,1,1,1,1,1,1,1,1,1,1,1,1,1,1,1,1,1,1,1,1,1,1,1,1,1,1,1,1,1,4),
(0.,0.0208802305141804,0.0420067560329702,0.0632902798299912,0.0848290960588962,
0.106493881501457,0.128419630779747,0.150495925418183,0.172770922196017,0.195090279241885,
0.217727417231308,0.240624023306664,0.263993038253694,0.287559948185966,0.311712517576354,
0.336244839883111,0.361336133977979,0.386611645674621,0.412383457039416,0.438476000346495,
0.465033671768394,0.491738766122759,0.527810513917816,0.573078547712632,0.618416843411323,
0.654598174439951,0.681597251129262,0.708546110043827,0.735366234971973,0.762103781060447,
0.788725728438254,0.815310381023149,0.841805736640571,0.868248042240726,0.89462102288837,
0.920982871427727,0.947321345921398,0.973659128731323,1.),
.UNSPECIFIED.);
#5319=B_SPLINE_CURVE_WITH_KNOTS('',3,
(#8931,#8932,#8933,#8934,#8935,#8936,#8937,#8938,#8939,#8940,#8941,#8942,#8943,#8944,
#8945,#8946,#8947,#8948,#8949,#8950,#8951,#8952,#8953,#8954,#8955,#8956,#8957,#8958,
#8959,#8960,#8961,#8962,#8963,#8964,#8965,#8966,#8967,#8968,#8969,#8970,#8971),
.UNSPECIFIED.,.F.,.F.,
(4,1,1,1,1,1,1,1,1,1,1,1,1,1,1,1,1,1,1,1,1,1,1,1,1,1,1,1,1,1,1,1,1,1,1,1,1,1,4),
(0.,0.0208802305141816,0.0420067560329711,0.0632902798299922,0.0848290960589012,
0.10649388150146,0.128419630779751,0.150495925418186,0.17277092219601,0.195090279241874,
0.217727417231286,0.240624023306636,0.263993038253654,0.287559948185925,0.311712517576306,
0.336244839883055,0.361336133977916,0.386611645674555,0.412383457039347,0.438476000346415,
0.465033671768309,0.491738766122667,0.527810513917723,0.573078547712536,0.61841684341123,
0.654598174439858,0.681597251129172,0.708546110043737,0.735366234971888,0.762103781060358,
0.788725728438172,0.815310381023075,0.841805736640507,0.868248042240676,0.894621022888328,
0.920982871427691,0.947321345921379,0.973659128731313,1.),
.UNSPECIFIED.);
#5320=B_SPLINE_CURVE_WITH_KNOTS('',3,
(#8972,#8973,#8974,#8975,#8976,#8977,#8978,#8979,#8980,#8981,#8982,#8983,#8984,#8985,
#8986,#8987,#8988,#8989,#8990,#8991,#8992,#8993,#8994,#8995,#8996,#8997,#8998,#8999,
#9000,#9001,#9002,#9003,#9004,#9005,#9006,#9007,#9008,#9009,#9010,#9011,#9012),
.UNSPECIFIED.,.F.,.F.,
(4,1,1,1,1,1,1,1,1,1,1,1,1,1,1,1,1,1,1,1,1,1,1,1,1,1,1,1,1,1,1,1,1,1,1,1,1,1,4),
(0.,0.020880230514175,0.0420067560329696,0.0632902798299888,0.0848290960588944,0.106493881501454,
0.128419630779738,0.150495925418177,0.172770922196007,0.195090279241869,0.217727417231289,
0.240624023306638,0.263993038253663,0.287559948185932,0.311712517576311,0.336244839883056,
0.361336133977909,0.386611645674547,0.412383457039342,0.438476000346416,0.465033671768317,
0.491738766122681,0.527810513917732,0.573078547712543,0.618416843411234,0.654598174439862,
0.681597251129174,0.708546110043742,0.735366234971892,0.762103781060364,0.78872572843818,
0.815310381023081,0.841805736640513,0.86824804224068,0.894621022888334,0.920982871427699,
0.947321345921379,0.973659128731312,1.),
.UNSPECIFIED.);
#5321=B_SPLINE_CURVE_WITH_KNOTS('',3,
(#9013,#9014,#9015,#9016,#9017,#9018,#9019,#9020,#9021,#9022,#9023,#9024,#9025,#9026,
#9027,#9028,#9029,#9030,#9031,#9032,#9033,#9034,#9035,#9036,#9037,#9038,#9039,#9040,
#9041,#9042,#9043,#9044,#9045,#9046,#9047,#9048,#9049,#9050,#9051,#9052,#9053),
.UNSPECIFIED.,.F.,.F.,
(4,1,1,1,1,1,1,1,1,1,1,1,1,1,1,1,1,1,1,1,1,1,1,1,1,1,1,1,1,1,1,1,1,1,1,1,1,1,4),
(0.,0.0208802305141797,0.0420067560329765,0.0632902798299969,0.0848290960589067,
0.10649388150147,0.128419630779762,0.150495925418203,0.172770922196034,0.195090279241909,
0.217727417231333,0.240624023306692,0.263993038253723,0.287559948185997,0.311712517576386,
0.336244839883143,0.361336133978009,0.386611645674649,0.412383457039454,0.438476000346532,
0.465033671768438,0.491738766122815,0.527810513917868,0.573078547712691,0.618416843411383,
0.654598174440014,0.681597251129326,0.708546110043884,0.735366234972035,0.762103781060498,
0.788725728438303,0.815310381023196,0.841805736640618,0.868248042240767,0.894621022888405,
0.920982871427753,0.94732134592142,0.973659128731333,1.),
.UNSPECIFIED.);
#5322=B_SPLINE_CURVE_WITH_KNOTS('',3,
(#9054,#9055,#9056,#9057,#9058,#9059,#9060,#9061,#9062,#9063,#9064,#9065,#9066,#9067,
#9068,#9069,#9070,#9071,#9072,#9073,#9074,#9075,#9076,#9077,#9078,#9079,#9080,#9081,
#9082,#9083,#9084,#9085,#9086,#9087,#9088,#9089,#9090,#9091,#9092,#9093,#9094),
.UNSPECIFIED.,.F.,.F.,
(4,1,1,1,1,1,1,1,1,1,1,1,1,1,1,1,1,1,1,1,1,1,1,1,1,1,1,1,1,1,1,1,1,1,1,1,1,1,4),
(0.,0.0208802305141821,0.0420067560329791,0.0632902798299986,0.0848290960589089,
0.106493881501469,0.128419630779767,0.150495925418209,0.172770922196042,0.195090279241915,
0.21772741723134,0.240624023306697,0.263993038253728,0.287559948186004,0.311712517576393,
0.336244839883145,0.36133613397801,0.386611645674657,0.412383457039456,0.438476000346541,
0.465033671768446,0.491738766122822,0.527810513917886,0.573078547712705,0.618416843411404,
0.654598174440027,0.68159725112934,0.708546110043903,0.735366234972045,0.762103781060505,
0.788725728438311,0.815310381023201,0.84180573664062,0.868248042240772,0.89462102288841,
0.920982871427758,0.947321345921424,0.973659128731335,1.),
.UNSPECIFIED.);
#5323=B_SPLINE_CURVE_WITH_KNOTS('',3,
(#9095,#9096,#9097,#9098,#9099,#9100,#9101,#9102,#9103,#9104,#9105,#9106,#9107,#9108,
#9109,#9110,#9111,#9112,#9113,#9114,#9115,#9116,#9117,#9118,#9119,#9120,#9121,#9122,
#9123,#9124,#9125,#9126,#9127,#9128,#9129,#9130,#9131,#9132,#9133,#9134,#9135),
.UNSPECIFIED.,.F.,.F.,
(4,1,1,1,1,1,1,1,1,1,1,1,1,1,1,1,1,1,1,1,1,1,1,1,1,1,1,1,1,1,1,1,1,1,1,1,1,1,4),
(0.,0.0208802305141815,0.0420067560329757,0.0632902798299969,0.0848290960589094,
0.106493881501475,0.128419630779773,0.150495925418213,0.172770922196039,0.195090279241912,
0.217727417231338,0.240624023306693,0.263993038253719,0.287559948185995,0.311712517576383,
0.336244839883135,0.361336133978003,0.386611645674652,0.412383457039455,0.43847600034654,
0.465033671768448,0.491738766122818,0.527810513917875,0.573078547712695,0.618416843411397,
0.654598174440021,0.681597251129334,0.708546110043894,0.735366234972039,0.762103781060504,
0.788725728438305,0.815310381023193,0.841805736640609,0.868248042240755,0.894621022888396,
0.920982871427746,0.947321345921416,0.973659128731331,1.),
.UNSPECIFIED.);
#5324=B_SPLINE_CURVE_WITH_KNOTS('',3,
(#9136,#9137,#9138,#9139,#9140,#9141,#9142,#9143,#9144,#9145,#9146,#9147,#9148,#9149,
#9150,#9151,#9152,#9153,#9154,#9155,#9156,#9157,#9158,#9159,#9160,#9161,#9162,#9163,
#9164,#9165,#9166,#9167,#9168,#9169,#9170,#9171,#9172,#9173,#9174,#9175,#9176),
.UNSPECIFIED.,.F.,.F.,
(4,1,1,1,1,1,1,1,1,1,1,1,1,1,1,1,1,1,1,1,1,1,1,1,1,1,1,1,1,1,1,1,1,1,1,1,1,1,4),
(0.,0.0208802305141853,0.0420067560329828,0.0632902798300058,0.0848290960589179,
0.106493881501479,0.12841963077977,0.150495925418213,0.17277092219604,0.195090279241913,
0.21772741723134,0.240624023306698,0.26399303825373,0.287559948186011,0.311712517576398,
0.336244839883155,0.361336133978018,0.386611645674667,0.41238345703947,0.438476000346557,
0.465033671768466,0.491738766122832,0.527810513917896,0.573078547712714,0.618416843411414,
0.654598174440046,0.68159725112936,0.708546110043922,0.735366234972063,0.762103781060527,
0.788725728438331,0.815310381023222,0.841805736640641,0.868248042240786,0.894621022888421,
0.920982871427764,0.947321345921432,0.97365912873134,1.),
.UNSPECIFIED.);
#5325=B_SPLINE_CURVE_WITH_KNOTS('',3,
(#9177,#9178,#9179,#9180,#9181,#9182,#9183,#9184,#9185,#9186,#9187,#9188,#9189,#9190,
#9191,#9192,#9193,#9194,#9195,#9196,#9197,#9198,#9199,#9200,#9201,#9202,#9203,#9204,
#9205,#9206,#9207,#9208,#9209,#9210,#9211,#9212,#9213,#9214,#9215,#9216,#9217),
.UNSPECIFIED.,.F.,.F.,
(4,1,1,1,1,1,1,1,1,1,1,1,1,1,1,1,1,1,1,1,1,1,1,1,1,1,1,1,1,1,1,1,1,1,1,1,1,1,4),
(0.,0.0208802305141844,0.0420067560329752,0.0632902798299981,0.0848290960589109,
0.10649388150148,0.128419630779782,0.150495925418221,0.172770922196052,0.19509027924193,
0.217727417231359,0.240624023306717,0.263993038253746,0.28755994818602,0.311712517576409,
0.33624483988317,0.361336133978038,0.386611645674689,0.412383457039495,0.438476000346584,
0.465033671768489,0.49173876612286,0.527810513917925,0.573078547712747,0.618416843411448,
0.654598174440077,0.681597251129389,0.708546110043948,0.735366234972091,0.762103781060557,
0.788725728438357,0.815310381023244,0.841805736640658,0.868248042240799,0.894621022888432,
0.920982871427772,0.947321345921434,0.973659128731338,1.),
.UNSPECIFIED.);
#5326=B_SPLINE_CURVE_WITH_KNOTS('',3,
(#9218,#9219,#9220,#9221,#9222,#9223,#9224,#9225,#9226,#9227,#9228,#9229,#9230,#9231,
#9232,#9233,#9234,#9235,#9236,#9237,#9238,#9239,#9240,#9241,#9242,#9243,#9244,#9245,
#9246,#9247,#9248,#9249,#9250,#9251,#9252,#9253,#9254,#9255,#9256,#9257,#9258),
.UNSPECIFIED.,.F.,.F.,
(4,1,1,1,1,1,1,1,1,1,1,1,1,1,1,1,1,1,1,1,1,1,1,1,1,1,1,1,1,1,1,1,1,1,1,1,1,1,4),
(0.,0.0208802305141784,0.0420067560329718,0.0632902798299955,0.0848290960589045,
0.106493881501469,0.128419630779762,0.150495925418202,0.172770922196032,0.195090279241902,
0.217727417231322,0.240624023306674,0.263993038253703,0.287559948185984,0.311712517576379,
0.336244839883131,0.361336133977995,0.386611645674635,0.412383457039434,0.438476000346517,
0.465033671768424,0.491738766122792,0.527810513917848,0.573078547712667,0.618416843411365,
0.654598174439996,0.681597251129307,0.70854611004387,0.735366234972014,0.762103781060478,
0.788725728438287,0.815310381023179,0.841805736640597,0.868248042240747,0.894621022888385,
0.920982871427741,0.947321345921416,0.973659128731332,1.),
.UNSPECIFIED.);
#5327=B_SPLINE_CURVE_WITH_KNOTS('',3,
(#9259,#9260,#9261,#9262,#9263,#9264,#9265,#9266,#9267,#9268,#9269,#9270,#9271,#9272,
#9273,#9274,#9275,#9276,#9277,#9278,#9279,#9280,#9281,#9282,#9283,#9284,#9285,#9286,
#9287,#9288,#9289,#9290,#9291,#9292,#9293,#9294,#9295,#9296,#9297,#9298,#9299),
.UNSPECIFIED.,.F.,.F.,
(4,1,1,1,1,1,1,1,1,1,1,1,1,1,1,1,1,1,1,1,1,1,1,1,1,1,1,1,1,1,1,1,1,1,1,1,1,1,4),
(0.,0.0208802305141816,0.0420067560329752,0.0632902798299945,0.0848290960589008,
0.10649388150146,0.128419630779751,0.150495925418186,0.172770922196011,0.195090279241876,
0.217727417231296,0.240624023306647,0.263993038253671,0.287559948185949,0.311712517576334,
0.33624483988308,0.361336133977938,0.386611645674576,0.412383457039367,0.438476000346442,
0.465033671768343,0.491738766122711,0.527810513917762,0.573078547712571,0.618416843411268,
0.654598174439894,0.68159725112921,0.708546110043773,0.735366234971925,0.762103781060397,
0.788725728438211,0.815310381023111,0.841805736640538,0.868248042240697,0.894621022888348,
0.920982871427708,0.947321345921391,0.97365912873132,1.),
.UNSPECIFIED.);
#5328=B_SPLINE_CURVE_WITH_KNOTS('',3,
(#9300,#9301,#9302,#9303,#9304,#9305,#9306,#9307,#9308,#9309,#9310,#9311,#9312,#9313,
#9314,#9315,#9316,#9317,#9318,#9319,#9320,#9321,#9322,#9323,#9324,#9325,#9326,#9327,
#9328,#9329,#9330,#9331,#9332,#9333,#9334,#9335,#9336,#9337,#9338,#9339,#9340),
.UNSPECIFIED.,.F.,.F.,
(4,1,1,1,1,1,1,1,1,1,1,1,1,1,1,1,1,1,1,1,1,1,1,1,1,1,1,1,1,1,1,1,1,1,1,1,1,1,4),
(0.,0.0208802305141752,0.0420067560329694,0.0632902798299962,0.0848290960589084,
0.106493881501472,0.128419630779767,0.150495925418217,0.172770922196053,0.195090279241932,
0.217727417231362,0.240624023306725,0.263993038253754,0.287559948186032,0.311712517576431,
0.336244839883196,0.361336133978075,0.386611645674729,0.412383457039538,0.438476000346621,
0.465033671768528,0.491738766122898,0.527810513917963,0.573078547712785,0.618416843411488,
0.654598174440116,0.681597251129425,0.708546110043986,0.735366234972129,0.762103781060588,
0.788725728438385,0.815310381023267,0.841805736640676,0.868248042240816,0.89462102288845,
0.920982871427785,0.947321345921442,0.973659128731345,1.),
.UNSPECIFIED.);
#5329=B_SPLINE_CURVE_WITH_KNOTS('',3,
(#9341,#9342,#9343,#9344,#9345,#9346,#9347,#9348,#9349,#9350,#9351,#9352,#9353,#9354,
#9355,#9356,#9357,#9358,#9359,#9360,#9361,#9362,#9363,#9364,#9365,#9366,#9367,#9368,
#9369,#9370,#9371,#9372,#9373,#9374,#9375,#9376,#9377,#9378,#9379,#9380,#9381),
.UNSPECIFIED.,.F.,.F.,
(4,1,1,1,1,1,1,1,1,1,1,1,1,1,1,1,1,1,1,1,1,1,1,1,1,1,1,1,1,1,1,1,1,1,1,1,1,1,4),
(0.,0.0208802305141873,0.0420067560329839,0.063290279830017,0.0848290960589248,0.106493881501491,
0.128419630779783,0.150495925418233,0.172770922196073,0.195090279241958,0.217727417231394,
0.240624023306757,0.263993038253787,0.287559948186071,0.311712517576469,0.336244839883235,
0.36133613397811,0.386611645674765,0.412383457039572,0.438476000346662,0.465033671768576,
0.491738766122952,0.52781051391802,0.573078547712846,0.618416843411549,0.654598174440177,
0.681597251129488,0.708546110044047,0.735366234972183,0.762103781060645,0.78872572843844,
0.815310381023321,0.841805736640727,0.86824804224086,0.894621022888481,0.92098287142781,
0.947321345921462,0.973659128731354,1.),
.UNSPECIFIED.);
#5330=B_SPLINE_CURVE_WITH_KNOTS('',3,
(#9382,#9383,#9384,#9385,#9386,#9387,#9388,#9389,#9390,#9391,#9392,#9393,#9394,#9395,
#9396,#9397,#9398,#9399,#9400,#9401,#9402,#9403,#9404,#9405,#9406,#9407,#9408,#9409,
#9410,#9411,#9412,#9413,#9414,#9415,#9416,#9417,#9418,#9419,#9420,#9421,#9422),
.UNSPECIFIED.,.F.,.F.,
(4,1,1,1,1,1,1,1,1,1,1,1,1,1,1,1,1,1,1,1,1,1,1,1,1,1,1,1,1,1,1,1,1,1,1,1,1,1,4),
(0.,0.0208802305141759,0.042006756032968,0.063290279829987,0.0848290960588961,0.106493881501456,
0.128419630779752,0.150495925418188,0.172770922196019,0.195090279241888,0.21772741723131,
0.24062402330666,0.263993038253691,0.28755994818597,0.311712517576362,0.33624483988312,
0.361336133977985,0.386611645674629,0.41238345703943,0.438476000346511,0.46503367176841,
0.491738766122782,0.527810513917842,0.573078547712663,0.618416843411362,0.654598174439994,
0.681597251129307,0.708546110043871,0.735366234972012,0.762103781060474,0.788725728438283,
0.815310381023175,0.841805736640599,0.868248042240747,0.894621022888386,0.920982871427738,
0.947321345921414,0.973659128731326,1.),
.UNSPECIFIED.);
#5331=B_SPLINE_CURVE_WITH_KNOTS('',3,
(#9423,#9424,#9425,#9426,#9427,#9428,#9429,#9430,#9431,#9432,#9433,#9434,#9435,#9436,
#9437,#9438,#9439,#9440,#9441,#9442,#9443,#9444,#9445,#9446,#9447,#9448,#9449,#9450,
#9451,#9452,#9453,#9454,#9455,#9456,#9457,#9458,#9459,#9460,#9461,#9462,#9463),
.UNSPECIFIED.,.F.,.F.,
(4,1,1,1,1,1,1,1,1,1,1,1,1,1,1,1,1,1,1,1,1,1,1,1,1,1,1,1,1,1,1,1,1,1,1,1,1,1,4),
(0.,0.0208802305141773,0.0420067560329691,0.0632902798299847,0.0848290960588909,
0.106493881501454,0.12841963077974,0.150495925418181,0.172770922196011,0.195090279241875,
0.217727417231296,0.240624023306649,0.263993038253672,0.287559948185945,0.311712517576332,
0.336244839883082,0.361336133977943,0.386611645674581,0.412383457039374,0.438476000346448,
0.465033671768343,0.491738766122706,0.527810513917761,0.573078547712569,0.618416843411266,
0.654598174439897,0.681597251129208,0.708546110043775,0.735366234971925,0.7621037810604,
0.788725728438213,0.815310381023114,0.841805736640546,0.868248042240704,0.894621022888354,
0.920982871427714,0.947321345921396,0.973659128731321,1.),
.UNSPECIFIED.);
#5332=B_SPLINE_CURVE_WITH_KNOTS('',3,
(#9464,#9465,#9466,#9467,#9468,#9469,#9470,#9471,#9472,#9473,#9474,#9475,#9476,#9477,
#9478,#9479,#9480,#9481,#9482,#9483,#9484,#9485,#9486,#9487,#9488,#9489,#9490,#9491,
#9492,#9493,#9494,#9495,#9496,#9497,#9498,#9499,#9500,#9501,#9502,#9503,#9504),
.UNSPECIFIED.,.F.,.F.,
(4,1,1,1,1,1,1,1,1,1,1,1,1,1,1,1,1,1,1,1,1,1,1,1,1,1,1,1,1,1,1,1,1,1,1,1,1,1,4),
(0.,0.020880230514181,0.0420067560329742,0.0632902798299977,0.0848290960589074,0.106493881501471,
0.128419630779769,0.150495925418209,0.172770922196038,0.19509027924191,0.217727417231335,
0.240624023306691,0.263993038253714,0.28755994818599,0.311712517576377,0.336244839883133,
0.361336133977996,0.386611645674643,0.412383457039441,0.438476000346531,0.465033671768434,
0.491738766122805,0.527810513917865,0.573078547712686,0.618416843411384,0.654598174440014,
0.681597251129324,0.708546110043889,0.735366234972033,0.762103781060493,0.788725728438298,
0.815310381023191,0.841805736640615,0.868248042240764,0.894621022888402,0.920982871427749,
0.947321345921419,0.973659128731332,1.),
.UNSPECIFIED.);
#5333=B_SPLINE_CURVE_WITH_KNOTS('',3,
(#9505,#9506,#9507,#9508,#9509,#9510,#9511,#9512,#9513,#9514,#9515,#9516,#9517,#9518,
#9519,#9520,#9521,#9522,#9523,#9524,#9525,#9526,#9527,#9528,#9529,#9530,#9531,#9532,
#9533,#9534,#9535,#9536,#9537,#9538,#9539,#9540,#9541,#9542,#9543,#9544,#9545),
.UNSPECIFIED.,.F.,.F.,
(4,1,1,1,1,1,1,1,1,1,1,1,1,1,1,1,1,1,1,1,1,1,1,1,1,1,1,1,1,1,1,1,1,1,1,1,1,1,4),
(0.,0.0208802305141836,0.0420067560329836,0.0632902798300068,0.0848290960589143,
0.106493881501472,0.128419630779761,0.150495925418203,0.172770922196027,0.195090279241902,
0.217727417231324,0.240624023306679,0.263993038253703,0.28755994818598,0.311712517576369,
0.336244839883123,0.361336133977983,0.386611645674626,0.412383457039425,0.438476000346507,
0.465033671768406,0.491738766122781,0.527810513917833,0.573078547712649,0.618416843411347,
0.654598174439969,0.681597251129285,0.708546110043852,0.735366234971997,0.762103781060463,
0.788725728438272,0.815310381023167,0.841805736640589,0.868248042240745,0.894621022888382,
0.920982871427732,0.947321345921404,0.973659128731327,1.),
.UNSPECIFIED.);
#5334=B_SPLINE_CURVE_WITH_KNOTS('',3,
(#9546,#9547,#9548,#9549,#9550,#9551,#9552,#9553,#9554,#9555,#9556,#9557,#9558,#9559,
#9560,#9561,#9562,#9563,#9564,#9565,#9566,#9567,#9568,#9569,#9570,#9571,#9572,#9573,
#9574,#9575,#9576,#9577,#9578,#9579,#9580,#9581,#9582,#9583,#9584,#9585,#9586),
.UNSPECIFIED.,.F.,.F.,
(4,1,1,1,1,1,1,1,1,1,1,1,1,1,1,1,1,1,1,1,1,1,1,1,1,1,1,1,1,1,1,1,1,1,1,1,1,1,4),
(0.,0.0208802305141766,0.0420067560329731,0.0632902798299914,0.0848290960588974,
0.106493881501459,0.128419630779753,0.150495925418195,0.172770922196031,0.195090279241904,
0.217727417231328,0.240624023306686,0.263993038253714,0.287559948185994,0.311712517576389,
0.336244839883148,0.361336133978007,0.386611645674653,0.412383457039451,0.438476000346533,
0.465033671768439,0.491738766122809,0.527810513917863,0.573078547712682,0.618416843411383,
0.654598174440004,0.681597251129324,0.708546110043885,0.73536623497203,0.762103781060493,
0.788725728438303,0.815310381023194,0.84180573664061,0.868248042240762,0.894621022888402,
0.92098287142775,0.947321345921422,0.973659128731336,1.),
.UNSPECIFIED.);
#5335=B_SPLINE_CURVE_WITH_KNOTS('',3,
(#9587,#9588,#9589,#9590,#9591,#9592,#9593,#9594,#9595,#9596,#9597,#9598,#9599,#9600,
#9601,#9602,#9603,#9604,#9605,#9606,#9607,#9608,#9609,#9610,#9611,#9612,#9613,#9614,
#9615,#9616,#9617,#9618,#9619,#9620,#9621,#9622,#9623,#9624,#9625,#9626,#9627),
.UNSPECIFIED.,.F.,.F.,
(4,1,1,1,1,1,1,1,1,1,1,1,1,1,1,1,1,1,1,1,1,1,1,1,1,1,1,1,1,1,1,1,1,1,1,1,1,1,4),
(0.,0.0208802305141768,0.0420067560329678,0.0632902798299845,0.0848290960588936,
0.106493881501452,0.128419630779743,0.150495925418184,0.172770922196006,0.195090279241876,
0.217727417231288,0.240624023306638,0.263993038253667,0.287559948185933,0.311712517576313,
0.336244839883055,0.36133613397791,0.386611645674551,0.412383457039343,0.438476000346419,
0.465033671768319,0.491738766122686,0.527810513917741,0.57307854771255,0.618416843411246,
0.654598174439875,0.68159725112919,0.708546110043755,0.735366234971905,0.762103781060375,
0.788725728438191,0.815310381023098,0.841805736640529,0.868248042240693,0.894621022888344,
0.920982871427704,0.947321345921387,0.973659128731318,1.),
.UNSPECIFIED.);
#5336=B_SPLINE_CURVE_WITH_KNOTS('',3,
(#9628,#9629,#9630,#9631,#9632,#9633,#9634,#9635,#9636,#9637,#9638,#9639,#9640,#9641,
#9642,#9643,#9644,#9645,#9646,#9647,#9648,#9649,#9650,#9651,#9652,#9653,#9654,#9655,
#9656,#9657,#9658,#9659,#9660,#9661,#9662,#9663,#9664,#9665,#9666,#9667,#9668),
.UNSPECIFIED.,.F.,.F.,
(4,1,1,1,1,1,1,1,1,1,1,1,1,1,1,1,1,1,1,1,1,1,1,1,1,1,1,1,1,1,1,1,1,1,1,1,1,1,4),
(0.,0.0208802305141798,0.0420067560329772,0.0632902798299999,0.0848290960589114,
0.106493881501479,0.128419630779774,0.150495925418226,0.172770922196063,0.195090279241938,
0.217727417231361,0.240624023306717,0.263993038253746,0.287559948186025,0.311712517576421,
0.336244839883187,0.361336133978061,0.386611645674714,0.412383457039525,0.438476000346607,
0.465033671768513,0.491738766122885,0.527810513917945,0.573078547712767,0.618416843411471,
0.654598174440105,0.681597251129415,0.708546110043977,0.735366234972117,0.762103781060573,
0.788725728438371,0.815310381023257,0.841805736640668,0.86824804224081,0.894621022888442,
0.920982871427779,0.947321345921438,0.973659128731342,1.),
.UNSPECIFIED.);
#5337=B_SPLINE_CURVE_WITH_KNOTS('',3,
(#9669,#9670,#9671,#9672,#9673,#9674,#9675,#9676,#9677,#9678,#9679,#9680,#9681,#9682,
#9683,#9684,#9685,#9686,#9687,#9688,#9689,#9690,#9691,#9692,#9693,#9694,#9695,#9696,
#9697,#9698,#9699,#9700,#9701,#9702,#9703,#9704,#9705,#9706,#9707,#9708,#9709),
.UNSPECIFIED.,.F.,.F.,
(4,1,1,1,1,1,1,1,1,1,1,1,1,1,1,1,1,1,1,1,1,1,1,1,1,1,1,1,1,1,1,1,1,1,1,1,1,1,4),
(0.,0.020880230514178,0.042006756032977,0.0632902798300026,0.0848290960589178,0.10649388150147,
0.128419630779768,0.150495925418212,0.172770922196045,0.195090279241923,0.217727417231346,
0.240624023306708,0.26399303825374,0.28755994818602,0.311712517576404,0.336244839883165,
0.361336133978029,0.386611645674677,0.412383457039477,0.438476000346563,0.465033671768471,
0.491738766122845,0.527810513917913,0.573078547712734,0.618416843411436,0.654598174440066,
0.681597251129374,0.708546110043933,0.735366234972072,0.762103781060531,0.788725728438333,
0.815310381023221,0.841805736640637,0.868248042240788,0.894621022888423,0.920982871427765,
0.94732134592143,0.97365912873134,1.),
.UNSPECIFIED.);
#5338=B_SPLINE_CURVE_WITH_KNOTS('',3,
(#9710,#9711,#9712,#9713,#9714,#9715,#9716,#9717,#9718,#9719,#9720,#9721,#9722,#9723,
#9724,#9725,#9726,#9727,#9728,#9729,#9730,#9731,#9732,#9733,#9734,#9735,#9736,#9737,
#9738,#9739,#9740,#9741,#9742,#9743,#9744,#9745,#9746,#9747,#9748,#9749,#9750),
.UNSPECIFIED.,.F.,.F.,
(4,1,1,1,1,1,1,1,1,1,1,1,1,1,1,1,1,1,1,1,1,1,1,1,1,1,1,1,1,1,1,1,1,1,1,1,1,1,4),
(0.,0.020880229973649,0.0420067518466272,0.0632902733257801,0.0848290868494667,0.106493869770453,
0.128419616317305,0.150495908178091,0.172770902119018,0.195090256268922,0.217727391264059,
0.240623994160431,0.263993005790311,0.287559912289638,0.311712477848642,0.336244795820472,
0.36133608561366,0.386611592942316,0.41238339961953,0.438475938603742,0.465033605950986,
0.491738696355988,0.527810439678268,0.573078468983738,0.618416762712147,0.654598092995269,
0.681597171342085,0.708546032512389,0.735366161002709,0.76210371133313,0.788725663952554,
0.815310322220578,0.841805684568778,0.868247997555299,0.894620986447873,0.920982843429163,
0.947321326841096,0.973659119017026,1.),
.UNSPECIFIED.);
#5339=B_SPLINE_CURVE_WITH_KNOTS('',3,
(#9751,#9752,#9753,#9754,#9755,#9756,#9757,#9758,#9759,#9760,#9761,#9762,#9763,#9764,
#9765,#9766,#9767,#9768,#9769,#9770,#9771,#9772,#9773,#9774,#9775,#9776,#9777,#9778,
#9779,#9780,#9781,#9782,#9783,#9784,#9785,#9786,#9787,#9788,#9789,#9790,#9791),
.UNSPECIFIED.,.F.,.F.,
(4,1,1,1,1,1,1,1,1,1,1,1,1,1,1,1,1,1,1,1,1,1,1,1,1,1,1,1,1,1,1,1,1,1,1,1,1,1,4),
(0.,0.0208802299736489,0.042006751846621,0.0632902733257706,0.0848290868494529,0.106493869770435,
0.128419616317281,0.150495908178064,0.172770902118989,0.195090256268883,0.217727391264026,
0.240623994160392,0.263993005790268,0.287559912289588,0.311712477848586,0.336244795820398,
0.361336085613583,0.386611592942228,0.412383399619438,0.438475938603634,0.465033605950871,
0.491738696355869,0.527810439678143,0.573078468983605,0.618416762712008,0.65459809299513,
0.681597171341948,0.708546032512258,0.73536616100258,0.762103711333004,0.788725663952432,
0.815310322220467,0.841805684568681,0.868247997555213,0.894620986447806,0.920982843429105,
0.947321326841059,0.97365911901701,1.),
.UNSPECIFIED.);
#5340=B_SPLINE_CURVE_WITH_KNOTS('',3,
(#9792,#9793,#9794,#9795,#9796,#9797,#9798,#9799,#9800,#9801,#9802,#9803,#9804,#9805,
#9806,#9807,#9808,#9809,#9810,#9811,#9812,#9813,#9814,#9815,#9816,#9817,#9818,#9819,
#9820,#9821,#9822,#9823,#9824,#9825,#9826,#9827,#9828,#9829,#9830,#9831,#9832),
.UNSPECIFIED.,.F.,.F.,
(4,1,1,1,1,1,1,1,1,1,1,1,1,1,1,1,1,1,1,1,1,1,1,1,1,1,1,1,1,1,1,1,1,1,1,1,1,1,4),
(0.,0.0208802299736525,0.0420067518466308,0.0632902733257801,0.0848290868494576,
0.106493869770438,0.12841961631728,0.150495908178064,0.172770902118988,0.195090256268882,
0.217727391264018,0.240623994160388,0.263993005790266,0.28755991228958,0.31171247784857,
0.336244795820381,0.361336085613557,0.386611592942196,0.412383399619403,0.438475938603606,
0.465033605950847,0.491738696355843,0.527810439678118,0.573078468983577,0.618416762711975,
0.654598092995098,0.681597171341911,0.708546032512219,0.735366161002542,0.76210371133297,
0.7887256639524,0.815310322220444,0.841805684568662,0.868247997555189,0.894620986447785,
0.920982843429093,0.947321326841054,0.973659119017011,1.),
.UNSPECIFIED.);
#5341=B_SPLINE_CURVE_WITH_KNOTS('',3,
(#9833,#9834,#9835,#9836,#9837,#9838,#9839,#9840,#9841,#9842,#9843,#9844,#9845,#9846,
#9847,#9848,#9849,#9850,#9851,#9852,#9853,#9854,#9855,#9856,#9857,#9858,#9859,#9860,
#9861,#9862,#9863,#9864,#9865,#9866,#9867,#9868,#9869,#9870,#9871,#9872,#9873),
.UNSPECIFIED.,.F.,.F.,
(4,1,1,1,1,1,1,1,1,1,1,1,1,1,1,1,1,1,1,1,1,1,1,1,1,1,1,1,1,1,1,1,1,1,1,1,1,1,4),
(0.,0.0208802299736491,0.0420067518466298,0.063290273325781,0.0848290868494597,0.106493869770431,
0.128419616317275,0.150495908178065,0.172770902118999,0.195090256268904,0.21772739126405,
0.240623994160427,0.263993005790315,0.287559912289636,0.311712477848631,0.336244795820452,
0.361336085613638,0.38661159294229,0.412383399619508,0.438475938603724,0.465033605950963,
0.491738696355973,0.527810439678245,0.573078468983707,0.618416762712112,0.654598092995238,
0.681597171342056,0.70854603251236,0.735366161002684,0.762103711333106,0.788725663952524,
0.815310322220557,0.841805684568758,0.868247997555274,0.894620986447854,0.920982843429147,
0.947321326841089,0.973659119017027,1.),
.UNSPECIFIED.);
#5342=B_SPLINE_CURVE_WITH_KNOTS('',3,
(#9874,#9875,#9876,#9877,#9878,#9879,#9880,#9881,#9882,#9883,#9884,#9885,#9886,#9887,
#9888,#9889,#9890,#9891,#9892,#9893,#9894,#9895,#9896,#9897,#9898,#9899,#9900,#9901,
#9902,#9903,#9904,#9905,#9906,#9907,#9908,#9909,#9910,#9911,#9912,#9913,#9914),
.UNSPECIFIED.,.F.,.F.,
(4,1,1,1,1,1,1,1,1,1,1,1,1,1,1,1,1,1,1,1,1,1,1,1,1,1,1,1,1,1,1,1,1,1,1,1,1,1,4),
(0.,0.0208802299736449,0.0420067518466191,0.0632902733257648,0.0848290868494482,
0.10649386977043,0.128419616317276,0.15049590817807,0.172770902119001,0.195090256268901,
0.217727391264035,0.240623994160414,0.2639930057903,0.287559912289631,0.311712477848623,
0.336244795820446,0.361336085613635,0.386611592942282,0.412383399619495,0.438475938603709,
0.465033605950952,0.491738696355951,0.52781043967823,0.57307846898369,0.61841676271209,
0.654598092995214,0.681597171342032,0.708546032512335,0.735366161002655,0.762103711333077,
0.788725663952499,0.81531032222053,0.841805684568738,0.868247997555253,0.894620986447841,
0.920982843429141,0.94732132684108,0.973659119017021,1.),
.UNSPECIFIED.);
#5343=B_SPLINE_CURVE_WITH_KNOTS('',3,
(#9915,#9916,#9917,#9918,#9919,#9920,#9921,#9922,#9923,#9924,#9925,#9926,#9927,#9928,
#9929,#9930,#9931,#9932,#9933,#9934,#9935,#9936,#9937,#9938,#9939,#9940,#9941,#9942,
#9943,#9944,#9945,#9946,#9947,#9948,#9949,#9950,#9951,#9952,#9953,#9954,#9955),
.UNSPECIFIED.,.F.,.F.,
(4,1,1,1,1,1,1,1,1,1,1,1,1,1,1,1,1,1,1,1,1,1,1,1,1,1,1,1,1,1,1,1,1,1,1,1,1,1,4),
(0.,0.020880229973649,0.0420067518466211,0.0632902733257678,0.084829086849451,0.10649386977043,
0.128419616317278,0.150495908178062,0.172770902118987,0.195090256268882,0.217727391264018,
0.240623994160385,0.263993005790262,0.287559912289579,0.311712477848569,0.336244795820383,
0.361336085613563,0.386611592942209,0.412383399619422,0.438475938603625,0.465033605950865,
0.491738696355863,0.527810439678135,0.5730784689836,0.618416762711999,0.65459809299512,
0.681597171341941,0.708546032512251,0.735366161002571,0.762103711332998,0.788725663952429,
0.81531032222047,0.841805684568683,0.868247997555214,0.894620986447802,0.920982843429104,
0.947321326841055,0.973659119017009,1.),
.UNSPECIFIED.);
#5344=B_SPLINE_CURVE_WITH_KNOTS('',3,
(#9956,#9957,#9958,#9959,#9960,#9961,#9962,#9963,#9964,#9965,#9966,#9967,#9968,#9969,
#9970,#9971,#9972,#9973,#9974,#9975,#9976,#9977,#9978,#9979,#9980,#9981,#9982,#9983,
#9984,#9985,#9986,#9987,#9988,#9989,#9990,#9991,#9992,#9993,#9994,#9995,#9996),
.UNSPECIFIED.,.F.,.F.,
(4,1,1,1,1,1,1,1,1,1,1,1,1,1,1,1,1,1,1,1,1,1,1,1,1,1,1,1,1,1,1,1,1,1,1,1,1,1,4),
(0.,0.0208802299736507,0.042006751846626,0.0632902733257743,0.0848290868494596,0.106493869770441,
0.128419616317286,0.150495908178071,0.172770902118997,0.195090256268895,0.217727391264035,
0.240623994160401,0.263993005790281,0.287559912289601,0.311712477848586,0.336244795820397,
0.361336085613577,0.386611592942216,0.41238339961942,0.43847593860363,0.46503360595087,
0.491738696355872,0.527810439678149,0.573078468983611,0.618416762712016,0.654598092995136,
0.681597171341951,0.708546032512263,0.735366161002583,0.762103711333005,0.788725663952432,
0.815310322220467,0.841805684568682,0.868247997555212,0.894620986447804,0.920982843429106,
0.94732132684106,0.973659119017008,1.),
.UNSPECIFIED.);
#5345=B_SPLINE_CURVE_WITH_KNOTS('',3,
(#9997,#9998,#9999,#10000,#10001,#10002,#10003,#10004,#10005,#10006,#10007,#10008,
#10009,#10010,#10011,#10012,#10013,#10014,#10015,#10016,#10017,#10018,#10019,#10020,
#10021,#10022,#10023,#10024,#10025,#10026,#10027,#10028,#10029,#10030,#10031,#10032,
#10033,#10034,#10035,#10036,#10037),
.UNSPECIFIED.,.F.,.F.,
(4,1,1,1,1,1,1,1,1,1,1,1,1,1,1,1,1,1,1,1,1,1,1,1,1,1,1,1,1,1,1,1,1,1,1,1,1,1,4),
(0.,0.0208802299736436,0.0420067518466229,0.0632902733257776,0.0848290868494627,
0.106493869770445,0.128419616317297,0.150495908178084,0.172770902119018,0.195090256268925,
0.217727391264061,0.240623994160435,0.263993005790323,0.287559912289645,0.311712477848647,
0.336244795820471,0.361336085613671,0.386611592942324,0.412383399619543,0.438475938603752,
0.465033605950994,0.491738696356001,0.527810439678282,0.573078468983748,0.618416762712157,
0.654598092995286,0.681597171342098,0.708546032512404,0.735366161002721,0.762103711333138,
0.788725663952547,0.815310322220576,0.841805684568782,0.868247997555301,0.89462098644788,
0.920982843429159,0.947321326841096,0.973659119017031,1.),
.UNSPECIFIED.);
#5346=CARTESIAN_POINT('',(-14.8333333333333,26.,-3.94280904158206));
#5347=CARTESIAN_POINT('',(-14.5,26.,-4.4142135623731));
#5348=AXIS2_PLACEMENT_3D('',#5349,#5350,#5351);
#5349=CARTESIAN_POINT('',(-15.,26.,-4.4142135623731));
#5350=DIRECTION('',(0.,-1.,0.));
#5351=DIRECTION('',(1.,0.,-3.55271367880048E-15));
#5352=CARTESIAN_POINT('',(-15.4428090415821,26.,-3.33333333333333));
#5353=AXIS2_PLACEMENT_3D('',#5354,#5355,#5356);
#5354=CARTESIAN_POINT('',(-14.5,26.,-3.));
#5355=DIRECTION('',(0.,1.,0.));
#5356=DIRECTION('',(-0.333333333333336,0.,-0.942809041582063));
#5357=CARTESIAN_POINT('',(-15.9142135623731,26.,-3.));
#5358=AXIS2_PLACEMENT_3D('',#5359,#5360,#5361);
#5359=CARTESIAN_POINT('',(-15.9142135623731,26.,-3.5));
#5360=DIRECTION('',(0.,-1.,0.));
#5361=DIRECTION('',(0.942809041582065,0.,0.33333333333333));
#5362=CARTESIAN_POINT('',(-16.,26.,-3.));
#5363=CARTESIAN_POINT('',(-15.9142135623731,26.,-3.));
#5364=VECTOR('',#5365,1.);
#5365=DIRECTION('',(-1.,0.,0.));
#5366=CARTESIAN_POINT('',(-16.,26.,17.5));
#5367=CARTESIAN_POINT('',(-16.,26.,-3.));
#5368=VECTOR('',#5369,1.);
#5369=DIRECTION('',(-2.59954659424427E-16,0.,1.));
#5370=CARTESIAN_POINT('',(-15.5,26.,17.5));
#5371=CARTESIAN_POINT('',(-16.,26.,17.5));
#5372=VECTOR('',#5373,1.);
#5373=DIRECTION('',(1.,0.,0.));
#5374=CARTESIAN_POINT('',(-15.5,26.,18.));
#5375=CARTESIAN_POINT('',(-15.5,26.,17.5));
#5376=VECTOR('',#5377,1.);
#5377=DIRECTION('',(0.,0.,1.));
#5378=CARTESIAN_POINT('',(-14.8333333333333,26.,18.9428090415821));
#5379=AXIS2_PLACEMENT_3D('',#5380,#5381,#5382);
#5380=CARTESIAN_POINT('',(-14.5,26.,18.));
#5381=DIRECTION('',(0.,1.,0.));
#5382=DIRECTION('',(-1.,0.,0.));
#5383=CARTESIAN_POINT('',(-14.7199515671421,26.,19.));
#5384=AXIS2_PLACEMENT_3D('',#5385,#5386,#5387);
#5385=CARTESIAN_POINT('',(-15.,26.,19.4142135623731));
#5386=DIRECTION('',(0.,-1.,0.));
#5387=DIRECTION('',(0.333333333333335,0.,-0.942809041582063));
#5388=CARTESIAN_POINT('',(12.9271741020285,26.,19.));
#5389=CARTESIAN_POINT('',(12.9271741020285,26.,19.));
#5390=VECTOR('',#5391,1.);
#5391=DIRECTION('',(-1.,0.,0.));
#5392=CARTESIAN_POINT('',(13.0405558682198,26.,18.9428090415821));
#5393=AXIS2_PLACEMENT_3D('',#5394,#5395,#5396);
#5394=CARTESIAN_POINT('',(13.2072225348865,26.,19.4142135623731));
#5395=DIRECTION('',(0.,-1.,0.));
#5396=DIRECTION('',(-0.560096865715892,0.,-0.828427124746187));
#5397=CARTESIAN_POINT('',(13.7072225348865,26.,18.));
#5398=AXIS2_PLACEMENT_3D('',#5399,#5400,#5401);
#5399=CARTESIAN_POINT('',(12.7072225348865,26.,18.));
#5400=DIRECTION('',(0.,1.,0.));
#5401=DIRECTION('',(0.333333333333334,0.,0.942809041582063));
#5402=CARTESIAN_POINT('',(13.7072225348865,26.,17.5));
#5403=CARTESIAN_POINT('',(13.7072225348865,26.,18.));
#5404=VECTOR('',#5405,1.);
#5405=DIRECTION('',(0.,0.,-1.));
#5406=CARTESIAN_POINT('',(14.2072225348865,26.,17.5));
#5407=CARTESIAN_POINT('',(14.2072225348865,26.,17.5));
#5408=VECTOR('',#5409,1.);
#5409=DIRECTION('',(-1.,0.,0.));
#5410=CARTESIAN_POINT('',(14.6477724180573,26.,17.5927415921593));
#5411=CARTESIAN_POINT('',(14.6477724145466,26.000000000065,17.5927415936236));
#5412=CARTESIAN_POINT('',(14.6391816251553,26.0000000000328,17.5892781672084));
#5413=CARTESIAN_POINT('',(14.6219524716176,25.9999999999891,17.5825018962156));
#5414=CARTESIAN_POINT('',(14.6046148839985,25.9999999999888,17.5760367063958));
#5415=CARTESIAN_POINT('',(14.5871122079888,26.0000000000115,17.5696956449092));
#5416=CARTESIAN_POINT('',(14.5693767701074,26.0000000000579,17.5634602388073));
#5417=CARTESIAN_POINT('',(14.5426634795914,26.0000000002007,17.5546583137915));
#5418=CARTESIAN_POINT('',(14.515624336585,26.0000000004217,17.546368357823));
#5419=CARTESIAN_POINT('',(14.4944700617916,26.0000000006565,17.540384406944));
#5420=CARTESIAN_POINT('',(14.4761310640655,26.000000000897,17.5354952783068));
#5421=CARTESIAN_POINT('',(14.4576770557221,26.0000000011672,17.5308039309599));
#5422=CARTESIAN_POINT('',(14.4328745088247,26.000000001595,17.5250225614003));
#5423=CARTESIAN_POINT('',(14.4048624517638,26.0000000021679,17.5192195105774));
#5424=CARTESIAN_POINT('',(14.3827346407583,26.000000002693,17.5152223813424));
#5425=CARTESIAN_POINT('',(14.3639141109861,26.0000000031823,17.5121688662822));
#5426=CARTESIAN_POINT('',(14.3451022468201,26.0000000037029,17.5093722439765));
#5427=CARTESIAN_POINT('',(14.3202035457136,26.0000000044612,17.5062311121776));
#5428=CARTESIAN_POINT('',(14.2941888276619,26.0000000053427,17.503671714692));
#5429=CARTESIAN_POINT('',(14.2752952834748,26.0000000060404,17.5022781715352));
#5430=CARTESIAN_POINT('',(14.2564893037358,26.0000000067676,17.5011558750098));
#5431=CARTESIAN_POINT('',(14.2379202982921,26.0000000075254,17.5003704823008));
#5432=CARTESIAN_POINT('',(14.2191018987317,26.0000000083503,17.5000349821571));
#5433=CARTESIAN_POINT('',(14.2097015242586,26.0000000087787,17.499999996987));
#5434=CARTESIAN_POINT('',(14.2072225370983,26.0000000088928,17.5));
#5435=CARTESIAN_POINT('',(15.2689550051756,26.,15.418602537245));
#5436=CARTESIAN_POINT('',(15.2689550051756,26.,15.418602537245));
#5437=VECTOR('',#5438,1.);
#5438=DIRECTION('',(-0.274721127897378,0.,0.961523947640823));
#5439=CARTESIAN_POINT('',(16.,26.,10.1989011071948));
#5440=AXIS2_PLACEMENT_3D('',#5441,#5442,#5443);
#5441=CARTESIAN_POINT('',(-3.,26.,10.1989011071948));
#5442=DIRECTION('',(0.,1.,0.));
#5443=DIRECTION('',(0.961523947640823,0.,0.274721127897378));
#5444=CARTESIAN_POINT('',(16.,26.,-3.));
#5445=CARTESIAN_POINT('',(16.,26.,-3.));
#5446=VECTOR('',#5447,1.);
#5447=DIRECTION('',(0.,0.,1.));
#5448=CARTESIAN_POINT('',(15.9142135623731,26.,-3.));
#5449=CARTESIAN_POINT('',(16.,26.,-3.));
#5450=VECTOR('',#5451,1.);
#5451=DIRECTION('',(-1.,0.,0.));
#5452=CARTESIAN_POINT('',(15.4428090415821,26.,-3.33333333333333));
#5453=AXIS2_PLACEMENT_3D('',#5454,#5455,#5456);
#5454=CARTESIAN_POINT('',(15.9142135623731,26.,-3.5));
#5455=DIRECTION('',(0.,-1.,0.));
#5456=DIRECTION('',(-7.10542735760099E-15,0.,1.));
#5457=CARTESIAN_POINT('',(14.8333333333333,26.,-3.94280904158206));
#5458=AXIS2_PLACEMENT_3D('',#5459,#5460,#5461);
#5459=CARTESIAN_POINT('',(14.5,26.,-3.));
#5460=DIRECTION('',(0.,1.,0.));
#5461=DIRECTION('',(0.942809041582063,0.,-0.333333333333334));
#5462=CARTESIAN_POINT('',(14.5,26.,-4.4142135623731));
#5463=AXIS2_PLACEMENT_3D('',#5464,#5465,#5466);
#5464=CARTESIAN_POINT('',(15.,26.,-4.4142135623731));
#5465=DIRECTION('',(0.,-1.,0.));
#5466=DIRECTION('',(-0.333333333333328,0.,0.942809041582065));
#5467=CARTESIAN_POINT('',(14.5,26.,-5.));
#5468=CARTESIAN_POINT('',(14.5,26.,-5.));
#5469=VECTOR('',#5470,1.);
#5470=DIRECTION('',(0.,0.,1.));
#5471=CARTESIAN_POINT('',(-14.5,26.,-5.));
#5472=CARTESIAN_POINT('',(-14.5,26.,-5.));
#5473=VECTOR('',#5474,1.);
#5474=DIRECTION('',(1.,0.,0.));
#5475=CARTESIAN_POINT('',(-14.5,26.,-4.4142135623731));
#5476=VECTOR('',#5477,1.);
#5477=DIRECTION('',(0.,0.,-1.));
#5478=CARTESIAN_POINT('',(-15.9142135623731,26.5,-3.));
#5479=CARTESIAN_POINT('',(-15.9142135623731,26.,-3.));
#5480=VECTOR('',#5481,1.);
#5481=DIRECTION('',(0.,1.,0.));
#5482=CARTESIAN_POINT('',(-16.,26.5,-3.));
#5483=CARTESIAN_POINT('',(-16.,26.5,-3.));
#5484=VECTOR('',#5485,1.);
#5485=DIRECTION('',(1.,4.14134655439523E-14,0.));
#5486=CARTESIAN_POINT('',(-17.5,25.,-3.));
#5487=AXIS2_PLACEMENT_3D('',#5488,#5489,#5490);
#5488=CARTESIAN_POINT('',(-16.,25.,-3.));
#5489=DIRECTION('',(0.,0.,1.));
#5490=DIRECTION('',(0.,1.,0.));
#5491=CARTESIAN_POINT('',(-17.5,24.9142135623731,-3.));
#5492=CARTESIAN_POINT('',(-17.5,24.9142135623731,-3.));
#5493=VECTOR('',#5494,1.);
#5494=DIRECTION('',(0.,1.,0.));
#5495=CARTESIAN_POINT('',(-17.,24.9142135623731,-3.));
#5496=CARTESIAN_POINT('',(-17.,24.9142135623731,-3.));
#5497=VECTOR('',#5498,1.);
#5498=DIRECTION('',(-1.,0.,0.));
#5499=CARTESIAN_POINT('',(-17.,25.,-3.));
#5500=CARTESIAN_POINT('',(-17.,25.,-3.));
#5501=VECTOR('',#5502,1.);
#5502=DIRECTION('',(0.,-1.,0.));
#5503=AXIS2_PLACEMENT_3D('',#5504,#5505,#5506);
#5504=CARTESIAN_POINT('',(-16.,25.,-3.));
#5505=DIRECTION('',(0.,0.,-1.));
#5506=DIRECTION('',(-1.,0.,0.));
#5507=CARTESIAN_POINT('',(17.,24.9142135623731,-3.));
#5508=CARTESIAN_POINT('',(17.5,24.9142135623731,-3.));
#5509=CARTESIAN_POINT('',(17.,24.9142135623731,-3.));
#5510=VECTOR('',#5511,1.);
#5511=DIRECTION('',(1.,0.,0.));
#5512=CARTESIAN_POINT('',(17.5,25.,-3.));
#5513=CARTESIAN_POINT('',(17.5,25.,-3.));
#5514=VECTOR('',#5515,1.);
#5515=DIRECTION('',(0.,-1.,0.));
#5516=CARTESIAN_POINT('',(16.,26.5,-3.));
#5517=AXIS2_PLACEMENT_3D('',#5518,#5519,#5520);
#5518=CARTESIAN_POINT('',(16.,25.,-3.));
#5519=DIRECTION('',(0.,0.,1.));
#5520=DIRECTION('',(1.,0.,0.));
#5521=CARTESIAN_POINT('',(15.9142135623731,26.5,-3.));
#5522=CARTESIAN_POINT('',(15.9142135623731,26.5,-3.));
#5523=VECTOR('',#5524,1.);
#5524=DIRECTION('',(1.,0.,0.));
#5525=CARTESIAN_POINT('',(15.9142135623731,26.,-3.));
#5526=VECTOR('',#5527,1.);
#5527=DIRECTION('',(-3.5527136788004E-15,1.,0.));
#5528=CARTESIAN_POINT('',(17.,25.,-3.));
#5529=AXIS2_PLACEMENT_3D('',#5530,#5531,#5532);
#5530=CARTESIAN_POINT('',(16.,25.,-3.));
#5531=DIRECTION('',(0.,0.,-1.));
#5532=DIRECTION('',(0.,1.,0.));
#5533=CARTESIAN_POINT('',(17.,24.9142135623731,-3.));
#5534=VECTOR('',#5535,1.);
#5535=DIRECTION('',(0.,1.,0.));
#5536=CARTESIAN_POINT('',(14.8333333333333,26.5,-3.94280904158206));
#5537=CARTESIAN_POINT('',(14.5,26.5,-4.4142135623731));
#5538=AXIS2_PLACEMENT_3D('',#5539,#5540,#5541);
#5539=CARTESIAN_POINT('',(15.,26.5,-4.4142135623731));
#5540=DIRECTION('',(-1.1842378929335E-15,1.,0.));
#5541=DIRECTION('',(-1.,-1.1842378929335E-15,1.77635683940026E-15));
#5542=CARTESIAN_POINT('',(15.4428090415821,26.5,-3.33333333333333));
#5543=AXIS2_PLACEMENT_3D('',#5544,#5545,#5546);
#5544=CARTESIAN_POINT('',(14.5,26.5,-3.));
#5545=DIRECTION('',(-1.1842378929335E-15,1.,0.));
#5546=DIRECTION('',(0.942809041582063,1.11651019284179E-15,-0.333333333333334));
#5547=AXIS2_PLACEMENT_3D('',#5548,#5549,#5550);
#5548=CARTESIAN_POINT('',(15.9142135623731,26.5,-3.5));
#5549=DIRECTION('',(-1.1842378929335E-15,1.,0.));
#5550=DIRECTION('',(-0.942809041582064,-1.11651019284179E-15,0.333333333333332));
#5551=CARTESIAN_POINT('',(16.,26.5,-5.));
#5552=CARTESIAN_POINT('',(16.,26.5,-3.));
#5553=VECTOR('',#5554,1.);
#5554=DIRECTION('',(0.,0.,-1.));
#5555=CARTESIAN_POINT('',(14.5,26.5,-5.));
#5556=CARTESIAN_POINT('',(14.5,26.5,-5.));
#5557=VECTOR('',#5558,1.);
#5558=DIRECTION('',(1.,0.,0.));
#5559=CARTESIAN_POINT('',(14.5,26.5,-4.4142135623731));
#5560=VECTOR('',#5561,1.);
#5561=DIRECTION('',(0.,0.,-1.));
#5562=CARTESIAN_POINT('',(14.5,26.,-4.4142135623731));
#5563=VECTOR('',#5564,1.);
#5564=DIRECTION('',(0.,1.,0.));
#5565=CARTESIAN_POINT('',(14.5,26.,-5.));
#5566=VECTOR('',#5567,1.);
#5567=DIRECTION('',(0.,1.,0.));
#5568=CARTESIAN_POINT('',(-14.5,26.5,-4.4142135623731));
#5569=CARTESIAN_POINT('',(-14.5,26.,-4.4142135623731));
#5570=VECTOR('',#5571,1.);
#5571=DIRECTION('',(0.,1.,-1.77635683940021E-15));
#5572=CARTESIAN_POINT('',(-14.5,26.5,-5.));
#5573=CARTESIAN_POINT('',(-14.5,26.5,-5.));
#5574=VECTOR('',#5575,1.);
#5575=DIRECTION('',(0.,-1.,0.));
#5576=CARTESIAN_POINT('',(-14.5,26.5,-4.4142135623731));
#5577=VECTOR('',#5578,1.);
#5578=DIRECTION('',(0.,0.,-1.));
#5579=CARTESIAN_POINT('',(-14.8333333333333,26.5,-3.94280904158207));
#5580=AXIS2_PLACEMENT_3D('',#5581,#5582,#5583);
#5581=CARTESIAN_POINT('',(-15.,26.5,-4.4142135623731));
#5582=DIRECTION('',(-1.1842378929335E-15,1.,0.));
#5583=DIRECTION('',(0.33333333333334,3.94745964311175E-16,0.942809041582061));
#5584=CARTESIAN_POINT('',(-16.,26.5,-5.));
#5585=CARTESIAN_POINT('',(-16.,26.5,-5.));
#5586=VECTOR('',#5587,1.);
#5587=DIRECTION('',(1.,0.,0.));
#5588=CARTESIAN_POINT('',(-16.,26.5,-3.));
#5589=VECTOR('',#5590,1.);
#5590=DIRECTION('',(0.,0.,-1.));
#5591=CARTESIAN_POINT('',(-15.4428090415821,26.5,-3.33333333333333));
#5592=AXIS2_PLACEMENT_3D('',#5593,#5594,#5595);
#5593=CARTESIAN_POINT('',(-15.9142135623731,26.5,-3.5));
#5594=DIRECTION('',(-1.1842378929335E-15,1.,0.));
#5595=DIRECTION('',(3.5527136788005E-15,4.20725816117873E-30,1.));
#5596=AXIS2_PLACEMENT_3D('',#5597,#5598,#5599);
#5597=CARTESIAN_POINT('',(-14.5,26.5,-3.));
#5598=DIRECTION('',(-1.1842378929335E-15,1.,0.));
#5599=DIRECTION('',(-0.333333333333336,-3.9474596431117E-16,-0.942809041582063));
#5600=CARTESIAN_POINT('',(14.8333333333333,26.,-3.94280904158206));
#5601=VECTOR('',#5602,1.);
#5602=DIRECTION('',(0.,1.,0.));
#5603=CARTESIAN_POINT('',(15.4428090415821,26.,-3.33333333333333));
#5604=VECTOR('',#5605,1.);
#5605=DIRECTION('',(-3.55271367880042E-15,1.,0.));
#5606=CARTESIAN_POINT('',(-14.8333333333333,26.,-3.94280904158207));
#5607=VECTOR('',#5608,1.);
#5608=DIRECTION('',(0.,1.,0.));
#5609=CARTESIAN_POINT('',(-15.4428090415821,26.,-3.33333333333333));
#5610=VECTOR('',#5611,1.);
#5611=DIRECTION('',(0.,1.,0.));
#5612=CARTESIAN_POINT('',(-17.5,-25.,-5.));
#5613=CARTESIAN_POINT('',(-16.,-26.5,-5.));
#5614=AXIS2_PLACEMENT_3D('',#5615,#5616,#5617);
#5615=CARTESIAN_POINT('',(-16.,-25.,-5.));
#5616=DIRECTION('',(0.,0.,-1.));
#5617=DIRECTION('',(-1.1842378929335E-15,-1.,0.));
#5618=CARTESIAN_POINT('',(-17.5,-23.5,-5.));
#5619=CARTESIAN_POINT('',(-17.5,-25.,-5.));
#5620=VECTOR('',#5621,1.);
#5621=DIRECTION('',(0.,1.,0.));
#5622=CARTESIAN_POINT('',(-17.,-23.5,-5.));
#5623=CARTESIAN_POINT('',(-17.5,-23.5,-5.));
#5624=VECTOR('',#5625,1.);
#5625=DIRECTION('',(1.,0.,0.));
#5626=CARTESIAN_POINT('',(-17.,23.5,-5.));
#5627=CARTESIAN_POINT('',(-17.,-23.5,-5.));
#5628=VECTOR('',#5629,1.);
#5629=DIRECTION('',(0.,1.,0.));
#5630=CARTESIAN_POINT('',(-17.5,23.5,-5.));
#5631=CARTESIAN_POINT('',(-17.,23.5,-5.));
#5632=VECTOR('',#5633,1.);
#5633=DIRECTION('',(-1.,0.,0.));
#5634=CARTESIAN_POINT('',(-17.5,25.,-5.));
#5635=CARTESIAN_POINT('',(-17.5,23.5,-5.));
#5636=VECTOR('',#5637,1.);
#5637=DIRECTION('',(0.,1.,0.));
#5638=AXIS2_PLACEMENT_3D('',#5639,#5640,#5641);
#5639=CARTESIAN_POINT('',(-16.,25.,-5.));
#5640=DIRECTION('',(0.,0.,-1.));
#5641=DIRECTION('',(-1.,0.,0.));
#5642=CARTESIAN_POINT('',(17.5,25.,-5.));
#5643=AXIS2_PLACEMENT_3D('',#5644,#5645,#5646);
#5644=CARTESIAN_POINT('',(16.,25.,-5.));
#5645=DIRECTION('',(0.,0.,-1.));
#5646=DIRECTION('',(0.,1.,0.));
#5647=CARTESIAN_POINT('',(17.5,23.5,-5.));
#5648=CARTESIAN_POINT('',(17.5,25.,-5.));
#5649=VECTOR('',#5650,1.);
#5650=DIRECTION('',(0.,-1.,0.));
#5651=CARTESIAN_POINT('',(17.,23.5,-5.));
#5652=CARTESIAN_POINT('',(17.5,23.5,-5.));
#5653=VECTOR('',#5654,1.);
#5654=DIRECTION('',(-1.,0.,0.));
#5655=CARTESIAN_POINT('',(17.,-23.5,-5.));
#5656=CARTESIAN_POINT('',(17.,23.5,-5.));
#5657=VECTOR('',#5658,1.);
#5658=DIRECTION('',(0.,-1.,0.));
#5659=CARTESIAN_POINT('',(17.5,-23.5,-5.));
#5660=CARTESIAN_POINT('',(17.,-23.5,-5.));
#5661=VECTOR('',#5662,1.);
#5662=DIRECTION('',(1.,0.,0.));
#5663=CARTESIAN_POINT('',(17.5,-25.,-5.));
#5664=CARTESIAN_POINT('',(17.5,-23.5,-5.));
#5665=VECTOR('',#5666,1.);
#5666=DIRECTION('',(0.,-1.,0.));
#5667=CARTESIAN_POINT('',(16.,-26.5,-5.));
#5668=AXIS2_PLACEMENT_3D('',#5669,#5670,#5671);
#5669=CARTESIAN_POINT('',(16.,-25.,-5.));
#5670=DIRECTION('',(0.,0.,-1.));
#5671=DIRECTION('',(1.,-2.36847578586701E-15,0.));
#5672=CARTESIAN_POINT('',(14.5,-26.5,-5.));
#5673=CARTESIAN_POINT('',(16.,-26.5,-5.));
#5674=VECTOR('',#5675,1.);
#5675=DIRECTION('',(-1.,-2.36847578586701E-15,0.));
#5676=CARTESIAN_POINT('',(14.5,-26.,-5.));
#5677=CARTESIAN_POINT('',(14.5,-26.5,-5.));
#5678=VECTOR('',#5679,1.);
#5679=DIRECTION('',(0.,1.,0.));
#5680=CARTESIAN_POINT('',(-14.5,-26.,-5.));
#5681=CARTESIAN_POINT('',(14.5,-26.,-5.));
#5682=VECTOR('',#5683,1.);
#5683=DIRECTION('',(-1.,0.,0.));
#5684=CARTESIAN_POINT('',(-14.5,-26.5,-5.));
#5685=CARTESIAN_POINT('',(-14.5,-26.,-5.));
#5686=VECTOR('',#5687,1.);
#5687=DIRECTION('',(0.,-1.,0.));
#5688=CARTESIAN_POINT('',(-14.5,-26.5,-5.));
#5689=VECTOR('',#5690,1.);
#5690=DIRECTION('',(-1.,-2.368475785867E-15,0.));
#5691=CARTESIAN_POINT('',(-17.,25.,17.5));
#5692=CARTESIAN_POINT('',(-17.,25.,-3.));
#5693=VECTOR('',#5694,1.);
#5694=DIRECTION('',(0.,0.,1.));
#5695=AXIS2_PLACEMENT_3D('',#5696,#5697,#5698);
#5696=CARTESIAN_POINT('',(-16.,25.,17.5));
#5697=DIRECTION('',(1.07657990266682E-16,0.,-1.));
#5698=DIRECTION('',(-1.,0.,-1.07657990266682E-16));
#5699=CARTESIAN_POINT('',(-15.5,26.5,18.));
#5700=CARTESIAN_POINT('',(-15.5,26.5,18.));
#5701=VECTOR('',#5702,1.);
#5702=DIRECTION('',(0.,-0.70710678118654,-0.707106781186555));
#5703=CARTESIAN_POINT('',(-16.,26.5,18.));
#5704=CARTESIAN_POINT('',(-16.,26.,17.5));
#5705=VECTOR('',#5706,1.);
#5706=DIRECTION('',(0.,0.707106781186542,0.707106781186553));
#5707=CARTESIAN_POINT('',(-16.,26.5,18.));
#5708=VECTOR('',#5709,1.);
#5709=DIRECTION('',(1.,0.,0.));
#5710=CARTESIAN_POINT('',(-15.5,26.,18.));
#5711=VECTOR('',#5712,1.);
#5712=DIRECTION('',(0.,1.,0.));
#5713=CARTESIAN_POINT('',(-14.8333333333333,26.5,18.9428090415821));
#5714=CARTESIAN_POINT('',(-14.8333333333333,26.,18.9428090415821));
#5715=VECTOR('',#5716,1.);
#5716=DIRECTION('',(0.,1.,0.));
#5717=AXIS2_PLACEMENT_3D('',#5718,#5719,#5720);
#5718=CARTESIAN_POINT('',(-14.5,26.5,18.));
#5719=DIRECTION('',(0.,1.,0.));
#5720=DIRECTION('',(-1.,0.,0.));
#5721=CARTESIAN_POINT('',(-14.5,25.9101797211244,19.4142135623731));
#5722=CARTESIAN_POINT('',(-14.5,26.5,19.4142135623731));
#5723=CARTESIAN_POINT('',(-14.5,25.9101797211244,19.4142135623731));
#5724=VECTOR('',#5725,1.);
#5725=DIRECTION('',(0.,1.,0.));
#5726=CARTESIAN_POINT('',(-14.71995156657,26.,19.0000000003901));
#5727=CARTESIAN_POINT('',(-14.7134481906988,25.9999999267479,19.0043971860162));
#5728=CARTESIAN_POINT('',(-14.700265076439,25.9999401769957,19.0137705877415));
#5729=CARTESIAN_POINT('',(-14.6806045543171,25.9996175350147,19.0292357020425));
#5730=CARTESIAN_POINT('',(-14.6600574535124,25.9989482958293,19.0471854305789));
#5731=CARTESIAN_POINT('',(-14.6388375554381,25.9977729792293,19.0679651326399));
#5732=CARTESIAN_POINT('',(-14.6170498508625,25.9958565161409,19.0921483614397));
#5733=CARTESIAN_POINT('',(-14.5958233275328,25.9930140003798,19.1191577938221));
#5734=CARTESIAN_POINT('',(-14.5731568044557,25.9885161617626,19.1526200225566));
#5735=CARTESIAN_POINT('',(-14.5507338293034,25.981609210991,19.1927905958603));
#5736=CARTESIAN_POINT('',(-14.5303131664781,25.971167767741,19.2401553785667));
#5737=CARTESIAN_POINT('',(-14.5158808757263,25.958526056199,19.2863162981322));
#5738=CARTESIAN_POINT('',(-14.5064763490852,25.9441483094758,19.3304763044679));
#5739=CARTESIAN_POINT('',(-14.5011714897153,25.9285332596324,19.3721719813112));
#5740=CARTESIAN_POINT('',(-14.4999951612715,25.9165917710442,19.4001370940111));
#5741=CARTESIAN_POINT('',(-14.5,25.9101797211244,19.4142135623731));
#5742=AXIS2_PLACEMENT_3D('',#5743,#5744,#5745);
#5743=CARTESIAN_POINT('',(-15.,26.5,19.4142135623731));
#5744=DIRECTION('',(0.,1.,0.));
#5745=DIRECTION('',(1.,0.,0.));
#5746=CARTESIAN_POINT('',(12.7072225348865,25.9101797211244,19.4142135623731));
#5747=CARTESIAN_POINT('',(12.7072225348865,25.9101797211244,19.4142135623731));
#5748=CARTESIAN_POINT('',(12.7072225108965,25.9118273366516,19.4105932144319));
#5749=CARTESIAN_POINT('',(12.7073053773698,25.9152529137664,19.4029451513452));
#5750=CARTESIAN_POINT('',(12.7077155274531,25.9204989552077,19.3908267479816));
#5751=CARTESIAN_POINT('',(12.7086523625838,25.927069967967,19.3750523488892));
#5752=CARTESIAN_POINT('',(12.7107713422511,25.9358807831631,19.3527122252553));
#5753=CARTESIAN_POINT('',(12.7154122517125,25.9470918119435,19.3216986615542));
#5754=CARTESIAN_POINT('',(12.723472332822,25.9585680188337,19.2857735831815));
#5755=CARTESIAN_POINT('',(12.7339423206793,25.9679576893141,19.2518087452642));
#5756=CARTESIAN_POINT('',(12.7442981204314,25.974510393874,19.224739698824));
#5757=CARTESIAN_POINT('',(12.7539309357368,25.979284834237,19.202824110125));
#5758=CARTESIAN_POINT('',(12.7652269797262,25.9837961953126,19.1798942212281));
#5759=CARTESIAN_POINT('',(12.7810198492416,25.9885638577866,19.1519152140093));
#5760=CARTESIAN_POINT('',(12.8013277470488,25.9927686276369,19.12139686273));
#5761=CARTESIAN_POINT('',(12.8221584979272,25.9955912913788,19.0947754948458));
#5762=CARTESIAN_POINT('',(12.8390823201123,25.9971689092353,19.0756751967913));
#5763=CARTESIAN_POINT('',(12.8504295064139,25.9979722091926,19.0638559532006));
#5764=CARTESIAN_POINT('',(12.8583854950363,25.9984392838254,19.0559676432073));
#5765=CARTESIAN_POINT('',(12.8647895793361,25.9987629372666,19.0498443382085));
#5766=CARTESIAN_POINT('',(12.8710405784708,25.9990335198352,19.0440723126062));
#5767=CARTESIAN_POINT('',(12.8770665173931,25.9992557937835,19.0386901899137));
#5768=CARTESIAN_POINT('',(12.8829536642003,25.9994395389651,19.0335968960622));
#5769=CARTESIAN_POINT('',(12.8887012965362,25.9995896203576,19.0287754455013));
#5770=CARTESIAN_POINT('',(12.8943705472563,25.9997114462006,19.0241611990211));
#5771=CARTESIAN_POINT('',(12.8999243245107,25.9998075830731,19.0197720995172));
#5772=CARTESIAN_POINT('',(12.9054149024759,25.9998818304874,19.0155561734209));
#5773=CARTESIAN_POINT('',(12.9108505303571,25.9999365419357,19.0114992898799));
#5774=CARTESIAN_POINT('',(12.9162821432728,25.9999739427409,19.0075583031505));
#5775=CARTESIAN_POINT('',(12.921710326879,25.9999954296725,19.0037292159405));
#5776=CARTESIAN_POINT('',(12.9253521919825,25.999999999611,19.0012317862518));
#5777=CARTESIAN_POINT('',(12.9271740963197,26.,19.0000000038919));
#5778=CARTESIAN_POINT('',(-14.5,25.,20.));
#5779=AXIS2_PLACEMENT_3D('',#5780,#5781,#5782);
#5780=CARTESIAN_POINT('',(-14.5,25.,19.));
#5781=DIRECTION('',(-1.,0.,0.));
#5782=DIRECTION('',(0.,0.,1.));
#5783=CARTESIAN_POINT('',(12.7072225348865,25.,20.));
#5784=CARTESIAN_POINT('',(12.7072225348865,25.,20.));
#5785=VECTOR('',#5786,1.);
#5786=DIRECTION('',(-1.,0.,0.));
#5787=AXIS2_PLACEMENT_3D('',#5788,#5789,#5790);
#5788=CARTESIAN_POINT('',(12.7072225348865,25.,19.));
#5789=DIRECTION('',(-1.,0.,0.));
#5790=DIRECTION('',(0.,0.,1.));
#5791=CARTESIAN_POINT('',(12.7072225348865,26.5,19.4142135623731));
#5792=CARTESIAN_POINT('',(12.7072225348865,25.9101797211244,19.4142135623731));
#5793=VECTOR('',#5794,1.);
#5794=DIRECTION('',(0.,1.,0.));
#5795=CARTESIAN_POINT('',(13.0405558682198,26.5,18.9428090415821));
#5796=AXIS2_PLACEMENT_3D('',#5797,#5798,#5799);
#5797=CARTESIAN_POINT('',(13.2072225348865,26.5,19.4142135623731));
#5798=DIRECTION('',(0.,1.,0.));
#5799=DIRECTION('',(-0.333333333333331,0.,-0.942809041582064));
#5800=CARTESIAN_POINT('',(13.0405558682198,26.,18.9428090415821));
#5801=VECTOR('',#5802,1.);
#5802=DIRECTION('',(0.,1.,0.));
#5803=CARTESIAN_POINT('',(13.7072225348865,26.5,18.));
#5804=AXIS2_PLACEMENT_3D('',#5805,#5806,#5807);
#5805=CARTESIAN_POINT('',(12.7072225348865,26.5,18.));
#5806=DIRECTION('',(0.,1.,0.));
#5807=DIRECTION('',(0.333333333333334,0.,0.942809041582063));
#5808=CARTESIAN_POINT('',(13.7072225348865,26.,18.));
#5809=VECTOR('',#5810,1.);
#5810=DIRECTION('',(0.,1.,0.));
#5811=CARTESIAN_POINT('',(13.7072225348865,26.5,18.));
#5812=VECTOR('',#5813,1.);
#5813=DIRECTION('',(0.,-0.707106781186547,-0.707106781186547));
#5814=CARTESIAN_POINT('',(14.2072225348865,26.5,18.));
#5815=CARTESIAN_POINT('',(14.2072225348865,26.5,18.));
#5816=VECTOR('',#5817,1.);
#5817=DIRECTION('',(-1.,0.,0.));
#5818=CARTESIAN_POINT('',(14.2072225348865,26.,17.5));
#5819=VECTOR('',#5820,1.);
#5820=DIRECTION('',(0.,0.707106781186547,0.707106781186547));
#5821=CARTESIAN_POINT('',(15.7072225348865,25.,18.));
#5822=AXIS2_PLACEMENT_3D('',#5823,#5824,#5825);
#5823=CARTESIAN_POINT('',(14.2072225348865,25.,18.));
#5824=DIRECTION('',(0.,0.,-1.));
#5825=DIRECTION('',(0.,1.,0.));
#5826=CARTESIAN_POINT('',(15.6016050077525,25.,17.8943824728661));
#5827=CARTESIAN_POINT('',(15.6016050077525,25.,17.8943824728661));
#5828=VECTOR('',#5829,1.);
#5829=DIRECTION('',(0.707106781186547,0.,0.707106781186547));
#5830=CARTESIAN_POINT('',(15.6016050077525,25.,17.8943824728661));
#5831=CARTESIAN_POINT('',(15.6016220500569,25.0367710856381,17.8943833936485));
#5832=CARTESIAN_POINT('',(15.5972847547505,25.1174269774239,17.8932649521195));
#5833=CARTESIAN_POINT('',(15.5743944407509,25.2503434989891,17.8873095454135));
#5834=CARTESIAN_POINT('',(15.5245092531058,25.4043750413419,17.8742064154473));
#5835=CARTESIAN_POINT('',(15.4375978194162,25.5690589723287,17.8508890726479));
#5836=CARTESIAN_POINT('',(15.3111850505247,25.7250940420485,17.8156987404153));
#5837=CARTESIAN_POINT('',(15.1627200353779,25.8460264536977,17.77204776913));
#5838=CARTESIAN_POINT('',(15.0178720285109,25.9238078338955,17.7264848529444));
#5839=CARTESIAN_POINT('',(14.9009159813534,25.9651530154864,17.6872123272266));
#5840=CARTESIAN_POINT('',(14.8067315871359,25.9868169904766,17.6537842292894));
#5841=CARTESIAN_POINT('',(14.7262611790561,25.9976614757061,17.6238045237673));
#5842=CARTESIAN_POINT('',(14.6735483167063,26.0000044379236,17.603133539808));
#5843=CARTESIAN_POINT('',(14.6477724197747,25.9999999976857,17.592741593554));
#5844=CARTESIAN_POINT('',(16.2304789528165,25.,15.6933236651424));
#5845=CARTESIAN_POINT('',(16.2304789528165,25.,15.6933236651424));
#5846=VECTOR('',#5847,1.);
#5847=DIRECTION('',(-0.274721127897379,0.,0.961523947640823));
#5848=AXIS2_PLACEMENT_3D('',#5849,#5850,#5851);
#5849=CARTESIAN_POINT('',(15.2689550051756,25.,15.418602537245));
#5850=DIRECTION('',(0.274721127897378,0.,-0.961523947640823));
#5851=DIRECTION('',(1.6422921722757E-15,1.,4.69226334935916E-16));
#5852=CARTESIAN_POINT('',(17.,25.,10.1989011071948));
#5853=AXIS2_PLACEMENT_3D('',#5854,#5855,#5856);
#5854=CARTESIAN_POINT('',(-3.,25.,10.1989011071948));
#5855=DIRECTION('',(0.,1.,0.));
#5856=DIRECTION('',(0.961523947640823,0.,0.274721127897378));
#5857=AXIS2_PLACEMENT_3D('',#5858,#5859,#5860);
#5858=CARTESIAN_POINT('',(16.,25.,10.1989011071948));
#5859=DIRECTION('',(0.,0.,1.));
#5860=DIRECTION('',(1.,6.12323399573677E-17,0.));
#5861=CARTESIAN_POINT('',(17.,25.,-3.));
#5862=VECTOR('',#5863,1.);
#5863=DIRECTION('',(0.,0.,1.));
#5864=CARTESIAN_POINT('',(-17.5,23.8333333333333,-3.94280904158206));
#5865=CARTESIAN_POINT('',(-17.5,23.5,-4.4142135623731));
#5866=AXIS2_PLACEMENT_3D('',#5867,#5868,#5869);
#5867=CARTESIAN_POINT('',(-17.5,24.,-4.41421356237309));
#5868=DIRECTION('',(-1.,0.,0.));
#5869=DIRECTION('',(0.,-1.,0.));
#5870=CARTESIAN_POINT('',(-17.5,24.4428090415821,-3.33333333333333));
#5871=AXIS2_PLACEMENT_3D('',#5872,#5873,#5874);
#5872=CARTESIAN_POINT('',(-17.5,23.5,-3.));
#5873=DIRECTION('',(-1.,0.,0.));
#5874=DIRECTION('',(0.,0.942809041582064,-0.333333333333333));
#5875=AXIS2_PLACEMENT_3D('',#5876,#5877,#5878);
#5876=CARTESIAN_POINT('',(-17.5,24.9142135623731,-3.5));
#5877=DIRECTION('',(-1.,0.,0.));
#5878=DIRECTION('',(0.,-0.942809041582063,0.333333333333334));
#5879=CARTESIAN_POINT('',(-17.5,25.,-3.));
#5880=VECTOR('',#5881,1.);
#5881=DIRECTION('',(0.,0.,-1.));
#5882=CARTESIAN_POINT('',(-17.5,23.5,-4.41421356237309));
#5883=VECTOR('',#5884,1.);
#5884=DIRECTION('',(0.,0.,-1.));
#5885=CARTESIAN_POINT('',(-17.,23.8333333333333,-3.94280904158206));
#5886=CARTESIAN_POINT('',(-17.,23.8333333333333,-3.94280904158206));
#5887=VECTOR('',#5888,1.);
#5888=DIRECTION('',(-1.,0.,0.));
#5889=CARTESIAN_POINT('',(-17.,24.4428090415821,-3.33333333333333));
#5890=AXIS2_PLACEMENT_3D('',#5891,#5892,#5893);
#5891=CARTESIAN_POINT('',(-17.,23.5,-3.));
#5892=DIRECTION('',(-1.,0.,0.));
#5893=DIRECTION('',(0.,0.942809041582064,-0.333333333333333));
#5894=CARTESIAN_POINT('',(-17.,24.4428090415821,-3.33333333333333));
#5895=VECTOR('',#5896,1.);
#5896=DIRECTION('',(-1.,0.,0.));
#5897=CARTESIAN_POINT('',(-17.,-24.9142135623731,-3.));
#5898=CARTESIAN_POINT('',(-17.,-24.4428090415821,-3.33333333333334));
#5899=AXIS2_PLACEMENT_3D('',#5900,#5901,#5902);
#5900=CARTESIAN_POINT('',(-17.,-24.9142135623731,-3.5));
#5901=DIRECTION('',(1.,0.,0.));
#5902=DIRECTION('',(0.,0.942809041582062,0.333333333333337));
#5903=CARTESIAN_POINT('',(-17.,-25.,-3.));
#5904=CARTESIAN_POINT('',(-17.,-24.9142135623731,-3.));
#5905=VECTOR('',#5906,1.);
#5906=DIRECTION('',(0.,-1.,0.));
#5907=CARTESIAN_POINT('',(-17.,-25.,17.5));
#5908=CARTESIAN_POINT('',(-17.,-25.,-3.));
#5909=VECTOR('',#5910,1.);
#5910=DIRECTION('',(0.,0.,1.));
#5911=CARTESIAN_POINT('',(-17.,-24.5,17.5));
#5912=CARTESIAN_POINT('',(-17.,-25.,17.5));
#5913=VECTOR('',#5914,1.);
#5914=DIRECTION('',(0.,1.,0.));
#5915=CARTESIAN_POINT('',(-17.,-24.5,18.));
#5916=CARTESIAN_POINT('',(-17.,-24.5,17.5));
#5917=VECTOR('',#5918,1.);
#5918=DIRECTION('',(0.,0.,1.));
#5919=CARTESIAN_POINT('',(-17.,-23.8333333333333,18.9428090415821));
#5920=AXIS2_PLACEMENT_3D('',#5921,#5922,#5923);
#5921=CARTESIAN_POINT('',(-17.,-23.5,18.));
#5922=DIRECTION('',(-1.,0.,0.));
#5923=DIRECTION('',(0.,-1.,0.));
#5924=CARTESIAN_POINT('',(-17.,-23.7199515671421,19.));
#5925=AXIS2_PLACEMENT_3D('',#5926,#5927,#5928);
#5926=CARTESIAN_POINT('',(-17.,-24.,19.4142135623731));
#5927=DIRECTION('',(1.,0.,0.));
#5928=DIRECTION('',(0.,0.33333333333329,-0.942809041582078));
#5929=CARTESIAN_POINT('',(-17.,23.719951567142,19.));
#5930=CARTESIAN_POINT('',(-17.,23.719951567142,19.));
#5931=VECTOR('',#5932,1.);
#5932=DIRECTION('',(0.,-1.,-7.48887211836022E-17));
#5933=CARTESIAN_POINT('',(-17.,23.8333333333333,18.9428090415821));
#5934=AXIS2_PLACEMENT_3D('',#5935,#5936,#5937);
#5935=CARTESIAN_POINT('',(-17.,24.,19.4142135623731));
#5936=DIRECTION('',(1.,0.,0.));
#5937=DIRECTION('',(0.,-0.560096865715899,-0.828427124746182));
#5938=CARTESIAN_POINT('',(-17.,24.5,18.));
#5939=AXIS2_PLACEMENT_3D('',#5940,#5941,#5942);
#5940=CARTESIAN_POINT('',(-17.,23.5,18.));
#5941=DIRECTION('',(-1.,0.,0.));
#5942=DIRECTION('',(0.,0.333333333333333,0.942809041582064));
#5943=CARTESIAN_POINT('',(-17.,24.5,17.5));
#5944=CARTESIAN_POINT('',(-17.,24.5,18.));
#5945=VECTOR('',#5946,1.);
#5946=DIRECTION('',(0.,0.,-1.));
#5947=CARTESIAN_POINT('',(-17.,24.5,17.5));
#5948=VECTOR('',#5949,1.);
#5949=DIRECTION('',(0.,1.,0.));
#5950=AXIS2_PLACEMENT_3D('',#5951,#5952,#5953);
#5951=CARTESIAN_POINT('',(-17.,24.9142135623731,-3.5));
#5952=DIRECTION('',(1.,0.,0.));
#5953=DIRECTION('',(0.,0.,1.));
#5954=CARTESIAN_POINT('',(-17.,23.5,-4.4142135623731));
#5955=AXIS2_PLACEMENT_3D('',#5956,#5957,#5958);
#5956=CARTESIAN_POINT('',(-17.,24.,-4.41421356237309));
#5957=DIRECTION('',(1.,0.,0.));
#5958=DIRECTION('',(0.,-0.333333333333336,0.942809041582063));
#5959=CARTESIAN_POINT('',(-17.,23.5,-5.));
#5960=VECTOR('',#5961,1.);
#5961=DIRECTION('',(0.,0.,1.));
#5962=CARTESIAN_POINT('',(-17.,-23.5,-4.4142135623731));
#5963=CARTESIAN_POINT('',(-17.,-23.5,-4.4142135623731));
#5964=VECTOR('',#5965,1.);
#5965=DIRECTION('',(0.,0.,-1.));
#5966=CARTESIAN_POINT('',(-17.,-23.8333333333333,-3.94280904158207));
#5967=AXIS2_PLACEMENT_3D('',#5968,#5969,#5970);
#5968=CARTESIAN_POINT('',(-17.,-24.,-4.4142135623731));
#5969=DIRECTION('',(1.,0.,0.));
#5970=DIRECTION('',(0.,1.,0.));
#5971=AXIS2_PLACEMENT_3D('',#5972,#5973,#5974);
#5972=CARTESIAN_POINT('',(-17.,-23.5,-3.00000000000001));
#5973=DIRECTION('',(-1.,0.,0.));
#5974=DIRECTION('',(0.,-0.333333333333332,-0.942809041582064));
#5975=CARTESIAN_POINT('',(17.,-24.4428090415821,-3.33333333333333));
#5976=CARTESIAN_POINT('',(17.,-24.9142135623731,-3.));
#5977=AXIS2_PLACEMENT_3D('',#5978,#5979,#5980);
#5978=CARTESIAN_POINT('',(17.,-24.9142135623731,-3.5));
#5979=DIRECTION('',(-1.,0.,0.));
#5980=DIRECTION('',(0.,-2.8421709430404E-14,1.));
#5981=CARTESIAN_POINT('',(17.,-23.8333333333333,-3.94280904158206));
#5982=AXIS2_PLACEMENT_3D('',#5983,#5984,#5985);
#5983=CARTESIAN_POINT('',(17.,-23.5,-3.));
#5984=DIRECTION('',(1.,0.,0.));
#5985=DIRECTION('',(0.,-0.942809041582063,-0.333333333333334));
#5986=CARTESIAN_POINT('',(17.,-23.5,-4.41421356237309));
#5987=AXIS2_PLACEMENT_3D('',#5988,#5989,#5990);
#5988=CARTESIAN_POINT('',(17.,-24.,-4.41421356237309));
#5989=DIRECTION('',(-1.,0.,0.));
#5990=DIRECTION('',(0.,0.333333333333336,0.942809041582063));
#5991=CARTESIAN_POINT('',(17.,-23.5,-5.));
#5992=VECTOR('',#5993,1.);
#5993=DIRECTION('',(0.,0.,1.));
#5994=CARTESIAN_POINT('',(17.,23.5,-4.4142135623731));
#5995=CARTESIAN_POINT('',(17.,23.5,-4.4142135623731));
#5996=VECTOR('',#5997,1.);
#5997=DIRECTION('',(0.,0.,-1.));
#5998=CARTESIAN_POINT('',(17.,23.8333333333333,-3.94280904158206));
#5999=AXIS2_PLACEMENT_3D('',#6000,#6001,#6002);
#6000=CARTESIAN_POINT('',(17.,24.,-4.41421356237309));
#6001=DIRECTION('',(-1.,0.,0.));
#6002=DIRECTION('',(0.,-1.,-1.77635683940025E-15));
#6003=CARTESIAN_POINT('',(17.,24.4428090415821,-3.33333333333333));
#6004=AXIS2_PLACEMENT_3D('',#6005,#6006,#6007);
#6005=CARTESIAN_POINT('',(17.,23.5,-3.));
#6006=DIRECTION('',(1.,0.,0.));
#6007=DIRECTION('',(0.,0.333333333333332,-0.942809041582064));
#6008=AXIS2_PLACEMENT_3D('',#6009,#6010,#6011);
#6009=CARTESIAN_POINT('',(17.,24.9142135623731,-3.5));
#6010=DIRECTION('',(-1.,0.,0.));
#6011=DIRECTION('',(0.,-0.942809041582061,0.333333333333341));
#6012=CARTESIAN_POINT('',(17.,24.,10.1989011071948));
#6013=CARTESIAN_POINT('',(17.,24.,10.1989011071948));
#6014=VECTOR('',#6015,1.);
#6015=DIRECTION('',(0.,1.,0.));
#6016=CARTESIAN_POINT('',(17.,24.,-3.));
#6017=CARTESIAN_POINT('',(17.,24.,10.1989011071948));
#6018=VECTOR('',#6019,1.);
#6019=DIRECTION('',(0.,0.,-1.));
#6020=CARTESIAN_POINT('',(17.,-24.,-3.));
#6021=CARTESIAN_POINT('',(17.,-24.,-3.));
#6022=VECTOR('',#6023,1.);
#6023=DIRECTION('',(0.,1.,0.));
#6024=CARTESIAN_POINT('',(17.,-24.,10.1989011071948));
#6025=CARTESIAN_POINT('',(17.,-24.,10.1989011071948));
#6026=VECTOR('',#6027,1.);
#6027=DIRECTION('',(0.,0.,-1.));
#6028=CARTESIAN_POINT('',(17.,-25.,10.1989011071948));
#6029=CARTESIAN_POINT('',(17.,-25.,10.1989011071948));
#6030=VECTOR('',#6031,1.);
#6031=DIRECTION('',(0.,1.,0.));
#6032=CARTESIAN_POINT('',(17.,-25.,-3.));
#6033=CARTESIAN_POINT('',(17.,-25.,-3.));
#6034=VECTOR('',#6035,1.);
#6035=DIRECTION('',(0.,0.,1.));
#6036=CARTESIAN_POINT('',(17.,-25.,-3.));
#6037=VECTOR('',#6038,1.);
#6038=DIRECTION('',(0.,1.,0.));
#6039=CARTESIAN_POINT('',(17.5,23.8333333333333,-3.94280904158206));
#6040=CARTESIAN_POINT('',(17.,23.8333333333333,-3.94280904158206));
#6041=VECTOR('',#6042,1.);
#6042=DIRECTION('',(1.,0.,0.));
#6043=CARTESIAN_POINT('',(17.5,24.4428090415821,-3.33333333333333));
#6044=AXIS2_PLACEMENT_3D('',#6045,#6046,#6047);
#6045=CARTESIAN_POINT('',(17.5,23.5,-3.));
#6046=DIRECTION('',(1.,0.,0.));
#6047=DIRECTION('',(0.,0.333333333333332,-0.942809041582064));
#6048=CARTESIAN_POINT('',(17.,24.4428090415821,-3.33333333333333));
#6049=VECTOR('',#6050,1.);
#6050=DIRECTION('',(1.,0.,0.));
#6051=CARTESIAN_POINT('',(17.5,23.5,-4.4142135623731));
#6052=AXIS2_PLACEMENT_3D('',#6053,#6054,#6055);
#6053=CARTESIAN_POINT('',(17.5,24.,-4.41421356237309));
#6054=DIRECTION('',(1.,0.,0.));
#6055=DIRECTION('',(0.,-0.333333333333336,0.942809041582063));
#6056=CARTESIAN_POINT('',(17.5,23.5,-4.4142135623731));
#6057=VECTOR('',#6058,1.);
#6058=DIRECTION('',(0.,0.,-1.));
#6059=CARTESIAN_POINT('',(17.5,25.,-3.));
#6060=VECTOR('',#6061,1.);
#6061=DIRECTION('',(0.,0.,-1.));
#6062=AXIS2_PLACEMENT_3D('',#6063,#6064,#6065);
#6063=CARTESIAN_POINT('',(17.5,24.9142135623731,-3.5));
#6064=DIRECTION('',(1.,0.,0.));
#6065=DIRECTION('',(0.,0.,1.));
#6066=CARTESIAN_POINT('',(17.5,-23.5,-4.41421356237309));
#6067=CARTESIAN_POINT('',(17.,-23.5,-4.41421356237309));
#6068=VECTOR('',#6069,1.);
#6069=DIRECTION('',(1.,0.,0.));
#6070=CARTESIAN_POINT('',(17.5,-23.5,-4.41421356237309));
#6071=VECTOR('',#6072,1.);
#6072=DIRECTION('',(0.,0.,-1.));
#6073=CARTESIAN_POINT('',(17.5,-24.9142135623731,-3.));
#6074=CARTESIAN_POINT('',(17.5,-24.4428090415821,-3.33333333333333));
#6075=AXIS2_PLACEMENT_3D('',#6076,#6077,#6078);
#6076=CARTESIAN_POINT('',(17.5,-24.9142135623731,-3.5));
#6077=DIRECTION('',(1.,0.,0.));
#6078=DIRECTION('',(0.,0.942809041582065,0.333333333333329));
#6079=CARTESIAN_POINT('',(17.5,-25.,-3.));
#6080=CARTESIAN_POINT('',(17.5,-24.9142135623731,-3.));
#6081=VECTOR('',#6082,1.);
#6082=DIRECTION('',(0.,-1.,0.));
#6083=CARTESIAN_POINT('',(17.5,-25.,-3.));
#6084=VECTOR('',#6085,1.);
#6085=DIRECTION('',(0.,1.77635683940025E-15,-1.));
#6086=CARTESIAN_POINT('',(17.5,-23.8333333333333,-3.94280904158206));
#6087=AXIS2_PLACEMENT_3D('',#6088,#6089,#6090);
#6088=CARTESIAN_POINT('',(17.5,-24.,-4.41421356237309));
#6089=DIRECTION('',(1.,0.,0.));
#6090=DIRECTION('',(0.,1.,0.));
#6091=AXIS2_PLACEMENT_3D('',#6092,#6093,#6094);
#6092=CARTESIAN_POINT('',(17.5,-23.5,-3.));
#6093=DIRECTION('',(1.,0.,0.));
#6094=DIRECTION('',(0.,-0.942809041582063,-0.333333333333334));
#6095=CARTESIAN_POINT('',(15.4428090415821,-26.5,-3.33333333333333));
#6096=CARTESIAN_POINT('',(15.9142135623731,-26.5,-3.));
#6097=AXIS2_PLACEMENT_3D('',#6098,#6099,#6100);
#6098=CARTESIAN_POINT('',(15.9142135623731,-26.5,-3.5));
#6099=DIRECTION('',(1.1842378929335E-15,-1.,0.));
#6100=DIRECTION('',(3.5527136788005E-15,4.20725816117873E-30,1.));
#6101=CARTESIAN_POINT('',(14.8333333333333,-26.5,-3.94280904158206));
#6102=AXIS2_PLACEMENT_3D('',#6103,#6104,#6105);
#6103=CARTESIAN_POINT('',(14.5,-26.5,-3.));
#6104=DIRECTION('',(1.1842378929335E-15,-1.,0.));
#6105=DIRECTION('',(0.333333333333334,3.94745964311167E-16,-0.942809041582063));
#6106=CARTESIAN_POINT('',(14.5,-26.5,-4.4142135623731));
#6107=AXIS2_PLACEMENT_3D('',#6108,#6109,#6110);
#6108=CARTESIAN_POINT('',(15.,-26.5,-4.4142135623731));
#6109=DIRECTION('',(1.1842378929335E-15,-1.,0.));
#6110=DIRECTION('',(-0.333333333333331,-3.94745964311165E-16,0.942809041582064));
#6111=CARTESIAN_POINT('',(14.5,-26.5,-4.41421356237309));
#6112=VECTOR('',#6113,1.);
#6113=DIRECTION('',(0.,0.,-1.));
#6114=CARTESIAN_POINT('',(16.,-26.5,-3.));
#6115=CARTESIAN_POINT('',(16.,-26.5,-3.));
#6116=VECTOR('',#6117,1.);
#6117=DIRECTION('',(0.,0.,-1.));
#6118=CARTESIAN_POINT('',(16.,-26.5,-3.));
#6119=VECTOR('',#6120,1.);
#6120=DIRECTION('',(-1.,-4.1413465543954E-14,0.));
#6121=CARTESIAN_POINT('',(14.5,-26.,-4.4142135623731));
#6122=CARTESIAN_POINT('',(14.5,-26.,-4.4142135623731));
#6123=VECTOR('',#6124,1.);
#6124=DIRECTION('',(0.,-1.,0.));
#6125=CARTESIAN_POINT('',(14.5,-26.,-4.4142135623731));
#6126=VECTOR('',#6127,1.);
#6127=DIRECTION('',(0.,0.,-1.));
#6128=CARTESIAN_POINT('',(15.9142135623731,-26.,-3.));
#6129=CARTESIAN_POINT('',(15.4428090415821,-26.,-3.33333333333333));
#6130=AXIS2_PLACEMENT_3D('',#6131,#6132,#6133);
#6131=CARTESIAN_POINT('',(15.9142135623731,-26.,-3.5));
#6132=DIRECTION('',(0.,1.,0.));
#6133=DIRECTION('',(-0.942809041582062,0.,0.333333333333337));
#6134=CARTESIAN_POINT('',(16.,-26.,-3.));
#6135=CARTESIAN_POINT('',(15.9142135623731,-26.,-3.));
#6136=VECTOR('',#6137,1.);
#6137=DIRECTION('',(1.,0.,0.));
#6138=CARTESIAN_POINT('',(16.,-26.,10.1989011071948));
#6139=CARTESIAN_POINT('',(16.,-26.,-3.));
#6140=VECTOR('',#6141,1.);
#6141=DIRECTION('',(0.,0.,1.));
#6142=CARTESIAN_POINT('',(15.2689550051756,-26.,15.418602537245));
#6143=AXIS2_PLACEMENT_3D('',#6144,#6145,#6146);
#6144=CARTESIAN_POINT('',(-3.,-26.,10.1989011071948));
#6145=DIRECTION('',(0.,-1.,0.));
#6146=DIRECTION('',(1.,0.,0.));
#6147=CARTESIAN_POINT('',(14.6477724166123,-26.,17.5927415972166));
#6148=CARTESIAN_POINT('',(14.6477724166123,-26.,17.5927415972166));
#6149=VECTOR('',#6150,1.);
#6150=DIRECTION('',(0.274721127897379,0.,-0.961523947640823));
#6151=CARTESIAN_POINT('',(14.2072225348865,-26.,17.5));
#6152=CARTESIAN_POINT('',(14.2072225348865,-26.,17.5));
#6153=CARTESIAN_POINT('',(14.2161866139851,-26.,17.4999999247084));
#6154=CARTESIAN_POINT('',(14.2327884483686,-26.,17.5002238323829));
#6155=CARTESIAN_POINT('',(14.2506876993085,-26.,17.5009092118223));
#6156=CARTESIAN_POINT('',(14.2687280333213,-26.,17.5018416778009));
#6157=CARTESIAN_POINT('',(14.2883070548362,-26.,17.5031593272724));
#6158=CARTESIAN_POINT('',(14.3156293909305,-26.,17.5057356896551));
#6159=CARTESIAN_POINT('',(14.3397462719331,-26.,17.5086597630237));
#6160=CARTESIAN_POINT('',(14.3581080375598,-26.,17.5112875587892));
#6161=CARTESIAN_POINT('',(14.3766470488391,-26.,17.514188531439));
#6162=CARTESIAN_POINT('',(14.3986841372047,-26.,17.518040671671));
#6163=CARTESIAN_POINT('',(14.4266167851688,-26.,17.5236625024707));
#6164=CARTESIAN_POINT('',(14.4475224645111,-26.,17.5284151489876));
#6165=CARTESIAN_POINT('',(14.4661547288114,-26.,17.5329467791019));
#6166=CARTESIAN_POINT('',(14.484831053913,-26.,17.5377276489453));
#6167=CARTESIAN_POINT('',(14.5104699533541,-26.,17.5448547314586));
#6168=CARTESIAN_POINT('',(14.5344083906386,-26.,17.5520943927129));
#6169=CARTESIAN_POINT('',(14.5528985638834,-26.,17.5580333232729));
#6170=CARTESIAN_POINT('',(14.5712986655797,-26.,17.5641578875782));
#6171=CARTESIAN_POINT('',(14.5934359746208,-26.,17.5718877929162));
#6172=CARTESIAN_POINT('',(14.6127564036322,-26.,17.5790634296642));
#6173=CARTESIAN_POINT('',(14.6308580495996,-26.,17.5860041539471));
#6174=CARTESIAN_POINT('',(14.6398688971636,-26.,17.5895552294498));
#6175=CARTESIAN_POINT('',(14.6477724166114,-26.,17.5927415972166));
#6176=CARTESIAN_POINT('',(13.7072225348865,-26.,17.5));
#6177=CARTESIAN_POINT('',(13.7072225348865,-26.,17.5));
#6178=VECTOR('',#6179,1.);
#6179=DIRECTION('',(1.,0.,0.));
#6180=CARTESIAN_POINT('',(13.7072225348865,-26.,18.));
#6181=CARTESIAN_POINT('',(13.7072225348865,-26.,17.5));
#6182=VECTOR('',#6183,1.);
#6183=DIRECTION('',(3.5527136788005E-15,0.,1.));
#6184=CARTESIAN_POINT('',(13.0405558682198,-26.,18.9428090415821));
#6185=AXIS2_PLACEMENT_3D('',#6186,#6187,#6188);
#6186=CARTESIAN_POINT('',(12.7072225348865,-26.,18.));
#6187=DIRECTION('',(0.,-1.,0.));
#6188=DIRECTION('',(1.,0.,0.));
#6189=CARTESIAN_POINT('',(12.9271741020285,-26.,19.));
#6190=AXIS2_PLACEMENT_3D('',#6191,#6192,#6193);
#6191=CARTESIAN_POINT('',(13.2072225348865,-26.,19.4142135623731));
#6192=DIRECTION('',(0.,1.,0.));
#6193=DIRECTION('',(-0.333333333333335,0.,-0.942809041582063));
#6194=CARTESIAN_POINT('',(-14.7199515671421,-26.,19.));
#6195=CARTESIAN_POINT('',(-14.719951567142,-26.,19.));
#6196=VECTOR('',#6197,1.);
#6197=DIRECTION('',(1.,0.,0.));
#6198=CARTESIAN_POINT('',(-14.8333333333333,-26.,18.9428090415821));
#6199=AXIS2_PLACEMENT_3D('',#6200,#6201,#6202);
#6200=CARTESIAN_POINT('',(-15.,-26.,19.4142135623731));
#6201=DIRECTION('',(0.,1.,0.));
#6202=DIRECTION('',(0.560096865715899,0.,-0.828427124746182));
#6203=CARTESIAN_POINT('',(-15.3660254037844,-26.,17.5));
#6204=AXIS2_PLACEMENT_3D('',#6205,#6206,#6207);
#6205=CARTESIAN_POINT('',(-14.5,-26.,18.));
#6206=DIRECTION('',(0.,-1.,0.));
#6207=DIRECTION('',(-0.333333333333333,0.,0.942809041582064));
#6208=CARTESIAN_POINT('',(-16.,-26.,17.5));
#6209=CARTESIAN_POINT('',(-15.3660254037844,-26.,17.5));
#6210=VECTOR('',#6211,1.);
#6211=DIRECTION('',(-1.,0.,0.));
#6212=CARTESIAN_POINT('',(-16.,-26.,-3.));
#6213=CARTESIAN_POINT('',(-16.,-26.,-3.));
#6214=VECTOR('',#6215,1.);
#6215=DIRECTION('',(0.,0.,1.));
#6216=CARTESIAN_POINT('',(-15.9142135623731,-26.,-3.));
#6217=CARTESIAN_POINT('',(-16.,-26.,-3.));
#6218=VECTOR('',#6219,1.);
#6219=DIRECTION('',(1.,0.,0.));
#6220=CARTESIAN_POINT('',(-15.4428090415821,-26.,-3.33333333333333));
#6221=AXIS2_PLACEMENT_3D('',#6222,#6223,#6224);
#6222=CARTESIAN_POINT('',(-15.9142135623731,-26.,-3.5));
#6223=DIRECTION('',(0.,1.,0.));
#6224=DIRECTION('',(-3.5527136788005E-15,0.,1.));
#6225=CARTESIAN_POINT('',(-14.8333333333333,-26.,-3.94280904158206));
#6226=AXIS2_PLACEMENT_3D('',#6227,#6228,#6229);
#6227=CARTESIAN_POINT('',(-14.5,-26.,-3.));
#6228=DIRECTION('',(0.,-1.,0.));
#6229=DIRECTION('',(-0.942809041582063,0.,-0.333333333333334));
#6230=CARTESIAN_POINT('',(-14.5,-26.,-4.41421356237309));
#6231=AXIS2_PLACEMENT_3D('',#6232,#6233,#6234);
#6232=CARTESIAN_POINT('',(-15.,-26.,-4.41421356237309));
#6233=DIRECTION('',(0.,1.,0.));
#6234=DIRECTION('',(0.333333333333336,0.,0.942809041582063));
#6235=CARTESIAN_POINT('',(-14.5,-26.,-5.));
#6236=VECTOR('',#6237,1.);
#6237=DIRECTION('',(0.,0.,1.));
#6238=CARTESIAN_POINT('',(14.8333333333333,-26.,-3.94280904158206));
#6239=AXIS2_PLACEMENT_3D('',#6240,#6241,#6242);
#6240=CARTESIAN_POINT('',(15.,-26.,-4.4142135623731));
#6241=DIRECTION('',(0.,1.,0.));
#6242=DIRECTION('',(-1.,0.,1.77635683940026E-15));
#6243=AXIS2_PLACEMENT_3D('',#6244,#6245,#6246);
#6244=CARTESIAN_POINT('',(14.5,-26.,-3.));
#6245=DIRECTION('',(0.,-1.,0.));
#6246=DIRECTION('',(0.333333333333334,0.,-0.942809041582063));
#6247=CARTESIAN_POINT('',(-14.5,-26.5,-4.41421356237309));
#6248=CARTESIAN_POINT('',(-14.5,-26.,-4.41421356237309));
#6249=VECTOR('',#6250,1.);
#6250=DIRECTION('',(0.,-1.,0.));
#6251=CARTESIAN_POINT('',(-14.5,-26.5,-4.41421356237309));
#6252=VECTOR('',#6253,1.);
#6253=DIRECTION('',(0.,0.,-1.));
#6254=CARTESIAN_POINT('',(-15.9142135623731,-26.5,-3.));
#6255=CARTESIAN_POINT('',(-15.4428090415821,-26.5,-3.33333333333333));
#6256=AXIS2_PLACEMENT_3D('',#6257,#6258,#6259);
#6257=CARTESIAN_POINT('',(-15.9142135623731,-26.5,-3.5));
#6258=DIRECTION('',(1.1842378929335E-15,-1.,0.));
#6259=DIRECTION('',(0.942809041582063,1.1165101928418E-15,0.333333333333334));
#6260=CARTESIAN_POINT('',(-16.,-26.5,-3.));
#6261=CARTESIAN_POINT('',(-15.9142135623731,-26.5,-3.));
#6262=VECTOR('',#6263,1.);
#6263=DIRECTION('',(-1.,0.,0.));
#6264=CARTESIAN_POINT('',(-16.,-26.5,-3.));
#6265=VECTOR('',#6266,1.);
#6266=DIRECTION('',(0.,0.,-1.));
#6267=CARTESIAN_POINT('',(-14.8333333333333,-26.5,-3.94280904158206));
#6268=AXIS2_PLACEMENT_3D('',#6269,#6270,#6271);
#6269=CARTESIAN_POINT('',(-15.,-26.5,-4.41421356237309));
#6270=DIRECTION('',(1.1842378929335E-15,-1.,0.));
#6271=DIRECTION('',(1.,1.1842378929335E-15,0.));
#6272=AXIS2_PLACEMENT_3D('',#6273,#6274,#6275);
#6273=CARTESIAN_POINT('',(-14.5,-26.5,-3.));
#6274=DIRECTION('',(1.1842378929335E-15,-1.,0.));
#6275=DIRECTION('',(-0.942809041582063,-1.1165101928418E-15,-0.333333333333334));
#6276=CARTESIAN_POINT('',(-17.5,-24.4428090415821,-3.33333333333333));
#6277=CARTESIAN_POINT('',(-17.5,-24.9142135623731,-3.));
#6278=AXIS2_PLACEMENT_3D('',#6279,#6280,#6281);
#6279=CARTESIAN_POINT('',(-17.5,-24.9142135623731,-3.5));
#6280=DIRECTION('',(-1.,0.,0.));
#6281=DIRECTION('',(0.,1.4210854715202E-14,1.));
#6282=CARTESIAN_POINT('',(-17.5,-23.8333333333333,-3.94280904158207));
#6283=AXIS2_PLACEMENT_3D('',#6284,#6285,#6286);
#6284=CARTESIAN_POINT('',(-17.5,-23.5,-3.00000000000001));
#6285=DIRECTION('',(-1.,0.,0.));
#6286=DIRECTION('',(0.,-0.333333333333332,-0.942809041582064));
#6287=CARTESIAN_POINT('',(-17.5,-23.5,-4.4142135623731));
#6288=AXIS2_PLACEMENT_3D('',#6289,#6290,#6291);
#6289=CARTESIAN_POINT('',(-17.5,-24.,-4.4142135623731));
#6290=DIRECTION('',(-1.,0.,0.));
#6291=DIRECTION('',(0.,0.33333333333333,0.942809041582065));
#6292=CARTESIAN_POINT('',(-17.5,-23.5,-4.4142135623731));
#6293=VECTOR('',#6294,1.);
#6294=DIRECTION('',(0.,0.,-1.));
#6295=CARTESIAN_POINT('',(-17.5,-25.,-3.));
#6296=CARTESIAN_POINT('',(-17.5,-25.,-3.));
#6297=VECTOR('',#6298,1.);
#6298=DIRECTION('',(0.,0.,-1.));
#6299=CARTESIAN_POINT('',(-17.5,-25.,-3.));
#6300=VECTOR('',#6301,1.);
#6301=DIRECTION('',(0.,1.,0.));
#6302=CARTESIAN_POINT('',(-17.,-23.5,-4.4142135623731));
#6303=VECTOR('',#6304,1.);
#6304=DIRECTION('',(-1.,0.,0.));
#6305=CARTESIAN_POINT('',(-17.,23.5,-4.4142135623731));
#6306=VECTOR('',#6307,1.);
#6307=DIRECTION('',(-1.,0.,0.));
#6308=CARTESIAN_POINT('',(17.,23.5,-4.4142135623731));
#6309=VECTOR('',#6310,1.);
#6310=DIRECTION('',(1.,0.,0.));
#6311=CARTESIAN_POINT('',(-17.5,25.,18.));
#6312=CARTESIAN_POINT('',(-17.,25.,17.5));
#6313=VECTOR('',#6314,1.);
#6314=DIRECTION('',(-0.70710678118655,0.,0.707106781186545));
#6315=AXIS2_PLACEMENT_3D('',#6316,#6317,#6318);
#6316=CARTESIAN_POINT('',(-16.,25.,18.));
#6317=DIRECTION('',(0.,0.,-1.));
#6318=DIRECTION('',(-1.,0.,0.));
#6319=CARTESIAN_POINT('',(-14.5,26.5,20.));
#6320=CARTESIAN_POINT('',(-16.,26.5,20.));
#6321=CARTESIAN_POINT('',(-14.5,26.5,20.));
#6322=VECTOR('',#6323,1.);
#6323=DIRECTION('',(-1.,0.,0.));
#6324=CARTESIAN_POINT('',(-14.5,26.5,19.4142135623731));
#6325=VECTOR('',#6326,1.);
#6326=DIRECTION('',(0.,0.,1.));
#6327=CARTESIAN_POINT('',(-16.,26.5,18.));
#6328=VECTOR('',#6329,1.);
#6329=DIRECTION('',(0.,0.,1.));
#6330=CARTESIAN_POINT('',(-14.5,25.,20.));
#6331=VECTOR('',#6332,1.);
#6332=DIRECTION('',(0.,1.,0.));
#6333=CARTESIAN_POINT('',(12.7072225348865,-24.5,20.));
#6334=CARTESIAN_POINT('',(12.7072225348865,-25.,20.));
#6335=CARTESIAN_POINT('',(12.7072225348865,-24.5,20.));
#6336=VECTOR('',#6337,1.);
#6337=DIRECTION('',(-3.55271367880053E-15,-1.,0.));
#6338=CARTESIAN_POINT('',(13.7072225348865,-23.5,20.));
#6339=AXIS2_PLACEMENT_3D('',#6340,#6341,#6342);
#6340=CARTESIAN_POINT('',(12.7072225348865,-23.5,20.));
#6341=DIRECTION('',(0.,0.,1.));
#6342=DIRECTION('',(0.,-1.,0.));
#6343=CARTESIAN_POINT('',(14.2456985872456,-23.5,20.));
#6344=CARTESIAN_POINT('',(14.2456985872456,-23.5,20.));
#6345=VECTOR('',#6346,1.);
#6346=DIRECTION('',(-1.,0.,0.));
#6347=CARTESIAN_POINT('',(14.2456985872456,23.5,20.));
#6348=CARTESIAN_POINT('',(14.2456985872456,23.5,20.));
#6349=VECTOR('',#6350,1.);
#6350=DIRECTION('',(3.77948263702181E-17,-1.,0.));
#6351=CARTESIAN_POINT('',(13.7072225348865,23.5,20.));
#6352=CARTESIAN_POINT('',(13.7072225348865,23.5,20.));
#6353=VECTOR('',#6354,1.);
#6354=DIRECTION('',(1.,0.,0.));
#6355=CARTESIAN_POINT('',(12.7072225348865,24.5,20.));
#6356=AXIS2_PLACEMENT_3D('',#6357,#6358,#6359);
#6357=CARTESIAN_POINT('',(12.7072225348865,23.5,20.));
#6358=DIRECTION('',(0.,0.,1.));
#6359=DIRECTION('',(1.,0.,0.));
#6360=CARTESIAN_POINT('',(12.7072225348865,25.,20.));
#6361=VECTOR('',#6362,1.);
#6362=DIRECTION('',(-3.5527136788005E-15,-1.,0.));
#6363=CARTESIAN_POINT('',(-14.5,24.5,20.));
#6364=CARTESIAN_POINT('',(-14.5,24.5,20.));
#6365=VECTOR('',#6366,1.);
#6366=DIRECTION('',(0.,1.,0.));
#6367=CARTESIAN_POINT('',(-15.5,23.5,20.));
#6368=AXIS2_PLACEMENT_3D('',#6369,#6370,#6371);
#6369=CARTESIAN_POINT('',(-14.5,23.5,20.));
#6370=DIRECTION('',(0.,0.,1.));
#6371=DIRECTION('',(0.,1.,0.));
#6372=CARTESIAN_POINT('',(-16.,23.5,20.));
#6373=CARTESIAN_POINT('',(-16.,23.5,20.));
#6374=VECTOR('',#6375,1.);
#6375=DIRECTION('',(1.,0.,0.));
#6376=CARTESIAN_POINT('',(-16.,-23.5,20.));
#6377=CARTESIAN_POINT('',(-16.,23.5,20.));
#6378=VECTOR('',#6379,1.);
#6379=DIRECTION('',(-3.77948263702181E-17,-1.,0.));
#6380=CARTESIAN_POINT('',(-15.5,-23.5,20.));
#6381=CARTESIAN_POINT('',(-15.5,-23.5,20.));
#6382=VECTOR('',#6383,1.);
#6383=DIRECTION('',(-1.,0.,0.));
#6384=CARTESIAN_POINT('',(-14.5,-24.5,20.));
#6385=AXIS2_PLACEMENT_3D('',#6386,#6387,#6388);
#6386=CARTESIAN_POINT('',(-14.5,-23.5,20.));
#6387=DIRECTION('',(0.,0.,1.));
#6388=DIRECTION('',(-1.,0.,0.));
#6389=CARTESIAN_POINT('',(-14.5,-25.,20.));
#6390=CARTESIAN_POINT('',(-14.5,-25.,20.));
#6391=VECTOR('',#6392,1.);
#6392=DIRECTION('',(0.,1.,0.));
#6393=CARTESIAN_POINT('',(-14.5,-25.,20.));
#6394=VECTOR('',#6395,1.);
#6395=DIRECTION('',(1.,1.30579800060261E-16,0.));
#6396=CARTESIAN_POINT('',(-13.5,1.5,20.));
#6397=CARTESIAN_POINT('',(13.5,1.5,20.));
#6398=CARTESIAN_POINT('',(13.5,1.5,20.));
#6399=VECTOR('',#6400,1.);
#6400=DIRECTION('',(-1.,6.57909940518611E-17,0.));
#6401=CARTESIAN_POINT('',(13.5,-1.5,20.));
#6402=CARTESIAN_POINT('',(13.5,-1.5,20.));
#6403=VECTOR('',#6404,1.);
#6404=DIRECTION('',(0.,1.,0.));
#6405=CARTESIAN_POINT('',(-13.5,-1.5,20.));
#6406=CARTESIAN_POINT('',(-13.5,-1.5,20.));
#6407=VECTOR('',#6408,1.);
#6408=DIRECTION('',(1.,-6.57909940518611E-17,0.));
#6409=CARTESIAN_POINT('',(-13.5,1.5,20.));
#6410=VECTOR('',#6411,1.);
#6411=DIRECTION('',(0.,-1.,0.));
#6412=CARTESIAN_POINT('',(-13.5,5.5,20.));
#6413=CARTESIAN_POINT('',(13.5,5.5,20.));
#6414=CARTESIAN_POINT('',(13.5,5.5,20.));
#6415=VECTOR('',#6416,1.);
#6416=DIRECTION('',(-1.,9.86864910777916E-17,0.));
#6417=CARTESIAN_POINT('',(13.5,2.5,20.));
#6418=CARTESIAN_POINT('',(13.5,2.5,20.));
#6419=VECTOR('',#6420,1.);
#6420=DIRECTION('',(5.92118946466751E-16,1.,0.));
#6421=CARTESIAN_POINT('',(-13.5,2.5,20.));
#6422=CARTESIAN_POINT('',(-13.5,2.5,20.));
#6423=VECTOR('',#6424,1.);
#6424=DIRECTION('',(1.,-6.57909940518611E-17,0.));
#6425=CARTESIAN_POINT('',(-13.5,5.5,20.));
#6426=VECTOR('',#6427,1.);
#6427=DIRECTION('',(5.9211894646675E-16,-1.,0.));
#6428=CARTESIAN_POINT('',(-13.5,9.5,20.));
#6429=CARTESIAN_POINT('',(13.5,9.5,20.));
#6430=CARTESIAN_POINT('',(13.5,9.5,20.));
#6431=VECTOR('',#6432,1.);
#6432=DIRECTION('',(-1.,1.31581988103722E-16,0.));
#6433=CARTESIAN_POINT('',(13.5,6.5,20.));
#6434=CARTESIAN_POINT('',(13.5,6.5,20.));
#6435=VECTOR('',#6436,1.);
#6436=DIRECTION('',(5.92118946466751E-16,1.,0.));
#6437=CARTESIAN_POINT('',(-13.5,6.5,20.));
#6438=CARTESIAN_POINT('',(-13.5,6.5,20.));
#6439=VECTOR('',#6440,1.);
#6440=DIRECTION('',(1.,-6.57909940518611E-17,0.));
#6441=CARTESIAN_POINT('',(-13.5,9.5,20.));
#6442=VECTOR('',#6443,1.);
#6443=DIRECTION('',(0.,-1.,0.));
#6444=CARTESIAN_POINT('',(13.5,10.5,20.));
#6445=CARTESIAN_POINT('',(-13.5,10.5,20.));
#6446=CARTESIAN_POINT('',(-13.5,10.5,20.));
#6447=VECTOR('',#6448,1.);
#6448=DIRECTION('',(1.,0.,0.));
#6449=CARTESIAN_POINT('',(-13.5,13.5,20.));
#6450=CARTESIAN_POINT('',(-13.5,13.5,20.));
#6451=VECTOR('',#6452,1.);
#6452=DIRECTION('',(0.,-1.,0.));
#6453=CARTESIAN_POINT('',(13.5,13.5,20.));
#6454=CARTESIAN_POINT('',(13.5,13.5,20.));
#6455=VECTOR('',#6456,1.);
#6456=DIRECTION('',(-1.,1.31581988103722E-16,0.));
#6457=CARTESIAN_POINT('',(13.5,10.5,20.));
#6458=VECTOR('',#6459,1.);
#6459=DIRECTION('',(0.,1.,0.));
#6460=CARTESIAN_POINT('',(-13.5,17.5,20.));
#6461=CARTESIAN_POINT('',(13.5,17.5,20.));
#6462=CARTESIAN_POINT('',(13.5,17.5,20.));
#6463=VECTOR('',#6464,1.);
#6464=DIRECTION('',(-1.,0.,0.));
#6465=CARTESIAN_POINT('',(13.5,14.5,20.));
#6466=CARTESIAN_POINT('',(13.5,14.5,20.));
#6467=VECTOR('',#6468,1.);
#6468=DIRECTION('',(0.,1.,0.));
#6469=CARTESIAN_POINT('',(-13.5,14.5,20.));
#6470=CARTESIAN_POINT('',(-13.5,14.5,20.));
#6471=VECTOR('',#6472,1.);
#6472=DIRECTION('',(1.,0.,0.));
#6473=CARTESIAN_POINT('',(-13.5,17.5,20.));
#6474=VECTOR('',#6475,1.);
#6475=DIRECTION('',(-5.9211894646675E-16,-1.,0.));
#6476=CARTESIAN_POINT('',(-13.5,-2.5,20.));
#6477=CARTESIAN_POINT('',(13.5,-2.5,20.));
#6478=CARTESIAN_POINT('',(13.5,-2.5,20.));
#6479=VECTOR('',#6480,1.);
#6480=DIRECTION('',(-1.,9.86864910777916E-17,0.));
#6481=CARTESIAN_POINT('',(13.5,-5.5,20.));
#6482=CARTESIAN_POINT('',(13.5,-5.5,20.));
#6483=VECTOR('',#6484,1.);
#6484=DIRECTION('',(0.,1.,0.));
#6485=CARTESIAN_POINT('',(-13.5,-5.5,20.));
#6486=CARTESIAN_POINT('',(-13.5,-5.5,20.));
#6487=VECTOR('',#6488,1.);
#6488=DIRECTION('',(1.,-6.57909940518611E-17,0.));
#6489=CARTESIAN_POINT('',(-13.5,-2.5,20.));
#6490=VECTOR('',#6491,1.);
#6491=DIRECTION('',(0.,-1.,0.));
#6492=CARTESIAN_POINT('',(-13.5,-6.5,20.));
#6493=CARTESIAN_POINT('',(13.5,-6.5,20.));
#6494=CARTESIAN_POINT('',(13.5,-6.5,20.));
#6495=VECTOR('',#6496,1.);
#6496=DIRECTION('',(-1.,3.28954970259306E-17,0.));
#6497=CARTESIAN_POINT('',(13.5,-9.5,20.));
#6498=CARTESIAN_POINT('',(13.5,-9.5,20.));
#6499=VECTOR('',#6500,1.);
#6500=DIRECTION('',(0.,1.,0.));
#6501=CARTESIAN_POINT('',(-13.5,-9.5,20.));
#6502=CARTESIAN_POINT('',(-13.5,-9.5,20.));
#6503=VECTOR('',#6504,1.);
#6504=DIRECTION('',(1.,0.,0.));
#6505=CARTESIAN_POINT('',(-13.5,-6.5,20.));
#6506=VECTOR('',#6507,1.);
#6507=DIRECTION('',(-5.9211894646675E-16,-1.,0.));
#6508=CARTESIAN_POINT('',(-13.5,-10.5,20.));
#6509=CARTESIAN_POINT('',(13.5,-10.5,20.));
#6510=CARTESIAN_POINT('',(13.5,-10.5,20.));
#6511=VECTOR('',#6512,1.);
#6512=DIRECTION('',(-1.,0.,0.));
#6513=CARTESIAN_POINT('',(13.5,-13.5,20.));
#6514=CARTESIAN_POINT('',(13.5,-13.5,20.));
#6515=VECTOR('',#6516,1.);
#6516=DIRECTION('',(0.,1.,0.));
#6517=CARTESIAN_POINT('',(-13.5,-13.5,20.));
#6518=CARTESIAN_POINT('',(-13.5,-13.5,20.));
#6519=VECTOR('',#6520,1.);
#6520=DIRECTION('',(1.,0.,0.));
#6521=CARTESIAN_POINT('',(-13.5,-10.5,20.));
#6522=VECTOR('',#6523,1.);
#6523=DIRECTION('',(0.,-1.,0.));
#6524=CARTESIAN_POINT('',(-13.5,-14.5,20.));
#6525=CARTESIAN_POINT('',(13.5,-14.5,20.));
#6526=CARTESIAN_POINT('',(13.5,-14.5,20.));
#6527=VECTOR('',#6528,1.);
#6528=DIRECTION('',(-1.,0.,0.));
#6529=CARTESIAN_POINT('',(13.5,-17.5,20.));
#6530=CARTESIAN_POINT('',(13.5,-17.5,20.));
#6531=VECTOR('',#6532,1.);
#6532=DIRECTION('',(0.,1.,0.));
#6533=CARTESIAN_POINT('',(-13.5,-17.5,20.));
#6534=CARTESIAN_POINT('',(-13.5,-17.5,20.));
#6535=VECTOR('',#6536,1.);
#6536=DIRECTION('',(1.,0.,0.));
#6537=CARTESIAN_POINT('',(-13.5,-14.5,20.));
#6538=VECTOR('',#6539,1.);
#6539=DIRECTION('',(-5.92118946466751E-16,-1.,0.));
#6540=CARTESIAN_POINT('',(-13.5,-18.5,20.));
#6541=CARTESIAN_POINT('',(13.5,-18.5,20.));
#6542=CARTESIAN_POINT('',(13.5,-18.5,20.));
#6543=VECTOR('',#6544,1.);
#6544=DIRECTION('',(-1.,0.,0.));
#6545=CARTESIAN_POINT('',(13.5,-21.5,20.));
#6546=CARTESIAN_POINT('',(13.5,-21.5,20.));
#6547=VECTOR('',#6548,1.);
#6548=DIRECTION('',(0.,1.,0.));
#6549=CARTESIAN_POINT('',(-13.5,-21.5,20.));
#6550=CARTESIAN_POINT('',(-13.5,-21.5,20.));
#6551=VECTOR('',#6552,1.);
#6552=DIRECTION('',(1.,0.,0.));
#6553=CARTESIAN_POINT('',(-13.5,-18.5,20.));
#6554=VECTOR('',#6555,1.);
#6555=DIRECTION('',(0.,-1.,0.));
#6556=CARTESIAN_POINT('',(-13.5,21.5,20.));
#6557=CARTESIAN_POINT('',(13.5,21.5,20.));
#6558=CARTESIAN_POINT('',(13.5,21.5,20.));
#6559=VECTOR('',#6560,1.);
#6560=DIRECTION('',(-1.,0.,0.));
#6561=CARTESIAN_POINT('',(13.5,18.5,20.));
#6562=CARTESIAN_POINT('',(13.5,18.5,20.));
#6563=VECTOR('',#6564,1.);
#6564=DIRECTION('',(0.,1.,0.));
#6565=CARTESIAN_POINT('',(-13.5,18.5,20.));
#6566=CARTESIAN_POINT('',(-13.5,18.5,20.));
#6567=VECTOR('',#6568,1.);
#6568=DIRECTION('',(1.,0.,0.));
#6569=CARTESIAN_POINT('',(-13.5,21.5,20.));
#6570=VECTOR('',#6571,1.);
#6571=DIRECTION('',(-5.9211894646675E-16,-1.,0.));
#6572=CARTESIAN_POINT('',(12.7072225348865,26.5,20.));
#6573=CARTESIAN_POINT('',(12.7072225348865,26.5,20.));
#6574=VECTOR('',#6575,1.);
#6575=DIRECTION('',(0.,-1.,0.));
#6576=CARTESIAN_POINT('',(12.7072225348865,26.5,19.4142135623731));
#6577=VECTOR('',#6578,1.);
#6578=DIRECTION('',(0.,0.,1.));
#6579=CARTESIAN_POINT('',(14.2072225348865,26.5,20.));
#6580=CARTESIAN_POINT('',(14.2072225348865,26.5,20.));
#6581=VECTOR('',#6582,1.);
#6582=DIRECTION('',(-1.,0.,0.));
#6583=CARTESIAN_POINT('',(14.2072225348865,26.5,18.));
#6584=VECTOR('',#6585,1.);
#6585=DIRECTION('',(0.,0.,1.));
#6586=CARTESIAN_POINT('',(15.7072225348865,25.,20.));
#6587=AXIS2_PLACEMENT_3D('',#6588,#6589,#6590);
#6588=CARTESIAN_POINT('',(14.2072225348865,25.,20.));
#6589=DIRECTION('',(0.,0.,-1.));
#6590=DIRECTION('',(0.,1.,0.));
#6591=CARTESIAN_POINT('',(15.7072225348865,25.,18.));
#6592=VECTOR('',#6593,1.);
#6593=DIRECTION('',(0.,0.,1.));
#6594=CARTESIAN_POINT('',(15.7072225348865,24.5,18.));
#6595=CARTESIAN_POINT('',(15.6016050077525,24.5,17.8943824728661));
#6596=CARTESIAN_POINT('',(15.6016050077525,24.5,17.8943824728661));
#6597=VECTOR('',#6598,1.);
#6598=DIRECTION('',(0.707106781186542,0.,0.707106781186553));
#6599=CARTESIAN_POINT('',(15.6016050077525,25.,17.8943824728661));
#6600=VECTOR('',#6601,1.);
#6601=DIRECTION('',(0.,-1.,0.));
#6602=CARTESIAN_POINT('',(15.7072225348865,24.5,18.));
#6603=VECTOR('',#6604,1.);
#6604=DIRECTION('',(0.,1.,0.));
#6605=CARTESIAN_POINT('',(15.2072225348847,23.5198522511155,19.2747211279064));
#6606=CARTESIAN_POINT('',(15.3020545591162,23.8333333333333,18.9428090415821));
#6607=CARTESIAN_POINT('',(15.2072225348813,23.5198522511465,19.2747211279154));
#6608=CARTESIAN_POINT('',(15.2522909778293,23.5656787158892,19.1169815775974));
#6609=CARTESIAN_POINT('',(15.2864106100013,23.6784661340076,18.9975628649953));
#6610=CARTESIAN_POINT('',(15.302054559548,23.8333333333333,18.9428090415821));
#6611=CARTESIAN_POINT('',(15.2072225348858,-23.5198522511232,19.2747211279087));
#6612=CARTESIAN_POINT('',(15.2072225348865,23.5198522510844,19.2747211278974));
#6613=VECTOR('',#6614,1.);
#6614=DIRECTION('',(0.,-1.,0.));
#6615=CARTESIAN_POINT('',(15.3020545591162,-23.8333333333333,18.9428090415821));
#6616=CARTESIAN_POINT('',(15.2072225348813,-23.5198522511465,19.2747211279154));
#6617=CARTESIAN_POINT('',(15.2522909778293,-23.5656787158892,19.1169815775974));
#6618=CARTESIAN_POINT('',(15.2864106100013,-23.6784661340076,18.9975628649953));
#6619=CARTESIAN_POINT('',(15.302054559548,-23.8333333333333,18.9428090415821));
#6620=CARTESIAN_POINT('',(15.5714285714286,-24.5,18.));
#6621=CARTESIAN_POINT('',(15.302054559548,-23.8333333333333,18.9428090415821));
#6622=CARTESIAN_POINT('',(15.3438212763928,-24.2468027352578,18.7966255326251));
#6623=CARTESIAN_POINT('',(15.446128420894,-24.5,18.4385505268709));
#6624=CARTESIAN_POINT('',(15.5714285714286,-24.5,18.));
#6625=CARTESIAN_POINT('',(15.6016050077525,-24.5,17.8943824728661));
#6626=CARTESIAN_POINT('',(15.5714285714286,-24.5,18.));
#6627=VECTOR('',#6628,1.);
#6628=DIRECTION('',(0.274721127897378,0.,-0.961523947640823));
#6629=CARTESIAN_POINT('',(15.601605008244,-25.,17.8943824733572));
#6630=CARTESIAN_POINT('',(15.6016050077525,-24.5,17.8943824728661));
#6631=VECTOR('',#6632,1.);
#6632=DIRECTION('',(0.,-1.,0.));
#6633=CARTESIAN_POINT('',(16.2304789528165,-25.,15.6933236651424));
#6634=CARTESIAN_POINT('',(15.6016050077527,-25.,17.8943824728655));
#6635=VECTOR('',#6636,1.);
#6636=DIRECTION('',(0.274721127897378,-3.10397820293732E-15,-0.961523947640823));
#6637=CARTESIAN_POINT('',(16.2304789528165,-24.,15.6933236651424));
#6638=CARTESIAN_POINT('',(16.2304789528165,-25.,15.6933236651424));
#6639=VECTOR('',#6640,1.);
#6640=DIRECTION('',(0.,1.,0.));
#6641=CARTESIAN_POINT('',(15.5494422557948,-24.,18.0769521047183));
#6642=CARTESIAN_POINT('',(16.2304789528165,-24.,15.6933236651424));
#6643=VECTOR('',#6644,1.);
#6644=DIRECTION('',(-0.274721127897378,0.,0.961523947640823));
#6645=CARTESIAN_POINT('',(15.5494422557948,24.,18.0769521047183));
#6646=CARTESIAN_POINT('',(15.5494422557948,-24.,18.0769521047183));
#6647=VECTOR('',#6648,1.);
#6648=DIRECTION('',(0.,1.,0.));
#6649=CARTESIAN_POINT('',(16.2304789528165,24.,15.6933236651424));
#6650=CARTESIAN_POINT('',(16.2304789528165,24.,15.6933236651424));
#6651=VECTOR('',#6652,1.);
#6652=DIRECTION('',(-0.274721127897378,0.,0.961523947640823));
#6653=CARTESIAN_POINT('',(16.2304789528165,24.,15.6933236651424));
#6654=VECTOR('',#6655,1.);
#6655=DIRECTION('',(0.,1.,0.));
#6656=CARTESIAN_POINT('',(15.5714285714286,24.5,18.));
#6657=CARTESIAN_POINT('',(15.6016050077525,24.5,17.8943824728661));
#6658=VECTOR('',#6659,1.);
#6659=DIRECTION('',(-0.274721127897378,0.,0.961523947640823));
#6660=CARTESIAN_POINT('',(15.5714285714286,24.5,18.));
#6661=CARTESIAN_POINT('',(15.446128420894,24.5,18.4385505268709));
#6662=CARTESIAN_POINT('',(15.3438212763928,24.2468027352578,18.7966255326251));
#6663=CARTESIAN_POINT('',(15.302054559548,23.8333333333333,18.9428090415821));
#6664=AXIS2_PLACEMENT_3D('',#6665,#6666,#6667);
#6665=CARTESIAN_POINT('',(-3.,24.,10.1989011071948));
#6666=DIRECTION('',(0.,-1.,0.));
#6667=DIRECTION('',(1.,0.,0.));
#6668=CARTESIAN_POINT('',(-17.,-24.4428090415821,-3.33333333333334));
#6669=VECTOR('',#6670,1.);
#6670=DIRECTION('',(-1.,0.,0.));
#6671=CARTESIAN_POINT('',(-17.,-23.8333333333333,-3.94280904158207));
#6672=VECTOR('',#6673,1.);
#6673=DIRECTION('',(-1.,0.,0.));
#6674=CARTESIAN_POINT('',(-15.9142135623731,-26.,-3.));
#6675=VECTOR('',#6676,1.);
#6676=DIRECTION('',(3.5527136788005E-15,-1.,0.));
#6677=AXIS2_PLACEMENT_3D('',#6678,#6679,#6680);
#6678=CARTESIAN_POINT('',(-16.,-25.,-3.));
#6679=DIRECTION('',(0.,0.,-1.));
#6680=DIRECTION('',(0.,-1.,0.));
#6681=CARTESIAN_POINT('',(-17.,-24.9142135623731,-3.));
#6682=VECTOR('',#6683,1.);
#6683=DIRECTION('',(-1.,0.,0.));
#6684=AXIS2_PLACEMENT_3D('',#6685,#6686,#6687);
#6685=CARTESIAN_POINT('',(-16.,-25.,-3.));
#6686=DIRECTION('',(0.,0.,1.));
#6687=DIRECTION('',(-1.,2.368475785867E-15,0.));
#6688=AXIS2_PLACEMENT_3D('',#6689,#6690,#6691);
#6689=CARTESIAN_POINT('',(-16.,-25.,17.5));
#6690=DIRECTION('',(0.,0.,-1.));
#6691=DIRECTION('',(0.,-1.,0.));
#6692=CARTESIAN_POINT('',(-17.5,-24.5,18.));
#6693=CARTESIAN_POINT('',(-17.5,-24.5,18.));
#6694=VECTOR('',#6695,1.);
#6695=DIRECTION('',(0.707106781186547,0.,-0.707106781186547));
#6696=CARTESIAN_POINT('',(-17.5,-25.,18.));
#6697=CARTESIAN_POINT('',(-17.,-25.,17.5));
#6698=VECTOR('',#6699,1.);
#6699=DIRECTION('',(-0.707106781186547,0.,0.707106781186547));
#6700=CARTESIAN_POINT('',(-17.5,-25.,18.));
#6701=VECTOR('',#6702,1.);
#6702=DIRECTION('',(0.,1.,0.));
#6703=CARTESIAN_POINT('',(-17.,-24.5,18.));
#6704=VECTOR('',#6705,1.);
#6705=DIRECTION('',(-1.,0.,0.));
#6706=CARTESIAN_POINT('',(-17.5,-23.8333333333333,18.9428090415821));
#6707=CARTESIAN_POINT('',(-17.,-23.8333333333333,18.9428090415821));
#6708=VECTOR('',#6709,1.);
#6709=DIRECTION('',(-1.,0.,0.));
#6710=AXIS2_PLACEMENT_3D('',#6711,#6712,#6713);
#6711=CARTESIAN_POINT('',(-17.5,-23.5,18.));
#6712=DIRECTION('',(-1.,0.,0.));
#6713=DIRECTION('',(0.,-1.,0.));
#6714=CARTESIAN_POINT('',(-16.9101797211245,-23.5,19.4142135623731));
#6715=CARTESIAN_POINT('',(-17.5,-23.5,19.4142135623731));
#6716=CARTESIAN_POINT('',(-16.9101797211245,-23.5,19.4142135623731));
#6717=VECTOR('',#6718,1.);
#6718=DIRECTION('',(-1.,0.,0.));
#6719=CARTESIAN_POINT('',(-17.,-23.7199515598149,19.0000000049967));
#6720=CARTESIAN_POINT('',(-16.9999999266968,-23.7134481955381,19.0043971833593));
#6721=CARTESIAN_POINT('',(-16.9999401774098,-23.7002651875383,19.0137705090659));
#6722=CARTESIAN_POINT('',(-16.9996175415133,-23.6806048905417,19.0292354317382));
#6723=CARTESIAN_POINT('',(-16.9989483172694,-23.6600579842641,19.047184945645));
#6724=CARTESIAN_POINT('',(-16.9977730240905,-23.6388381988955,19.0679644655809));
#6725=CARTESIAN_POINT('',(-16.9958565965007,-23.6170506339079,19.0921474424834));
#6726=CARTESIAN_POINT('',(-16.9930141360181,-23.5958240467271,19.1191567733829));
#6727=CARTESIAN_POINT('',(-16.9885160671595,-23.5731565026625,19.1526204865848));
#6728=CARTESIAN_POINT('',(-16.981176340638,-23.5493276916065,19.1953094049943));
#6729=CARTESIAN_POINT('',(-16.9695659544178,-23.5275515852269,19.2470517988718));
#6730=CARTESIAN_POINT('',(-16.9550784831669,-23.512915351175,19.2977825649816));
#6731=CARTESIAN_POINT('',(-16.9411903864354,-23.5053771167409,19.338507884732));
#6732=CARTESIAN_POINT('',(-16.9297010200544,-23.5018697200567,19.3686434362061));
#6733=CARTESIAN_POINT('',(-16.9199204982827,-23.5003104963308,19.3923566803958));
#6734=CARTESIAN_POINT('',(-16.9133634181387,-23.499999726025,19.4072186711694));
#6735=CARTESIAN_POINT('',(-16.9101797213333,-23.5000000000016,19.4142135619142));
#6736=AXIS2_PLACEMENT_3D('',#6737,#6738,#6739);
#6737=CARTESIAN_POINT('',(-17.5,-24.,19.4142135623731));
#6738=DIRECTION('',(-1.,0.,0.));
#6739=DIRECTION('',(0.,1.,0.));
#6740=CARTESIAN_POINT('',(-16.9101797211245,23.5,19.4142135623731));
#6741=CARTESIAN_POINT('',(-16.9101797211245,23.5,19.4142135623731));
#6742=CARTESIAN_POINT('',(-16.9112827281812,23.4999999958109,19.4117898621443));
#6743=CARTESIAN_POINT('',(-16.9135003929421,23.5000357455183,19.4068647334538));
#6744=CARTESIAN_POINT('',(-16.9168125164598,23.5002016147837,19.3993468750538));
#6745=CARTESIAN_POINT('',(-16.9201819398811,23.5004938478493,19.3915229987967));
#6746=CARTESIAN_POINT('',(-16.9236005216742,23.5009276815129,19.3833916280301));
#6747=CARTESIAN_POINT('',(-16.9279744613668,23.501675682403,19.3727197121379));
#6748=CARTESIAN_POINT('',(-16.9347125632337,23.5032813400522,19.3556577117434));
#6749=CARTESIAN_POINT('',(-16.9454213273639,23.5072797440071,19.3266054803531));
#6750=CARTESIAN_POINT('',(-16.9592168849526,23.516273257521,19.2842611752803));
#6751=CARTESIAN_POINT('',(-16.973235081218,23.5330563239526,19.2321637620958));
#6752=CARTESIAN_POINT('',(-16.9842466546741,23.5573080463432,19.1793529844946));
#6753=CARTESIAN_POINT('',(-16.9912868647066,23.5850531506556,19.1338094050822));
#6754=CARTESIAN_POINT('',(-16.9950707164861,23.6101949083257,19.100415543921));
#6755=CARTESIAN_POINT('',(-16.9969448961132,23.6291015026692,19.0786624844597));
#6756=CARTESIAN_POINT('',(-16.9978453499516,23.6412690485369,19.065832406965));
#6757=CARTESIAN_POINT('',(-16.9983532601693,23.6495973656351,19.0574948603738));
#6758=CARTESIAN_POINT('',(-16.9987027264266,23.656286459149,19.0510487166764));
#6759=CARTESIAN_POINT('',(-16.9989928639099,23.6628016602939,19.0449952839107));
#6760=CARTESIAN_POINT('',(-16.9992291828453,23.6690574839314,19.0393809816638));
#6761=CARTESIAN_POINT('',(-16.9994230497228,23.6751482686809,19.0340925005505));
#6762=CARTESIAN_POINT('',(-16.9995800277084,23.681067145708,19.0291145762374));
#6763=CARTESIAN_POINT('',(-16.9997064163708,23.6868803184455,19.0243750424096));
#6764=CARTESIAN_POINT('',(-16.9998052034942,23.6925401898626,19.0198973618055));
#6765=CARTESIAN_POINT('',(-16.9998809146584,23.698108606663,19.0156191548592));
#6766=CARTESIAN_POINT('',(-16.9999362871869,23.7035929495325,19.0115248101808));
#6767=CARTESIAN_POINT('',(-16.9999739259008,23.7090535620057,19.0075625195933));
#6768=CARTESIAN_POINT('',(-16.9999954360238,23.7144901493764,19.0037275733381));
#6769=CARTESIAN_POINT('',(-16.9999999996132,23.7181322613719,19.0012300253765));
#6770=CARTESIAN_POINT('',(-17.,23.7199515668703,19.0000000001852));
#6771=AXIS2_PLACEMENT_3D('',#6772,#6773,#6774);
#6772=CARTESIAN_POINT('',(-16.,-23.5,19.));
#6773=DIRECTION('',(0.,-1.,0.));
#6774=DIRECTION('',(1.77635683940025E-15,0.,1.));
#6775=AXIS2_PLACEMENT_3D('',#6776,#6777,#6778);
#6776=CARTESIAN_POINT('',(-16.,23.5,19.));
#6777=DIRECTION('',(0.,-1.,0.));
#6778=DIRECTION('',(1.77635683940025E-15,0.,1.));
#6779=CARTESIAN_POINT('',(-17.5,23.5,19.4142135623731));
#6780=CARTESIAN_POINT('',(-16.9101797211245,23.5,19.4142135623731));
#6781=VECTOR('',#6782,1.);
#6782=DIRECTION('',(-1.,0.,0.));
#6783=CARTESIAN_POINT('',(-17.5,23.8333333333333,18.9428090415821));
#6784=AXIS2_PLACEMENT_3D('',#6785,#6786,#6787);
#6785=CARTESIAN_POINT('',(-17.5,24.,19.4142135623731));
#6786=DIRECTION('',(-1.,0.,0.));
#6787=DIRECTION('',(0.,-0.333333333333328,-0.942809041582065));
#6788=CARTESIAN_POINT('',(-17.,23.8333333333333,18.9428090415821));
#6789=VECTOR('',#6790,1.);
#6790=DIRECTION('',(-1.,0.,0.));
#6791=CARTESIAN_POINT('',(-17.5,24.5,18.));
#6792=AXIS2_PLACEMENT_3D('',#6793,#6794,#6795);
#6793=CARTESIAN_POINT('',(-17.5,23.5,18.));
#6794=DIRECTION('',(-1.,0.,0.));
#6795=DIRECTION('',(0.,0.333333333333333,0.942809041582064));
#6796=CARTESIAN_POINT('',(-17.,24.5,18.));
#6797=VECTOR('',#6798,1.);
#6798=DIRECTION('',(-1.,0.,0.));
#6799=CARTESIAN_POINT('',(-17.,24.5,17.5));
#6800=VECTOR('',#6801,1.);
#6801=DIRECTION('',(-0.707106781186558,0.,0.707106781186537));
#6802=CARTESIAN_POINT('',(-17.5,25.,18.));
#6803=VECTOR('',#6804,1.);
#6804=DIRECTION('',(0.,-1.,0.));
#6805=CARTESIAN_POINT('',(13.6263943605131,24.,17.5275098489236));
#6806=CARTESIAN_POINT('',(15.5494422557948,24.,18.0769521047183));
#6807=VECTOR('',#6808,1.);
#6808=DIRECTION('',(-0.961523947640824,3.5527136788005E-15,-0.274721127897377));
#6809=CARTESIAN_POINT('',(15.,24.,12.7198901107195));
#6810=CARTESIAN_POINT('',(13.6263943605131,24.,17.5275098489236));
#6811=VECTOR('',#6812,1.);
#6812=DIRECTION('',(0.274721127897377,0.,-0.961523947640823));
#6813=CARTESIAN_POINT('',(15.,24.,-3.));
#6814=CARTESIAN_POINT('',(15.,24.,12.7198901107195));
#6815=VECTOR('',#6816,1.);
#6816=DIRECTION('',(0.,0.,-1.));
#6817=CARTESIAN_POINT('',(15.,24.,-3.));
#6818=VECTOR('',#6819,1.);
#6819=DIRECTION('',(1.,0.,0.));
#6820=CARTESIAN_POINT('',(15.,-24.,-3.));
#6821=CARTESIAN_POINT('',(15.,24.,-3.));
#6822=VECTOR('',#6823,1.);
#6823=DIRECTION('',(0.,-1.,0.));
#6824=CARTESIAN_POINT('',(15.,-24.,-3.));
#6825=VECTOR('',#6826,1.);
#6826=DIRECTION('',(1.,0.,0.));
#6827=AXIS2_PLACEMENT_3D('',#6828,#6829,#6830);
#6828=CARTESIAN_POINT('',(-3.,-24.,10.1989011071948));
#6829=DIRECTION('',(0.,1.,0.));
#6830=DIRECTION('',(0.961523947640823,0.,0.274721127897378));
#6831=CARTESIAN_POINT('',(15.,-24.,12.7198901107195));
#6832=CARTESIAN_POINT('',(15.,-24.,12.7198901107195));
#6833=VECTOR('',#6834,1.);
#6834=DIRECTION('',(0.,0.,-1.));
#6835=CARTESIAN_POINT('',(13.6263943605131,-24.,17.5275098489236));
#6836=CARTESIAN_POINT('',(13.6263943605131,-24.,17.5275098489236));
#6837=VECTOR('',#6838,1.);
#6838=DIRECTION('',(0.274721127897377,0.,-0.961523947640823));
#6839=CARTESIAN_POINT('',(15.5494422557948,-24.,18.0769521047183));
#6840=VECTOR('',#6841,1.);
#6841=DIRECTION('',(-0.961523947640824,0.,-0.274721127897377));
#6842=AXIS2_PLACEMENT_3D('',#6843,#6844,#6845);
#6843=CARTESIAN_POINT('',(-3.,-25.,10.1989011071948));
#6844=DIRECTION('',(0.,-1.,0.));
#6845=DIRECTION('',(1.,0.,0.));
#6846=AXIS2_PLACEMENT_3D('',#6847,#6848,#6849);
#6847=CARTESIAN_POINT('',(16.,-25.,-3.));
#6848=DIRECTION('',(0.,0.,-1.));
#6849=DIRECTION('',(1.,0.,0.));
#6850=AXIS2_PLACEMENT_3D('',#6851,#6852,#6853);
#6851=CARTESIAN_POINT('',(16.,-25.,10.1989011071948));
#6852=DIRECTION('',(2.22044604925031E-16,0.,1.));
#6853=DIRECTION('',(-1.77635683940025E-15,-1.,3.94430452610506E-31));
#6854=CARTESIAN_POINT('',(15.9142135623731,-26.,-3.));
#6855=VECTOR('',#6856,1.);
#6856=DIRECTION('',(3.55271367880045E-15,-1.,0.));
#6857=AXIS2_PLACEMENT_3D('',#6858,#6859,#6860);
#6858=CARTESIAN_POINT('',(16.,-25.,-3.));
#6859=DIRECTION('',(0.,0.,1.));
#6860=DIRECTION('',(0.,-1.,0.));
#6861=CARTESIAN_POINT('',(17.,-24.9142135623731,-3.));
#6862=VECTOR('',#6863,1.);
#6863=DIRECTION('',(1.,0.,0.));
#6864=CARTESIAN_POINT('',(17.,-24.4428090415821,-3.33333333333333));
#6865=VECTOR('',#6866,1.);
#6866=DIRECTION('',(1.,0.,0.));
#6867=CARTESIAN_POINT('',(17.,-23.8333333333333,-3.94280904158206));
#6868=VECTOR('',#6869,1.);
#6869=DIRECTION('',(1.,0.,0.));
#6870=CARTESIAN_POINT('',(15.4428090415821,-25.9999999999999,-3.33333333333333));
#6871=VECTOR('',#6872,1.);
#6872=DIRECTION('',(0.,-1.,0.));
#6873=CARTESIAN_POINT('',(14.8333333333333,-26.,-3.94280904158206));
#6874=VECTOR('',#6875,1.);
#6875=DIRECTION('',(3.5527136788005E-15,-1.,0.));
#6876=AXIS2_PLACEMENT_3D('',#6877,#6878,#6879);
#6877=CARTESIAN_POINT('',(15.2689550051756,-25.,15.418602537245));
#6878=DIRECTION('',(-0.274721127897379,0.,0.961523947640823));
#6879=DIRECTION('',(3.4748956425169E-15,-1.,9.92827326433402E-16));
#6880=CARTESIAN_POINT('',(14.6477724187365,-25.9999999976857,17.5927415959554));
#6881=CARTESIAN_POINT('',(14.6691074132356,-26.0000037014073,17.6013431790925));
#6882=CARTESIAN_POINT('',(14.7210224276312,-25.9980924784853,17.6217995077831));
#6883=CARTESIAN_POINT('',(14.81560925623,-25.9861993362709,17.6572005259422));
#6884=CARTESIAN_POINT('',(14.9419995999083,-25.9541620117482,17.7015036235063));
#6885=CARTESIAN_POINT('',(15.0905719401768,-25.8896398763481,17.7498100479842));
#6886=CARTESIAN_POINT('',(15.2427859210255,-25.7864149446623,17.7958911993604));
#6887=CARTESIAN_POINT('',(15.3798852523765,-25.6479785175698,17.8350167979795));
#6888=CARTESIAN_POINT('',(15.4879721796787,-25.4839406886049,17.8644954578078));
#6889=CARTESIAN_POINT('',(15.5561218542446,-25.3181278390203,17.8825331385779));
#6890=CARTESIAN_POINT('',(15.588663009524,-25.1774666980386,17.8910233030602));
#6891=CARTESIAN_POINT('',(15.5999014916234,-25.0758547967581,17.8939412181679));
#6892=CARTESIAN_POINT('',(15.6016077513987,-25.0215800734667,17.8943825827535));
#6893=CARTESIAN_POINT('',(15.6016050084078,-25.,17.894382473521));
#6894=CARTESIAN_POINT('',(15.7072225348865,-25.,18.));
#6895=CARTESIAN_POINT('',(14.2072225348865,-26.5,18.));
#6896=AXIS2_PLACEMENT_3D('',#6897,#6898,#6899);
#6897=CARTESIAN_POINT('',(14.2072225348865,-25.,18.));
#6898=DIRECTION('',(0.,0.,1.));
#6899=DIRECTION('',(6.12323399573677E-17,-1.,0.));
#6900=CARTESIAN_POINT('',(14.2072225348865,-26.5,18.));
#6901=VECTOR('',#6902,1.);
#6902=DIRECTION('',(0.,0.70710678118655,-0.707106781186545));
#6903=CARTESIAN_POINT('',(15.7072225348865,-25.,18.));
#6904=VECTOR('',#6905,1.);
#6905=DIRECTION('',(-0.707106781186559,0.,-0.707106781186536));
#6906=CARTESIAN_POINT('',(13.7072225348865,-26.5,18.));
#6907=CARTESIAN_POINT('',(13.7072225348865,-26.,17.5));
#6908=VECTOR('',#6909,1.);
#6909=DIRECTION('',(2.51214793389405E-15,-0.70710678118655,0.707106781186545));
#6910=CARTESIAN_POINT('',(13.7072225348865,-26.5,18.));
#6911=VECTOR('',#6912,1.);
#6912=DIRECTION('',(1.,0.,0.));
#6913=CARTESIAN_POINT('',(13.7072225348865,-26.,18.));
#6914=VECTOR('',#6915,1.);
#6915=DIRECTION('',(0.,-1.,0.));
#6916=CARTESIAN_POINT('',(13.0405558682198,-26.5,18.9428090415821));
#6917=CARTESIAN_POINT('',(13.0405558682198,-26.,18.9428090415821));
#6918=VECTOR('',#6919,1.);
#6919=DIRECTION('',(0.,-1.,0.));
#6920=AXIS2_PLACEMENT_3D('',#6921,#6922,#6923);
#6921=CARTESIAN_POINT('',(12.7072225348865,-26.5,18.));
#6922=DIRECTION('',(0.,-1.,0.));
#6923=DIRECTION('',(1.,0.,0.));
#6924=CARTESIAN_POINT('',(12.7072225348865,-25.9101797211245,19.4142135623731));
#6925=CARTESIAN_POINT('',(12.7072225348865,-26.5,19.4142135623731));
#6926=CARTESIAN_POINT('',(12.7072225348865,-25.9101797211245,19.4142135623731));
#6927=VECTOR('',#6928,1.);
#6928=DIRECTION('',(0.,-1.,0.));
#6929=CARTESIAN_POINT('',(12.9271741014565,-26.,19.0000000003901));
#6930=CARTESIAN_POINT('',(12.9206707255853,-25.999999926748,19.0043971860162));
#6931=CARTESIAN_POINT('',(12.9074876113255,-25.9999401769957,19.0137705877415));
#6932=CARTESIAN_POINT('',(12.8878270892036,-25.9996175350148,19.0292357020425));
#6933=CARTESIAN_POINT('',(12.8672799883988,-25.9989482958293,19.0471854305789));
#6934=CARTESIAN_POINT('',(12.8460600903246,-25.9977729792293,19.0679651326399));
#6935=CARTESIAN_POINT('',(12.824272385749,-25.9958565161409,19.0921483614397));
#6936=CARTESIAN_POINT('',(12.8030458624193,-25.9930140003798,19.1191577938221));
#6937=CARTESIAN_POINT('',(12.7803793393422,-25.9885161617626,19.1526200225565));
#6938=CARTESIAN_POINT('',(12.7579563641898,-25.9816092109911,19.1927905958603));
#6939=CARTESIAN_POINT('',(12.7375357013646,-25.971167767741,19.2401553785667));
#6940=CARTESIAN_POINT('',(12.7231034106128,-25.958526056199,19.2863162981322));
#6941=CARTESIAN_POINT('',(12.7136988839717,-25.9441483094759,19.3304763044679));
#6942=CARTESIAN_POINT('',(12.7083940246017,-25.9285332596324,19.3721719813112));
#6943=CARTESIAN_POINT('',(12.7072176961579,-25.9165917710442,19.4001370940111));
#6944=CARTESIAN_POINT('',(12.7072225348865,-25.9101797211245,19.4142135623731));
#6945=AXIS2_PLACEMENT_3D('',#6946,#6947,#6948);
#6946=CARTESIAN_POINT('',(13.2072225348865,-26.5,19.4142135623731));
#6947=DIRECTION('',(0.,-1.,0.));
#6948=DIRECTION('',(-1.,0.,0.));
#6949=AXIS2_PLACEMENT_3D('',#6950,#6951,#6952);
#6950=CARTESIAN_POINT('',(12.7072225348865,-25.,19.));
#6951=DIRECTION('',(1.,0.,0.));
#6952=DIRECTION('',(0.,0.,1.));
#6953=CARTESIAN_POINT('',(-14.5,-25.9101797211245,19.4142135623731));
#6954=AXIS2_PLACEMENT_3D('',#6955,#6956,#6957);
#6955=CARTESIAN_POINT('',(-14.5,-25.,19.));
#6956=DIRECTION('',(1.,0.,0.));
#6957=DIRECTION('',(0.,0.,1.));
#6958=CARTESIAN_POINT('',(-14.5,-25.9101797211245,19.4142135623731));
#6959=CARTESIAN_POINT('',(-14.49999997601,-25.9118273366516,19.4105932144319));
#6960=CARTESIAN_POINT('',(-14.5000828424833,-25.9152529137664,19.4029451513452));
#6961=CARTESIAN_POINT('',(-14.5004929925666,-25.9204989552077,19.3908267479815));
#6962=CARTESIAN_POINT('',(-14.5014298276973,-25.927069967967,19.3750523488892));
#6963=CARTESIAN_POINT('',(-14.5035488073646,-25.9358807831631,19.3527122252552));
#6964=CARTESIAN_POINT('',(-14.5081897168261,-25.9470918119435,19.3216986615542));
#6965=CARTESIAN_POINT('',(-14.5162497979355,-25.9585680188337,19.2857735831815));
#6966=CARTESIAN_POINT('',(-14.5267197857928,-25.9679576893141,19.2518087452641));
#6967=CARTESIAN_POINT('',(-14.537075585545,-25.9745103938741,19.224739698824));
#6968=CARTESIAN_POINT('',(-14.5467084008503,-25.979284834237,19.202824110125));
#6969=CARTESIAN_POINT('',(-14.5580044448397,-25.9837961953126,19.179894221228));
#6970=CARTESIAN_POINT('',(-14.5737973143552,-25.9885638577866,19.1519152140093));
#6971=CARTESIAN_POINT('',(-14.5941052121623,-25.9927686276369,19.12139686273));
#6972=CARTESIAN_POINT('',(-14.6149359630407,-25.9955912913788,19.0947754948458));
#6973=CARTESIAN_POINT('',(-14.6318597852258,-25.9971689092354,19.0756751967913));
#6974=CARTESIAN_POINT('',(-14.6432069715275,-25.9979722091926,19.0638559532006));
#6975=CARTESIAN_POINT('',(-14.6511629601498,-25.9984392838254,19.0559676432073));
#6976=CARTESIAN_POINT('',(-14.6575670444496,-25.9987629372666,19.0498443382085));
#6977=CARTESIAN_POINT('',(-14.6638180435843,-25.9990335198352,19.0440723126062));
#6978=CARTESIAN_POINT('',(-14.6698439825066,-25.9992557937835,19.0386901899137));
#6979=CARTESIAN_POINT('',(-14.6757311293139,-25.9994395389651,19.0335968960622));
#6980=CARTESIAN_POINT('',(-14.6814787616497,-25.9995896203576,19.0287754455013));
#6981=CARTESIAN_POINT('',(-14.6871480123699,-25.9997114462006,19.0241611990211));
#6982=CARTESIAN_POINT('',(-14.6927017896242,-25.9998075830731,19.0197720995172));
#6983=CARTESIAN_POINT('',(-14.6981923675894,-25.9998818304874,19.0155561734209));
#6984=CARTESIAN_POINT('',(-14.7036279954706,-25.9999365419358,19.0114992898799));
#6985=CARTESIAN_POINT('',(-14.7090596083863,-25.9999739427409,19.0075583031505));
#6986=CARTESIAN_POINT('',(-14.7144877919926,-25.9999954296725,19.0037292159405));
#6987=CARTESIAN_POINT('',(-14.7181296570961,-25.999999999611,19.0012317862518));
#6988=CARTESIAN_POINT('',(-14.7199515614333,-26.,19.0000000038919));
#6989=CARTESIAN_POINT('',(-14.5,-26.5,19.4142135623731));
#6990=CARTESIAN_POINT('',(-14.5,-25.9101797211245,19.4142135623731));
#6991=VECTOR('',#6992,1.);
#6992=DIRECTION('',(0.,-1.,0.));
#6993=CARTESIAN_POINT('',(-14.8333333333333,-26.5,18.9428090415821));
#6994=AXIS2_PLACEMENT_3D('',#6995,#6996,#6997);
#6995=CARTESIAN_POINT('',(-15.,-26.5,19.4142135623731));
#6996=DIRECTION('',(0.,-1.,0.));
#6997=DIRECTION('',(0.333333333333328,0.,-0.942809041582065));
#6998=CARTESIAN_POINT('',(-14.8333333333333,-26.,18.9428090415821));
#6999=VECTOR('',#7000,1.);
#7000=DIRECTION('',(0.,-1.,0.));
#7001=CARTESIAN_POINT('',(-15.5,-26.5,18.));
#7002=AXIS2_PLACEMENT_3D('',#7003,#7004,#7005);
#7003=CARTESIAN_POINT('',(-14.5,-26.5,18.));
#7004=DIRECTION('',(0.,-1.,0.));
#7005=DIRECTION('',(-0.333333333333333,0.,0.942809041582064));
#7006=CARTESIAN_POINT('',(-15.5,-26.5,18.));
#7007=CARTESIAN_POINT('',(-15.5,-26.3234432871971,17.8234432871971));
#7008=CARTESIAN_POINT('',(-15.4543037601859,-26.152902598496,17.652902598496));
#7009=CARTESIAN_POINT('',(-15.3660254037844,-26.,17.5));
#7010=CARTESIAN_POINT('',(-16.,-26.5,18.));
#7011=CARTESIAN_POINT('',(-16.,-26.5,18.));
#7012=VECTOR('',#7013,1.);
#7013=DIRECTION('',(1.,0.,0.));
#7014=CARTESIAN_POINT('',(-16.,-26.,17.5));
#7015=VECTOR('',#7016,1.);
#7016=DIRECTION('',(0.,-0.707106781186547,0.707106781186547));
#7017=CARTESIAN_POINT('',(-15.4428090415821,-26.,-3.33333333333333));
#7018=VECTOR('',#7019,1.);
#7019=DIRECTION('',(3.5527136788005E-15,-1.,0.));
#7020=CARTESIAN_POINT('',(-14.8333333333333,-26.,-3.94280904158206));
#7021=VECTOR('',#7022,1.);
#7022=DIRECTION('',(0.,-1.,0.));
#7023=CARTESIAN_POINT('',(-17.5,25.,20.));
#7024=AXIS2_PLACEMENT_3D('',#7025,#7026,#7027);
#7025=CARTESIAN_POINT('',(-16.,25.,20.));
#7026=DIRECTION('',(0.,0.,-1.));
#7027=DIRECTION('',(-1.,0.,0.));
#7028=CARTESIAN_POINT('',(-17.5,25.,18.));
#7029=VECTOR('',#7030,1.);
#7030=DIRECTION('',(0.,0.,1.));
#7031=CARTESIAN_POINT('',(-16.,26.,20.5));
#7032=AXIS2_PLACEMENT_3D('',#7033,#7034,#7035);
#7033=CARTESIAN_POINT('',(-16.,26.,20.));
#7034=DIRECTION('',(1.,-6.45947941600092E-16,0.));
#7035=DIRECTION('',(6.45947941600092E-16,1.,7.16665969755837E-15));
#7036=CARTESIAN_POINT('',(-15.,26.,20.5));
#7037=CARTESIAN_POINT('',(-15.,26.,20.5));
#7038=VECTOR('',#7039,1.);
#7039=DIRECTION('',(-1.,7.10542735760103E-15,0.));
#7040=CARTESIAN_POINT('',(-14.5,26.5,20.));
#7041=CARTESIAN_POINT('',(-14.5,26.5,20.2928932188135));
#7042=CARTESIAN_POINT('',(-14.7071067811865,26.2928932188134,20.5));
#7043=CARTESIAN_POINT('',(-15.,26.,20.5));
#7044=CARTESIAN_POINT('',(-14.9999999999932,24.9142135623971,20.5));
#7045=CARTESIAN_POINT('',(-15.,24.9142135624163,20.5));
#7046=VECTOR('',#7047,1.);
#7047=DIRECTION('',(0.,1.,0.));
#7048=CARTESIAN_POINT('',(-14.9999999999932,24.9142135623971,20.5));
#7049=CARTESIAN_POINT('',(-14.9812180179753,24.9009355740181,20.4999984078957));
#7050=CARTESIAN_POINT('',(-14.9438525136906,24.8741351612356,20.4978860005228));
#7051=CARTESIAN_POINT('',(-14.8888338340803,24.8334998105016,20.4885434423712));
#7052=CARTESIAN_POINT('',(-14.8303275952978,24.7889442161863,20.4717626734907));
#7053=CARTESIAN_POINT('',(-14.7664556288167,24.7385155039767,20.4443134068187));
#7054=CARTESIAN_POINT('',(-14.6976017821346,24.6816748751727,20.4012962668836));
#7055=CARTESIAN_POINT('',(-14.6337139651971,24.6262229415045,20.3441140704146));
#7056=CARTESIAN_POINT('',(-14.5807506706291,24.5780062269035,20.276638016527));
#7057=CARTESIAN_POINT('',(-14.5434770877261,24.5427014819688,20.2083851893014));
#7058=CARTESIAN_POINT('',(-14.5207228836124,24.5205520638059,20.1463412325591));
#7059=CARTESIAN_POINT('',(-14.5091461409985,24.509113480447,20.0981220543912));
#7060=CARTESIAN_POINT('',(-14.5033836782145,24.503380199468,20.0609125692899));
#7061=CARTESIAN_POINT('',(-14.500596449089,24.5005970427985,20.0300014337803));
#7062=CARTESIAN_POINT('',(-14.4999985660113,24.4999978590754,20.0098098041623));
#7063=CARTESIAN_POINT('',(-14.5,24.5,20.));
#7064=CARTESIAN_POINT('',(12.7072225348865,-26.5,20.));
#7065=CARTESIAN_POINT('',(12.7072225348865,-25.,20.));
#7066=VECTOR('',#7067,1.);
#7067=DIRECTION('',(0.,-1.,0.));
#7068=CARTESIAN_POINT('',(13.2072225348865,-26.,20.5));
#7069=CARTESIAN_POINT('',(12.7072225348865,-26.5,20.));
#7070=CARTESIAN_POINT('',(12.7072225348865,-26.5,20.2928932188135));
#7071=CARTESIAN_POINT('',(12.914329316073,-26.2928932188135,20.5));
#7072=CARTESIAN_POINT('',(13.2072225348865,-26.,20.5));
#7073=CARTESIAN_POINT('',(13.2072225348797,-24.9142135623971,20.5));
#7074=CARTESIAN_POINT('',(13.2072225348865,-24.9142135624163,20.5));
#7075=VECTOR('',#7076,1.);
#7076=DIRECTION('',(0.,-1.,0.));
#7077=CARTESIAN_POINT('',(13.2072225348797,-24.9142135623971,20.5));
#7078=CARTESIAN_POINT('',(13.1884405528618,-24.9009355740181,20.4999984078957));
#7079=CARTESIAN_POINT('',(13.1510750485771,-24.8741351612356,20.4978860005228));
#7080=CARTESIAN_POINT('',(13.0960563689667,-24.8334998105016,20.4885434423712));
#7081=CARTESIAN_POINT('',(13.0375501301842,-24.7889442161863,20.4717626734907));
#7082=CARTESIAN_POINT('',(12.9736781637031,-24.7385155039767,20.4443134068187));
#7083=CARTESIAN_POINT('',(12.9048243170211,-24.6816748751727,20.4012962668836));
#7084=CARTESIAN_POINT('',(12.8409365000835,-24.6262229415045,20.3441140704146));
#7085=CARTESIAN_POINT('',(12.7879732055156,-24.5780062269035,20.276638016527));
#7086=CARTESIAN_POINT('',(12.7506996226125,-24.5427014819688,20.2083851893014));
#7087=CARTESIAN_POINT('',(12.7279454184989,-24.5205520638059,20.1463412325591));
#7088=CARTESIAN_POINT('',(12.7163686758849,-24.509113480447,20.0981220543912));
#7089=CARTESIAN_POINT('',(12.7106062131009,-24.503380199468,20.06091256929));
#7090=CARTESIAN_POINT('',(12.7078189839755,-24.5005970427985,20.0300014337803));
#7091=CARTESIAN_POINT('',(12.7072211008978,-24.4999978590754,20.0098098041623));
#7092=CARTESIAN_POINT('',(12.7072225348865,-24.5,20.));
#7093=CARTESIAN_POINT('',(14.1214360972835,-23.9999999999932,20.5));
#7094=AXIS2_PLACEMENT_3D('',#7095,#7096,#7097);
#7095=CARTESIAN_POINT('',(12.7072225348865,-23.5,20.5));
#7096=DIRECTION('',(0.,0.,1.));
#7097=DIRECTION('',(0.333333333324287,-0.942809041585262,0.));
#7098=CARTESIAN_POINT('',(13.7072225348865,-23.5,20.));
#7099=CARTESIAN_POINT('',(13.7072190862985,-23.4999976796105,20.0113147873983));
#7100=CARTESIAN_POINT('',(13.7079941544352,-23.5007706601863,20.0339168011744));
#7101=CARTESIAN_POINT('',(13.7114109061537,-23.5041939845465,20.0674827106298));
#7102=CARTESIAN_POINT('',(13.717851119587,-23.5106745160878,20.1054691224619));
#7103=CARTESIAN_POINT('',(13.7298743607214,-23.5228657232356,20.1530348837357));
#7104=CARTESIAN_POINT('',(13.7530309519271,-23.5467084308695,20.2155428268234));
#7105=CARTESIAN_POINT('',(13.791655800858,-23.5876200425035,20.2876018856351));
#7106=CARTESIAN_POINT('',(13.8474643036359,-23.6494051805992,20.3612259439001));
#7107=CARTESIAN_POINT('',(13.9157898717886,-23.7294080319802,20.4248298724781));
#7108=CARTESIAN_POINT('',(13.9890275042906,-23.8206087285556,20.4702876793558));
#7109=CARTESIAN_POINT('',(14.0583562521826,-23.9120810953607,20.4949334216933));
#7110=CARTESIAN_POINT('',(14.1015999186052,-23.9719213627644,20.4999851200782));
#7111=CARTESIAN_POINT('',(14.1214360972835,-23.9999999999932,20.5));
#7112=CARTESIAN_POINT('',(15.7072225348865,-23.5,20.));
#7113=CARTESIAN_POINT('',(15.7072225348865,-23.5,20.));
#7114=VECTOR('',#7115,1.);
#7115=DIRECTION('',(-1.,0.,0.));
#7116=CARTESIAN_POINT('',(15.2072225348865,-24.,20.5));
#7117=CARTESIAN_POINT('',(15.2072225348865,-24.,20.5));
#7118=VECTOR('',#7119,1.);
#7119=DIRECTION('',(-1.,0.,0.));
#7120=CARTESIAN_POINT('',(15.7072225348865,-23.5,20.));
#7121=CARTESIAN_POINT('',(15.7072225348865,-23.5,20.2928932188135));
#7122=CARTESIAN_POINT('',(15.5001157536999,-23.7071067811865,20.5));
#7123=CARTESIAN_POINT('',(15.2072225348865,-24.,20.5));
#7124=CARTESIAN_POINT('',(15.1558783083701,23.5,19.4142135623731));
#7125=CARTESIAN_POINT('',(15.1558783083701,23.5,19.4142135623731));
#7126=CARTESIAN_POINT('',(15.1571094719078,23.5000000075274,19.4115082384908));
#7127=CARTESIAN_POINT('',(15.1595518285918,23.5000440412115,19.4060773076841));
#7128=CARTESIAN_POINT('',(15.1631440639814,23.500243847811,19.3978950963181));
#7129=CARTESIAN_POINT('',(15.1666809986145,23.5005812740441,19.3896388434132));
#7130=CARTESIAN_POINT('',(15.1701608119281,23.5010603345406,19.3813095030098));
#7131=CARTESIAN_POINT('',(15.1735925681979,23.5016871150036,19.3728814012259));
#7132=CARTESIAN_POINT('',(15.1769738129212,23.5024670972655,19.3643553290056));
#7133=CARTESIAN_POINT('',(15.1803131084802,23.5034094775063,19.3557030237027));
#7134=CARTESIAN_POINT('',(15.1835968466736,23.5045180964849,19.3469527994726));
#7135=CARTESIAN_POINT('',(15.1868240731753,23.5057997536216,19.3381013807872));
#7136=CARTESIAN_POINT('',(15.1899831598225,23.5072564429938,19.3291758438093));
#7137=CARTESIAN_POINT('',(15.1930754400236,23.5088954766059,19.3201678636804));
#7138=CARTESIAN_POINT('',(15.1960885870376,23.5107164915748,19.3111098078414));
#7139=CARTESIAN_POINT('',(15.199016837959,23.5127206840958,19.3020176669631));
#7140=CARTESIAN_POINT('',(15.2018519011385,23.5149053927664,19.2929181763297));
#7141=CARTESIAN_POINT('',(15.2045921959633,23.51727152943,19.2838186841135));
#7142=CARTESIAN_POINT('',(15.2063565066786,23.5189716733548,19.2777522272223));
#7143=CARTESIAN_POINT('',(15.2072225348865,23.5198522511155,19.2747211279064));
#7144=AXIS2_PLACEMENT_3D('',#7145,#7146,#7147);
#7145=CARTESIAN_POINT('',(14.2456985872456,23.5,19.));
#7146=DIRECTION('',(0.,-1.,0.));
#7147=DIRECTION('',(0.910179721124454,0.,0.414213562373096));
#7148=CARTESIAN_POINT('',(15.1558783083701,-23.5,19.4142135623731));
#7149=AXIS2_PLACEMENT_3D('',#7150,#7151,#7152);
#7150=CARTESIAN_POINT('',(14.2456985872456,-23.5,19.));
#7151=DIRECTION('',(0.,-1.,0.));
#7152=DIRECTION('',(0.910179721124454,0.,0.414213562373096));
#7153=CARTESIAN_POINT('',(15.1558783083701,-23.5,19.4142135623731));
#7154=CARTESIAN_POINT('',(15.1571094719078,-23.5000000075274,19.4115082384908));
#7155=CARTESIAN_POINT('',(15.1595518285918,-23.5000440412116,19.4060773076841));
#7156=CARTESIAN_POINT('',(15.1631440639814,-23.500243847811,19.3978950963181));
#7157=CARTESIAN_POINT('',(15.1666809986145,-23.5005812740441,19.3896388434132));
#7158=CARTESIAN_POINT('',(15.1701608119281,-23.5010603345406,19.3813095030098));
#7159=CARTESIAN_POINT('',(15.1735925681979,-23.5016871150037,19.3728814012259));
#7160=CARTESIAN_POINT('',(15.1769738129212,-23.5024670972655,19.3643553290056));
#7161=CARTESIAN_POINT('',(15.1803131084802,-23.5034094775063,19.3557030237027));
#7162=CARTESIAN_POINT('',(15.1835968466736,-23.5045180964849,19.3469527994726));
#7163=CARTESIAN_POINT('',(15.1868240731753,-23.5057997536216,19.3381013807872));
#7164=CARTESIAN_POINT('',(15.1899831598225,-23.5072564429938,19.3291758438093));
#7165=CARTESIAN_POINT('',(15.1930754400236,-23.5088954766059,19.3201678636804));
#7166=CARTESIAN_POINT('',(15.1960885870376,-23.5107164915748,19.3111098078414));
#7167=CARTESIAN_POINT('',(15.199016837959,-23.5127206840958,19.3020176669631));
#7168=CARTESIAN_POINT('',(15.2018519011385,-23.5149053927664,19.2929181763297));
#7169=CARTESIAN_POINT('',(15.2045921959633,-23.51727152943,19.2838186841135));
#7170=CARTESIAN_POINT('',(15.2063565066786,-23.5189716733548,19.2777522272223));
#7171=CARTESIAN_POINT('',(15.2072225348865,-23.5198522511155,19.2747211279064));
#7172=CARTESIAN_POINT('',(15.7072225348865,23.5,20.));
#7173=CARTESIAN_POINT('',(14.2456985872456,23.5,20.));
#7174=VECTOR('',#7175,1.);
#7175=DIRECTION('',(1.,0.,0.));
#7176=CARTESIAN_POINT('',(15.2072225348865,24.,20.5));
#7177=CARTESIAN_POINT('',(15.7072225348865,23.5,20.));
#7178=CARTESIAN_POINT('',(15.7072225348865,23.5,20.2928932188135));
#7179=CARTESIAN_POINT('',(15.5001157536999,23.7071067811865,20.5));
#7180=CARTESIAN_POINT('',(15.2072225348865,24.,20.5));
#7181=CARTESIAN_POINT('',(14.1214360972836,23.9999999999932,20.5));
#7182=CARTESIAN_POINT('',(14.1214360973027,24.,20.5));
#7183=VECTOR('',#7184,1.);
#7184=DIRECTION('',(1.,0.,0.));
#7185=CARTESIAN_POINT('',(14.1214360972836,23.9999999999932,20.5));
#7186=CARTESIAN_POINT('',(14.1081581089045,23.9812180179753,20.4999984078957));
#7187=CARTESIAN_POINT('',(14.0813576961221,23.9438525136906,20.4978860005228));
#7188=CARTESIAN_POINT('',(14.040722345388,23.8888338340803,20.4885434423712));
#7189=CARTESIAN_POINT('',(13.9961667510727,23.8303275952978,20.4717626734907));
#7190=CARTESIAN_POINT('',(13.9457380388631,23.7664556288167,20.4443134068187));
#7191=CARTESIAN_POINT('',(13.8888974100592,23.6976017821346,20.4012962668836));
#7192=CARTESIAN_POINT('',(13.8334454763909,23.6337139651971,20.3441140704146));
#7193=CARTESIAN_POINT('',(13.7852287617899,23.5807506706291,20.276638016527));
#7194=CARTESIAN_POINT('',(13.7499240168553,23.543477087726,20.2083851893014));
#7195=CARTESIAN_POINT('',(13.7277745986923,23.5207228836124,20.1463412325591));
#7196=CARTESIAN_POINT('',(13.7163360153334,23.5091461409985,20.0981220543912));
#7197=CARTESIAN_POINT('',(13.7106027343545,23.5033836782145,20.06091256929));
#7198=CARTESIAN_POINT('',(13.7078195776849,23.500596449089,20.0300014337803));
#7199=CARTESIAN_POINT('',(13.7072203939619,23.4999985660113,20.0098098041623));
#7200=CARTESIAN_POINT('',(13.7072225348865,23.5,20.));
#7201=CARTESIAN_POINT('',(13.2072225348797,24.9142135623971,20.5));
#7202=AXIS2_PLACEMENT_3D('',#7203,#7204,#7205);
#7203=CARTESIAN_POINT('',(12.7072225348865,23.5,20.5));
#7204=DIRECTION('',(0.,0.,1.));
#7205=DIRECTION('',(0.942809041585263,0.333333333324284,0.));
#7206=CARTESIAN_POINT('',(12.7072225348865,24.5,20.));
#7207=CARTESIAN_POINT('',(12.707220214497,24.4999965514121,20.0113147873983));
#7208=CARTESIAN_POINT('',(12.7079931950727,24.5007716195487,20.0339168011744));
#7209=CARTESIAN_POINT('',(12.711416519433,24.5041883712673,20.0674827106298));
#7210=CARTESIAN_POINT('',(12.7178970509743,24.5106285847006,20.1054691224619));
#7211=CARTESIAN_POINT('',(12.7300882581221,24.522651825835,20.1530348837357));
#7212=CARTESIAN_POINT('',(12.7539309657559,24.5458084170406,20.2155428268234));
#7213=CARTESIAN_POINT('',(12.7948425773899,24.5844332659715,20.2876018856351));
#7214=CARTESIAN_POINT('',(12.8566277154856,24.6402417687494,20.3612259439001));
#7215=CARTESIAN_POINT('',(12.9366305668666,24.7085673369021,20.4248298724781));
#7216=CARTESIAN_POINT('',(13.027831263442,24.7818049694041,20.4702876793558));
#7217=CARTESIAN_POINT('',(13.1193036302472,24.8511337172962,20.4949334216933));
#7218=CARTESIAN_POINT('',(13.1791438976509,24.8943773837187,20.4999851200782));
#7219=CARTESIAN_POINT('',(13.2072225348797,24.9142135623971,20.5));
#7220=CARTESIAN_POINT('',(13.2072225348865,26.,20.5));
#7221=CARTESIAN_POINT('',(13.2072225348865,26.,20.5));
#7222=VECTOR('',#7223,1.);
#7223=DIRECTION('',(0.,-1.,0.));
#7224=CARTESIAN_POINT('',(12.7072225348865,26.5,20.));
#7225=CARTESIAN_POINT('',(12.7072225348865,26.5,20.2928932188135));
#7226=CARTESIAN_POINT('',(12.914329316073,26.2928932188134,20.5));
#7227=CARTESIAN_POINT('',(13.2072225348865,26.,20.5));
#7228=CARTESIAN_POINT('',(-15.9142135623971,23.9999999999932,20.5));
#7229=AXIS2_PLACEMENT_3D('',#7230,#7231,#7232);
#7230=CARTESIAN_POINT('',(-14.5,23.5,20.5));
#7231=DIRECTION('',(0.,0.,1.));
#7232=DIRECTION('',(-0.333333333324284,0.942809041585263,0.));
#7233=CARTESIAN_POINT('',(-15.5,23.5,20.));
#7234=CARTESIAN_POINT('',(-15.4999965514121,23.4999976796105,20.0113147873983));
#7235=CARTESIAN_POINT('',(-15.5007716195487,23.5007706601863,20.0339168011744));
#7236=CARTESIAN_POINT('',(-15.5041883712673,23.5041939845465,20.0674827106298));
#7237=CARTESIAN_POINT('',(-15.5106285847006,23.5106745160878,20.1054691224619));
#7238=CARTESIAN_POINT('',(-15.522651825835,23.5228657232356,20.1530348837357));
#7239=CARTESIAN_POINT('',(-15.5458084170406,23.5467084308695,20.2155428268234));
#7240=CARTESIAN_POINT('',(-15.5844332659715,23.5876200425035,20.2876018856351));
#7241=CARTESIAN_POINT('',(-15.6402417687494,23.6494051805992,20.3612259439001));
#7242=CARTESIAN_POINT('',(-15.7085673369021,23.7294080319802,20.4248298724781));
#7243=CARTESIAN_POINT('',(-15.7818049694042,23.8206087285555,20.4702876793558));
#7244=CARTESIAN_POINT('',(-15.8511337172962,23.9120810953607,20.4949334216933));
#7245=CARTESIAN_POINT('',(-15.8943773837187,23.9719213627644,20.4999851200782));
#7246=CARTESIAN_POINT('',(-15.9142135623971,23.9999999999932,20.5));
#7247=CARTESIAN_POINT('',(-17.5,23.5,20.));
#7248=CARTESIAN_POINT('',(-17.5,23.5,20.));
#7249=VECTOR('',#7250,1.);
#7250=DIRECTION('',(1.,0.,0.));
#7251=CARTESIAN_POINT('',(-17.,24.,20.5));
#7252=CARTESIAN_POINT('',(-17.,24.,20.5));
#7253=VECTOR('',#7254,1.);
#7254=DIRECTION('',(1.,0.,0.));
#7255=CARTESIAN_POINT('',(-17.5,23.5,20.));
#7256=CARTESIAN_POINT('',(-17.5,23.5,20.2928932188135));
#7257=CARTESIAN_POINT('',(-17.2928932188135,23.7071067811865,20.5));
#7258=CARTESIAN_POINT('',(-17.,24.,20.5));
#7259=CARTESIAN_POINT('',(-17.5,-23.5,20.));
#7260=CARTESIAN_POINT('',(-16.,-23.5,20.));
#7261=VECTOR('',#7262,1.);
#7262=DIRECTION('',(-1.,0.,0.));
#7263=CARTESIAN_POINT('',(-17.,-24.,20.5));
#7264=CARTESIAN_POINT('',(-17.5,-23.5,20.));
#7265=CARTESIAN_POINT('',(-17.5,-23.5,20.2928932188135));
#7266=CARTESIAN_POINT('',(-17.2928932188135,-23.7071067811865,20.5));
#7267=CARTESIAN_POINT('',(-17.,-24.,20.5));
#7268=CARTESIAN_POINT('',(-15.9142135623971,-23.9999999999932,20.5));
#7269=CARTESIAN_POINT('',(-15.9142135624163,-24.,20.5));
#7270=VECTOR('',#7271,1.);
#7271=DIRECTION('',(-1.,3.27201883890408E-15,0.));
#7272=CARTESIAN_POINT('',(-15.9142135623971,-23.9999999999932,20.5));
#7273=CARTESIAN_POINT('',(-15.9009355740181,-23.9812180179753,20.4999984078957));
#7274=CARTESIAN_POINT('',(-15.8741351612356,-23.9438525136906,20.4978860005228));
#7275=CARTESIAN_POINT('',(-15.8334998105016,-23.8888338340803,20.4885434423712));
#7276=CARTESIAN_POINT('',(-15.7889442161863,-23.8303275952978,20.4717626734907));
#7277=CARTESIAN_POINT('',(-15.7385155039767,-23.7664556288167,20.4443134068187));
#7278=CARTESIAN_POINT('',(-15.6816748751728,-23.6976017821346,20.4012962668836));
#7279=CARTESIAN_POINT('',(-15.6262229415045,-23.6337139651971,20.3441140704146));
#7280=CARTESIAN_POINT('',(-15.5780062269035,-23.5807506706291,20.276638016527));
#7281=CARTESIAN_POINT('',(-15.5427014819688,-23.5434770877261,20.2083851893014));
#7282=CARTESIAN_POINT('',(-15.5205520638059,-23.5207228836124,20.1463412325591));
#7283=CARTESIAN_POINT('',(-15.509113480447,-23.5091461409985,20.0981220543912));
#7284=CARTESIAN_POINT('',(-15.503380199468,-23.5033836782145,20.06091256929));
#7285=CARTESIAN_POINT('',(-15.5005970427985,-23.500596449089,20.0300014337803));
#7286=CARTESIAN_POINT('',(-15.4999978590754,-23.4999985660113,20.0098098041623));
#7287=CARTESIAN_POINT('',(-15.5,-23.5,20.));
#7288=CARTESIAN_POINT('',(-14.9999999999932,-24.9142135623971,20.5));
#7289=AXIS2_PLACEMENT_3D('',#7290,#7291,#7292);
#7290=CARTESIAN_POINT('',(-14.5,-23.5,20.5));
#7291=DIRECTION('',(0.,0.,1.));
#7292=DIRECTION('',(-0.94280904158526,-0.333333333324291,0.));
#7293=CARTESIAN_POINT('',(-14.5,-24.5,20.));
#7294=CARTESIAN_POINT('',(-14.4999976796105,-24.4999965514121,20.0113147873983));
#7295=CARTESIAN_POINT('',(-14.5007706601863,-24.5007716195487,20.0339168011744));
#7296=CARTESIAN_POINT('',(-14.5041939845465,-24.5041883712673,20.0674827106298));
#7297=CARTESIAN_POINT('',(-14.5106745160878,-24.5106285847006,20.1054691224619));
#7298=CARTESIAN_POINT('',(-14.5228657232356,-24.522651825835,20.1530348837357));
#7299=CARTESIAN_POINT('',(-14.5467084308695,-24.5458084170406,20.2155428268234));
#7300=CARTESIAN_POINT('',(-14.5876200425035,-24.5844332659715,20.2876018856351));
#7301=CARTESIAN_POINT('',(-14.6494051805991,-24.6402417687494,20.3612259439001));
#7302=CARTESIAN_POINT('',(-14.7294080319802,-24.7085673369021,20.4248298724781));
#7303=CARTESIAN_POINT('',(-14.8206087285556,-24.7818049694042,20.4702876793558));
#7304=CARTESIAN_POINT('',(-14.9120810953607,-24.8511337172962,20.4949334216933));
#7305=CARTESIAN_POINT('',(-14.9719213627644,-24.8943773837187,20.4999851200782));
#7306=CARTESIAN_POINT('',(-14.9999999999932,-24.9142135623971,20.5));
#7307=CARTESIAN_POINT('',(-14.5,-26.5,20.));
#7308=CARTESIAN_POINT('',(-14.5,-26.5,20.));
#7309=VECTOR('',#7310,1.);
#7310=DIRECTION('',(0.,1.,0.));
#7311=CARTESIAN_POINT('',(-15.,-26.,20.5));
#7312=CARTESIAN_POINT('',(-15.,-26.,20.5));
#7313=VECTOR('',#7314,1.);
#7314=DIRECTION('',(0.,1.,0.));
#7315=CARTESIAN_POINT('',(-14.5,-26.5,20.));
#7316=CARTESIAN_POINT('',(-14.5,-26.5,20.2928932188135));
#7317=CARTESIAN_POINT('',(-14.7071067811865,-26.2928932188135,20.5));
#7318=CARTESIAN_POINT('',(-15.,-26.,20.5));
#7319=CARTESIAN_POINT('',(-12.,-0.999999999999999,18.5));
#7320=CARTESIAN_POINT('',(-12.,1.,18.5));
#7321=CARTESIAN_POINT('',(-12.,1.,18.5));
#7322=VECTOR('',#7323,1.);
#7323=DIRECTION('',(0.,-1.,0.));
#7324=CARTESIAN_POINT('',(-12.,-1.,0.));
#7325=CARTESIAN_POINT('',(-12.,-1.,0.));
#7326=VECTOR('',#7327,1.);
#7327=DIRECTION('',(0.,0.,1.));
#7328=CARTESIAN_POINT('',(-12.,0.999999999999999,0.));
#7329=CARTESIAN_POINT('',(-12.,0.999999999999999,0.));
#7330=VECTOR('',#7331,1.);
#7331=DIRECTION('',(0.,-1.,0.));
#7332=CARTESIAN_POINT('',(-12.,0.999999999999999,0.));
#7333=VECTOR('',#7334,1.);
#7334=DIRECTION('',(0.,0.,1.));
#7335=CARTESIAN_POINT('',(-12.3819660112501,1.,19.5));
#7336=CARTESIAN_POINT('',(12.3819660112501,0.999999999999999,19.5));
#7337=CARTESIAN_POINT('',(12.3819660112501,0.999999999999998,19.5));
#7338=VECTOR('',#7339,1.);
#7339=DIRECTION('',(-1.,5.82819372424924E-17,0.));
#7340=AXIS2_PLACEMENT_3D('',#7341,#7342,#7343);
#7341=CARTESIAN_POINT('',(-13.5,1.,18.5));
#7342=DIRECTION('',(6.47630097698008E-17,1.,0.));
#7343=DIRECTION('',(0.745355992499932,-4.82714974242526E-17,0.666666666666664));
#7344=CARTESIAN_POINT('',(12.,0.999999999999998,0.));
#7345=CARTESIAN_POINT('',(12.,0.999999999999998,0.));
#7346=VECTOR('',#7347,1.);
#7347=DIRECTION('',(-1.,6.47630097698008E-17,0.));
#7348=CARTESIAN_POINT('',(12.,0.999999999999999,18.5));
#7349=CARTESIAN_POINT('',(12.,0.999999999999998,0.));
#7350=VECTOR('',#7351,1.);
#7351=DIRECTION('',(0.,0.,1.));
#7352=AXIS2_PLACEMENT_3D('',#7353,#7354,#7355);
#7353=CARTESIAN_POINT('',(13.5,0.999999999999998,18.5));
#7354=DIRECTION('',(6.47630097698008E-17,1.,0.));
#7355=DIRECTION('',(-1.,6.47630097698008E-17,0.));
#7356=CARTESIAN_POINT('',(12.,-1.,18.5));
#7357=CARTESIAN_POINT('',(12.,-1.,18.5));
#7358=VECTOR('',#7359,1.);
#7359=DIRECTION('',(0.,1.,0.));
#7360=CARTESIAN_POINT('',(12.,-1.,0.));
#7361=CARTESIAN_POINT('',(12.,-1.,0.));
#7362=VECTOR('',#7363,1.);
#7363=DIRECTION('',(0.,1.,0.));
#7364=CARTESIAN_POINT('',(12.,-1.,0.));
#7365=VECTOR('',#7366,1.);
#7366=DIRECTION('',(0.,0.,1.));
#7367=CARTESIAN_POINT('',(12.3819660112501,-1.,19.5));
#7368=CARTESIAN_POINT('',(-12.3819660112501,-0.999999999999999,19.5));
#7369=CARTESIAN_POINT('',(-12.3819660112501,-1.,19.5));
#7370=VECTOR('',#7371,1.);
#7371=DIRECTION('',(1.,-6.27651631842225E-17,0.));
#7372=AXIS2_PLACEMENT_3D('',#7373,#7374,#7375);
#7373=CARTESIAN_POINT('',(13.5,-1.,18.5));
#7374=DIRECTION('',(-6.01370805005293E-17,-1.,0.));
#7375=DIRECTION('',(-0.745355992499932,4.48235333225203E-17,0.666666666666664));
#7376=CARTESIAN_POINT('',(-12.,-1.,0.));
#7377=VECTOR('',#7378,1.);
#7378=DIRECTION('',(1.,-6.01370805005293E-17,0.));
#7379=AXIS2_PLACEMENT_3D('',#7380,#7381,#7382);
#7380=CARTESIAN_POINT('',(-13.5,-1.,18.5));
#7381=DIRECTION('',(-6.01370805005293E-17,-1.,0.));
#7382=DIRECTION('',(1.,-6.01370805005293E-17,0.));
#7383=CARTESIAN_POINT('',(-12.,3.,18.5));
#7384=CARTESIAN_POINT('',(-12.,5.,18.5));
#7385=CARTESIAN_POINT('',(-12.,5.,18.5));
#7386=VECTOR('',#7387,1.);
#7387=DIRECTION('',(0.,-1.,0.));
#7388=CARTESIAN_POINT('',(-12.,3.,0.));
#7389=CARTESIAN_POINT('',(-12.,3.,0.));
#7390=VECTOR('',#7391,1.);
#7391=DIRECTION('',(0.,0.,1.));
#7392=CARTESIAN_POINT('',(-12.,5.,0.));
#7393=CARTESIAN_POINT('',(-12.,5.,0.));
#7394=VECTOR('',#7395,1.);
#7395=DIRECTION('',(0.,-1.,0.));
#7396=CARTESIAN_POINT('',(-12.,5.,0.));
#7397=VECTOR('',#7398,1.);
#7398=DIRECTION('',(0.,0.,1.));
#7399=CARTESIAN_POINT('',(-12.3819660112501,5.,19.5));
#7400=CARTESIAN_POINT('',(12.3819660112501,5.,19.5));
#7401=CARTESIAN_POINT('',(12.3819660112501,5.,19.5));
#7402=VECTOR('',#7403,1.);
#7403=DIRECTION('',(-1.,7.17316150676829E-17,0.));
#7404=AXIS2_PLACEMENT_3D('',#7405,#7406,#7407);
#7405=CARTESIAN_POINT('',(-13.5,5.,18.5));
#7406=DIRECTION('',(7.40148683083438E-17,1.,0.));
#7407=DIRECTION('',(0.745355992499932,-5.51674256277173E-17,0.666666666666664));
#7408=CARTESIAN_POINT('',(12.,5.,0.));
#7409=CARTESIAN_POINT('',(12.,5.,0.));
#7410=VECTOR('',#7411,1.);
#7411=DIRECTION('',(-1.,7.40148683083438E-17,0.));
#7412=CARTESIAN_POINT('',(12.,5.,18.5));
#7413=CARTESIAN_POINT('',(12.,5.,0.));
#7414=VECTOR('',#7415,1.);
#7415=DIRECTION('',(0.,0.,1.));
#7416=AXIS2_PLACEMENT_3D('',#7417,#7418,#7419);
#7417=CARTESIAN_POINT('',(13.5,5.,18.5));
#7418=DIRECTION('',(7.40148683083438E-17,1.,0.));
#7419=DIRECTION('',(-1.,7.40148683083438E-17,0.));
#7420=CARTESIAN_POINT('',(12.,3.,18.5));
#7421=CARTESIAN_POINT('',(12.,3.,18.5));
#7422=VECTOR('',#7423,1.);
#7423=DIRECTION('',(0.,1.,0.));
#7424=CARTESIAN_POINT('',(12.,3.,0.));
#7425=CARTESIAN_POINT('',(12.,3.,0.));
#7426=VECTOR('',#7427,1.);
#7427=DIRECTION('',(0.,1.,0.));
#7428=CARTESIAN_POINT('',(12.,3.,0.));
#7429=VECTOR('',#7430,1.);
#7430=DIRECTION('',(0.,0.,1.));
#7431=CARTESIAN_POINT('',(12.3819660112501,3.,19.5));
#7432=CARTESIAN_POINT('',(-12.3819660112501,3.,19.5));
#7433=CARTESIAN_POINT('',(-12.3819660112501,3.,19.5));
#7434=VECTOR('',#7435,1.);
#7435=DIRECTION('',(1.,-7.17316150676829E-17,0.));
#7436=AXIS2_PLACEMENT_3D('',#7437,#7438,#7439);
#7437=CARTESIAN_POINT('',(13.5,3.,18.5));
#7438=DIRECTION('',(-7.40148683083438E-17,-1.,0.));
#7439=DIRECTION('',(-0.745355992499932,5.51674256277173E-17,0.666666666666664));
#7440=CARTESIAN_POINT('',(-12.,3.,0.));
#7441=VECTOR('',#7442,1.);
#7442=DIRECTION('',(1.,-7.40148683083438E-17,0.));
#7443=AXIS2_PLACEMENT_3D('',#7444,#7445,#7446);
#7444=CARTESIAN_POINT('',(-13.5,3.,18.5));
#7445=DIRECTION('',(-7.40148683083438E-17,-1.,0.));
#7446=DIRECTION('',(1.,-7.40148683083438E-17,0.));
#7447=CARTESIAN_POINT('',(-12.,7.,18.5));
#7448=CARTESIAN_POINT('',(-12.,9.,18.5));
#7449=CARTESIAN_POINT('',(-12.,8.99999999999999,18.5));
#7450=VECTOR('',#7451,1.);
#7451=DIRECTION('',(0.,-1.,0.));
#7452=CARTESIAN_POINT('',(-12.,7.,0.));
#7453=CARTESIAN_POINT('',(-12.,7.,0.));
#7454=VECTOR('',#7455,1.);
#7455=DIRECTION('',(0.,0.,1.));
#7456=CARTESIAN_POINT('',(-12.,9.,0.));
#7457=CARTESIAN_POINT('',(-12.,9.,0.));
#7458=VECTOR('',#7459,1.);
#7459=DIRECTION('',(0.,-1.,0.));
#7460=CARTESIAN_POINT('',(-12.,9.,0.));
#7461=VECTOR('',#7462,1.);
#7462=DIRECTION('',(0.,0.,1.));
#7463=CARTESIAN_POINT('',(-12.3819660112501,9.,19.5));
#7464=CARTESIAN_POINT('',(12.3819660112501,9.,19.5));
#7465=CARTESIAN_POINT('',(12.3819660112501,9.,19.5));
#7466=VECTOR('',#7467,1.);
#7467=DIRECTION('',(-1.,1.43463230135366E-16,0.));
#7468=AXIS2_PLACEMENT_3D('',#7469,#7470,#7471);
#7469=CARTESIAN_POINT('',(-13.5,9.,18.5));
#7470=DIRECTION('',(0.,1.,0.));
#7471=DIRECTION('',(0.74535599249993,0.,0.666666666666667));
#7472=CARTESIAN_POINT('',(12.,9.,0.));
#7473=CARTESIAN_POINT('',(12.,9.,0.));
#7474=VECTOR('',#7475,1.);
#7475=DIRECTION('',(-1.,0.,0.));
#7476=CARTESIAN_POINT('',(12.,9.,18.5));
#7477=CARTESIAN_POINT('',(12.,9.,0.));
#7478=VECTOR('',#7479,1.);
#7479=DIRECTION('',(0.,0.,1.));
#7480=AXIS2_PLACEMENT_3D('',#7481,#7482,#7483);
#7481=CARTESIAN_POINT('',(13.5,9.,18.5));
#7482=DIRECTION('',(0.,1.,0.));
#7483=DIRECTION('',(-1.,0.,0.));
#7484=CARTESIAN_POINT('',(12.,7.,18.5));
#7485=CARTESIAN_POINT('',(12.,7.,18.5));
#7486=VECTOR('',#7487,1.);
#7487=DIRECTION('',(0.,1.,0.));
#7488=CARTESIAN_POINT('',(12.,7.,0.));
#7489=CARTESIAN_POINT('',(12.,7.,0.));
#7490=VECTOR('',#7491,1.);
#7491=DIRECTION('',(0.,1.,0.));
#7492=CARTESIAN_POINT('',(12.,7.,0.));
#7493=VECTOR('',#7494,1.);
#7494=DIRECTION('',(0.,0.,1.));
#7495=CARTESIAN_POINT('',(12.3819660112501,7.,19.5));
#7496=CARTESIAN_POINT('',(-12.3819660112501,7.,19.5));
#7497=CARTESIAN_POINT('',(-12.3819660112501,7.,19.5));
#7498=VECTOR('',#7499,1.);
#7499=DIRECTION('',(1.,-7.17316150676829E-17,0.));
#7500=AXIS2_PLACEMENT_3D('',#7501,#7502,#7503);
#7501=CARTESIAN_POINT('',(13.5,7.,18.5));
#7502=DIRECTION('',(-7.40148683083438E-17,-1.,0.));
#7503=DIRECTION('',(-0.745355992499929,5.51674256277171E-17,0.666666666666668));
#7504=CARTESIAN_POINT('',(-12.,7.,0.));
#7505=VECTOR('',#7506,1.);
#7506=DIRECTION('',(1.,-7.40148683083438E-17,0.));
#7507=AXIS2_PLACEMENT_3D('',#7508,#7509,#7510);
#7508=CARTESIAN_POINT('',(-13.5,7.,18.5));
#7509=DIRECTION('',(-7.40148683083438E-17,-1.,0.));
#7510=DIRECTION('',(1.,-7.40148683083438E-17,0.));
#7511=CARTESIAN_POINT('',(12.,13.,18.5));
#7512=CARTESIAN_POINT('',(12.,11.,18.5));
#7513=CARTESIAN_POINT('',(12.,11.,18.5));
#7514=VECTOR('',#7515,1.);
#7515=DIRECTION('',(0.,1.,0.));
#7516=CARTESIAN_POINT('',(12.,13.,0.));
#7517=CARTESIAN_POINT('',(12.,13.,0.));
#7518=VECTOR('',#7519,1.);
#7519=DIRECTION('',(0.,0.,1.));
#7520=CARTESIAN_POINT('',(12.,11.,0.));
#7521=CARTESIAN_POINT('',(12.,11.,0.));
#7522=VECTOR('',#7523,1.);
#7523=DIRECTION('',(0.,1.,0.));
#7524=CARTESIAN_POINT('',(12.,11.,0.));
#7525=VECTOR('',#7526,1.);
#7526=DIRECTION('',(0.,0.,1.));
#7527=CARTESIAN_POINT('',(12.3819660112501,11.,19.5));
#7528=CARTESIAN_POINT('',(-12.3819660112501,11.,19.5));
#7529=CARTESIAN_POINT('',(-12.3819660112501,11.,19.5));
#7530=VECTOR('',#7531,1.);
#7531=DIRECTION('',(1.,0.,0.));
#7532=AXIS2_PLACEMENT_3D('',#7533,#7534,#7535);
#7533=CARTESIAN_POINT('',(13.5,11.,18.5));
#7534=DIRECTION('',(0.,-1.,0.));
#7535=DIRECTION('',(-0.74535599249993,0.,0.666666666666667));
#7536=CARTESIAN_POINT('',(-12.,11.,0.));
#7537=CARTESIAN_POINT('',(-12.,11.,0.));
#7538=VECTOR('',#7539,1.);
#7539=DIRECTION('',(1.,0.,0.));
#7540=CARTESIAN_POINT('',(-12.,11.,18.5));
#7541=CARTESIAN_POINT('',(-12.,11.,0.));
#7542=VECTOR('',#7543,1.);
#7543=DIRECTION('',(0.,0.,1.));
#7544=AXIS2_PLACEMENT_3D('',#7545,#7546,#7547);
#7545=CARTESIAN_POINT('',(-13.5,11.,18.5));
#7546=DIRECTION('',(0.,-1.,0.));
#7547=DIRECTION('',(1.,0.,0.));
#7548=CARTESIAN_POINT('',(-12.,13.,18.5));
#7549=CARTESIAN_POINT('',(-12.,13.,18.5));
#7550=VECTOR('',#7551,1.);
#7551=DIRECTION('',(0.,-1.,0.));
#7552=CARTESIAN_POINT('',(-12.,13.,0.));
#7553=CARTESIAN_POINT('',(-12.,13.,0.));
#7554=VECTOR('',#7555,1.);
#7555=DIRECTION('',(0.,-1.,0.));
#7556=CARTESIAN_POINT('',(-12.,13.,0.));
#7557=VECTOR('',#7558,1.);
#7558=DIRECTION('',(0.,0.,1.));
#7559=CARTESIAN_POINT('',(-12.3819660112501,13.,19.5));
#7560=CARTESIAN_POINT('',(12.3819660112501,13.,19.5));
#7561=CARTESIAN_POINT('',(12.3819660112501,13.,19.5));
#7562=VECTOR('',#7563,1.);
#7563=DIRECTION('',(-1.,1.43463230135366E-16,0.));
#7564=AXIS2_PLACEMENT_3D('',#7565,#7566,#7567);
#7565=CARTESIAN_POINT('',(-13.5,13.,18.5));
#7566=DIRECTION('',(0.,1.,0.));
#7567=DIRECTION('',(0.74535599249993,0.,0.666666666666666));
#7568=CARTESIAN_POINT('',(12.,13.,0.));
#7569=VECTOR('',#7570,1.);
#7570=DIRECTION('',(-1.,0.,0.));
#7571=AXIS2_PLACEMENT_3D('',#7572,#7573,#7574);
#7572=CARTESIAN_POINT('',(13.5,13.,18.5));
#7573=DIRECTION('',(0.,1.,0.));
#7574=DIRECTION('',(-1.,0.,0.));
#7575=CARTESIAN_POINT('',(-12.,15.,18.5));
#7576=CARTESIAN_POINT('',(-12.,17.,18.5));
#7577=CARTESIAN_POINT('',(-12.,17.,18.5));
#7578=VECTOR('',#7579,1.);
#7579=DIRECTION('',(0.,-1.,0.));
#7580=CARTESIAN_POINT('',(-12.,15.,0.));
#7581=CARTESIAN_POINT('',(-12.,15.,0.));
#7582=VECTOR('',#7583,1.);
#7583=DIRECTION('',(0.,0.,1.));
#7584=CARTESIAN_POINT('',(-12.,17.,0.));
#7585=CARTESIAN_POINT('',(-12.,17.,0.));
#7586=VECTOR('',#7587,1.);
#7587=DIRECTION('',(0.,-1.,0.));
#7588=CARTESIAN_POINT('',(-12.,17.,0.));
#7589=VECTOR('',#7590,1.);
#7590=DIRECTION('',(0.,0.,1.));
#7591=CARTESIAN_POINT('',(-12.3819660112501,17.,19.5));
#7592=CARTESIAN_POINT('',(12.3819660112501,17.,19.5));
#7593=CARTESIAN_POINT('',(12.3819660112501,17.,19.5));
#7594=VECTOR('',#7595,1.);
#7595=DIRECTION('',(-1.,0.,0.));
#7596=AXIS2_PLACEMENT_3D('',#7597,#7598,#7599);
#7597=CARTESIAN_POINT('',(-13.5,17.,18.5));
#7598=DIRECTION('',(0.,1.,0.));
#7599=DIRECTION('',(0.74535599249993,0.,0.666666666666666));
#7600=CARTESIAN_POINT('',(12.,17.,0.));
#7601=CARTESIAN_POINT('',(12.,17.,0.));
#7602=VECTOR('',#7603,1.);
#7603=DIRECTION('',(-1.,0.,0.));
#7604=CARTESIAN_POINT('',(12.,17.,18.5));
#7605=CARTESIAN_POINT('',(12.,17.,0.));
#7606=VECTOR('',#7607,1.);
#7607=DIRECTION('',(0.,0.,1.));
#7608=AXIS2_PLACEMENT_3D('',#7609,#7610,#7611);
#7609=CARTESIAN_POINT('',(13.5,17.,18.5));
#7610=DIRECTION('',(0.,1.,0.));
#7611=DIRECTION('',(-1.,0.,0.));
#7612=CARTESIAN_POINT('',(12.,15.,18.5));
#7613=CARTESIAN_POINT('',(12.,15.,18.5));
#7614=VECTOR('',#7615,1.);
#7615=DIRECTION('',(0.,1.,0.));
#7616=CARTESIAN_POINT('',(12.,15.,0.));
#7617=CARTESIAN_POINT('',(12.,15.,0.));
#7618=VECTOR('',#7619,1.);
#7619=DIRECTION('',(0.,1.,0.));
#7620=CARTESIAN_POINT('',(12.,15.,0.));
#7621=VECTOR('',#7622,1.);
#7622=DIRECTION('',(0.,0.,1.));
#7623=CARTESIAN_POINT('',(12.3819660112501,15.,19.5));
#7624=CARTESIAN_POINT('',(-12.3819660112501,15.,19.5));
#7625=CARTESIAN_POINT('',(-12.3819660112501,15.,19.5));
#7626=VECTOR('',#7627,1.);
#7627=DIRECTION('',(1.,0.,0.));
#7628=AXIS2_PLACEMENT_3D('',#7629,#7630,#7631);
#7629=CARTESIAN_POINT('',(13.5,15.,18.5));
#7630=DIRECTION('',(0.,-1.,0.));
#7631=DIRECTION('',(-0.74535599249993,0.,0.666666666666666));
#7632=CARTESIAN_POINT('',(-12.,15.,0.));
#7633=VECTOR('',#7634,1.);
#7634=DIRECTION('',(1.,0.,0.));
#7635=AXIS2_PLACEMENT_3D('',#7636,#7637,#7638);
#7636=CARTESIAN_POINT('',(-13.5,15.,18.5));
#7637=DIRECTION('',(0.,-1.,0.));
#7638=DIRECTION('',(1.,0.,0.));
#7639=CARTESIAN_POINT('',(-12.,-5.,18.5));
#7640=CARTESIAN_POINT('',(-12.,-3.,18.5));
#7641=CARTESIAN_POINT('',(-12.,-3.,18.5));
#7642=VECTOR('',#7643,1.);
#7643=DIRECTION('',(0.,-1.,0.));
#7644=CARTESIAN_POINT('',(-12.,-5.,0.));
#7645=CARTESIAN_POINT('',(-12.,-5.,0.));
#7646=VECTOR('',#7647,1.);
#7647=DIRECTION('',(0.,0.,1.));
#7648=CARTESIAN_POINT('',(-12.,-3.,0.));
#7649=CARTESIAN_POINT('',(-12.,-3.,0.));
#7650=VECTOR('',#7651,1.);
#7651=DIRECTION('',(0.,-1.,0.));
#7652=CARTESIAN_POINT('',(-12.,-3.,0.));
#7653=VECTOR('',#7654,1.);
#7654=DIRECTION('',(0.,0.,1.));
#7655=CARTESIAN_POINT('',(-12.3819660112501,-3.,19.5));
#7656=CARTESIAN_POINT('',(12.3819660112501,-3.,19.5));
#7657=CARTESIAN_POINT('',(12.3819660112501,-3.,19.5));
#7658=VECTOR('',#7659,1.);
#7659=DIRECTION('',(-1.,7.17316150676829E-17,0.));
#7660=AXIS2_PLACEMENT_3D('',#7661,#7662,#7663);
#7661=CARTESIAN_POINT('',(-13.5,-3.,18.5));
#7662=DIRECTION('',(7.40148683083438E-17,1.,0.));
#7663=DIRECTION('',(0.74535599249993,-5.51674256277172E-17,0.666666666666667));
#7664=CARTESIAN_POINT('',(12.,-3.,0.));
#7665=CARTESIAN_POINT('',(12.,-3.,0.));
#7666=VECTOR('',#7667,1.);
#7667=DIRECTION('',(-1.,7.40148683083438E-17,0.));
#7668=CARTESIAN_POINT('',(12.,-3.,18.5));
#7669=CARTESIAN_POINT('',(12.,-3.,0.));
#7670=VECTOR('',#7671,1.);
#7671=DIRECTION('',(0.,0.,1.));
#7672=AXIS2_PLACEMENT_3D('',#7673,#7674,#7675);
#7673=CARTESIAN_POINT('',(13.5,-3.,18.5));
#7674=DIRECTION('',(7.40148683083438E-17,1.,0.));
#7675=DIRECTION('',(-1.,7.40148683083438E-17,0.));
#7676=CARTESIAN_POINT('',(12.,-5.,18.5));
#7677=CARTESIAN_POINT('',(12.,-5.,18.5));
#7678=VECTOR('',#7679,1.);
#7679=DIRECTION('',(0.,1.,0.));
#7680=CARTESIAN_POINT('',(12.,-5.,0.));
#7681=CARTESIAN_POINT('',(12.,-5.,0.));
#7682=VECTOR('',#7683,1.);
#7683=DIRECTION('',(0.,1.,0.));
#7684=CARTESIAN_POINT('',(12.,-5.,0.));
#7685=VECTOR('',#7686,1.);
#7686=DIRECTION('',(0.,0.,1.));
#7687=CARTESIAN_POINT('',(12.3819660112501,-5.,19.5));
#7688=CARTESIAN_POINT('',(-12.3819660112501,-5.,19.5));
#7689=CARTESIAN_POINT('',(-12.3819660112501,-5.,19.5));
#7690=VECTOR('',#7691,1.);
#7691=DIRECTION('',(1.,-7.17316150676828E-17,-1.43463230135366E-16));
#7692=AXIS2_PLACEMENT_3D('',#7693,#7694,#7695);
#7693=CARTESIAN_POINT('',(13.5,-5.,18.5));
#7694=DIRECTION('',(-7.40148683083438E-17,-1.,0.));
#7695=DIRECTION('',(-0.745355992499929,5.51674256277171E-17,0.666666666666667));
#7696=CARTESIAN_POINT('',(-12.,-5.,0.));
#7697=VECTOR('',#7698,1.);
#7698=DIRECTION('',(1.,-7.40148683083438E-17,0.));
#7699=AXIS2_PLACEMENT_3D('',#7700,#7701,#7702);
#7700=CARTESIAN_POINT('',(-13.5,-5.,18.5));
#7701=DIRECTION('',(-7.40148683083438E-17,-1.,0.));
#7702=DIRECTION('',(1.,-7.40148683083437E-17,0.));
#7703=CARTESIAN_POINT('',(-12.,-9.,18.5));
#7704=CARTESIAN_POINT('',(-12.,-7.,18.5));
#7705=CARTESIAN_POINT('',(-12.,-7.,18.5));
#7706=VECTOR('',#7707,1.);
#7707=DIRECTION('',(0.,-1.,0.));
#7708=CARTESIAN_POINT('',(-12.,-9.,0.));
#7709=CARTESIAN_POINT('',(-12.,-9.,0.));
#7710=VECTOR('',#7711,1.);
#7711=DIRECTION('',(0.,0.,1.));
#7712=CARTESIAN_POINT('',(-12.,-7.,0.));
#7713=CARTESIAN_POINT('',(-12.,-7.,0.));
#7714=VECTOR('',#7715,1.);
#7715=DIRECTION('',(0.,-1.,0.));
#7716=CARTESIAN_POINT('',(-12.,-7.,0.));
#7717=VECTOR('',#7718,1.);
#7718=DIRECTION('',(0.,0.,1.));
#7719=CARTESIAN_POINT('',(-12.3819660112501,-7.,19.5));
#7720=CARTESIAN_POINT('',(12.3819660112501,-7.,19.5));
#7721=CARTESIAN_POINT('',(12.3819660112501,-7.,19.5));
#7722=VECTOR('',#7723,1.);
#7723=DIRECTION('',(-1.,3.58658075338414E-17,0.));
#7724=AXIS2_PLACEMENT_3D('',#7725,#7726,#7727);
#7725=CARTESIAN_POINT('',(-13.5,-7.,18.5));
#7726=DIRECTION('',(7.40148683083438E-17,1.,0.));
#7727=DIRECTION('',(0.74535599249993,-5.51674256277172E-17,0.666666666666667));
#7728=CARTESIAN_POINT('',(12.,-7.,0.));
#7729=CARTESIAN_POINT('',(12.,-7.,0.));
#7730=VECTOR('',#7731,1.);
#7731=DIRECTION('',(-1.,7.40148683083438E-17,0.));
#7732=CARTESIAN_POINT('',(12.,-7.,18.5));
#7733=CARTESIAN_POINT('',(12.,-7.,0.));
#7734=VECTOR('',#7735,1.);
#7735=DIRECTION('',(0.,0.,1.));
#7736=AXIS2_PLACEMENT_3D('',#7737,#7738,#7739);
#7737=CARTESIAN_POINT('',(13.5,-7.,18.5));
#7738=DIRECTION('',(7.40148683083438E-17,1.,0.));
#7739=DIRECTION('',(-1.,7.40148683083438E-17,0.));
#7740=CARTESIAN_POINT('',(12.,-9.,18.5));
#7741=CARTESIAN_POINT('',(12.,-9.,18.5));
#7742=VECTOR('',#7743,1.);
#7743=DIRECTION('',(0.,1.,0.));
#7744=CARTESIAN_POINT('',(12.,-9.,0.));
#7745=CARTESIAN_POINT('',(12.,-9.,0.));
#7746=VECTOR('',#7747,1.);
#7747=DIRECTION('',(0.,1.,0.));
#7748=CARTESIAN_POINT('',(12.,-9.,0.));
#7749=VECTOR('',#7750,1.);
#7750=DIRECTION('',(0.,0.,1.));
#7751=CARTESIAN_POINT('',(12.3819660112501,-9.,19.5));
#7752=CARTESIAN_POINT('',(-12.3819660112501,-9.,19.5));
#7753=CARTESIAN_POINT('',(-12.3819660112501,-9.,19.5));
#7754=VECTOR('',#7755,1.);
#7755=DIRECTION('',(1.,0.,0.));
#7756=AXIS2_PLACEMENT_3D('',#7757,#7758,#7759);
#7757=CARTESIAN_POINT('',(13.5,-9.,18.5));
#7758=DIRECTION('',(0.,-1.,0.));
#7759=DIRECTION('',(-0.745355992499929,0.,0.666666666666668));
#7760=CARTESIAN_POINT('',(-12.,-9.,0.));
#7761=VECTOR('',#7762,1.);
#7762=DIRECTION('',(1.,0.,0.));
#7763=AXIS2_PLACEMENT_3D('',#7764,#7765,#7766);
#7764=CARTESIAN_POINT('',(-13.5,-9.,18.5));
#7765=DIRECTION('',(0.,-1.,0.));
#7766=DIRECTION('',(1.,0.,0.));
#7767=CARTESIAN_POINT('',(-12.,-13.,18.5));
#7768=CARTESIAN_POINT('',(-12.,-11.,18.5));
#7769=CARTESIAN_POINT('',(-12.,-11.,18.5));
#7770=VECTOR('',#7771,1.);
#7771=DIRECTION('',(0.,-1.,0.));
#7772=CARTESIAN_POINT('',(-12.,-13.,0.));
#7773=CARTESIAN_POINT('',(-12.,-13.,0.));
#7774=VECTOR('',#7775,1.);
#7775=DIRECTION('',(0.,0.,1.));
#7776=CARTESIAN_POINT('',(-12.,-11.,0.));
#7777=CARTESIAN_POINT('',(-12.,-11.,0.));
#7778=VECTOR('',#7779,1.);
#7779=DIRECTION('',(0.,-1.,0.));
#7780=CARTESIAN_POINT('',(-12.,-11.,0.));
#7781=VECTOR('',#7782,1.);
#7782=DIRECTION('',(0.,0.,1.));
#7783=CARTESIAN_POINT('',(-12.3819660112501,-11.,19.5));
#7784=CARTESIAN_POINT('',(12.3819660112501,-11.,19.5));
#7785=CARTESIAN_POINT('',(12.3819660112501,-11.,19.5));
#7786=VECTOR('',#7787,1.);
#7787=DIRECTION('',(-1.,7.17316150676829E-17,0.));
#7788=AXIS2_PLACEMENT_3D('',#7789,#7790,#7791);
#7789=CARTESIAN_POINT('',(-13.5,-11.,18.5));
#7790=DIRECTION('',(0.,1.,0.));
#7791=DIRECTION('',(0.74535599249993,0.,0.666666666666667));
#7792=CARTESIAN_POINT('',(12.,-11.,0.));
#7793=CARTESIAN_POINT('',(12.,-11.,0.));
#7794=VECTOR('',#7795,1.);
#7795=DIRECTION('',(-1.,0.,0.));
#7796=CARTESIAN_POINT('',(12.,-11.,18.5));
#7797=CARTESIAN_POINT('',(12.,-11.,0.));
#7798=VECTOR('',#7799,1.);
#7799=DIRECTION('',(0.,0.,1.));
#7800=AXIS2_PLACEMENT_3D('',#7801,#7802,#7803);
#7801=CARTESIAN_POINT('',(13.5,-11.,18.5));
#7802=DIRECTION('',(0.,1.,0.));
#7803=DIRECTION('',(-1.,0.,0.));
#7804=CARTESIAN_POINT('',(12.,-13.,18.5));
#7805=CARTESIAN_POINT('',(12.,-13.,18.5));
#7806=VECTOR('',#7807,1.);
#7807=DIRECTION('',(0.,1.,0.));
#7808=CARTESIAN_POINT('',(12.,-13.,0.));
#7809=CARTESIAN_POINT('',(12.,-13.,0.));
#7810=VECTOR('',#7811,1.);
#7811=DIRECTION('',(0.,1.,0.));
#7812=CARTESIAN_POINT('',(12.,-13.,0.));
#7813=VECTOR('',#7814,1.);
#7814=DIRECTION('',(0.,0.,1.));
#7815=CARTESIAN_POINT('',(12.3819660112501,-13.,19.5));
#7816=CARTESIAN_POINT('',(-12.3819660112501,-13.,19.5));
#7817=CARTESIAN_POINT('',(-12.3819660112501,-13.,19.5));
#7818=VECTOR('',#7819,1.);
#7819=DIRECTION('',(1.,0.,0.));
#7820=AXIS2_PLACEMENT_3D('',#7821,#7822,#7823);
#7821=CARTESIAN_POINT('',(13.5,-13.,18.5));
#7822=DIRECTION('',(0.,-1.,0.));
#7823=DIRECTION('',(-0.74535599249993,0.,0.666666666666666));
#7824=CARTESIAN_POINT('',(-12.,-13.,0.));
#7825=VECTOR('',#7826,1.);
#7826=DIRECTION('',(1.,0.,0.));
#7827=AXIS2_PLACEMENT_3D('',#7828,#7829,#7830);
#7828=CARTESIAN_POINT('',(-13.5,-13.,18.5));
#7829=DIRECTION('',(0.,-1.,0.));
#7830=DIRECTION('',(1.,0.,0.));
#7831=CARTESIAN_POINT('',(-12.,-17.,18.5));
#7832=CARTESIAN_POINT('',(-12.,-15.,18.5));
#7833=CARTESIAN_POINT('',(-12.,-15.,18.5));
#7834=VECTOR('',#7835,1.);
#7835=DIRECTION('',(0.,-1.,0.));
#7836=CARTESIAN_POINT('',(-12.,-17.,0.));
#7837=CARTESIAN_POINT('',(-12.,-17.,0.));
#7838=VECTOR('',#7839,1.);
#7839=DIRECTION('',(0.,0.,1.));
#7840=CARTESIAN_POINT('',(-12.,-15.,0.));
#7841=CARTESIAN_POINT('',(-12.,-15.,0.));
#7842=VECTOR('',#7843,1.);
#7843=DIRECTION('',(0.,-1.,0.));
#7844=CARTESIAN_POINT('',(-12.,-15.,0.));
#7845=VECTOR('',#7846,1.);
#7846=DIRECTION('',(0.,0.,1.));
#7847=CARTESIAN_POINT('',(-12.3819660112501,-15.,19.5));
#7848=CARTESIAN_POINT('',(12.3819660112501,-15.,19.5));
#7849=CARTESIAN_POINT('',(12.3819660112501,-15.,19.5));
#7850=VECTOR('',#7851,1.);
#7851=DIRECTION('',(-1.,7.17316150676829E-17,0.));
#7852=AXIS2_PLACEMENT_3D('',#7853,#7854,#7855);
#7853=CARTESIAN_POINT('',(-13.5,-15.,18.5));
#7854=DIRECTION('',(0.,1.,0.));
#7855=DIRECTION('',(0.74535599249993,0.,0.666666666666666));
#7856=CARTESIAN_POINT('',(12.,-15.,0.));
#7857=CARTESIAN_POINT('',(12.,-15.,0.));
#7858=VECTOR('',#7859,1.);
#7859=DIRECTION('',(-1.,0.,0.));
#7860=CARTESIAN_POINT('',(12.,-15.,18.5));
#7861=CARTESIAN_POINT('',(12.,-15.,0.));
#7862=VECTOR('',#7863,1.);
#7863=DIRECTION('',(0.,0.,1.));
#7864=AXIS2_PLACEMENT_3D('',#7865,#7866,#7867);
#7865=CARTESIAN_POINT('',(13.5,-15.,18.5));
#7866=DIRECTION('',(0.,1.,0.));
#7867=DIRECTION('',(-1.,0.,0.));
#7868=CARTESIAN_POINT('',(12.,-17.,18.5));
#7869=CARTESIAN_POINT('',(12.,-17.,18.5));
#7870=VECTOR('',#7871,1.);
#7871=DIRECTION('',(0.,1.,0.));
#7872=CARTESIAN_POINT('',(12.,-17.,0.));
#7873=CARTESIAN_POINT('',(12.,-17.,0.));
#7874=VECTOR('',#7875,1.);
#7875=DIRECTION('',(0.,1.,0.));
#7876=CARTESIAN_POINT('',(12.,-17.,0.));
#7877=VECTOR('',#7878,1.);
#7878=DIRECTION('',(0.,0.,1.));
#7879=CARTESIAN_POINT('',(12.3819660112501,-17.,19.5));
#7880=CARTESIAN_POINT('',(-12.3819660112501,-17.,19.5));
#7881=CARTESIAN_POINT('',(-12.3819660112501,-17.,19.5));
#7882=VECTOR('',#7883,1.);
#7883=DIRECTION('',(1.,0.,0.));
#7884=AXIS2_PLACEMENT_3D('',#7885,#7886,#7887);
#7885=CARTESIAN_POINT('',(13.5,-17.,18.5));
#7886=DIRECTION('',(0.,-1.,0.));
#7887=DIRECTION('',(-0.745355992499929,0.,0.666666666666668));
#7888=CARTESIAN_POINT('',(-12.,-17.,0.));
#7889=VECTOR('',#7890,1.);
#7890=DIRECTION('',(1.,0.,0.));
#7891=AXIS2_PLACEMENT_3D('',#7892,#7893,#7894);
#7892=CARTESIAN_POINT('',(-13.5,-17.,18.5));
#7893=DIRECTION('',(0.,-1.,0.));
#7894=DIRECTION('',(1.,0.,0.));
#7895=CARTESIAN_POINT('',(-12.,-21.,18.5));
#7896=CARTESIAN_POINT('',(-12.,-19.,18.5));
#7897=CARTESIAN_POINT('',(-12.,-19.,18.5));
#7898=VECTOR('',#7899,1.);
#7899=DIRECTION('',(0.,-1.,0.));
#7900=CARTESIAN_POINT('',(-12.,-21.,0.));
#7901=CARTESIAN_POINT('',(-12.,-21.,0.));
#7902=VECTOR('',#7903,1.);
#7903=DIRECTION('',(0.,0.,1.));
#7904=CARTESIAN_POINT('',(-12.,-19.,0.));
#7905=CARTESIAN_POINT('',(-12.,-19.,0.));
#7906=VECTOR('',#7907,1.);
#7907=DIRECTION('',(0.,-1.,0.));
#7908=CARTESIAN_POINT('',(-12.,-19.,0.));
#7909=VECTOR('',#7910,1.);
#7910=DIRECTION('',(0.,0.,1.));
#7911=CARTESIAN_POINT('',(-12.3819660112501,-19.,19.5));
#7912=CARTESIAN_POINT('',(12.3819660112501,-19.,19.5));
#7913=CARTESIAN_POINT('',(12.3819660112501,-19.,19.5));
#7914=VECTOR('',#7915,1.);
#7915=DIRECTION('',(-1.,0.,0.));
#7916=AXIS2_PLACEMENT_3D('',#7917,#7918,#7919);
#7917=CARTESIAN_POINT('',(-13.5,-19.,18.5));
#7918=DIRECTION('',(0.,1.,0.));
#7919=DIRECTION('',(0.74535599249993,0.,0.666666666666666));
#7920=CARTESIAN_POINT('',(12.,-19.,0.));
#7921=CARTESIAN_POINT('',(12.,-19.,0.));
#7922=VECTOR('',#7923,1.);
#7923=DIRECTION('',(-1.,0.,0.));
#7924=CARTESIAN_POINT('',(12.,-19.,18.5));
#7925=CARTESIAN_POINT('',(12.,-19.,0.));
#7926=VECTOR('',#7927,1.);
#7927=DIRECTION('',(0.,0.,1.));
#7928=AXIS2_PLACEMENT_3D('',#7929,#7930,#7931);
#7929=CARTESIAN_POINT('',(13.5,-19.,18.5));
#7930=DIRECTION('',(0.,1.,0.));
#7931=DIRECTION('',(-1.,0.,0.));
#7932=CARTESIAN_POINT('',(12.,-21.,18.5));
#7933=CARTESIAN_POINT('',(12.,-21.,18.5));
#7934=VECTOR('',#7935,1.);
#7935=DIRECTION('',(0.,1.,0.));
#7936=CARTESIAN_POINT('',(12.,-21.,0.));
#7937=CARTESIAN_POINT('',(12.,-21.,0.));
#7938=VECTOR('',#7939,1.);
#7939=DIRECTION('',(0.,1.,0.));
#7940=CARTESIAN_POINT('',(12.,-21.,0.));
#7941=VECTOR('',#7942,1.);
#7942=DIRECTION('',(0.,0.,1.));
#7943=CARTESIAN_POINT('',(12.3819660112501,-21.,19.5));
#7944=CARTESIAN_POINT('',(-12.3819660112501,-21.,19.5));
#7945=CARTESIAN_POINT('',(-12.3819660112501,-21.,19.5));
#7946=VECTOR('',#7947,1.);
#7947=DIRECTION('',(1.,0.,0.));
#7948=AXIS2_PLACEMENT_3D('',#7949,#7950,#7951);
#7949=CARTESIAN_POINT('',(13.5,-21.,18.5));
#7950=DIRECTION('',(0.,-1.,0.));
#7951=DIRECTION('',(-0.74535599249993,0.,0.666666666666666));
#7952=CARTESIAN_POINT('',(-12.,-21.,0.));
#7953=VECTOR('',#7954,1.);
#7954=DIRECTION('',(1.,0.,0.));
#7955=AXIS2_PLACEMENT_3D('',#7956,#7957,#7958);
#7956=CARTESIAN_POINT('',(-13.5,-21.,18.5));
#7957=DIRECTION('',(0.,-1.,0.));
#7958=DIRECTION('',(1.,0.,0.));
#7959=CARTESIAN_POINT('',(-12.,19.,18.5));
#7960=CARTESIAN_POINT('',(-12.,21.,18.5));
#7961=CARTESIAN_POINT('',(-12.,21.,18.5));
#7962=VECTOR('',#7963,1.);
#7963=DIRECTION('',(0.,-1.,0.));
#7964=CARTESIAN_POINT('',(-12.,19.,0.));
#7965=CARTESIAN_POINT('',(-12.,19.,0.));
#7966=VECTOR('',#7967,1.);
#7967=DIRECTION('',(0.,0.,1.));
#7968=CARTESIAN_POINT('',(-12.,21.,0.));
#7969=CARTESIAN_POINT('',(-12.,21.,0.));
#7970=VECTOR('',#7971,1.);
#7971=DIRECTION('',(0.,-1.,0.));
#7972=CARTESIAN_POINT('',(-12.,21.,0.));
#7973=VECTOR('',#7974,1.);
#7974=DIRECTION('',(0.,0.,1.));
#7975=CARTESIAN_POINT('',(-12.3819660112501,21.,19.5));
#7976=CARTESIAN_POINT('',(12.3819660112501,21.,19.5));
#7977=CARTESIAN_POINT('',(12.3819660112501,21.,19.5));
#7978=VECTOR('',#7979,1.);
#7979=DIRECTION('',(-1.,0.,0.));
#7980=AXIS2_PLACEMENT_3D('',#7981,#7982,#7983);
#7981=CARTESIAN_POINT('',(-13.5,21.,18.5));
#7982=DIRECTION('',(0.,1.,0.));
#7983=DIRECTION('',(0.74535599249993,0.,0.666666666666666));
#7984=CARTESIAN_POINT('',(12.,21.,0.));
#7985=CARTESIAN_POINT('',(12.,21.,0.));
#7986=VECTOR('',#7987,1.);
#7987=DIRECTION('',(-1.,0.,0.));
#7988=CARTESIAN_POINT('',(12.,21.,18.5));
#7989=CARTESIAN_POINT('',(12.,21.,0.));
#7990=VECTOR('',#7991,1.);
#7991=DIRECTION('',(0.,0.,1.));
#7992=AXIS2_PLACEMENT_3D('',#7993,#7994,#7995);
#7993=CARTESIAN_POINT('',(13.5,21.,18.5));
#7994=DIRECTION('',(0.,1.,0.));
#7995=DIRECTION('',(-1.,0.,0.));
#7996=CARTESIAN_POINT('',(12.,19.,18.5));
#7997=CARTESIAN_POINT('',(12.,19.,18.5));
#7998=VECTOR('',#7999,1.);
#7999=DIRECTION('',(0.,1.,0.));
#8000=CARTESIAN_POINT('',(12.,19.,0.));
#8001=CARTESIAN_POINT('',(12.,19.,0.));
#8002=VECTOR('',#8003,1.);
#8003=DIRECTION('',(0.,1.,0.));
#8004=CARTESIAN_POINT('',(12.,19.,0.));
#8005=VECTOR('',#8006,1.);
#8006=DIRECTION('',(0.,0.,1.));
#8007=CARTESIAN_POINT('',(12.3819660112501,19.,19.5));
#8008=CARTESIAN_POINT('',(-12.3819660112501,19.,19.5));
#8009=CARTESIAN_POINT('',(-12.3819660112501,19.,19.5));
#8010=VECTOR('',#8011,1.);
#8011=DIRECTION('',(1.,0.,0.));
#8012=AXIS2_PLACEMENT_3D('',#8013,#8014,#8015);
#8013=CARTESIAN_POINT('',(13.5,19.,18.5));
#8014=DIRECTION('',(0.,-1.,0.));
#8015=DIRECTION('',(-0.74535599249993,0.,0.666666666666666));
#8016=CARTESIAN_POINT('',(-12.,19.,0.));
#8017=VECTOR('',#8018,1.);
#8018=DIRECTION('',(1.,0.,0.));
#8019=AXIS2_PLACEMENT_3D('',#8020,#8021,#8022);
#8020=CARTESIAN_POINT('',(-13.5,19.,18.5));
#8021=DIRECTION('',(0.,-1.,0.));
#8022=DIRECTION('',(1.,0.,0.));
#8023=CARTESIAN_POINT('',(14.2072225348865,26.,20.5));
#8024=CARTESIAN_POINT('',(14.2072225348865,26.,20.5));
#8025=VECTOR('',#8026,1.);
#8026=DIRECTION('',(-1.,0.,0.));
#8027=AXIS2_PLACEMENT_3D('',#8028,#8029,#8030);
#8028=CARTESIAN_POINT('',(14.2072225348865,26.,20.));
#8029=DIRECTION('',(-1.,-6.12323399573677E-17,0.));
#8030=DIRECTION('',(0.,0.,1.));
#8031=CARTESIAN_POINT('',(15.2072225348865,25.,20.5));
#8032=AXIS2_PLACEMENT_3D('',#8033,#8034,#8035);
#8033=CARTESIAN_POINT('',(14.2072225348865,25.,20.5));
#8034=DIRECTION('',(0.,0.,-1.));
#8035=DIRECTION('',(0.,1.,0.));
#8036=AXIS2_PLACEMENT_3D('',#8037,#8038,#8039);
#8037=CARTESIAN_POINT('',(15.2072225348865,25.,20.));
#8038=DIRECTION('',(-3.22973970800045E-16,-1.,7.41182658816431E-46));
#8039=DIRECTION('',(1.,-3.22973970800045E-16,6.12323399573677E-17));
#8040=CARTESIAN_POINT('',(15.7072225348865,23.5,20.));
#8041=VECTOR('',#8042,1.);
#8042=DIRECTION('',(1.1842378929335E-15,1.,0.));
#8043=CARTESIAN_POINT('',(15.7072225348865,23.5,19.4142135623731));
#8044=CARTESIAN_POINT('',(15.7072225348865,23.5,19.4142135623731));
#8045=VECTOR('',#8046,1.);
#8046=DIRECTION('',(0.,0.,1.));
#8047=CARTESIAN_POINT('',(15.7072225348865,23.8333333333333,18.9428090415821));
#8048=AXIS2_PLACEMENT_3D('',#8049,#8050,#8051);
#8049=CARTESIAN_POINT('',(15.7072225348865,24.,19.4142135623731));
#8050=DIRECTION('',(1.,0.,0.));
#8051=DIRECTION('',(0.,-1.,0.));
#8052=CARTESIAN_POINT('',(15.7072225348865,24.4992470634612,18.0387982752737));
#8053=AXIS2_PLACEMENT_3D('',#8054,#8055,#8056);
#8054=CARTESIAN_POINT('',(15.7072225348865,23.5,18.));
#8055=DIRECTION('',(1.,0.,0.));
#8056=DIRECTION('',(0.,0.999247063461178,0.0387982752736811));
#8057=CARTESIAN_POINT('',(15.7072225348865,24.5,18.0387982752737));
#8058=CARTESIAN_POINT('',(15.7072225348865,24.5,18.0387982752737));
#8059=VECTOR('',#8060,1.);
#8060=DIRECTION('',(0.,-1.,0.));
#8061=CARTESIAN_POINT('',(15.7072225348865,24.5,18.));
#8062=VECTOR('',#8063,1.);
#8063=DIRECTION('',(0.,0.,1.));
#8064=CARTESIAN_POINT('',(15.5714285714286,24.5,18.));
#8065=VECTOR('',#8066,1.);
#8066=DIRECTION('',(0.961523947640823,0.,0.274721127897378));
#8067=CARTESIAN_POINT('',(15.1558783083701,23.5,19.4142135623731));
#8068=VECTOR('',#8069,1.);
#8069=DIRECTION('',(1.,0.,0.));
#8070=CARTESIAN_POINT('',(15.3020545582527,23.8333333333333,18.9428090415821));
#8071=VECTOR('',#8072,1.);
#8072=DIRECTION('',(1.,0.,0.));
#8073=CARTESIAN_POINT('',(15.7072225348865,-23.5,19.4142135623731));
#8074=CARTESIAN_POINT('',(15.1558783083701,-23.5,19.4142135623731));
#8075=VECTOR('',#8076,1.);
#8076=DIRECTION('',(1.,0.,0.));
#8077=CARTESIAN_POINT('',(15.7072225348865,-23.8333333333333,18.9428090415821));
#8078=AXIS2_PLACEMENT_3D('',#8079,#8080,#8081);
#8079=CARTESIAN_POINT('',(15.7072225348865,-24.,19.4142135623731));
#8080=DIRECTION('',(1.,0.,0.));
#8081=DIRECTION('',(0.,0.333333333333328,-0.942809041582065));
#8082=CARTESIAN_POINT('',(15.3020545582527,-23.8333333333333,18.9428090415821));
#8083=VECTOR('',#8084,1.);
#8084=DIRECTION('',(1.,0.,0.));
#8085=CARTESIAN_POINT('',(15.7072225348865,-24.4992470634612,18.0387982752737));
#8086=AXIS2_PLACEMENT_3D('',#8087,#8088,#8089);
#8087=CARTESIAN_POINT('',(15.7072225348865,-23.5,18.));
#8088=DIRECTION('',(1.,0.,0.));
#8089=DIRECTION('',(0.,-0.333333333333333,0.942809041582064));
#8090=CARTESIAN_POINT('',(15.7072225348865,-24.4992470634612,18.0387982752737));
#8091=CARTESIAN_POINT('',(15.661977767196,-24.4997489896516,18.0258711987907));
#8092=CARTESIAN_POINT('',(15.616707431227,-24.5,18.0129368170853));
#8093=CARTESIAN_POINT('',(15.5714285714286,-24.5,18.));
#8094=CARTESIAN_POINT('',(15.7072225348865,-24.5,18.));
#8095=CARTESIAN_POINT('',(15.7072225348865,-24.5,18.0387982752737));
#8096=CARTESIAN_POINT('',(15.7072225348865,-24.5,18.0387982752737));
#8097=VECTOR('',#8098,1.);
#8098=DIRECTION('',(0.,0.,-1.));
#8099=CARTESIAN_POINT('',(15.7072225348865,-24.5,18.));
#8100=VECTOR('',#8101,1.);
#8101=DIRECTION('',(-0.707106781186547,0.,-0.707106781186547));
#8102=CARTESIAN_POINT('',(15.5714285714286,-24.5,18.));
#8103=VECTOR('',#8104,1.);
#8104=DIRECTION('',(0.961523947640821,0.,0.274721127897385));
#8105=CARTESIAN_POINT('',(15.7072225348865,-25.,18.));
#8106=VECTOR('',#8107,1.);
#8107=DIRECTION('',(0.,1.,0.));
#8108=CARTESIAN_POINT('',(13.6263943605131,24.,17.5275098489236));
#8109=VECTOR('',#8110,1.);
#8110=DIRECTION('',(0.,-1.,0.));
#8111=CARTESIAN_POINT('',(15.5714285714286,24.5,18.));
#8112=CARTESIAN_POINT('',(15.616707431227,24.5,18.0129368170853));
#8113=CARTESIAN_POINT('',(15.6619777671961,24.4997489896516,18.0258711987907));
#8114=CARTESIAN_POINT('',(15.7072225348865,24.4992470634612,18.0387982752737));
#8115=AXIS2_PLACEMENT_3D('',#8116,#8117,#8118);
#8116=CARTESIAN_POINT('',(-16.,-25.,18.));
#8117=DIRECTION('',(0.,0.,-1.));
#8118=DIRECTION('',(0.,-1.,0.));
#8119=CARTESIAN_POINT('',(-17.5,-25.,20.));
#8120=CARTESIAN_POINT('',(-17.5,-23.5,20.));
#8121=VECTOR('',#8122,1.);
#8122=DIRECTION('',(0.,-1.,0.));
#8123=CARTESIAN_POINT('',(-17.5,-23.5,19.4142135623731));
#8124=VECTOR('',#8125,1.);
#8125=DIRECTION('',(0.,0.,1.));
#8126=CARTESIAN_POINT('',(-17.5,-25.,18.));
#8127=VECTOR('',#8128,1.);
#8128=DIRECTION('',(0.,0.,1.));
#8129=CARTESIAN_POINT('',(-17.5,23.5,19.4142135623731));
#8130=VECTOR('',#8131,1.);
#8131=DIRECTION('',(0.,0.,1.));
#8132=CARTESIAN_POINT('',(-17.5,25.,20.));
#8133=VECTOR('',#8134,1.);
#8134=DIRECTION('',(0.,-1.,0.));
#8135=CARTESIAN_POINT('',(15.,24.,12.7198901107195));
#8136=VECTOR('',#8137,1.);
#8137=DIRECTION('',(0.,-1.,0.));
#8138=CARTESIAN_POINT('',(14.2072225348865,-26.5,20.));
#8139=CARTESIAN_POINT('',(15.7072225348865,-25.,20.));
#8140=AXIS2_PLACEMENT_3D('',#8141,#8142,#8143);
#8141=CARTESIAN_POINT('',(14.2072225348865,-25.,20.));
#8142=DIRECTION('',(0.,0.,-1.));
#8143=DIRECTION('',(1.,0.,0.));
#8144=CARTESIAN_POINT('',(14.2072225348865,-26.5,18.));
#8145=VECTOR('',#8146,1.);
#8146=DIRECTION('',(0.,0.,1.));
#8147=CARTESIAN_POINT('',(15.7072225348865,-25.,18.));
#8148=VECTOR('',#8149,1.);
#8149=DIRECTION('',(0.,0.,1.));
#8150=CARTESIAN_POINT('',(12.7072225348865,-26.5,20.));
#8151=VECTOR('',#8152,1.);
#8152=DIRECTION('',(1.,0.,0.));
#8153=CARTESIAN_POINT('',(12.7072225348865,-26.5,19.4142135623731));
#8154=VECTOR('',#8155,1.);
#8155=DIRECTION('',(0.,0.,1.));
#8156=CARTESIAN_POINT('',(-14.5,-26.5,19.4142135623731));
#8157=VECTOR('',#8158,1.);
#8158=DIRECTION('',(0.,0.,1.));
#8159=CARTESIAN_POINT('',(-16.,-26.5,20.));
#8160=CARTESIAN_POINT('',(-16.,-26.5,20.));
#8161=VECTOR('',#8162,1.);
#8162=DIRECTION('',(1.,0.,0.));
#8163=CARTESIAN_POINT('',(-16.,-26.5,18.));
#8164=VECTOR('',#8165,1.);
#8165=DIRECTION('',(0.,0.,1.));
#8166=CARTESIAN_POINT('',(-17.,25.,20.5));
#8167=AXIS2_PLACEMENT_3D('',#8168,#8169,#8170);
#8168=CARTESIAN_POINT('',(-16.,25.,20.5));
#8169=DIRECTION('',(0.,0.,-1.));
#8170=DIRECTION('',(-1.,0.,0.));
#8171=AXIS2_PLACEMENT_3D('',#8172,#8173,#8174);
#8172=CARTESIAN_POINT('',(-17.,25.,20.));
#8173=DIRECTION('',(6.12323399573677E-17,-1.,0.));
#8174=DIRECTION('',(0.,0.,1.));
#8175=CARTESIAN_POINT('',(-17.,25.,20.5));
#8176=VECTOR('',#8177,1.);
#8177=DIRECTION('',(-3.55271367880053E-15,-1.,0.));
#8178=CARTESIAN_POINT('',(14.2072225348865,-26.,20.5));
#8179=AXIS2_PLACEMENT_3D('',#8180,#8181,#8182);
#8180=CARTESIAN_POINT('',(14.2072225348865,-26.,20.));
#8181=DIRECTION('',(-1.,6.45947941600091E-16,1.43429255494731E-31));
#8182=DIRECTION('',(-6.45947941600091E-16,-1.,7.16665969755837E-15));
#8183=CARTESIAN_POINT('',(13.2072225348865,-26.,20.5));
#8184=VECTOR('',#8185,1.);
#8185=DIRECTION('',(1.,-3.55271367880051E-15,0.));
#8186=CARTESIAN_POINT('',(15.2072225348865,-25.,20.5));
#8187=AXIS2_PLACEMENT_3D('',#8188,#8189,#8190);
#8188=CARTESIAN_POINT('',(14.2072225348865,-25.,20.5));
#8189=DIRECTION('',(0.,0.,-1.));
#8190=DIRECTION('',(1.,0.,0.));
#8191=CARTESIAN_POINT('',(15.2072225348865,-25.,20.5));
#8192=VECTOR('',#8193,1.);
#8193=DIRECTION('',(1.77635683940026E-15,1.,0.));
#8194=CARTESIAN_POINT('',(15.7072225348865,-23.5,19.4142135623731));
#8195=VECTOR('',#8196,1.);
#8196=DIRECTION('',(0.,0.,1.));
#8197=CARTESIAN_POINT('',(15.7072225348865,-25.,20.));
#8198=VECTOR('',#8199,1.);
#8199=DIRECTION('',(1.1842378929335E-15,1.,0.));
#8200=AXIS2_PLACEMENT_3D('',#8201,#8202,#8203);
#8201=CARTESIAN_POINT('',(15.2072225348865,-25.,20.));
#8202=DIRECTION('',(-2.83276944882399E-16,1.,0.));
#8203=DIRECTION('',(0.,0.,1.));
#8204=CARTESIAN_POINT('',(15.2072225348865,24.,20.5));
#8205=VECTOR('',#8206,1.);
#8206=DIRECTION('',(0.,1.,0.));
#8207=CARTESIAN_POINT('',(-17.,-25.,20.5));
#8208=AXIS2_PLACEMENT_3D('',#8209,#8210,#8211);
#8209=CARTESIAN_POINT('',(-17.,-25.,20.));
#8210=DIRECTION('',(0.,1.,0.));
#8211=DIRECTION('',(-1.,0.,6.12323399573677E-17));
#8212=CARTESIAN_POINT('',(-17.,-24.,20.5));
#8213=VECTOR('',#8214,1.);
#8214=DIRECTION('',(0.,-1.,0.));
#8215=CARTESIAN_POINT('',(-16.,-26.,20.5));
#8216=AXIS2_PLACEMENT_3D('',#8217,#8218,#8219);
#8217=CARTESIAN_POINT('',(-16.,-25.,20.5));
#8218=DIRECTION('',(0.,0.,-1.));
#8219=DIRECTION('',(0.,-1.,0.));
#8220=CARTESIAN_POINT('',(-16.,-26.,20.5));
#8221=VECTOR('',#8222,1.);
#8222=DIRECTION('',(1.,7.105427357601E-15,0.));
#8223=AXIS2_PLACEMENT_3D('',#8224,#8225,#8226);
#8224=CARTESIAN_POINT('',(-16.,-26.,20.));
#8225=DIRECTION('',(1.,6.12323399573677E-17,0.));
#8226=DIRECTION('',(0.,0.,1.));
#8227=CARTESIAN_POINT('',(15.7072225348865,-24.4992470634612,18.0387982752737));
#8228=VECTOR('',#8229,1.);
#8229=DIRECTION('',(0.,-1.,0.));
#8230=AXIS2_PLACEMENT_3D('',#8231,#8232,#8233);
#8231=CARTESIAN_POINT('',(-16.,-25.,20.));
#8232=DIRECTION('',(0.,0.,-1.));
#8233=DIRECTION('',(0.,-1.,0.));
#8234=CARTESIAN_POINT('',(-12.3819660112501,1.,19.5));
#8235=CARTESIAN_POINT('',(-12.3883920609346,1.0000004380552,19.5071845264477));
#8236=CARTESIAN_POINT('',(-12.4014292738276,1.00031115104432,19.5214802239911));
#8237=CARTESIAN_POINT('',(-12.4213932273992,1.0016654982451,19.542540037052));
#8238=CARTESIAN_POINT('',(-12.4418820903729,1.00388156586884,19.5633305102705));
#8239=CARTESIAN_POINT('',(-12.4628555903679,1.0069286710297,19.583798552764));
#8240=CARTESIAN_POINT('',(-12.4843443007408,1.01078543559423,19.6039628538554));
#8241=CARTESIAN_POINT('',(-12.5063119731833,1.01542171985666,19.6237782696325));
#8242=CARTESIAN_POINT('',(-12.528780602219,1.02082002576295,19.6432535042095));
#8243=CARTESIAN_POINT('',(-12.5516714109466,1.02693848235372,19.6623120679634));
#8244=CARTESIAN_POINT('',(-12.5750346244909,1.03376694257465,19.6809901925668));
#8245=CARTESIAN_POINT('',(-12.5988831085108,1.0412903504575,19.6992882002952));
#8246=CARTESIAN_POINT('',(-12.6233607518252,1.04954196309201,19.7172980345806));
#8247=CARTESIAN_POINT('',(-12.6484189943652,1.05849716770583,19.7349602053525));
#8248=CARTESIAN_POINT('',(-12.6741671053788,1.06818676349308,19.7523275942373));
#8249=CARTESIAN_POINT('',(-12.7005614715704,1.07858823304644,19.7693431587982));
#8250=CARTESIAN_POINT('',(-12.7277225100316,1.08974493751198,19.7860523216056));
#8251=CARTESIAN_POINT('',(-12.7554877008712,1.10158432840488,19.8023250200745));
#8252=CARTESIAN_POINT('',(-12.7838805343315,1.11410585728139,19.8181528587958));
#8253=CARTESIAN_POINT('',(-12.8128118881438,1.12725833378049,19.8334667796574));
#8254=CARTESIAN_POINT('',(-12.8423863416874,1.14107858103306,19.8482997661597));
#8255=CARTESIAN_POINT('',(-12.8724699586975,1.15549269661619,19.8625632258454));
#8256=CARTESIAN_POINT('',(-12.9065044080887,1.17217339385861,19.8777805201662));
#8257=CARTESIAN_POINT('',(-12.9478875727443,1.19294602945962,19.8949997321717));
#8258=CARTESIAN_POINT('',(-12.9967031559348,1.21811469125893,19.9134101517226));
#8259=CARTESIAN_POINT('',(-13.0458329613907,1.24408629200844,19.9298818131147));
#8260=CARTESIAN_POINT('',(-13.0880716180858,1.26683879203419,19.9425012581474));
#8261=CARTESIAN_POINT('',(-13.1232620092893,1.28603467261986,19.9520414940684));
#8262=CARTESIAN_POINT('',(-13.1548742872218,1.30344480994768,19.9598766187585));
#8263=CARTESIAN_POINT('',(-13.1864543412063,1.32098562726887,19.9669819223332));
#8264=CARTESIAN_POINT('',(-13.2179693937154,1.33862197376534,19.9733639529293));
#8265=CARTESIAN_POINT('',(-13.2494483282397,1.35635403254309,19.9790412579915));
#8266=CARTESIAN_POINT('',(-13.2808815724464,1.3741614465613,19.9840227042878));
#8267=CARTESIAN_POINT('',(-13.3122837915647,1.39203828538899,19.9883198269147));
#8268=CARTESIAN_POINT('',(-13.3436323850808,1.40995799692919,19.9919382811209));
#8269=CARTESIAN_POINT('',(-13.3749483903591,1.42791944863476,19.9948882148164));
#8270=CARTESIAN_POINT('',(-13.4062337581165,1.44591112019294,19.9971757620522));
#8271=CARTESIAN_POINT('',(-13.4375066008042,1.46393116298657,19.9988064813211));
#8272=CARTESIAN_POINT('',(-13.468763495566,1.48196559055762,19.9997832958906));
#8273=CARTESIAN_POINT('',(-13.4895903385279,1.49398998688958,19.999999993429));
#8274=CARTESIAN_POINT('',(-13.5,1.5,20.));
#8275=CARTESIAN_POINT('',(-12.3819660112501,-0.999999999999999,19.5));
#8276=CARTESIAN_POINT('',(-12.3883920609346,-1.0000004380552,19.5071845264477));
#8277=CARTESIAN_POINT('',(-12.4014292738276,-1.00031115104432,19.5214802239911));
#8278=CARTESIAN_POINT('',(-12.4213932273992,-1.0016654982451,19.542540037052));
#8279=CARTESIAN_POINT('',(-12.4418820903729,-1.00388156586884,19.5633305102704));
#8280=CARTESIAN_POINT('',(-12.4628555903679,-1.0069286710297,19.583798552764));
#8281=CARTESIAN_POINT('',(-12.4843443007408,-1.01078543559423,19.6039628538554));
#8282=CARTESIAN_POINT('',(-12.5063119731833,-1.01542171985665,19.6237782696325));
#8283=CARTESIAN_POINT('',(-12.528780602219,-1.02082002576295,19.6432535042095));
#8284=CARTESIAN_POINT('',(-12.5516714109466,-1.02693848235371,19.6623120679634));
#8285=CARTESIAN_POINT('',(-12.5750346244908,-1.03376694257464,19.6809901925668));
#8286=CARTESIAN_POINT('',(-12.5988831085107,-1.0412903504575,19.6992882002952));
#8287=CARTESIAN_POINT('',(-12.6233607518252,-1.049541963092,19.7172980345806));
#8288=CARTESIAN_POINT('',(-12.6484189943651,-1.05849716770582,19.7349602053525));
#8289=CARTESIAN_POINT('',(-12.6741671053788,-1.06818676349307,19.7523275942373));
#8290=CARTESIAN_POINT('',(-12.7005614715704,-1.07858823304643,19.7693431587981));
#8291=CARTESIAN_POINT('',(-12.7277225100316,-1.08974493751197,19.7860523216056));
#8292=CARTESIAN_POINT('',(-12.7554877008712,-1.10158432840487,19.8023250200745));
#8293=CARTESIAN_POINT('',(-12.7838805343315,-1.11410585728138,19.8181528587958));
#8294=CARTESIAN_POINT('',(-12.8128118881438,-1.12725833378047,19.8334667796574));
#8295=CARTESIAN_POINT('',(-12.8423863416874,-1.14107858103305,19.8482997661597));
#8296=CARTESIAN_POINT('',(-12.8724699586975,-1.15549269661617,19.8625632258454));
#8297=CARTESIAN_POINT('',(-12.9065044080887,-1.17217339385859,19.8777805201662));
#8298=CARTESIAN_POINT('',(-12.9478875727443,-1.19294602945961,19.8949997321717));
#8299=CARTESIAN_POINT('',(-12.9967031559348,-1.21811469125891,19.9134101517226));
#8300=CARTESIAN_POINT('',(-13.0458329613907,-1.24408629200843,19.9298818131147));
#8301=CARTESIAN_POINT('',(-13.0880716180857,-1.26683879203418,19.9425012581474));
#8302=CARTESIAN_POINT('',(-13.1232620092892,-1.28603467261983,19.9520414940684));
#8303=CARTESIAN_POINT('',(-13.1548742872218,-1.30344480994767,19.9598766187585));
#8304=CARTESIAN_POINT('',(-13.1864543412063,-1.32098562726884,19.9669819223332));
#8305=CARTESIAN_POINT('',(-13.2179693937154,-1.33862197376532,19.9733639529293));
#8306=CARTESIAN_POINT('',(-13.2494483282397,-1.35635403254306,19.9790412579915));
#8307=CARTESIAN_POINT('',(-13.2808815724464,-1.37416144656129,19.9840227042878));
#8308=CARTESIAN_POINT('',(-13.3122837915647,-1.39203828538897,19.9883198269147));
#8309=CARTESIAN_POINT('',(-13.3436323850808,-1.40995799692917,19.9919382811209));
#8310=CARTESIAN_POINT('',(-13.3749483903591,-1.42791944863474,19.9948882148164));
#8311=CARTESIAN_POINT('',(-13.4062337581165,-1.44591112019293,19.9971757620522));
#8312=CARTESIAN_POINT('',(-13.4375066008042,-1.46393116298656,19.9988064813211));
#8313=CARTESIAN_POINT('',(-13.468763495566,-1.4819655905576,19.9997832958906));
#8314=CARTESIAN_POINT('',(-13.4895903385279,-1.49398998688957,19.999999993429));
#8315=CARTESIAN_POINT('',(-13.5,-1.5,20.));
#8316=CARTESIAN_POINT('',(12.3819660112501,0.999999999999999,19.5));
#8317=CARTESIAN_POINT('',(12.3883920609346,1.0000004380552,19.5071845264477));
#8318=CARTESIAN_POINT('',(12.4014292738276,1.00031115104432,19.5214802239911));
#8319=CARTESIAN_POINT('',(12.4213932273992,1.0016654982451,19.542540037052));
#8320=CARTESIAN_POINT('',(12.4418820903729,1.00388156586884,19.5633305102705));
#8321=CARTESIAN_POINT('',(12.4628555903679,1.0069286710297,19.583798552764));
#8322=CARTESIAN_POINT('',(12.4843443007408,1.01078543559423,19.6039628538554));
#8323=CARTESIAN_POINT('',(12.5063119731833,1.01542171985665,19.6237782696326));
#8324=CARTESIAN_POINT('',(12.528780602219,1.02082002576295,19.6432535042095));
#8325=CARTESIAN_POINT('',(12.5516714109466,1.02693848235372,19.6623120679634));
#8326=CARTESIAN_POINT('',(12.5750346244909,1.03376694257465,19.6809901925668));
#8327=CARTESIAN_POINT('',(12.5988831085108,1.04129035045751,19.6992882002952));
#8328=CARTESIAN_POINT('',(12.6233607518253,1.04954196309201,19.7172980345807));
#8329=CARTESIAN_POINT('',(12.6484189943652,1.05849716770585,19.7349602053525));
#8330=CARTESIAN_POINT('',(12.6741671053789,1.0681867634931,19.7523275942373));
#8331=CARTESIAN_POINT('',(12.7005614715705,1.07858823304646,19.7693431587982));
#8332=CARTESIAN_POINT('',(12.7277225100317,1.08974493751201,19.7860523216057));
#8333=CARTESIAN_POINT('',(12.7554877008713,1.10158432840491,19.8023250200746));
#8334=CARTESIAN_POINT('',(12.7838805343316,1.11410585728143,19.8181528587958));
#8335=CARTESIAN_POINT('',(12.8128118881439,1.12725833378053,19.8334667796575));
#8336=CARTESIAN_POINT('',(12.8423863416876,1.14107858103311,19.8482997661598));
#8337=CARTESIAN_POINT('',(12.8724699586976,1.15549269661624,19.8625632258454));
#8338=CARTESIAN_POINT('',(12.9065044080888,1.17217339385866,19.8777805201663));
#8339=CARTESIAN_POINT('',(12.9478875727444,1.1929460294597,19.8949997321718));
#8340=CARTESIAN_POINT('',(12.996703155935,1.21811469125899,19.9134101517227));
#8341=CARTESIAN_POINT('',(13.0458329613909,1.24408629200851,19.9298818131148));
#8342=CARTESIAN_POINT('',(13.0880716180859,1.26683879203427,19.9425012581474));
#8343=CARTESIAN_POINT('',(13.1232620092894,1.28603467261992,19.9520414940684));
#8344=CARTESIAN_POINT('',(13.1548742872219,1.30344480994776,19.9598766187585));
#8345=CARTESIAN_POINT('',(13.1864543412064,1.32098562726893,19.9669819223332));
#8346=CARTESIAN_POINT('',(13.2179693937155,1.33862197376539,19.9733639529294));
#8347=CARTESIAN_POINT('',(13.2494483282398,1.35635403254315,19.9790412579916));
#8348=CARTESIAN_POINT('',(13.2808815724465,1.37416144656136,19.9840227042878));
#8349=CARTESIAN_POINT('',(13.3122837915648,1.39203828538903,19.9883198269147));
#8350=CARTESIAN_POINT('',(13.3436323850808,1.40995799692922,19.9919382811209));
#8351=CARTESIAN_POINT('',(13.3749483903591,1.42791944863479,19.9948882148164));
#8352=CARTESIAN_POINT('',(13.4062337581166,1.44591112019296,19.9971757620522));
#8353=CARTESIAN_POINT('',(13.4375066008043,1.46393116298658,19.9988064813211));
#8354=CARTESIAN_POINT('',(13.468763495566,1.48196559055763,19.9997832958906));
#8355=CARTESIAN_POINT('',(13.4895903385279,1.49398998688959,19.999999993429));
#8356=CARTESIAN_POINT('',(13.5,1.5,20.));
#8357=CARTESIAN_POINT('',(12.3819660112501,-1.,19.5));
#8358=CARTESIAN_POINT('',(12.3883920609346,-1.0000004380552,19.5071845264477));
#8359=CARTESIAN_POINT('',(12.4014292738276,-1.00031115104432,19.5214802239911));
#8360=CARTESIAN_POINT('',(12.4213932273992,-1.0016654982451,19.542540037052));
#8361=CARTESIAN_POINT('',(12.4418820903729,-1.00388156586884,19.5633305102705));
#8362=CARTESIAN_POINT('',(12.4628555903679,-1.0069286710297,19.583798552764));
#8363=CARTESIAN_POINT('',(12.4843443007408,-1.01078543559423,19.6039628538554));
#8364=CARTESIAN_POINT('',(12.5063119731833,-1.01542171985665,19.6237782696325));
#8365=CARTESIAN_POINT('',(12.528780602219,-1.02082002576295,19.6432535042095));
#8366=CARTESIAN_POINT('',(12.5516714109466,-1.02693848235371,19.6623120679633));
#8367=CARTESIAN_POINT('',(12.5750346244908,-1.03376694257464,19.6809901925668));
#8368=CARTESIAN_POINT('',(12.5988831085107,-1.0412903504575,19.6992882002952));
#8369=CARTESIAN_POINT('',(12.6233607518252,-1.049541963092,19.7172980345806));
#8370=CARTESIAN_POINT('',(12.6484189943651,-1.05849716770582,19.7349602053525));
#8371=CARTESIAN_POINT('',(12.6741671053788,-1.06818676349307,19.7523275942373));
#8372=CARTESIAN_POINT('',(12.7005614715704,-1.07858823304643,19.7693431587981));
#8373=CARTESIAN_POINT('',(12.7277225100316,-1.08974493751197,19.7860523216056));
#8374=CARTESIAN_POINT('',(12.7554877008711,-1.10158432840487,19.8023250200745));
#8375=CARTESIAN_POINT('',(12.7838805343315,-1.11410585728137,19.8181528587958));
#8376=CARTESIAN_POINT('',(12.8128118881438,-1.12725833378048,19.8334667796574));
#8377=CARTESIAN_POINT('',(12.8423863416874,-1.14107858103305,19.8482997661597));
#8378=CARTESIAN_POINT('',(12.8724699586975,-1.15549269661617,19.8625632258454));
#8379=CARTESIAN_POINT('',(12.9065044080887,-1.17217339385859,19.8777805201662));
#8380=CARTESIAN_POINT('',(12.9478875727443,-1.19294602945961,19.8949997321717));
#8381=CARTESIAN_POINT('',(12.9967031559348,-1.2181146912589,19.9134101517226));
#8382=CARTESIAN_POINT('',(13.0458329613907,-1.24408629200843,19.9298818131147));
#8383=CARTESIAN_POINT('',(13.0880716180857,-1.26683879203417,19.9425012581474));
#8384=CARTESIAN_POINT('',(13.1232620092892,-1.28603467261982,19.9520414940684));
#8385=CARTESIAN_POINT('',(13.1548742872217,-1.30344480994767,19.9598766187585));
#8386=CARTESIAN_POINT('',(13.1864543412063,-1.32098562726885,19.9669819223332));
#8387=CARTESIAN_POINT('',(13.2179693937153,-1.33862197376531,19.9733639529293));
#8388=CARTESIAN_POINT('',(13.2494483282397,-1.35635403254306,19.9790412579915));
#8389=CARTESIAN_POINT('',(13.2808815724464,-1.37416144656128,19.9840227042878));
#8390=CARTESIAN_POINT('',(13.3122837915647,-1.39203828538895,19.9883198269147));
#8391=CARTESIAN_POINT('',(13.3436323850807,-1.40995799692919,19.9919382811209));
#8392=CARTESIAN_POINT('',(13.3749483903591,-1.42791944863471,19.9948882148164));
#8393=CARTESIAN_POINT('',(13.4062337581165,-1.44591112019296,19.9971757620522));
#8394=CARTESIAN_POINT('',(13.4375066008043,-1.46393116298651,19.9988064813211));
#8395=CARTESIAN_POINT('',(13.4687634955659,-1.48196559055765,19.9997832958906));
#8396=CARTESIAN_POINT('',(13.4895903385278,-1.49398998688962,19.999999993429));
#8397=CARTESIAN_POINT('',(13.5,-1.5,20.));
#8398=CARTESIAN_POINT('',(-12.3819660112501,5.,19.5));
#8399=CARTESIAN_POINT('',(-12.3883920609346,5.0000004380552,19.5071845264477));
#8400=CARTESIAN_POINT('',(-12.4014292738276,5.00031115104432,19.5214802239911));
#8401=CARTESIAN_POINT('',(-12.4213932273992,5.0016654982451,19.542540037052));
#8402=CARTESIAN_POINT('',(-12.4418820903729,5.00388156586884,19.5633305102704));
#8403=CARTESIAN_POINT('',(-12.4628555903679,5.0069286710297,19.583798552764));
#8404=CARTESIAN_POINT('',(-12.4843443007408,5.01078543559423,19.6039628538554));
#8405=CARTESIAN_POINT('',(-12.5063119731833,5.01542171985665,19.6237782696325));
#8406=CARTESIAN_POINT('',(-12.528780602219,5.02082002576295,19.6432535042095));
#8407=CARTESIAN_POINT('',(-12.5516714109466,5.02693848235371,19.6623120679634));
#8408=CARTESIAN_POINT('',(-12.5750346244909,5.03376694257464,19.6809901925668));
#8409=CARTESIAN_POINT('',(-12.5988831085108,5.0412903504575,19.6992882002952));
#8410=CARTESIAN_POINT('',(-12.6233607518252,5.049541963092,19.7172980345806));
#8411=CARTESIAN_POINT('',(-12.6484189943651,5.05849716770583,19.7349602053525));
#8412=CARTESIAN_POINT('',(-12.6741671053788,5.06818676349307,19.7523275942373));
#8413=CARTESIAN_POINT('',(-12.7005614715704,5.07858823304643,19.7693431587981));
#8414=CARTESIAN_POINT('',(-12.7277225100316,5.08974493751197,19.7860523216056));
#8415=CARTESIAN_POINT('',(-12.7554877008712,5.10158432840487,19.8023250200745));
#8416=CARTESIAN_POINT('',(-12.7838805343315,5.11410585728138,19.8181528587958));
#8417=CARTESIAN_POINT('',(-12.8128118881438,5.12725833378048,19.8334667796574));
#8418=CARTESIAN_POINT('',(-12.8423863416874,5.14107858103305,19.8482997661597));
#8419=CARTESIAN_POINT('',(-12.8724699586975,5.15549269661618,19.8625632258454));
#8420=CARTESIAN_POINT('',(-12.9065044080887,5.17217339385859,19.8777805201662));
#8421=CARTESIAN_POINT('',(-12.9478875727443,5.19294602945961,19.8949997321717));
#8422=CARTESIAN_POINT('',(-12.9967031559348,5.21811469125891,19.9134101517226));
#8423=CARTESIAN_POINT('',(-13.0458329613907,5.24408629200842,19.9298818131147));
#8424=CARTESIAN_POINT('',(-13.0880716180857,5.26683879203418,19.9425012581474));
#8425=CARTESIAN_POINT('',(-13.1232620092892,5.28603467261984,19.9520414940684));
#8426=CARTESIAN_POINT('',(-13.1548742872218,5.30344480994767,19.9598766187585));
#8427=CARTESIAN_POINT('',(-13.1864543412063,5.32098562726885,19.9669819223332));
#8428=CARTESIAN_POINT('',(-13.2179693937153,5.33862197376532,19.9733639529293));
#8429=CARTESIAN_POINT('',(-13.2494483282397,5.35635403254306,19.9790412579915));
#8430=CARTESIAN_POINT('',(-13.2808815724464,5.37416144656129,19.9840227042878));
#8431=CARTESIAN_POINT('',(-13.3122837915647,5.39203828538898,19.9883198269147));
#8432=CARTESIAN_POINT('',(-13.3436323850808,5.40995799692915,19.9919382811209));
#8433=CARTESIAN_POINT('',(-13.3749483903591,5.42791944863475,19.9948882148164));
#8434=CARTESIAN_POINT('',(-13.4062337581165,5.44591112019293,19.9971757620522));
#8435=CARTESIAN_POINT('',(-13.4375066008042,5.46393116298657,19.9988064813211));
#8436=CARTESIAN_POINT('',(-13.468763495566,5.48196559055761,19.9997832958906));
#8437=CARTESIAN_POINT('',(-13.4895903385279,5.49398998688958,19.999999993429));
#8438=CARTESIAN_POINT('',(-13.5,5.5,20.));
#8439=CARTESIAN_POINT('',(-12.3819660112501,3.,19.5));
#8440=CARTESIAN_POINT('',(-12.3883920609346,2.9999995619448,19.5071845264477));
#8441=CARTESIAN_POINT('',(-12.4014292738276,2.99968884895568,19.5214802239911));
#8442=CARTESIAN_POINT('',(-12.4213932273992,2.9983345017549,19.542540037052));
#8443=CARTESIAN_POINT('',(-12.4418820903729,2.99611843413116,19.5633305102705));
#8444=CARTESIAN_POINT('',(-12.4628555903679,2.9930713289703,19.583798552764));
#8445=CARTESIAN_POINT('',(-12.4843443007408,2.98921456440577,19.6039628538554));
#8446=CARTESIAN_POINT('',(-12.5063119731833,2.98457828014335,19.6237782696325));
#8447=CARTESIAN_POINT('',(-12.528780602219,2.97917997423705,19.6432535042095));
#8448=CARTESIAN_POINT('',(-12.5516714109466,2.97306151764629,19.6623120679634));
#8449=CARTESIAN_POINT('',(-12.5750346244909,2.96623305742536,19.6809901925668));
#8450=CARTESIAN_POINT('',(-12.5988831085108,2.9587096495425,19.6992882002952));
#8451=CARTESIAN_POINT('',(-12.6233607518252,2.950458036908,19.7172980345806));
#8452=CARTESIAN_POINT('',(-12.6484189943651,2.94150283229417,19.7349602053525));
#8453=CARTESIAN_POINT('',(-12.6741671053788,2.93181323650692,19.7523275942373));
#8454=CARTESIAN_POINT('',(-12.7005614715704,2.92141176695356,19.7693431587982));
#8455=CARTESIAN_POINT('',(-12.7277225100316,2.91025506248803,19.7860523216056));
#8456=CARTESIAN_POINT('',(-12.7554877008712,2.89841567159512,19.8023250200745));
#8457=CARTESIAN_POINT('',(-12.7838805343315,2.88589414271862,19.8181528587958));
#8458=CARTESIAN_POINT('',(-12.8128118881438,2.87274166621952,19.8334667796574));
#8459=CARTESIAN_POINT('',(-12.8423863416874,2.85892141896695,19.8482997661597));
#8460=CARTESIAN_POINT('',(-12.8724699586975,2.84450730338382,19.8625632258454));
#8461=CARTESIAN_POINT('',(-12.9065044080887,2.82782660614141,19.8777805201662));
#8462=CARTESIAN_POINT('',(-12.9478875727443,2.80705397054039,19.8949997321717));
#8463=CARTESIAN_POINT('',(-12.9967031559348,2.78188530874108,19.9134101517226));
#8464=CARTESIAN_POINT('',(-13.0458329613907,2.75591370799157,19.9298818131147));
#8465=CARTESIAN_POINT('',(-13.0880716180857,2.73316120796582,19.9425012581474));
#8466=CARTESIAN_POINT('',(-13.1232620092892,2.71396532738016,19.9520414940684));
#8467=CARTESIAN_POINT('',(-13.1548742872218,2.69655519005233,19.9598766187585));
#8468=CARTESIAN_POINT('',(-13.1864543412063,2.67901437273115,19.9669819223332));
#8469=CARTESIAN_POINT('',(-13.2179693937154,2.66137802623468,19.9733639529293));
#8470=CARTESIAN_POINT('',(-13.2494483282397,2.64364596745694,19.9790412579915));
#8471=CARTESIAN_POINT('',(-13.2808815724464,2.6258385534387,19.9840227042878));
#8472=CARTESIAN_POINT('',(-13.3122837915647,2.60796171461103,19.9883198269147));
#8473=CARTESIAN_POINT('',(-13.3436323850807,2.59004200307082,19.9919382811209));
#8474=CARTESIAN_POINT('',(-13.3749483903591,2.57208055136527,19.9948882148164));
#8475=CARTESIAN_POINT('',(-13.4062337581165,2.55408887980708,19.9971757620522));
#8476=CARTESIAN_POINT('',(-13.4375066008043,2.53606883701348,19.9988064813211));
#8477=CARTESIAN_POINT('',(-13.4687634955659,2.51803440944234,19.9997832958906));
#8478=CARTESIAN_POINT('',(-13.4895903385278,2.50601001311037,19.999999993429));
#8479=CARTESIAN_POINT('',(-13.5,2.5,20.));
#8480=CARTESIAN_POINT('',(12.3819660112501,5.,19.5));
#8481=CARTESIAN_POINT('',(12.3883920609346,5.0000004380552,19.5071845264477));
#8482=CARTESIAN_POINT('',(12.4014292738276,5.00031115104432,19.5214802239911));
#8483=CARTESIAN_POINT('',(12.4213932273992,5.0016654982451,19.542540037052));
#8484=CARTESIAN_POINT('',(12.4418820903729,5.00388156586884,19.5633305102705));
#8485=CARTESIAN_POINT('',(12.4628555903679,5.0069286710297,19.583798552764));
#8486=CARTESIAN_POINT('',(12.4843443007408,5.01078543559423,19.6039628538554));
#8487=CARTESIAN_POINT('',(12.5063119731833,5.01542171985665,19.6237782696325));
#8488=CARTESIAN_POINT('',(12.528780602219,5.02082002576295,19.6432535042095));
#8489=CARTESIAN_POINT('',(12.5516714109466,5.02693848235372,19.6623120679634));
#8490=CARTESIAN_POINT('',(12.5750346244909,5.03376694257465,19.6809901925668));
#8491=CARTESIAN_POINT('',(12.5988831085108,5.04129035045751,19.6992882002952));
#8492=CARTESIAN_POINT('',(12.6233607518253,5.04954196309201,19.7172980345807));
#8493=CARTESIAN_POINT('',(12.6484189943652,5.05849716770584,19.7349602053525));
#8494=CARTESIAN_POINT('',(12.6741671053789,5.0681867634931,19.7523275942373));
#8495=CARTESIAN_POINT('',(12.7005614715705,5.07858823304646,19.7693431587982));
#8496=CARTESIAN_POINT('',(12.7277225100317,5.089744937512,19.7860523216056));
#8497=CARTESIAN_POINT('',(12.7554877008712,5.1015843284049,19.8023250200745));
#8498=CARTESIAN_POINT('',(12.7838805343316,5.11410585728142,19.8181528587958));
#8499=CARTESIAN_POINT('',(12.8128118881439,5.12725833378052,19.8334667796575));
#8500=CARTESIAN_POINT('',(12.8423863416875,5.1410785810331,19.8482997661598));
#8501=CARTESIAN_POINT('',(12.8724699586976,5.15549269661623,19.8625632258454));
#8502=CARTESIAN_POINT('',(12.9065044080888,5.17217339385866,19.8777805201663));
#8503=CARTESIAN_POINT('',(12.9478875727444,5.19294602945967,19.8949997321717));
#8504=CARTESIAN_POINT('',(12.9967031559349,5.21811469125898,19.9134101517227));
#8505=CARTESIAN_POINT('',(13.0458329613908,5.2440862920085,19.9298818131148));
#8506=CARTESIAN_POINT('',(13.0880716180859,5.26683879203426,19.9425012581474));
#8507=CARTESIAN_POINT('',(13.1232620092894,5.28603467261991,19.9520414940684));
#8508=CARTESIAN_POINT('',(13.1548742872219,5.30344480994775,19.9598766187585));
#8509=CARTESIAN_POINT('',(13.1864543412064,5.32098562726891,19.9669819223332));
#8510=CARTESIAN_POINT('',(13.2179693937155,5.3386219737654,19.9733639529294));
#8511=CARTESIAN_POINT('',(13.2494483282398,5.35635403254312,19.9790412579916));
#8512=CARTESIAN_POINT('',(13.2808815724465,5.37416144656134,19.9840227042878));
#8513=CARTESIAN_POINT('',(13.3122837915648,5.39203828538903,19.9883198269147));
#8514=CARTESIAN_POINT('',(13.3436323850809,5.40995799692919,19.9919382811209));
#8515=CARTESIAN_POINT('',(13.3749483903591,5.4279194486348,19.9948882148164));
#8516=CARTESIAN_POINT('',(13.4062337581166,5.44591112019295,19.9971757620522));
#8517=CARTESIAN_POINT('',(13.4375066008043,5.46393116298659,19.9988064813211));
#8518=CARTESIAN_POINT('',(13.468763495566,5.48196559055763,19.9997832958906));
#8519=CARTESIAN_POINT('',(13.4895903385279,5.49398998688959,19.999999993429));
#8520=CARTESIAN_POINT('',(13.5,5.49999999999999,20.));
#8521=CARTESIAN_POINT('',(12.3819660112501,3.,19.5));
#8522=CARTESIAN_POINT('',(12.3883920609346,2.9999995619448,19.5071845264477));
#8523=CARTESIAN_POINT('',(12.4014292738276,2.99968884895568,19.5214802239911));
#8524=CARTESIAN_POINT('',(12.4213932273992,2.9983345017549,19.542540037052));
#8525=CARTESIAN_POINT('',(12.4418820903729,2.99611843413116,19.5633305102705));
#8526=CARTESIAN_POINT('',(12.4628555903679,2.9930713289703,19.583798552764));
#8527=CARTESIAN_POINT('',(12.4843443007408,2.98921456440577,19.6039628538554));
#8528=CARTESIAN_POINT('',(12.5063119731833,2.98457828014335,19.6237782696325));
#8529=CARTESIAN_POINT('',(12.528780602219,2.97917997423705,19.6432535042095));
#8530=CARTESIAN_POINT('',(12.5516714109466,2.97306151764629,19.6623120679634));
#8531=CARTESIAN_POINT('',(12.5750346244908,2.96623305742536,19.6809901925668));
#8532=CARTESIAN_POINT('',(12.5988831085107,2.9587096495425,19.6992882002952));
#8533=CARTESIAN_POINT('',(12.6233607518252,2.950458036908,19.7172980345806));
#8534=CARTESIAN_POINT('',(12.6484189943651,2.94150283229418,19.7349602053525));
#8535=CARTESIAN_POINT('',(12.6741671053788,2.93181323650693,19.7523275942373));
#8536=CARTESIAN_POINT('',(12.7005614715704,2.92141176695357,19.7693431587981));
#8537=CARTESIAN_POINT('',(12.7277225100316,2.91025506248804,19.7860523216056));
#8538=CARTESIAN_POINT('',(12.7554877008711,2.89841567159513,19.8023250200745));
#8539=CARTESIAN_POINT('',(12.7838805343315,2.88589414271862,19.8181528587958));
#8540=CARTESIAN_POINT('',(12.8128118881438,2.87274166621953,19.8334667796574));
#8541=CARTESIAN_POINT('',(12.8423863416874,2.85892141896696,19.8482997661597));
#8542=CARTESIAN_POINT('',(12.8724699586975,2.84450730338382,19.8625632258454));
#8543=CARTESIAN_POINT('',(12.9065044080887,2.82782660614142,19.8777805201662));
#8544=CARTESIAN_POINT('',(12.9478875727442,2.80705397054039,19.8949997321717));
#8545=CARTESIAN_POINT('',(12.9967031559348,2.7818853087411,19.9134101517226));
#8546=CARTESIAN_POINT('',(13.0458329613907,2.75591370799158,19.9298818131147));
#8547=CARTESIAN_POINT('',(13.0880716180857,2.73316120796584,19.9425012581473));
#8548=CARTESIAN_POINT('',(13.1232620092892,2.71396532738018,19.9520414940684));
#8549=CARTESIAN_POINT('',(13.1548742872217,2.69655519005234,19.9598766187585));
#8550=CARTESIAN_POINT('',(13.1864543412063,2.67901437273117,19.9669819223332));
#8551=CARTESIAN_POINT('',(13.2179693937153,2.66137802623469,19.9733639529293));
#8552=CARTESIAN_POINT('',(13.2494483282397,2.64364596745694,19.9790412579915));
#8553=CARTESIAN_POINT('',(13.2808815724464,2.62583855343872,19.9840227042878));
#8554=CARTESIAN_POINT('',(13.3122837915647,2.60796171461105,19.9883198269147));
#8555=CARTESIAN_POINT('',(13.3436323850807,2.59004200307081,19.9919382811209));
#8556=CARTESIAN_POINT('',(13.3749483903591,2.57208055136529,19.9948882148164));
#8557=CARTESIAN_POINT('',(13.4062337581165,2.55408887980704,19.9971757620522));
#8558=CARTESIAN_POINT('',(13.4375066008043,2.53606883701349,19.9988064813211));
#8559=CARTESIAN_POINT('',(13.4687634955659,2.51803440944236,19.9997832958906));
#8560=CARTESIAN_POINT('',(13.4895903385278,2.50601001311038,19.999999993429));
#8561=CARTESIAN_POINT('',(13.5,2.5,20.));
#8562=CARTESIAN_POINT('',(-12.3819660112501,9.,19.5));
#8563=CARTESIAN_POINT('',(-12.3883920609346,9.00000043805519,19.5071845264477));
#8564=CARTESIAN_POINT('',(-12.4014292738276,9.00031115104432,19.5214802239911));
#8565=CARTESIAN_POINT('',(-12.4213932273992,9.0016654982451,19.542540037052));
#8566=CARTESIAN_POINT('',(-12.4418820903729,9.00388156586884,19.5633305102704));
#8567=CARTESIAN_POINT('',(-12.4628555903679,9.0069286710297,19.583798552764));
#8568=CARTESIAN_POINT('',(-12.4843443007408,9.01078543559423,19.6039628538554));
#8569=CARTESIAN_POINT('',(-12.5063119731833,9.01542171985665,19.6237782696325));
#8570=CARTESIAN_POINT('',(-12.528780602219,9.02082002576295,19.6432535042095));
#8571=CARTESIAN_POINT('',(-12.5516714109466,9.02693848235371,19.6623120679634));
#8572=CARTESIAN_POINT('',(-12.5750346244909,9.03376694257464,19.6809901925668));
#8573=CARTESIAN_POINT('',(-12.5988831085108,9.0412903504575,19.6992882002952));
#8574=CARTESIAN_POINT('',(-12.6233607518252,9.049541963092,19.7172980345806));
#8575=CARTESIAN_POINT('',(-12.6484189943651,9.05849716770583,19.7349602053525));
#8576=CARTESIAN_POINT('',(-12.6741671053788,9.06818676349308,19.7523275942373));
#8577=CARTESIAN_POINT('',(-12.7005614715704,9.07858823304644,19.7693431587982));
#8578=CARTESIAN_POINT('',(-12.7277225100316,9.08974493751198,19.7860523216056));
#8579=CARTESIAN_POINT('',(-12.7554877008712,9.10158432840488,19.8023250200745));
#8580=CARTESIAN_POINT('',(-12.7838805343315,9.11410585728138,19.8181528587958));
#8581=CARTESIAN_POINT('',(-12.8128118881438,9.12725833378049,19.8334667796574));
#8582=CARTESIAN_POINT('',(-12.8423863416874,9.14107858103305,19.8482997661597));
#8583=CARTESIAN_POINT('',(-12.8724699586975,9.15549269661619,19.8625632258454));
#8584=CARTESIAN_POINT('',(-12.9065044080887,9.1721733938586,19.8777805201662));
#8585=CARTESIAN_POINT('',(-12.9478875727443,9.19294602945963,19.8949997321717));
#8586=CARTESIAN_POINT('',(-12.9967031559348,9.21811469125892,19.9134101517226));
#8587=CARTESIAN_POINT('',(-13.0458329613907,9.24408629200844,19.9298818131147));
#8588=CARTESIAN_POINT('',(-13.0880716180857,9.26683879203419,19.9425012581474));
#8589=CARTESIAN_POINT('',(-13.1232620092892,9.28603467261984,19.9520414940684));
#8590=CARTESIAN_POINT('',(-13.1548742872218,9.30344480994768,19.9598766187585));
#8591=CARTESIAN_POINT('',(-13.1864543412063,9.32098562726886,19.9669819223332));
#8592=CARTESIAN_POINT('',(-13.2179693937154,9.33862197376533,19.9733639529293));
#8593=CARTESIAN_POINT('',(-13.2494483282397,9.35635403254308,19.9790412579915));
#8594=CARTESIAN_POINT('',(-13.2808815724464,9.37416144656129,19.9840227042878));
#8595=CARTESIAN_POINT('',(-13.3122837915647,9.39203828538899,19.9883198269147));
#8596=CARTESIAN_POINT('',(-13.3436323850807,9.40995799692919,19.9919382811209));
#8597=CARTESIAN_POINT('',(-13.3749483903591,9.42791944863473,19.9948882148164));
#8598=CARTESIAN_POINT('',(-13.4062337581165,9.44591112019299,19.9971757620522));
#8599=CARTESIAN_POINT('',(-13.4375066008042,9.46393116298653,19.9988064813211));
#8600=CARTESIAN_POINT('',(-13.4687634955659,9.48196559055773,19.9997832958906));
#8601=CARTESIAN_POINT('',(-13.4895903385278,9.49398998688967,19.999999993429));
#8602=CARTESIAN_POINT('',(-13.5,9.5,20.));
#8603=CARTESIAN_POINT('',(-12.3819660112501,7.,19.5));
#8604=CARTESIAN_POINT('',(-12.3883920609346,6.9999995619448,19.5071845264477));
#8605=CARTESIAN_POINT('',(-12.4014292738276,6.99968884895568,19.5214802239911));
#8606=CARTESIAN_POINT('',(-12.4213932273992,6.9983345017549,19.542540037052));
#8607=CARTESIAN_POINT('',(-12.4418820903729,6.99611843413116,19.5633305102704));
#8608=CARTESIAN_POINT('',(-12.4628555903679,6.9930713289703,19.583798552764));
#8609=CARTESIAN_POINT('',(-12.4843443007408,6.98921456440577,19.6039628538554));
#8610=CARTESIAN_POINT('',(-12.5063119731833,6.98457828014335,19.6237782696325));
#8611=CARTESIAN_POINT('',(-12.528780602219,6.97917997423705,19.6432535042095));
#8612=CARTESIAN_POINT('',(-12.5516714109466,6.9730615176463,19.6623120679633));
#8613=CARTESIAN_POINT('',(-12.5750346244908,6.96623305742537,19.6809901925668));
#8614=CARTESIAN_POINT('',(-12.5988831085107,6.95870964954251,19.6992882002951));
#8615=CARTESIAN_POINT('',(-12.6233607518252,6.95045803690802,19.7172980345806));
#8616=CARTESIAN_POINT('',(-12.6484189943651,6.94150283229419,19.7349602053525));
#8617=CARTESIAN_POINT('',(-12.6741671053787,6.93181323650694,19.7523275942373));
#8618=CARTESIAN_POINT('',(-12.7005614715704,6.92141176695359,19.7693431587981));
#8619=CARTESIAN_POINT('',(-12.7277225100315,6.91025506248805,19.7860523216056));
#8620=CARTESIAN_POINT('',(-12.7554877008711,6.89841567159515,19.8023250200745));
#8621=CARTESIAN_POINT('',(-12.7838805343314,6.88589414271865,19.8181528587957));
#8622=CARTESIAN_POINT('',(-12.8128118881437,6.87274166621956,19.8334667796574));
#8623=CARTESIAN_POINT('',(-12.8423863416873,6.85892141896698,19.8482997661597));
#8624=CARTESIAN_POINT('',(-12.8724699586974,6.84450730338387,19.8625632258453));
#8625=CARTESIAN_POINT('',(-12.9065044080886,6.82782660614145,19.8777805201662));
#8626=CARTESIAN_POINT('',(-12.9478875727442,6.80705397054044,19.8949997321716));
#8627=CARTESIAN_POINT('',(-12.9967031559347,6.78188530874115,19.9134101517226));
#8628=CARTESIAN_POINT('',(-13.0458329613906,6.75591370799162,19.9298818131147));
#8629=CARTESIAN_POINT('',(-13.0880716180856,6.73316120796588,19.9425012581473));
#8630=CARTESIAN_POINT('',(-13.1232620092891,6.71396532738023,19.9520414940684));
#8631=CARTESIAN_POINT('',(-13.1548742872216,6.69655519005239,19.9598766187585));
#8632=CARTESIAN_POINT('',(-13.1864543412062,6.67901437273121,19.9669819223332));
#8633=CARTESIAN_POINT('',(-13.2179693937152,6.66137802623473,19.9733639529293));
#8634=CARTESIAN_POINT('',(-13.2494483282396,6.64364596745699,19.9790412579915));
#8635=CARTESIAN_POINT('',(-13.2808815724463,6.62583855343874,19.9840227042878));
#8636=CARTESIAN_POINT('',(-13.3122837915646,6.60796171461105,19.9883198269147));
#8637=CARTESIAN_POINT('',(-13.3436323850807,6.59004200307085,19.9919382811209));
#8638=CARTESIAN_POINT('',(-13.374948390359,6.57208055136529,19.9948882148164));
#8639=CARTESIAN_POINT('',(-13.4062337581164,6.55408887980702,19.9971757620522));
#8640=CARTESIAN_POINT('',(-13.4375066008042,6.53606883701347,19.9988064813211));
#8641=CARTESIAN_POINT('',(-13.4687634955658,6.51803440944222,19.9997832958906));
#8642=CARTESIAN_POINT('',(-13.4895903385278,6.5060100131103,19.999999993429));
#8643=CARTESIAN_POINT('',(-13.5,6.5,20.));
#8644=CARTESIAN_POINT('',(12.3819660112501,9.,19.5));
#8645=CARTESIAN_POINT('',(12.3883920609346,9.0000004380552,19.5071845264477));
#8646=CARTESIAN_POINT('',(12.4014292738276,9.00031115104431,19.5214802239911));
#8647=CARTESIAN_POINT('',(12.4213932273992,9.0016654982451,19.542540037052));
#8648=CARTESIAN_POINT('',(12.4418820903729,9.00388156586884,19.5633305102705));
#8649=CARTESIAN_POINT('',(12.4628555903679,9.00692867102969,19.583798552764));
#8650=CARTESIAN_POINT('',(12.4843443007408,9.01078543559423,19.6039628538554));
#8651=CARTESIAN_POINT('',(12.5063119731833,9.01542171985665,19.6237782696325));
#8652=CARTESIAN_POINT('',(12.528780602219,9.02082002576295,19.6432535042095));
#8653=CARTESIAN_POINT('',(12.5516714109466,9.02693848235372,19.6623120679634));
#8654=CARTESIAN_POINT('',(12.5750346244909,9.03376694257465,19.6809901925668));
#8655=CARTESIAN_POINT('',(12.5988831085108,9.04129035045751,19.6992882002952));
#8656=CARTESIAN_POINT('',(12.6233607518253,9.04954196309201,19.7172980345807));
#8657=CARTESIAN_POINT('',(12.6484189943652,9.05849716770585,19.7349602053525));
#8658=CARTESIAN_POINT('',(12.6741671053789,9.06818676349309,19.7523275942373));
#8659=CARTESIAN_POINT('',(12.7005614715705,9.07858823304646,19.7693431587982));
#8660=CARTESIAN_POINT('',(12.7277225100317,9.089744937512,19.7860523216056));
#8661=CARTESIAN_POINT('',(12.7554877008713,9.10158432840491,19.8023250200746));
#8662=CARTESIAN_POINT('',(12.7838805343316,9.11410585728142,19.8181528587958));
#8663=CARTESIAN_POINT('',(12.8128118881439,9.12725833378053,19.8334667796575));
#8664=CARTESIAN_POINT('',(12.8423863416876,9.1410785810331,19.8482997661598));
#8665=CARTESIAN_POINT('',(12.8724699586976,9.15549269661624,19.8625632258454));
#8666=CARTESIAN_POINT('',(12.9065044080889,9.17217339385866,19.8777805201663));
#8667=CARTESIAN_POINT('',(12.9478875727444,9.19294602945967,19.8949997321717));
#8668=CARTESIAN_POINT('',(12.996703155935,9.21811469125899,19.9134101517227));
#8669=CARTESIAN_POINT('',(13.0458329613909,9.2440862920085,19.9298818131148));
#8670=CARTESIAN_POINT('',(13.0880716180859,9.26683879203425,19.9425012581474));
#8671=CARTESIAN_POINT('',(13.1232620092894,9.28603467261991,19.9520414940684));
#8672=CARTESIAN_POINT('',(13.1548742872219,9.30344480994775,19.9598766187585));
#8673=CARTESIAN_POINT('',(13.1864543412064,9.32098562726891,19.9669819223332));
#8674=CARTESIAN_POINT('',(13.2179693937155,9.33862197376538,19.9733639529293));
#8675=CARTESIAN_POINT('',(13.2494483282399,9.35635403254311,19.9790412579915));
#8676=CARTESIAN_POINT('',(13.2808815724465,9.37416144656133,19.9840227042878));
#8677=CARTESIAN_POINT('',(13.3122837915648,9.392038285389,19.9883198269147));
#8678=CARTESIAN_POINT('',(13.3436323850809,9.40995799692918,19.9919382811209));
#8679=CARTESIAN_POINT('',(13.3749483903592,9.42791944863473,19.9948882148164));
#8680=CARTESIAN_POINT('',(13.4062337581166,9.44591112019295,19.9971757620522));
#8681=CARTESIAN_POINT('',(13.4375066008043,9.46393116298647,19.998806481321));
#8682=CARTESIAN_POINT('',(13.4687634955661,9.48196559055736,19.9997832958906));
#8683=CARTESIAN_POINT('',(13.4895903385279,9.49398998688943,19.999999993429));
#8684=CARTESIAN_POINT('',(13.5,9.5,20.));
#8685=CARTESIAN_POINT('',(12.3819660112501,7.,19.5));
#8686=CARTESIAN_POINT('',(12.3883920609346,6.9999995619448,19.5071845264477));
#8687=CARTESIAN_POINT('',(12.4014292738276,6.99968884895568,19.5214802239911));
#8688=CARTESIAN_POINT('',(12.4213932273992,6.9983345017549,19.542540037052));
#8689=CARTESIAN_POINT('',(12.4418820903729,6.99611843413116,19.5633305102705));
#8690=CARTESIAN_POINT('',(12.4628555903679,6.9930713289703,19.583798552764));
#8691=CARTESIAN_POINT('',(12.4843443007408,6.98921456440576,19.6039628538554));
#8692=CARTESIAN_POINT('',(12.5063119731834,6.98457828014334,19.6237782696326));
#8693=CARTESIAN_POINT('',(12.5287806022191,6.97917997423704,19.6432535042095));
#8694=CARTESIAN_POINT('',(12.5516714109467,6.97306151764626,19.6623120679634));
#8695=CARTESIAN_POINT('',(12.575034624491,6.96623305742533,19.6809901925669));
#8696=CARTESIAN_POINT('',(12.5988831085109,6.95870964954246,19.6992882002952));
#8697=CARTESIAN_POINT('',(12.6233607518253,6.95045803690796,19.7172980345807));
#8698=CARTESIAN_POINT('',(12.6484189943653,6.94150283229413,19.7349602053526));
#8699=CARTESIAN_POINT('',(12.6741671053789,6.93181323650687,19.7523275942374));
#8700=CARTESIAN_POINT('',(12.7005614715706,6.9214117669535,19.7693431587983));
#8701=CARTESIAN_POINT('',(12.7277225100318,6.91025506248795,19.7860523216057));
#8702=CARTESIAN_POINT('',(12.7554877008714,6.89841567159504,19.8023250200746));
#8703=CARTESIAN_POINT('',(12.7838805343318,6.88589414271851,19.8181528587959));
#8704=CARTESIAN_POINT('',(12.8128118881441,6.8727416662194,19.8334667796576));
#8705=CARTESIAN_POINT('',(12.8423863416877,6.85892141896682,19.8482997661598));
#8706=CARTESIAN_POINT('',(12.8724699586978,6.84450730338368,19.8625632258455));
#8707=CARTESIAN_POINT('',(12.906504408089,6.82782660614125,19.8777805201663));
#8708=CARTESIAN_POINT('',(12.9478875727446,6.80705397054022,19.8949997321718));
#8709=CARTESIAN_POINT('',(12.9967031559352,6.78188530874089,19.9134101517227));
#8710=CARTESIAN_POINT('',(13.0458329613911,6.75591370799137,19.9298818131148));
#8711=CARTESIAN_POINT('',(13.0880716180861,6.73316120796562,19.9425012581475));
#8712=CARTESIAN_POINT('',(13.1232620092896,6.71396532737997,19.9520414940685));
#8713=CARTESIAN_POINT('',(13.1548742872221,6.69655519005214,19.9598766187586));
#8714=CARTESIAN_POINT('',(13.1864543412066,6.67901437273098,19.9669819223333));
#8715=CARTESIAN_POINT('',(13.2179693937157,6.66137802623451,19.9733639529294));
#8716=CARTESIAN_POINT('',(13.24944832824,6.64364596745678,19.9790412579916));
#8717=CARTESIAN_POINT('',(13.2808815724467,6.62583855343856,19.9840227042878));
#8718=CARTESIAN_POINT('',(13.312283791565,6.60796171461093,19.9883198269147));
#8719=CARTESIAN_POINT('',(13.343632385081,6.59004200307072,19.9919382811209));
#8720=CARTESIAN_POINT('',(13.3749483903593,6.5720805513652,19.9948882148164));
#8721=CARTESIAN_POINT('',(13.4062337581167,6.55408887980704,19.9971757620522));
#8722=CARTESIAN_POINT('',(13.4375066008044,6.5360688370135,19.998806481321));
#8723=CARTESIAN_POINT('',(13.4687634955661,6.51803440944254,19.9997832958906));
#8724=CARTESIAN_POINT('',(13.4895903385279,6.5060100131105,19.999999993429));
#8725=CARTESIAN_POINT('',(13.5,6.5,20.));
#8726=CARTESIAN_POINT('',(12.3819660112501,11.,19.5));
#8727=CARTESIAN_POINT('',(12.3883920609346,10.9999995619448,19.5071845264477));
#8728=CARTESIAN_POINT('',(12.4014292738276,10.9996888489557,19.5214802239911));
#8729=CARTESIAN_POINT('',(12.4213932273992,10.9983345017549,19.542540037052));
#8730=CARTESIAN_POINT('',(12.4418820903729,10.9961184341312,19.5633305102705));
#8731=CARTESIAN_POINT('',(12.4628555903679,10.9930713289703,19.583798552764));
#8732=CARTESIAN_POINT('',(12.4843443007408,10.9892145644058,19.6039628538554));
#8733=CARTESIAN_POINT('',(12.5063119731833,10.9845782801433,19.6237782696326));
#8734=CARTESIAN_POINT('',(12.528780602219,10.979179974237,19.6432535042095));
#8735=CARTESIAN_POINT('',(12.5516714109466,10.9730615176463,19.6623120679634));
#8736=CARTESIAN_POINT('',(12.5750346244909,10.9662330574253,19.6809901925668));
#8737=CARTESIAN_POINT('',(12.5988831085108,10.9587096495425,19.6992882002952));
#8738=CARTESIAN_POINT('',(12.6233607518253,10.950458036908,19.7172980345806));
#8739=CARTESIAN_POINT('',(12.6484189943652,10.9415028322942,19.7349602053525));
#8740=CARTESIAN_POINT('',(12.6741671053788,10.9318132365069,19.7523275942373));
#8741=CARTESIAN_POINT('',(12.7005614715705,10.9214117669535,19.7693431587982));
#8742=CARTESIAN_POINT('',(12.7277225100317,10.910255062488,19.7860523216057));
#8743=CARTESIAN_POINT('',(12.7554877008712,10.8984156715951,19.8023250200745));
#8744=CARTESIAN_POINT('',(12.7838805343316,10.8858941427186,19.8181528587958));
#8745=CARTESIAN_POINT('',(12.8128118881439,10.8727416662195,19.8334667796575));
#8746=CARTESIAN_POINT('',(12.8423863416875,10.8589214189669,19.8482997661597));
#8747=CARTESIAN_POINT('',(12.8724699586976,10.8445073033838,19.8625632258454));
#8748=CARTESIAN_POINT('',(12.9065044080888,10.8278266061414,19.8777805201662));
#8749=CARTESIAN_POINT('',(12.9478875727444,10.8070539705403,19.8949997321717));
#8750=CARTESIAN_POINT('',(12.9967031559349,10.781885308741,19.9134101517227));
#8751=CARTESIAN_POINT('',(13.0458329613908,10.7559137079915,19.9298818131148));
#8752=CARTESIAN_POINT('',(13.0880716180859,10.7331612079658,19.9425012581474));
#8753=CARTESIAN_POINT('',(13.1232620092893,10.7139653273801,19.9520414940684));
#8754=CARTESIAN_POINT('',(13.1548742872219,10.6965551900523,19.9598766187585));
#8755=CARTESIAN_POINT('',(13.1864543412064,10.6790143727311,19.9669819223332));
#8756=CARTESIAN_POINT('',(13.2179693937155,10.6613780262346,19.9733639529293));
#8757=CARTESIAN_POINT('',(13.2494483282398,10.6436459674569,19.9790412579915));
#8758=CARTESIAN_POINT('',(13.2808815724465,10.6258385534387,19.9840227042878));
#8759=CARTESIAN_POINT('',(13.3122837915648,10.607961714611,19.9883198269147));
#8760=CARTESIAN_POINT('',(13.3436323850808,10.5900420030708,19.9919382811209));
#8761=CARTESIAN_POINT('',(13.3749483903591,10.5720805513652,19.9948882148164));
#8762=CARTESIAN_POINT('',(13.4062337581166,10.5540888798071,19.9971757620522));
#8763=CARTESIAN_POINT('',(13.4375066008043,10.5360688370134,19.9988064813211));
#8764=CARTESIAN_POINT('',(13.468763495566,10.5180344094424,19.9997832958906));
#8765=CARTESIAN_POINT('',(13.4895903385279,10.5060100131104,19.999999993429));
#8766=CARTESIAN_POINT('',(13.5,10.5,20.));
#8767=CARTESIAN_POINT('',(12.3819660112501,13.,19.5));
#8768=CARTESIAN_POINT('',(12.3883920609346,13.0000004380552,19.5071845264477));
#8769=CARTESIAN_POINT('',(12.4014292738276,13.0003111510443,19.5214802239911));
#8770=CARTESIAN_POINT('',(12.4213932273992,13.0016654982451,19.542540037052));
#8771=CARTESIAN_POINT('',(12.4418820903729,13.0038815658688,19.5633305102705));
#8772=CARTESIAN_POINT('',(12.4628555903679,13.0069286710297,19.583798552764));
#8773=CARTESIAN_POINT('',(12.4843443007408,13.0107854355942,19.6039628538554));
#8774=CARTESIAN_POINT('',(12.5063119731833,13.0154217198566,19.6237782696325));
#8775=CARTESIAN_POINT('',(12.528780602219,13.020820025763,19.6432535042095));
#8776=CARTESIAN_POINT('',(12.5516714109466,13.0269384823537,19.6623120679634));
#8777=CARTESIAN_POINT('',(12.5750346244909,13.0337669425746,19.6809901925668));
#8778=CARTESIAN_POINT('',(12.5988831085108,13.0412903504575,19.6992882002952));
#8779=CARTESIAN_POINT('',(12.6233607518252,13.049541963092,19.7172980345806));
#8780=CARTESIAN_POINT('',(12.6484189943652,13.0584971677058,19.7349602053525));
#8781=CARTESIAN_POINT('',(12.6741671053788,13.0681867634931,19.7523275942373));
#8782=CARTESIAN_POINT('',(12.7005614715704,13.0785882330464,19.7693431587982));
#8783=CARTESIAN_POINT('',(12.7277225100316,13.089744937512,19.7860523216056));
#8784=CARTESIAN_POINT('',(12.7554877008712,13.1015843284049,19.8023250200745));
#8785=CARTESIAN_POINT('',(12.7838805343315,13.1141058572814,19.8181528587958));
#8786=CARTESIAN_POINT('',(12.8128118881438,13.1272583337805,19.8334667796574));
#8787=CARTESIAN_POINT('',(12.8423863416874,13.141078581033,19.8482997661597));
#8788=CARTESIAN_POINT('',(12.8724699586975,13.1554926966162,19.8625632258454));
#8789=CARTESIAN_POINT('',(12.9065044080887,13.1721733938586,19.8777805201662));
#8790=CARTESIAN_POINT('',(12.9478875727443,13.1929460294596,19.8949997321717));
#8791=CARTESIAN_POINT('',(12.9967031559348,13.2181146912589,19.9134101517226));
#8792=CARTESIAN_POINT('',(13.0458329613907,13.2440862920084,19.9298818131147));
#8793=CARTESIAN_POINT('',(13.0880716180857,13.2668387920342,19.9425012581473));
#8794=CARTESIAN_POINT('',(13.1232620092892,13.2860346726198,19.9520414940684));
#8795=CARTESIAN_POINT('',(13.1548742872218,13.3034448099477,19.9598766187585));
#8796=CARTESIAN_POINT('',(13.1864543412063,13.3209856272688,19.9669819223332));
#8797=CARTESIAN_POINT('',(13.2179693937154,13.3386219737653,19.9733639529293));
#8798=CARTESIAN_POINT('',(13.2494483282397,13.3563540325431,19.9790412579915));
#8799=CARTESIAN_POINT('',(13.2808815724464,13.3741614465613,19.9840227042878));
#8800=CARTESIAN_POINT('',(13.3122837915647,13.392038285389,19.9883198269147));
#8801=CARTESIAN_POINT('',(13.3436323850807,13.4099579969292,19.9919382811209));
#8802=CARTESIAN_POINT('',(13.3749483903591,13.4279194486347,19.9948882148164));
#8803=CARTESIAN_POINT('',(13.4062337581165,13.4459111201929,19.9971757620522));
#8804=CARTESIAN_POINT('',(13.4375066008042,13.4639311629866,19.9988064813211));
#8805=CARTESIAN_POINT('',(13.468763495566,13.4819655905576,19.9997832958906));
#8806=CARTESIAN_POINT('',(13.4895903385279,13.4939899868896,19.999999993429));
#8807=CARTESIAN_POINT('',(13.5,13.5,20.));
#8808=CARTESIAN_POINT('',(-12.3819660112501,11.,19.5));
#8809=CARTESIAN_POINT('',(-12.3883920609346,10.9999995619448,19.5071845264477));
#8810=CARTESIAN_POINT('',(-12.4014292738276,10.9996888489557,19.5214802239911));
#8811=CARTESIAN_POINT('',(-12.4213932273992,10.9983345017549,19.542540037052));
#8812=CARTESIAN_POINT('',(-12.4418820903729,10.9961184341312,19.5633305102705));
#8813=CARTESIAN_POINT('',(-12.4628555903679,10.9930713289703,19.583798552764));
#8814=CARTESIAN_POINT('',(-12.4843443007408,10.9892145644058,19.6039628538554));
#8815=CARTESIAN_POINT('',(-12.5063119731833,10.9845782801433,19.6237782696326));
#8816=CARTESIAN_POINT('',(-12.528780602219,10.9791799742371,19.6432535042095));
#8817=CARTESIAN_POINT('',(-12.5516714109466,10.9730615176463,19.6623120679634));
#8818=CARTESIAN_POINT('',(-12.5750346244909,10.9662330574253,19.6809901925668));
#8819=CARTESIAN_POINT('',(-12.5988831085108,10.9587096495425,19.6992882002952));
#8820=CARTESIAN_POINT('',(-12.6233607518253,10.950458036908,19.7172980345807));
#8821=CARTESIAN_POINT('',(-12.6484189943652,10.9415028322942,19.7349602053525));
#8822=CARTESIAN_POINT('',(-12.6741671053789,10.9318132365069,19.7523275942373));
#8823=CARTESIAN_POINT('',(-12.7005614715705,10.9214117669535,19.7693431587982));
#8824=CARTESIAN_POINT('',(-12.7277225100317,10.910255062488,19.7860523216057));
#8825=CARTESIAN_POINT('',(-12.7554877008712,10.8984156715951,19.8023250200745));
#8826=CARTESIAN_POINT('',(-12.7838805343316,10.8858941427186,19.8181528587958));
#8827=CARTESIAN_POINT('',(-12.8128118881439,10.8727416662195,19.8334667796575));
#8828=CARTESIAN_POINT('',(-12.8423863416875,10.8589214189669,19.8482997661598));
#8829=CARTESIAN_POINT('',(-12.8724699586976,10.8445073033838,19.8625632258454));
#8830=CARTESIAN_POINT('',(-12.9065044080888,10.8278266061413,19.8777805201663));
#8831=CARTESIAN_POINT('',(-12.9478875727444,10.8070539705403,19.8949997321717));
#8832=CARTESIAN_POINT('',(-12.9967031559349,10.781885308741,19.9134101517227));
#8833=CARTESIAN_POINT('',(-13.0458329613908,10.7559137079915,19.9298818131148));
#8834=CARTESIAN_POINT('',(-13.0880716180859,10.7331612079657,19.9425012581474));
#8835=CARTESIAN_POINT('',(-13.1232620092894,10.7139653273801,19.9520414940684));
#8836=CARTESIAN_POINT('',(-13.1548742872219,10.6965551900522,19.9598766187585));
#8837=CARTESIAN_POINT('',(-13.1864543412064,10.6790143727311,19.9669819223332));
#8838=CARTESIAN_POINT('',(-13.2179693937155,10.6613780262346,19.9733639529294));
#8839=CARTESIAN_POINT('',(-13.2494483282398,10.6436459674569,19.9790412579915));
#8840=CARTESIAN_POINT('',(-13.2808815724465,10.6258385534387,19.9840227042878));
#8841=CARTESIAN_POINT('',(-13.3122837915648,10.607961714611,19.9883198269147));
#8842=CARTESIAN_POINT('',(-13.3436323850808,10.5900420030708,19.9919382811209));
#8843=CARTESIAN_POINT('',(-13.3749483903591,10.5720805513652,19.9948882148164));
#8844=CARTESIAN_POINT('',(-13.4062337581166,10.554088879807,19.9971757620522));
#8845=CARTESIAN_POINT('',(-13.4375066008042,10.5360688370134,19.9988064813211));
#8846=CARTESIAN_POINT('',(-13.468763495566,10.5180344094424,19.9997832958906));
#8847=CARTESIAN_POINT('',(-13.4895903385279,10.5060100131104,19.999999993429));
#8848=CARTESIAN_POINT('',(-13.5,10.5,20.));
#8849=CARTESIAN_POINT('',(-12.3819660112501,13.,19.5));
#8850=CARTESIAN_POINT('',(-12.3883920609346,13.0000004380552,19.5071845264477));
#8851=CARTESIAN_POINT('',(-12.4014292738276,13.0003111510443,19.5214802239911));
#8852=CARTESIAN_POINT('',(-12.4213932273992,13.0016654982451,19.542540037052));
#8853=CARTESIAN_POINT('',(-12.4418820903729,13.0038815658688,19.5633305102705));
#8854=CARTESIAN_POINT('',(-12.4628555903679,13.0069286710297,19.583798552764));
#8855=CARTESIAN_POINT('',(-12.4843443007408,13.0107854355942,19.6039628538554));
#8856=CARTESIAN_POINT('',(-12.5063119731833,13.0154217198566,19.6237782696326));
#8857=CARTESIAN_POINT('',(-12.528780602219,13.020820025763,19.6432535042095));
#8858=CARTESIAN_POINT('',(-12.5516714109466,13.0269384823537,19.6623120679634));
#8859=CARTESIAN_POINT('',(-12.5750346244909,13.0337669425747,19.6809901925668));
#8860=CARTESIAN_POINT('',(-12.5988831085108,13.0412903504575,19.6992882002952));
#8861=CARTESIAN_POINT('',(-12.6233607518253,13.049541963092,19.7172980345806));
#8862=CARTESIAN_POINT('',(-12.6484189943652,13.0584971677058,19.7349602053525));
#8863=CARTESIAN_POINT('',(-12.6741671053788,13.0681867634931,19.7523275942373));
#8864=CARTESIAN_POINT('',(-12.7005614715705,13.0785882330465,19.7693431587982));
#8865=CARTESIAN_POINT('',(-12.7277225100317,13.089744937512,19.7860523216056));
#8866=CARTESIAN_POINT('',(-12.7554877008712,13.1015843284049,19.8023250200745));
#8867=CARTESIAN_POINT('',(-12.7838805343316,13.1141058572814,19.8181528587958));
#8868=CARTESIAN_POINT('',(-12.8128118881439,13.1272583337805,19.8334667796575));
#8869=CARTESIAN_POINT('',(-12.8423863416875,13.1410785810331,19.8482997661598));
#8870=CARTESIAN_POINT('',(-12.8724699586976,13.1554926966162,19.8625632258454));
#8871=CARTESIAN_POINT('',(-12.9065044080888,13.1721733938587,19.8777805201663));
#8872=CARTESIAN_POINT('',(-12.9478875727444,13.1929460294597,19.8949997321717));
#8873=CARTESIAN_POINT('',(-12.9967031559349,13.218114691259,19.9134101517227));
#8874=CARTESIAN_POINT('',(-13.0458329613908,13.2440862920085,19.9298818131148));
#8875=CARTESIAN_POINT('',(-13.0880716180859,13.2668387920342,19.9425012581474));
#8876=CARTESIAN_POINT('',(-13.1232620092894,13.2860346726199,19.9520414940684));
#8877=CARTESIAN_POINT('',(-13.1548742872219,13.3034448099477,19.9598766187585));
#8878=CARTESIAN_POINT('',(-13.1864543412064,13.3209856272689,19.9669819223332));
#8879=CARTESIAN_POINT('',(-13.2179693937155,13.3386219737654,19.9733639529294));
#8880=CARTESIAN_POINT('',(-13.2494483282398,13.3563540325431,19.9790412579916));
#8881=CARTESIAN_POINT('',(-13.2808815724465,13.3741614465614,19.9840227042878));
#8882=CARTESIAN_POINT('',(-13.3122837915648,13.392038285389,19.9883198269147));
#8883=CARTESIAN_POINT('',(-13.3436323850808,13.4099579969292,19.9919382811209));
#8884=CARTESIAN_POINT('',(-13.3749483903591,13.4279194486348,19.9948882148164));
#8885=CARTESIAN_POINT('',(-13.4062337581166,13.445911120193,19.9971757620522));
#8886=CARTESIAN_POINT('',(-13.4375066008043,13.4639311629866,19.9988064813211));
#8887=CARTESIAN_POINT('',(-13.468763495566,13.4819655905576,19.9997832958906));
#8888=CARTESIAN_POINT('',(-13.4895903385279,13.4939899868896,19.999999993429));
#8889=CARTESIAN_POINT('',(-13.5,13.5,20.));
#8890=CARTESIAN_POINT('',(-12.3819660112501,17.,19.5));
#8891=CARTESIAN_POINT('',(-12.3883920609346,17.0000004380552,19.5071845264477));
#8892=CARTESIAN_POINT('',(-12.4014292738276,17.0003111510443,19.5214802239911));
#8893=CARTESIAN_POINT('',(-12.4213932273992,17.0016654982451,19.542540037052));
#8894=CARTESIAN_POINT('',(-12.4418820903729,17.0038815658689,19.5633305102705));
#8895=CARTESIAN_POINT('',(-12.4628555903679,17.0069286710297,19.583798552764));
#8896=CARTESIAN_POINT('',(-12.4843443007408,17.0107854355942,19.6039628538554));
#8897=CARTESIAN_POINT('',(-12.5063119731833,17.0154217198567,19.6237782696325));
#8898=CARTESIAN_POINT('',(-12.528780602219,17.0208200257629,19.6432535042095));
#8899=CARTESIAN_POINT('',(-12.5516714109466,17.0269384823537,19.6623120679634));
#8900=CARTESIAN_POINT('',(-12.5750346244909,17.0337669425746,19.6809901925668));
#8901=CARTESIAN_POINT('',(-12.5988831085108,17.0412903504575,19.6992882002952));
#8902=CARTESIAN_POINT('',(-12.6233607518252,17.049541963092,19.7172980345806));
#8903=CARTESIAN_POINT('',(-12.6484189943652,17.0584971677058,19.7349602053525));
#8904=CARTESIAN_POINT('',(-12.6741671053788,17.0681867634931,19.7523275942373));
#8905=CARTESIAN_POINT('',(-12.7005614715705,17.0785882330464,19.7693431587982));
#8906=CARTESIAN_POINT('',(-12.7277225100316,17.089744937512,19.7860523216056));
#8907=CARTESIAN_POINT('',(-12.7554877008712,17.1015843284049,19.8023250200745));
#8908=CARTESIAN_POINT('',(-12.7838805343316,17.1141058572814,19.8181528587958));
#8909=CARTESIAN_POINT('',(-12.8128118881439,17.1272583337805,19.8334667796575));
#8910=CARTESIAN_POINT('',(-12.8423863416875,17.1410785810331,19.8482997661597));
#8911=CARTESIAN_POINT('',(-12.8724699586976,17.1554926966162,19.8625632258454));
#8912=CARTESIAN_POINT('',(-12.9065044080888,17.1721733938586,19.8777805201662));
#8913=CARTESIAN_POINT('',(-12.9478875727443,17.1929460294596,19.8949997321717));
#8914=CARTESIAN_POINT('',(-12.9967031559349,17.218114691259,19.9134101517226));
#8915=CARTESIAN_POINT('',(-13.0458329613908,17.2440862920085,19.9298818131148));
#8916=CARTESIAN_POINT('',(-13.0880716180858,17.2668387920342,19.9425012581474));
#8917=CARTESIAN_POINT('',(-13.1232620092893,17.2860346726199,19.9520414940684));
#8918=CARTESIAN_POINT('',(-13.1548742872218,17.3034448099477,19.9598766187585));
#8919=CARTESIAN_POINT('',(-13.1864543412063,17.3209856272689,19.9669819223332));
#8920=CARTESIAN_POINT('',(-13.2179693937154,17.3386219737654,19.9733639529293));
#8921=CARTESIAN_POINT('',(-13.2494483282398,17.3563540325431,19.9790412579916));
#8922=CARTESIAN_POINT('',(-13.2808815724464,17.3741614465613,19.9840227042878));
#8923=CARTESIAN_POINT('',(-13.3122837915647,17.392038285389,19.9883198269147));
#8924=CARTESIAN_POINT('',(-13.3436323850808,17.4099579969292,19.9919382811209));
#8925=CARTESIAN_POINT('',(-13.3749483903591,17.4279194486348,19.9948882148164));
#8926=CARTESIAN_POINT('',(-13.4062337581165,17.4459111201929,19.9971757620522));
#8927=CARTESIAN_POINT('',(-13.4375066008042,17.4639311629866,19.9988064813211));
#8928=CARTESIAN_POINT('',(-13.468763495566,17.4819655905576,19.9997832958906));
#8929=CARTESIAN_POINT('',(-13.4895903385279,17.4939899868896,19.999999993429));
#8930=CARTESIAN_POINT('',(-13.5,17.5,20.));
#8931=CARTESIAN_POINT('',(-12.3819660112501,15.,19.5));
#8932=CARTESIAN_POINT('',(-12.3883920609346,14.9999995619448,19.5071845264477));
#8933=CARTESIAN_POINT('',(-12.4014292738276,14.9996888489557,19.5214802239911));
#8934=CARTESIAN_POINT('',(-12.4213932273992,14.9983345017549,19.542540037052));
#8935=CARTESIAN_POINT('',(-12.4418820903729,14.9961184341312,19.5633305102705));
#8936=CARTESIAN_POINT('',(-12.4628555903679,14.9930713289703,19.583798552764));
#8937=CARTESIAN_POINT('',(-12.4843443007408,14.9892145644058,19.6039628538554));
#8938=CARTESIAN_POINT('',(-12.5063119731833,14.9845782801433,19.6237782696325));
#8939=CARTESIAN_POINT('',(-12.528780602219,14.9791799742371,19.6432535042095));
#8940=CARTESIAN_POINT('',(-12.5516714109466,14.9730615176463,19.6623120679634));
#8941=CARTESIAN_POINT('',(-12.5750346244908,14.9662330574254,19.6809901925668));
#8942=CARTESIAN_POINT('',(-12.5988831085108,14.9587096495425,19.6992882002952));
#8943=CARTESIAN_POINT('',(-12.6233607518252,14.950458036908,19.7172980345806));
#8944=CARTESIAN_POINT('',(-12.6484189943651,14.9415028322942,19.7349602053525));
#8945=CARTESIAN_POINT('',(-12.6741671053788,14.9318132365069,19.7523275942373));
#8946=CARTESIAN_POINT('',(-12.7005614715704,14.9214117669536,19.7693431587981));
#8947=CARTESIAN_POINT('',(-12.7277225100316,14.910255062488,19.7860523216056));
#8948=CARTESIAN_POINT('',(-12.7554877008711,14.8984156715951,19.8023250200745));
#8949=CARTESIAN_POINT('',(-12.7838805343315,14.8858941427186,19.8181528587958));
#8950=CARTESIAN_POINT('',(-12.8128118881438,14.8727416662195,19.8334667796574));
#8951=CARTESIAN_POINT('',(-12.8423863416874,14.858921418967,19.8482997661597));
#8952=CARTESIAN_POINT('',(-12.8724699586975,14.8445073033838,19.8625632258454));
#8953=CARTESIAN_POINT('',(-12.9065044080887,14.8278266061414,19.8777805201662));
#8954=CARTESIAN_POINT('',(-12.9478875727442,14.8070539705404,19.8949997321717));
#8955=CARTESIAN_POINT('',(-12.9967031559348,14.7818853087411,19.9134101517226));
#8956=CARTESIAN_POINT('',(-13.0458329613906,14.7559137079916,19.9298818131147));
#8957=CARTESIAN_POINT('',(-13.0880716180857,14.7331612079658,19.9425012581473));
#8958=CARTESIAN_POINT('',(-13.1232620092892,14.7139653273802,19.9520414940684));
#8959=CARTESIAN_POINT('',(-13.1548742872217,14.6965551900523,19.9598766187585));
#8960=CARTESIAN_POINT('',(-13.1864543412062,14.6790143727312,19.9669819223332));
#8961=CARTESIAN_POINT('',(-13.2179693937153,14.6613780262347,19.9733639529293));
#8962=CARTESIAN_POINT('',(-13.2494483282397,14.6436459674569,19.9790412579915));
#8963=CARTESIAN_POINT('',(-13.2808815724463,14.6258385534387,19.9840227042878));
#8964=CARTESIAN_POINT('',(-13.3122837915647,14.607961714611,19.9883198269147));
#8965=CARTESIAN_POINT('',(-13.3436323850807,14.5900420030708,19.9919382811209));
#8966=CARTESIAN_POINT('',(-13.374948390359,14.5720805513653,19.9948882148164));
#8967=CARTESIAN_POINT('',(-13.4062337581165,14.5540888798071,19.9971757620522));
#8968=CARTESIAN_POINT('',(-13.4375066008042,14.5360688370134,19.9988064813211));
#8969=CARTESIAN_POINT('',(-13.468763495566,14.5180344094424,19.9997832958906));
#8970=CARTESIAN_POINT('',(-13.4895903385279,14.5060100131104,19.999999993429));
#8971=CARTESIAN_POINT('',(-13.5,14.5,20.));
#8972=CARTESIAN_POINT('',(12.3819660112501,17.,19.5));
#8973=CARTESIAN_POINT('',(12.3883920609346,17.0000004380552,19.5071845264477));
#8974=CARTESIAN_POINT('',(12.4014292738276,17.0003111510443,19.5214802239911));
#8975=CARTESIAN_POINT('',(12.4213932273992,17.0016654982451,19.542540037052));
#8976=CARTESIAN_POINT('',(12.4418820903729,17.0038815658688,19.5633305102705));
#8977=CARTESIAN_POINT('',(12.4628555903679,17.0069286710297,19.583798552764));
#8978=CARTESIAN_POINT('',(12.4843443007408,17.0107854355942,19.6039628538554));
#8979=CARTESIAN_POINT('',(12.5063119731833,17.0154217198567,19.6237782696325));
#8980=CARTESIAN_POINT('',(12.528780602219,17.0208200257629,19.6432535042095));
#8981=CARTESIAN_POINT('',(12.5516714109466,17.0269384823537,19.6623120679633));
#8982=CARTESIAN_POINT('',(12.5750346244909,17.0337669425746,19.6809901925668));
#8983=CARTESIAN_POINT('',(12.5988831085107,17.0412903504575,19.6992882002952));
#8984=CARTESIAN_POINT('',(12.6233607518252,17.049541963092,19.7172980345806));
#8985=CARTESIAN_POINT('',(12.6484189943651,17.0584971677058,19.7349602053525));
#8986=CARTESIAN_POINT('',(12.6741671053788,17.0681867634931,19.7523275942373));
#8987=CARTESIAN_POINT('',(12.7005614715704,17.0785882330464,19.7693431587981));
#8988=CARTESIAN_POINT('',(12.7277225100316,17.089744937512,19.7860523216056));
#8989=CARTESIAN_POINT('',(12.7554877008711,17.1015843284049,19.8023250200745));
#8990=CARTESIAN_POINT('',(12.7838805343315,17.1141058572814,19.8181528587958));
#8991=CARTESIAN_POINT('',(12.8128118881438,17.1272583337805,19.8334667796574));
#8992=CARTESIAN_POINT('',(12.8423863416874,17.141078581033,19.8482997661597));
#8993=CARTESIAN_POINT('',(12.8724699586975,17.1554926966162,19.8625632258454));
#8994=CARTESIAN_POINT('',(12.9065044080887,17.1721733938586,19.8777805201662));
#8995=CARTESIAN_POINT('',(12.9478875727443,17.1929460294596,19.8949997321717));
#8996=CARTESIAN_POINT('',(12.9967031559348,17.2181146912589,19.9134101517226));
#8997=CARTESIAN_POINT('',(13.0458329613907,17.2440862920084,19.9298818131147));
#8998=CARTESIAN_POINT('',(13.0880716180857,17.2668387920342,19.9425012581473));
#8999=CARTESIAN_POINT('',(13.1232620092892,17.2860346726198,19.9520414940684));
#9000=CARTESIAN_POINT('',(13.1548742872217,17.3034448099477,19.9598766187585));
#9001=CARTESIAN_POINT('',(13.1864543412063,17.3209856272688,19.9669819223332));
#9002=CARTESIAN_POINT('',(13.2179693937153,17.3386219737653,19.9733639529293));
#9003=CARTESIAN_POINT('',(13.2494483282397,17.356354032543,19.9790412579915));
#9004=CARTESIAN_POINT('',(13.2808815724464,17.3741614465613,19.9840227042878));
#9005=CARTESIAN_POINT('',(13.3122837915647,17.3920382853889,19.9883198269147));
#9006=CARTESIAN_POINT('',(13.3436323850807,17.4099579969292,19.9919382811209));
#9007=CARTESIAN_POINT('',(13.3749483903591,17.4279194486347,19.9948882148164));
#9008=CARTESIAN_POINT('',(13.4062337581165,17.4459111201929,19.9971757620522));
#9009=CARTESIAN_POINT('',(13.4375066008042,17.4639311629866,19.9988064813211));
#9010=CARTESIAN_POINT('',(13.468763495566,17.4819655905576,19.9997832958906));
#9011=CARTESIAN_POINT('',(13.4895903385279,17.4939899868896,19.999999993429));
#9012=CARTESIAN_POINT('',(13.5,17.5,20.));
#9013=CARTESIAN_POINT('',(12.3819660112501,15.,19.5));
#9014=CARTESIAN_POINT('',(12.3883920609346,14.9999995619448,19.5071845264477));
#9015=CARTESIAN_POINT('',(12.4014292738276,14.9996888489557,19.5214802239911));
#9016=CARTESIAN_POINT('',(12.4213932273992,14.9983345017549,19.542540037052));
#9017=CARTESIAN_POINT('',(12.4418820903729,14.9961184341312,19.5633305102705));
#9018=CARTESIAN_POINT('',(12.4628555903679,14.9930713289703,19.583798552764));
#9019=CARTESIAN_POINT('',(12.4843443007408,14.9892145644058,19.6039628538554));
#9020=CARTESIAN_POINT('',(12.5063119731833,14.9845782801433,19.6237782696325));
#9021=CARTESIAN_POINT('',(12.528780602219,14.9791799742371,19.6432535042095));
#9022=CARTESIAN_POINT('',(12.5516714109466,14.9730615176463,19.6623120679634));
#9023=CARTESIAN_POINT('',(12.5750346244909,14.9662330574253,19.6809901925668));
#9024=CARTESIAN_POINT('',(12.5988831085108,14.9587096495425,19.6992882002952));
#9025=CARTESIAN_POINT('',(12.6233607518253,14.950458036908,19.7172980345806));
#9026=CARTESIAN_POINT('',(12.6484189943652,14.9415028322941,19.7349602053525));
#9027=CARTESIAN_POINT('',(12.6741671053789,14.9318132365069,19.7523275942373));
#9028=CARTESIAN_POINT('',(12.7005614715705,14.9214117669535,19.7693431587982));
#9029=CARTESIAN_POINT('',(12.7277225100317,14.910255062488,19.7860523216057));
#9030=CARTESIAN_POINT('',(12.7554877008712,14.8984156715951,19.8023250200745));
#9031=CARTESIAN_POINT('',(12.7838805343316,14.8858941427186,19.8181528587958));
#9032=CARTESIAN_POINT('',(12.8128118881439,14.8727416662195,19.8334667796575));
#9033=CARTESIAN_POINT('',(12.8423863416875,14.8589214189669,19.8482997661598));
#9034=CARTESIAN_POINT('',(12.8724699586976,14.8445073033838,19.8625632258454));
#9035=CARTESIAN_POINT('',(12.9065044080888,14.8278266061413,19.8777805201663));
#9036=CARTESIAN_POINT('',(12.9478875727444,14.8070539705403,19.8949997321717));
#9037=CARTESIAN_POINT('',(12.9967031559349,14.781885308741,19.9134101517226));
#9038=CARTESIAN_POINT('',(13.0458329613908,14.7559137079915,19.9298818131148));
#9039=CARTESIAN_POINT('',(13.0880716180859,14.7331612079657,19.9425012581474));
#9040=CARTESIAN_POINT('',(13.1232620092894,14.7139653273801,19.9520414940684));
#9041=CARTESIAN_POINT('',(13.1548742872219,14.6965551900522,19.9598766187585));
#9042=CARTESIAN_POINT('',(13.1864543412064,14.6790143727311,19.9669819223332));
#9043=CARTESIAN_POINT('',(13.2179693937155,14.6613780262346,19.9733639529294));
#9044=CARTESIAN_POINT('',(13.2494483282398,14.6436459674569,19.9790412579915));
#9045=CARTESIAN_POINT('',(13.2808815724465,14.6258385534386,19.9840227042878));
#9046=CARTESIAN_POINT('',(13.3122837915648,14.607961714611,19.9883198269147));
#9047=CARTESIAN_POINT('',(13.3436323850808,14.5900420030708,19.9919382811209));
#9048=CARTESIAN_POINT('',(13.3749483903591,14.5720805513652,19.9948882148164));
#9049=CARTESIAN_POINT('',(13.4062337581166,14.554088879807,19.9971757620522));
#9050=CARTESIAN_POINT('',(13.4375066008043,14.5360688370134,19.9988064813211));
#9051=CARTESIAN_POINT('',(13.468763495566,14.5180344094424,19.9997832958906));
#9052=CARTESIAN_POINT('',(13.4895903385279,14.5060100131104,19.999999993429));
#9053=CARTESIAN_POINT('',(13.5,14.5,20.));
#9054=CARTESIAN_POINT('',(-12.3819660112501,-3.,19.5));
#9055=CARTESIAN_POINT('',(-12.3883920609346,-2.9999995619448,19.5071845264477));
#9056=CARTESIAN_POINT('',(-12.4014292738276,-2.99968884895568,19.5214802239911));
#9057=CARTESIAN_POINT('',(-12.4213932273992,-2.9983345017549,19.542540037052));
#9058=CARTESIAN_POINT('',(-12.4418820903729,-2.99611843413116,19.5633305102705));
#9059=CARTESIAN_POINT('',(-12.4628555903679,-2.9930713289703,19.583798552764));
#9060=CARTESIAN_POINT('',(-12.4843443007408,-2.98921456440577,19.6039628538554));
#9061=CARTESIAN_POINT('',(-12.5063119731833,-2.98457828014334,19.6237782696326));
#9062=CARTESIAN_POINT('',(-12.528780602219,-2.97917997423705,19.6432535042095));
#9063=CARTESIAN_POINT('',(-12.5516714109466,-2.97306151764628,19.6623120679634));
#9064=CARTESIAN_POINT('',(-12.5750346244909,-2.96623305742535,19.6809901925668));
#9065=CARTESIAN_POINT('',(-12.5988831085108,-2.95870964954249,19.6992882002952));
#9066=CARTESIAN_POINT('',(-12.6233607518253,-2.95045803690798,19.7172980345807));
#9067=CARTESIAN_POINT('',(-12.6484189943652,-2.94150283229415,19.7349602053525));
#9068=CARTESIAN_POINT('',(-12.6741671053789,-2.9318132365069,19.7523275942373));
#9069=CARTESIAN_POINT('',(-12.7005614715705,-2.92141176695354,19.7693431587982));
#9070=CARTESIAN_POINT('',(-12.7277225100317,-2.91025506248799,19.7860523216056));
#9071=CARTESIAN_POINT('',(-12.7554877008712,-2.89841567159509,19.8023250200746));
#9072=CARTESIAN_POINT('',(-12.7838805343316,-2.88589414271858,19.8181528587958));
#9073=CARTESIAN_POINT('',(-12.8128118881439,-2.87274166621947,19.8334667796575));
#9074=CARTESIAN_POINT('',(-12.8423863416875,-2.8589214189669,19.8482997661598));
#9075=CARTESIAN_POINT('',(-12.8724699586976,-2.84450730338376,19.8625632258454));
#9076=CARTESIAN_POINT('',(-12.9065044080888,-2.82782660614133,19.8777805201663));
#9077=CARTESIAN_POINT('',(-12.9478875727444,-2.80705397054031,19.8949997321717));
#9078=CARTESIAN_POINT('',(-12.996703155935,-2.78188530874101,19.9134101517227));
#9079=CARTESIAN_POINT('',(-13.0458329613908,-2.75591370799148,19.9298818131148));
#9080=CARTESIAN_POINT('',(-13.0880716180859,-2.73316120796573,19.9425012581474));
#9081=CARTESIAN_POINT('',(-13.1232620092894,-2.71396532738007,19.9520414940684));
#9082=CARTESIAN_POINT('',(-13.1548742872219,-2.69655519005225,19.9598766187585));
#9083=CARTESIAN_POINT('',(-13.1864543412064,-2.67901437273106,19.9669819223332));
#9084=CARTESIAN_POINT('',(-13.2179693937155,-2.66137802623461,19.9733639529293));
#9085=CARTESIAN_POINT('',(-13.2494483282398,-2.64364596745686,19.9790412579916));
#9086=CARTESIAN_POINT('',(-13.2808815724465,-2.62583855343865,19.9840227042878));
#9087=CARTESIAN_POINT('',(-13.3122837915648,-2.60796171461096,19.9883198269147));
#9088=CARTESIAN_POINT('',(-13.3436323850808,-2.59004200307078,19.9919382811209));
#9089=CARTESIAN_POINT('',(-13.3749483903591,-2.57208055136523,19.9948882148164));
#9090=CARTESIAN_POINT('',(-13.4062337581165,-2.55408887980699,19.9971757620522));
#9091=CARTESIAN_POINT('',(-13.4375066008043,-2.53606883701346,19.9988064813211));
#9092=CARTESIAN_POINT('',(-13.4687634955659,-2.5180344094423,19.9997832958906));
#9093=CARTESIAN_POINT('',(-13.4895903385278,-2.50601001311035,19.999999993429));
#9094=CARTESIAN_POINT('',(-13.5,-2.5,20.));
#9095=CARTESIAN_POINT('',(-12.3819660112501,-5.,19.5));
#9096=CARTESIAN_POINT('',(-12.3883920609346,-5.0000004380552,19.5071845264477));
#9097=CARTESIAN_POINT('',(-12.4014292738276,-5.00031115104432,19.5214802239911));
#9098=CARTESIAN_POINT('',(-12.4213932273992,-5.00166549824511,19.542540037052));
#9099=CARTESIAN_POINT('',(-12.4418820903729,-5.00388156586884,19.5633305102705));
#9100=CARTESIAN_POINT('',(-12.4628555903679,-5.0069286710297,19.583798552764));
#9101=CARTESIAN_POINT('',(-12.4843443007408,-5.01078543559424,19.6039628538554));
#9102=CARTESIAN_POINT('',(-12.5063119731833,-5.01542171985666,19.6237782696326));
#9103=CARTESIAN_POINT('',(-12.528780602219,-5.02082002576295,19.6432535042095));
#9104=CARTESIAN_POINT('',(-12.5516714109466,-5.02693848235372,19.6623120679634));
#9105=CARTESIAN_POINT('',(-12.5750346244909,-5.03376694257465,19.6809901925668));
#9106=CARTESIAN_POINT('',(-12.5988831085108,-5.04129035045751,19.6992882002952));
#9107=CARTESIAN_POINT('',(-12.6233607518253,-5.04954196309201,19.7172980345807));
#9108=CARTESIAN_POINT('',(-12.6484189943652,-5.05849716770585,19.7349602053525));
#9109=CARTESIAN_POINT('',(-12.6741671053788,-5.0681867634931,19.7523275942373));
#9110=CARTESIAN_POINT('',(-12.7005614715705,-5.07858823304646,19.7693431587982));
#9111=CARTESIAN_POINT('',(-12.7277225100317,-5.08974493751201,19.7860523216057));
#9112=CARTESIAN_POINT('',(-12.7554877008712,-5.10158432840491,19.8023250200745));
#9113=CARTESIAN_POINT('',(-12.7838805343316,-5.11410585728143,19.8181528587958));
#9114=CARTESIAN_POINT('',(-12.8128118881439,-5.12725833378053,19.8334667796575));
#9115=CARTESIAN_POINT('',(-12.8423863416875,-5.14107858103311,19.8482997661598));
#9116=CARTESIAN_POINT('',(-12.8724699586976,-5.15549269661624,19.8625632258454));
#9117=CARTESIAN_POINT('',(-12.9065044080888,-5.17217339385866,19.8777805201663));
#9118=CARTESIAN_POINT('',(-12.9478875727444,-5.19294602945969,19.8949997321717));
#9119=CARTESIAN_POINT('',(-12.9967031559349,-5.21811469125899,19.9134101517227));
#9120=CARTESIAN_POINT('',(-13.0458329613908,-5.24408629200851,19.9298818131148));
#9121=CARTESIAN_POINT('',(-13.0880716180859,-5.26683879203426,19.9425012581474));
#9122=CARTESIAN_POINT('',(-13.1232620092894,-5.28603467261993,19.9520414940684));
#9123=CARTESIAN_POINT('',(-13.1548742872219,-5.30344480994776,19.9598766187585));
#9124=CARTESIAN_POINT('',(-13.1864543412064,-5.32098562726892,19.9669819223332));
#9125=CARTESIAN_POINT('',(-13.2179693937155,-5.33862197376539,19.9733639529294));
#9126=CARTESIAN_POINT('',(-13.2494483282398,-5.35635403254312,19.9790412579915));
#9127=CARTESIAN_POINT('',(-13.2808815724465,-5.37416144656136,19.9840227042878));
#9128=CARTESIAN_POINT('',(-13.3122837915648,-5.39203828538901,19.9883198269147));
#9129=CARTESIAN_POINT('',(-13.3436323850808,-5.40995799692922,19.9919382811209));
#9130=CARTESIAN_POINT('',(-13.3749483903591,-5.42791944863476,19.9948882148164));
#9131=CARTESIAN_POINT('',(-13.4062337581165,-5.445911120193,19.9971757620522));
#9132=CARTESIAN_POINT('',(-13.4375066008043,-5.46393116298654,19.998806481321));
#9133=CARTESIAN_POINT('',(-13.4687634955659,-5.48196559055769,19.9997832958906));
#9134=CARTESIAN_POINT('',(-13.4895903385278,-5.49398998688964,19.999999993429));
#9135=CARTESIAN_POINT('',(-13.5,-5.5,20.));
#9136=CARTESIAN_POINT('',(12.3819660112501,-3.,19.5));
#9137=CARTESIAN_POINT('',(12.3883920609346,-2.9999995619448,19.5071845264477));
#9138=CARTESIAN_POINT('',(12.4014292738276,-2.99968884895568,19.5214802239911));
#9139=CARTESIAN_POINT('',(12.4213932273992,-2.9983345017549,19.542540037052));
#9140=CARTESIAN_POINT('',(12.4418820903729,-2.99611843413116,19.5633305102705));
#9141=CARTESIAN_POINT('',(12.4628555903679,-2.9930713289703,19.583798552764));
#9142=CARTESIAN_POINT('',(12.4843443007408,-2.98921456440577,19.6039628538554));
#9143=CARTESIAN_POINT('',(12.5063119731833,-2.98457828014334,19.6237782696326));
#9144=CARTESIAN_POINT('',(12.528780602219,-2.97917997423705,19.6432535042095));
#9145=CARTESIAN_POINT('',(12.5516714109466,-2.97306151764628,19.6623120679634));
#9146=CARTESIAN_POINT('',(12.5750346244909,-2.96623305742535,19.6809901925668));
#9147=CARTESIAN_POINT('',(12.5988831085108,-2.95870964954249,19.6992882002952));
#9148=CARTESIAN_POINT('',(12.6233607518253,-2.95045803690799,19.7172980345807));
#9149=CARTESIAN_POINT('',(12.6484189943652,-2.94150283229415,19.7349602053525));
#9150=CARTESIAN_POINT('',(12.6741671053789,-2.9318132365069,19.7523275942373));
#9151=CARTESIAN_POINT('',(12.7005614715705,-2.92141176695354,19.7693431587982));
#9152=CARTESIAN_POINT('',(12.7277225100317,-2.91025506248799,19.7860523216057));
#9153=CARTESIAN_POINT('',(12.7554877008713,-2.89841567159509,19.8023250200746));
#9154=CARTESIAN_POINT('',(12.7838805343316,-2.88589414271857,19.8181528587958));
#9155=CARTESIAN_POINT('',(12.8128118881439,-2.87274166621947,19.8334667796575));
#9156=CARTESIAN_POINT('',(12.8423863416876,-2.85892141896689,19.8482997661598));
#9157=CARTESIAN_POINT('',(12.8724699586976,-2.84450730338376,19.8625632258454));
#9158=CARTESIAN_POINT('',(12.9065044080889,-2.82782660614133,19.8777805201663));
#9159=CARTESIAN_POINT('',(12.9478875727444,-2.80705397054031,19.8949997321718));
#9160=CARTESIAN_POINT('',(12.996703155935,-2.781885308741,19.9134101517227));
#9161=CARTESIAN_POINT('',(13.0458329613909,-2.75591370799148,19.9298818131148));
#9162=CARTESIAN_POINT('',(13.0880716180859,-2.73316120796573,19.9425012581474));
#9163=CARTESIAN_POINT('',(13.1232620092894,-2.71396532738006,19.9520414940684));
#9164=CARTESIAN_POINT('',(13.1548742872219,-2.69655519005223,19.9598766187585));
#9165=CARTESIAN_POINT('',(13.1864543412065,-2.67901437273107,19.9669819223332));
#9166=CARTESIAN_POINT('',(13.2179693937155,-2.66137802623458,19.9733639529294));
#9167=CARTESIAN_POINT('',(13.2494483282399,-2.64364596745686,19.9790412579916));
#9168=CARTESIAN_POINT('',(13.2808815724465,-2.62583855343862,19.9840227042878));
#9169=CARTESIAN_POINT('',(13.3122837915648,-2.60796171461098,19.9883198269147));
#9170=CARTESIAN_POINT('',(13.3436323850809,-2.59004200307076,19.9919382811209));
#9171=CARTESIAN_POINT('',(13.3749483903592,-2.57208055136522,19.9948882148164));
#9172=CARTESIAN_POINT('',(13.4062337581166,-2.55408887980703,19.9971757620522));
#9173=CARTESIAN_POINT('',(13.4375066008043,-2.53606883701341,19.9988064813211));
#9174=CARTESIAN_POINT('',(13.468763495566,-2.51803440944239,19.9997832958906));
#9175=CARTESIAN_POINT('',(13.4895903385279,-2.50601001311043,19.999999993429));
#9176=CARTESIAN_POINT('',(13.5,-2.5,20.));
#9177=CARTESIAN_POINT('',(12.3819660112501,-5.,19.5));
#9178=CARTESIAN_POINT('',(12.3883920609346,-5.0000004380552,19.5071845264477));
#9179=CARTESIAN_POINT('',(12.4014292738276,-5.00031115104432,19.5214802239911));
#9180=CARTESIAN_POINT('',(12.4213932273992,-5.0016654982451,19.542540037052));
#9181=CARTESIAN_POINT('',(12.4418820903729,-5.00388156586885,19.5633305102705));
#9182=CARTESIAN_POINT('',(12.4628555903679,-5.0069286710297,19.583798552764));
#9183=CARTESIAN_POINT('',(12.4843443007408,-5.01078543559424,19.6039628538554));
#9184=CARTESIAN_POINT('',(12.5063119731833,-5.01542171985666,19.6237782696326));
#9185=CARTESIAN_POINT('',(12.5287806022191,-5.02082002576296,19.6432535042095));
#9186=CARTESIAN_POINT('',(12.5516714109466,-5.02693848235373,19.6623120679634));
#9187=CARTESIAN_POINT('',(12.5750346244909,-5.03376694257466,19.6809901925668));
#9188=CARTESIAN_POINT('',(12.5988831085108,-5.04129035045752,19.6992882002952));
#9189=CARTESIAN_POINT('',(12.6233607518253,-5.04954196309203,19.7172980345807));
#9190=CARTESIAN_POINT('',(12.6484189943652,-5.05849716770586,19.7349602053526));
#9191=CARTESIAN_POINT('',(12.6741671053789,-5.06818676349311,19.7523275942373));
#9192=CARTESIAN_POINT('',(12.7005614715705,-5.07858823304648,19.7693431587982));
#9193=CARTESIAN_POINT('',(12.7277225100317,-5.08974493751202,19.7860523216057));
#9194=CARTESIAN_POINT('',(12.7554877008713,-5.10158432840493,19.8023250200746));
#9195=CARTESIAN_POINT('',(12.7838805343317,-5.11410585728144,19.8181528587959));
#9196=CARTESIAN_POINT('',(12.812811888144,-5.12725833378055,19.8334667796575));
#9197=CARTESIAN_POINT('',(12.8423863416876,-5.14107858103313,19.8482997661598));
#9198=CARTESIAN_POINT('',(12.8724699586977,-5.15549269661627,19.8625632258455));
#9199=CARTESIAN_POINT('',(12.9065044080889,-5.17217339385869,19.8777805201663));
#9200=CARTESIAN_POINT('',(12.9478875727445,-5.19294602945971,19.8949997321718));
#9201=CARTESIAN_POINT('',(12.996703155935,-5.21811469125903,19.9134101517227));
#9202=CARTESIAN_POINT('',(13.0458329613909,-5.24408629200854,19.9298818131148));
#9203=CARTESIAN_POINT('',(13.088071618086,-5.2668387920343,19.9425012581474));
#9204=CARTESIAN_POINT('',(13.1232620092895,-5.28603467261996,19.9520414940684));
#9205=CARTESIAN_POINT('',(13.154874287222,-5.30344480994779,19.9598766187585));
#9206=CARTESIAN_POINT('',(13.1864543412065,-5.32098562726896,19.9669819223332));
#9207=CARTESIAN_POINT('',(13.2179693937155,-5.33862197376544,19.9733639529294));
#9208=CARTESIAN_POINT('',(13.2494483282399,-5.35635403254316,19.9790412579916));
#9209=CARTESIAN_POINT('',(13.2808815724465,-5.37416144656139,19.9840227042878));
#9210=CARTESIAN_POINT('',(13.3122837915649,-5.39203828538905,19.9883198269147));
#9211=CARTESIAN_POINT('',(13.3436323850809,-5.40995799692924,19.9919382811209));
#9212=CARTESIAN_POINT('',(13.3749483903592,-5.42791944863481,19.9948882148164));
#9213=CARTESIAN_POINT('',(13.4062337581166,-5.44591112019298,19.9971757620522));
#9214=CARTESIAN_POINT('',(13.4375066008043,-5.4639311629866,19.9988064813211));
#9215=CARTESIAN_POINT('',(13.468763495566,-5.48196559055764,19.9997832958906));
#9216=CARTESIAN_POINT('',(13.4895903385279,-5.49398998688959,19.999999993429));
#9217=CARTESIAN_POINT('',(13.5,-5.5,20.));
#9218=CARTESIAN_POINT('',(-12.3819660112501,-7.,19.5));
#9219=CARTESIAN_POINT('',(-12.3883920609346,-6.9999995619448,19.5071845264477));
#9220=CARTESIAN_POINT('',(-12.4014292738276,-6.99968884895568,19.5214802239911));
#9221=CARTESIAN_POINT('',(-12.4213932273992,-6.9983345017549,19.542540037052));
#9222=CARTESIAN_POINT('',(-12.4418820903729,-6.99611843413116,19.5633305102705));
#9223=CARTESIAN_POINT('',(-12.4628555903679,-6.9930713289703,19.583798552764));
#9224=CARTESIAN_POINT('',(-12.4843443007408,-6.98921456440577,19.6039628538554));
#9225=CARTESIAN_POINT('',(-12.5063119731833,-6.98457828014334,19.6237782696325));
#9226=CARTESIAN_POINT('',(-12.528780602219,-6.97917997423705,19.6432535042095));
#9227=CARTESIAN_POINT('',(-12.5516714109466,-6.97306151764628,19.6623120679634));
#9228=CARTESIAN_POINT('',(-12.5750346244909,-6.96623305742535,19.6809901925668));
#9229=CARTESIAN_POINT('',(-12.5988831085108,-6.95870964954249,19.6992882002952));
#9230=CARTESIAN_POINT('',(-12.6233607518253,-6.95045803690799,19.7172980345807));
#9231=CARTESIAN_POINT('',(-12.6484189943652,-6.94150283229416,19.7349602053525));
#9232=CARTESIAN_POINT('',(-12.6741671053788,-6.93181323650691,19.7523275942373));
#9233=CARTESIAN_POINT('',(-12.7005614715705,-6.92141176695354,19.7693431587982));
#9234=CARTESIAN_POINT('',(-12.7277225100317,-6.91025506248801,19.7860523216057));
#9235=CARTESIAN_POINT('',(-12.7554877008712,-6.8984156715951,19.8023250200745));
#9236=CARTESIAN_POINT('',(-12.7838805343316,-6.88589414271859,19.8181528587958));
#9237=CARTESIAN_POINT('',(-12.8128118881439,-6.87274166621949,19.8334667796575));
#9238=CARTESIAN_POINT('',(-12.8423863416875,-6.85892141896691,19.8482997661597));
#9239=CARTESIAN_POINT('',(-12.8724699586976,-6.84450730338378,19.8625632258454));
#9240=CARTESIAN_POINT('',(-12.9065044080888,-6.82782660614136,19.8777805201662));
#9241=CARTESIAN_POINT('',(-12.9478875727444,-6.80705397054034,19.8949997321717));
#9242=CARTESIAN_POINT('',(-12.9967031559349,-6.78188530874103,19.9134101517227));
#9243=CARTESIAN_POINT('',(-13.0458329613908,-6.75591370799152,19.9298818131148));
#9244=CARTESIAN_POINT('',(-13.0880716180859,-6.73316120796575,19.9425012581474));
#9245=CARTESIAN_POINT('',(-13.1232620092894,-6.7139653273801,19.9520414940684));
#9246=CARTESIAN_POINT('',(-13.1548742872219,-6.69655519005226,19.9598766187585));
#9247=CARTESIAN_POINT('',(-13.1864543412064,-6.6790143727311,19.9669819223332));
#9248=CARTESIAN_POINT('',(-13.2179693937155,-6.66137802623462,19.9733639529293));
#9249=CARTESIAN_POINT('',(-13.2494483282398,-6.64364596745687,19.9790412579915));
#9250=CARTESIAN_POINT('',(-13.2808815724465,-6.62583855343866,19.9840227042878));
#9251=CARTESIAN_POINT('',(-13.3122837915648,-6.60796171461098,19.9883198269147));
#9252=CARTESIAN_POINT('',(-13.3436323850808,-6.5900420030708,19.9919382811209));
#9253=CARTESIAN_POINT('',(-13.3749483903591,-6.57208055136523,19.9948882148164));
#9254=CARTESIAN_POINT('',(-13.4062337581165,-6.55408887980705,19.9971757620522));
#9255=CARTESIAN_POINT('',(-13.4375066008043,-6.53606883701343,19.9988064813211));
#9256=CARTESIAN_POINT('',(-13.468763495566,-6.51803440944241,19.9997832958906));
#9257=CARTESIAN_POINT('',(-13.4895903385279,-6.50601001311044,19.999999993429));
#9258=CARTESIAN_POINT('',(-13.5,-6.5,20.));
#9259=CARTESIAN_POINT('',(-12.3819660112501,-9.,19.5));
#9260=CARTESIAN_POINT('',(-12.3883920609346,-9.0000004380552,19.5071845264477));
#9261=CARTESIAN_POINT('',(-12.4014292738276,-9.00031115104432,19.5214802239911));
#9262=CARTESIAN_POINT('',(-12.4213932273992,-9.0016654982451,19.542540037052));
#9263=CARTESIAN_POINT('',(-12.4418820903729,-9.00388156586884,19.5633305102704));
#9264=CARTESIAN_POINT('',(-12.4628555903679,-9.0069286710297,19.583798552764));
#9265=CARTESIAN_POINT('',(-12.4843443007408,-9.01078543559423,19.6039628538554));
#9266=CARTESIAN_POINT('',(-12.5063119731833,-9.01542171985665,19.6237782696325));
#9267=CARTESIAN_POINT('',(-12.528780602219,-9.02082002576295,19.6432535042095));
#9268=CARTESIAN_POINT('',(-12.5516714109466,-9.02693848235371,19.6623120679634));
#9269=CARTESIAN_POINT('',(-12.5750346244909,-9.03376694257464,19.6809901925668));
#9270=CARTESIAN_POINT('',(-12.5988831085108,-9.0412903504575,19.6992882002952));
#9271=CARTESIAN_POINT('',(-12.6233607518252,-9.049541963092,19.7172980345806));
#9272=CARTESIAN_POINT('',(-12.6484189943651,-9.05849716770583,19.7349602053525));
#9273=CARTESIAN_POINT('',(-12.6741671053788,-9.06818676349307,19.7523275942373));
#9274=CARTESIAN_POINT('',(-12.7005614715704,-9.07858823304643,19.7693431587982));
#9275=CARTESIAN_POINT('',(-12.7277225100316,-9.08974493751198,19.7860523216056));
#9276=CARTESIAN_POINT('',(-12.7554877008712,-9.10158432840488,19.8023250200745));
#9277=CARTESIAN_POINT('',(-12.7838805343315,-9.11410585728138,19.8181528587958));
#9278=CARTESIAN_POINT('',(-12.8128118881438,-9.12725833378048,19.8334667796574));
#9279=CARTESIAN_POINT('',(-12.8423863416874,-9.14107858103305,19.8482997661597));
#9280=CARTESIAN_POINT('',(-12.8724699586975,-9.15549269661619,19.8625632258454));
#9281=CARTESIAN_POINT('',(-12.9065044080887,-9.1721733938586,19.8777805201662));
#9282=CARTESIAN_POINT('',(-12.9478875727443,-9.19294602945962,19.8949997321717));
#9283=CARTESIAN_POINT('',(-12.9967031559348,-9.21811469125892,19.9134101517226));
#9284=CARTESIAN_POINT('',(-13.0458329613907,-9.24408629200843,19.9298818131147));
#9285=CARTESIAN_POINT('',(-13.0880716180857,-9.26683879203418,19.9425012581474));
#9286=CARTESIAN_POINT('',(-13.1232620092892,-9.28603467261985,19.9520414940684));
#9287=CARTESIAN_POINT('',(-13.1548742872218,-9.30344480994768,19.9598766187585));
#9288=CARTESIAN_POINT('',(-13.1864543412063,-9.32098562726884,19.9669819223332));
#9289=CARTESIAN_POINT('',(-13.2179693937154,-9.33862197376532,19.9733639529293));
#9290=CARTESIAN_POINT('',(-13.2494483282397,-9.35635403254308,19.9790412579915));
#9291=CARTESIAN_POINT('',(-13.2808815724464,-9.3741614465613,19.9840227042878));
#9292=CARTESIAN_POINT('',(-13.3122837915647,-9.39203828538897,19.9883198269147));
#9293=CARTESIAN_POINT('',(-13.3436323850808,-9.40995799692917,19.9919382811209));
#9294=CARTESIAN_POINT('',(-13.3749483903591,-9.42791944863474,19.9948882148164));
#9295=CARTESIAN_POINT('',(-13.4062337581165,-9.44591112019297,19.9971757620522));
#9296=CARTESIAN_POINT('',(-13.4375066008042,-9.46393116298656,19.9988064813211));
#9297=CARTESIAN_POINT('',(-13.468763495566,-9.4819655905576,19.9997832958906));
#9298=CARTESIAN_POINT('',(-13.4895903385279,-9.49398998688958,19.999999993429));
#9299=CARTESIAN_POINT('',(-13.5,-9.5,20.));
#9300=CARTESIAN_POINT('',(12.3819660112501,-7.,19.5));
#9301=CARTESIAN_POINT('',(12.3883920609346,-6.9999995619448,19.5071845264477));
#9302=CARTESIAN_POINT('',(12.4014292738276,-6.99968884895568,19.5214802239911));
#9303=CARTESIAN_POINT('',(12.4213932273992,-6.9983345017549,19.542540037052));
#9304=CARTESIAN_POINT('',(12.4418820903729,-6.99611843413116,19.5633305102704));
#9305=CARTESIAN_POINT('',(12.4628555903679,-6.9930713289703,19.583798552764));
#9306=CARTESIAN_POINT('',(12.4843443007408,-6.98921456440577,19.6039628538554));
#9307=CARTESIAN_POINT('',(12.5063119731834,-6.98457828014334,19.6237782696326));
#9308=CARTESIAN_POINT('',(12.5287806022191,-6.97917997423705,19.6432535042095));
#9309=CARTESIAN_POINT('',(12.5516714109466,-6.97306151764627,19.6623120679634));
#9310=CARTESIAN_POINT('',(12.5750346244909,-6.96623305742534,19.6809901925668));
#9311=CARTESIAN_POINT('',(12.5988831085108,-6.95870964954248,19.6992882002952));
#9312=CARTESIAN_POINT('',(12.6233607518253,-6.95045803690797,19.7172980345807));
#9313=CARTESIAN_POINT('',(12.6484189943652,-6.94150283229415,19.7349602053526));
#9314=CARTESIAN_POINT('',(12.6741671053789,-6.93181323650689,19.7523275942373));
#9315=CARTESIAN_POINT('',(12.7005614715705,-6.92141176695352,19.7693431587982));
#9316=CARTESIAN_POINT('',(12.7277225100317,-6.91025506248798,19.7860523216057));
#9317=CARTESIAN_POINT('',(12.7554877008713,-6.89841567159507,19.8023250200746));
#9318=CARTESIAN_POINT('',(12.7838805343317,-6.88589414271855,19.8181528587959));
#9319=CARTESIAN_POINT('',(12.812811888144,-6.87274166621944,19.8334667796575));
#9320=CARTESIAN_POINT('',(12.8423863416876,-6.85892141896686,19.8482997661598));
#9321=CARTESIAN_POINT('',(12.8724699586977,-6.84450730338372,19.8625632258455));
#9322=CARTESIAN_POINT('',(12.9065044080889,-6.8278266061413,19.8777805201663));
#9323=CARTESIAN_POINT('',(12.9478875727445,-6.80705397054028,19.8949997321718));
#9324=CARTESIAN_POINT('',(12.9967031559351,-6.78188530874097,19.9134101517227));
#9325=CARTESIAN_POINT('',(13.0458329613909,-6.75591370799144,19.9298818131148));
#9326=CARTESIAN_POINT('',(13.088071618086,-6.7331612079657,19.9425012581474));
#9327=CARTESIAN_POINT('',(13.1232620092895,-6.71396532738003,19.9520414940684));
#9328=CARTESIAN_POINT('',(13.154874287222,-6.69655519005221,19.9598766187585));
#9329=CARTESIAN_POINT('',(13.1864543412065,-6.67901437273103,19.9669819223332));
#9330=CARTESIAN_POINT('',(13.2179693937156,-6.66137802623457,19.9733639529294));
#9331=CARTESIAN_POINT('',(13.2494483282399,-6.64364596745683,19.9790412579916));
#9332=CARTESIAN_POINT('',(13.2808815724466,-6.62583855343863,19.9840227042878));
#9333=CARTESIAN_POINT('',(13.3122837915649,-6.60796171461097,19.9883198269147));
#9334=CARTESIAN_POINT('',(13.3436323850809,-6.59004200307076,19.9919382811209));
#9335=CARTESIAN_POINT('',(13.3749483903592,-6.57208055136524,19.9948882148164));
#9336=CARTESIAN_POINT('',(13.4062337581166,-6.55408887980703,19.9971757620522));
#9337=CARTESIAN_POINT('',(13.4375066008043,-6.5360688370135,19.9988064813211));
#9338=CARTESIAN_POINT('',(13.4687634955661,-6.51803440944265,19.9997832958906));
#9339=CARTESIAN_POINT('',(13.4895903385279,-6.50601001311058,19.999999993429));
#9340=CARTESIAN_POINT('',(13.5,-6.5,20.));
#9341=CARTESIAN_POINT('',(12.3819660112501,-9.,19.5));
#9342=CARTESIAN_POINT('',(12.3883920609346,-9.0000004380552,19.5071845264477));
#9343=CARTESIAN_POINT('',(12.4014292738276,-9.00031115104432,19.5214802239911));
#9344=CARTESIAN_POINT('',(12.4213932273992,-9.0016654982451,19.542540037052));
#9345=CARTESIAN_POINT('',(12.4418820903729,-9.00388156586885,19.5633305102705));
#9346=CARTESIAN_POINT('',(12.4628555903679,-9.0069286710297,19.583798552764));
#9347=CARTESIAN_POINT('',(12.4843443007408,-9.01078543559424,19.6039628538554));
#9348=CARTESIAN_POINT('',(12.5063119731834,-9.01542171985666,19.6237782696326));
#9349=CARTESIAN_POINT('',(12.5287806022191,-9.02082002576296,19.6432535042095));
#9350=CARTESIAN_POINT('',(12.5516714109467,-9.02693848235373,19.6623120679634));
#9351=CARTESIAN_POINT('',(12.5750346244909,-9.03376694257467,19.6809901925668));
#9352=CARTESIAN_POINT('',(12.5988831085109,-9.04129035045753,19.6992882002952));
#9353=CARTESIAN_POINT('',(12.6233607518253,-9.04954196309203,19.7172980345807));
#9354=CARTESIAN_POINT('',(12.6484189943653,-9.05849716770587,19.7349602053526));
#9355=CARTESIAN_POINT('',(12.6741671053789,-9.06818676349312,19.7523275942374));
#9356=CARTESIAN_POINT('',(12.7005614715706,-9.0785882330465,19.7693431587982));
#9357=CARTESIAN_POINT('',(12.7277225100318,-9.08974493751204,19.7860523216057));
#9358=CARTESIAN_POINT('',(12.7554877008714,-9.10158432840495,19.8023250200746));
#9359=CARTESIAN_POINT('',(12.7838805343317,-9.11410585728147,19.8181528587959));
#9360=CARTESIAN_POINT('',(12.812811888144,-9.12725833378058,19.8334667796575));
#9361=CARTESIAN_POINT('',(12.8423863416877,-9.14107858103316,19.8482997661598));
#9362=CARTESIAN_POINT('',(12.8724699586978,-9.15549269661631,19.8625632258455));
#9363=CARTESIAN_POINT('',(12.906504408089,-9.17217339385873,19.8777805201663));
#9364=CARTESIAN_POINT('',(12.9478875727446,-9.19294602945977,19.8949997321718));
#9365=CARTESIAN_POINT('',(12.9967031559351,-9.21811469125907,19.9134101517227));
#9366=CARTESIAN_POINT('',(13.045832961391,-9.2440862920086,19.9298818131148));
#9367=CARTESIAN_POINT('',(13.0880716180861,-9.26683879203435,19.9425012581475));
#9368=CARTESIAN_POINT('',(13.1232620092896,-9.28603467262001,19.9520414940685));
#9369=CARTESIAN_POINT('',(13.1548742872221,-9.30344480994783,19.9598766187586));
#9370=CARTESIAN_POINT('',(13.1864543412066,-9.32098562726901,19.9669819223333));
#9371=CARTESIAN_POINT('',(13.2179693937157,-9.33862197376547,19.9733639529294));
#9372=CARTESIAN_POINT('',(13.24944832824,-9.3563540325432,19.9790412579916));
#9373=CARTESIAN_POINT('',(13.2808815724466,-9.37416144656143,19.9840227042878));
#9374=CARTESIAN_POINT('',(13.3122837915649,-9.39203828538906,19.9883198269147));
#9375=CARTESIAN_POINT('',(13.343632385081,-9.40995799692925,19.9919382811209));
#9376=CARTESIAN_POINT('',(13.3749483903592,-9.42791944863479,19.9948882148164));
#9377=CARTESIAN_POINT('',(13.4062337581166,-9.44591112019296,19.9971757620522));
#9378=CARTESIAN_POINT('',(13.4375066008044,-9.4639311629865,19.998806481321));
#9379=CARTESIAN_POINT('',(13.4687634955661,-9.48196559055746,19.9997832958906));
#9380=CARTESIAN_POINT('',(13.4895903385279,-9.4939899868895,19.999999993429));
#9381=CARTESIAN_POINT('',(13.5,-9.5,20.));
#9382=CARTESIAN_POINT('',(-12.3819660112501,-11.,19.5));
#9383=CARTESIAN_POINT('',(-12.3883920609346,-10.9999995619448,19.5071845264477));
#9384=CARTESIAN_POINT('',(-12.4014292738276,-10.9996888489557,19.5214802239911));
#9385=CARTESIAN_POINT('',(-12.4213932273992,-10.9983345017549,19.542540037052));
#9386=CARTESIAN_POINT('',(-12.4418820903729,-10.9961184341312,19.5633305102705));
#9387=CARTESIAN_POINT('',(-12.4628555903679,-10.9930713289703,19.583798552764));
#9388=CARTESIAN_POINT('',(-12.4843443007408,-10.9892145644058,19.6039628538554));
#9389=CARTESIAN_POINT('',(-12.5063119731833,-10.9845782801433,19.6237782696325));
#9390=CARTESIAN_POINT('',(-12.528780602219,-10.979179974237,19.6432535042095));
#9391=CARTESIAN_POINT('',(-12.5516714109466,-10.9730615176463,19.6623120679634));
#9392=CARTESIAN_POINT('',(-12.5750346244909,-10.9662330574254,19.6809901925668));
#9393=CARTESIAN_POINT('',(-12.5988831085108,-10.9587096495425,19.6992882002952));
#9394=CARTESIAN_POINT('',(-12.6233607518253,-10.950458036908,19.7172980345806));
#9395=CARTESIAN_POINT('',(-12.6484189943652,-10.9415028322942,19.7349602053525));
#9396=CARTESIAN_POINT('',(-12.6741671053788,-10.9318132365069,19.7523275942373));
#9397=CARTESIAN_POINT('',(-12.7005614715705,-10.9214117669536,19.7693431587982));
#9398=CARTESIAN_POINT('',(-12.7277225100316,-10.910255062488,19.7860523216056));
#9399=CARTESIAN_POINT('',(-12.7554877008712,-10.8984156715951,19.8023250200745));
#9400=CARTESIAN_POINT('',(-12.7838805343316,-10.8858941427186,19.8181528587958));
#9401=CARTESIAN_POINT('',(-12.8128118881439,-10.8727416662195,19.8334667796575));
#9402=CARTESIAN_POINT('',(-12.8423863416875,-10.8589214189669,19.8482997661597));
#9403=CARTESIAN_POINT('',(-12.8724699586976,-10.8445073033838,19.8625632258454));
#9404=CARTESIAN_POINT('',(-12.9065044080888,-10.8278266061414,19.8777805201663));
#9405=CARTESIAN_POINT('',(-12.9478875727444,-10.8070539705403,19.8949997321717));
#9406=CARTESIAN_POINT('',(-12.9967031559349,-10.781885308741,19.9134101517227));
#9407=CARTESIAN_POINT('',(-13.0458329613908,-10.7559137079915,19.9298818131148));
#9408=CARTESIAN_POINT('',(-13.0880716180859,-10.7331612079658,19.9425012581474));
#9409=CARTESIAN_POINT('',(-13.1232620092894,-10.7139653273801,19.9520414940684));
#9410=CARTESIAN_POINT('',(-13.1548742872219,-10.6965551900523,19.9598766187585));
#9411=CARTESIAN_POINT('',(-13.1864543412064,-10.6790143727311,19.9669819223332));
#9412=CARTESIAN_POINT('',(-13.2179693937155,-10.6613780262346,19.9733639529293));
#9413=CARTESIAN_POINT('',(-13.2494483282398,-10.6436459674569,19.9790412579916));
#9414=CARTESIAN_POINT('',(-13.2808815724465,-10.6258385534387,19.9840227042878));
#9415=CARTESIAN_POINT('',(-13.3122837915648,-10.607961714611,19.9883198269147));
#9416=CARTESIAN_POINT('',(-13.3436323850808,-10.5900420030708,19.9919382811209));
#9417=CARTESIAN_POINT('',(-13.3749483903591,-10.5720805513652,19.9948882148164));
#9418=CARTESIAN_POINT('',(-13.4062337581166,-10.5540888798071,19.9971757620522));
#9419=CARTESIAN_POINT('',(-13.4375066008043,-10.5360688370134,19.9988064813211));
#9420=CARTESIAN_POINT('',(-13.468763495566,-10.5180344094424,19.9997832958906));
#9421=CARTESIAN_POINT('',(-13.4895903385279,-10.5060100131104,19.999999993429));
#9422=CARTESIAN_POINT('',(-13.5,-10.5,20.));
#9423=CARTESIAN_POINT('',(-12.3819660112501,-13.,19.5));
#9424=CARTESIAN_POINT('',(-12.3883920609346,-13.0000004380552,19.5071845264477));
#9425=CARTESIAN_POINT('',(-12.4014292738276,-13.0003111510443,19.5214802239911));
#9426=CARTESIAN_POINT('',(-12.4213932273992,-13.0016654982451,19.542540037052));
#9427=CARTESIAN_POINT('',(-12.4418820903729,-13.0038815658688,19.5633305102704));
#9428=CARTESIAN_POINT('',(-12.4628555903679,-13.0069286710297,19.583798552764));
#9429=CARTESIAN_POINT('',(-12.4843443007408,-13.0107854355942,19.6039628538554));
#9430=CARTESIAN_POINT('',(-12.5063119731833,-13.0154217198566,19.6237782696325));
#9431=CARTESIAN_POINT('',(-12.528780602219,-13.020820025763,19.6432535042095));
#9432=CARTESIAN_POINT('',(-12.5516714109466,-13.0269384823537,19.6623120679634));
#9433=CARTESIAN_POINT('',(-12.5750346244909,-13.0337669425746,19.6809901925668));
#9434=CARTESIAN_POINT('',(-12.5988831085108,-13.0412903504575,19.6992882002952));
#9435=CARTESIAN_POINT('',(-12.6233607518252,-13.049541963092,19.7172980345806));
#9436=CARTESIAN_POINT('',(-12.6484189943652,-13.0584971677058,19.7349602053525));
#9437=CARTESIAN_POINT('',(-12.6741671053788,-13.0681867634931,19.7523275942373));
#9438=CARTESIAN_POINT('',(-12.7005614715704,-13.0785882330464,19.7693431587982));
#9439=CARTESIAN_POINT('',(-12.7277225100316,-13.089744937512,19.7860523216056));
#9440=CARTESIAN_POINT('',(-12.7554877008712,-13.1015843284049,19.8023250200745));
#9441=CARTESIAN_POINT('',(-12.7838805343315,-13.1141058572814,19.8181528587958));
#9442=CARTESIAN_POINT('',(-12.8128118881438,-13.1272583337805,19.8334667796574));
#9443=CARTESIAN_POINT('',(-12.8423863416874,-13.1410785810331,19.8482997661597));
#9444=CARTESIAN_POINT('',(-12.8724699586975,-13.1554926966162,19.8625632258454));
#9445=CARTESIAN_POINT('',(-12.9065044080887,-13.1721733938586,19.8777805201662));
#9446=CARTESIAN_POINT('',(-12.9478875727443,-13.1929460294596,19.8949997321717));
#9447=CARTESIAN_POINT('',(-12.9967031559348,-13.2181146912589,19.9134101517226));
#9448=CARTESIAN_POINT('',(-13.0458329613907,-13.2440862920084,19.9298818131147));
#9449=CARTESIAN_POINT('',(-13.0880716180857,-13.2668387920342,19.9425012581474));
#9450=CARTESIAN_POINT('',(-13.1232620092892,-13.2860346726198,19.9520414940684));
#9451=CARTESIAN_POINT('',(-13.1548742872218,-13.3034448099477,19.9598766187585));
#9452=CARTESIAN_POINT('',(-13.1864543412063,-13.3209856272689,19.9669819223332));
#9453=CARTESIAN_POINT('',(-13.2179693937154,-13.3386219737653,19.9733639529293));
#9454=CARTESIAN_POINT('',(-13.2494483282397,-13.3563540325431,19.9790412579915));
#9455=CARTESIAN_POINT('',(-13.2808815724464,-13.3741614465613,19.9840227042878));
#9456=CARTESIAN_POINT('',(-13.3122837915647,-13.392038285389,19.9883198269147));
#9457=CARTESIAN_POINT('',(-13.3436323850808,-13.4099579969292,19.9919382811209));
#9458=CARTESIAN_POINT('',(-13.3749483903591,-13.4279194486347,19.9948882148163));
#9459=CARTESIAN_POINT('',(-13.4062337581165,-13.4459111201929,19.9971757620522));
#9460=CARTESIAN_POINT('',(-13.4375066008042,-13.4639311629866,19.9988064813211));
#9461=CARTESIAN_POINT('',(-13.468763495566,-13.4819655905576,19.9997832958906));
#9462=CARTESIAN_POINT('',(-13.4895903385278,-13.4939899868896,19.999999993429));
#9463=CARTESIAN_POINT('',(-13.5,-13.5,20.));
#9464=CARTESIAN_POINT('',(12.3819660112501,-11.,19.5));
#9465=CARTESIAN_POINT('',(12.3883920609346,-10.9999995619448,19.5071845264477));
#9466=CARTESIAN_POINT('',(12.4014292738276,-10.9996888489557,19.5214802239911));
#9467=CARTESIAN_POINT('',(12.4213932273992,-10.9983345017549,19.542540037052));
#9468=CARTESIAN_POINT('',(12.4418820903729,-10.9961184341312,19.5633305102705));
#9469=CARTESIAN_POINT('',(12.4628555903679,-10.9930713289703,19.583798552764));
#9470=CARTESIAN_POINT('',(12.4843443007408,-10.9892145644058,19.6039628538554));
#9471=CARTESIAN_POINT('',(12.5063119731833,-10.9845782801433,19.6237782696325));
#9472=CARTESIAN_POINT('',(12.528780602219,-10.979179974237,19.6432535042095));
#9473=CARTESIAN_POINT('',(12.5516714109466,-10.9730615176463,19.6623120679634));
#9474=CARTESIAN_POINT('',(12.5750346244909,-10.9662330574253,19.6809901925668));
#9475=CARTESIAN_POINT('',(12.5988831085108,-10.9587096495425,19.6992882002952));
#9476=CARTESIAN_POINT('',(12.6233607518253,-10.950458036908,19.7172980345807));
#9477=CARTESIAN_POINT('',(12.6484189943652,-10.9415028322942,19.7349602053525));
#9478=CARTESIAN_POINT('',(12.6741671053788,-10.9318132365069,19.7523275942373));
#9479=CARTESIAN_POINT('',(12.7005614715705,-10.9214117669535,19.7693431587982));
#9480=CARTESIAN_POINT('',(12.7277225100317,-10.910255062488,19.7860523216056));
#9481=CARTESIAN_POINT('',(12.7554877008712,-10.8984156715951,19.8023250200745));
#9482=CARTESIAN_POINT('',(12.7838805343316,-10.8858941427186,19.8181528587958));
#9483=CARTESIAN_POINT('',(12.8128118881439,-10.8727416662195,19.8334667796575));
#9484=CARTESIAN_POINT('',(12.8423863416875,-10.8589214189669,19.8482997661598));
#9485=CARTESIAN_POINT('',(12.8724699586976,-10.8445073033838,19.8625632258454));
#9486=CARTESIAN_POINT('',(12.9065044080888,-10.8278266061413,19.8777805201663));
#9487=CARTESIAN_POINT('',(12.9478875727444,-10.8070539705403,19.8949997321717));
#9488=CARTESIAN_POINT('',(12.9967031559349,-10.781885308741,19.9134101517227));
#9489=CARTESIAN_POINT('',(13.0458329613908,-10.7559137079915,19.9298818131148));
#9490=CARTESIAN_POINT('',(13.0880716180859,-10.7331612079657,19.9425012581474));
#9491=CARTESIAN_POINT('',(13.1232620092894,-10.7139653273801,19.9520414940684));
#9492=CARTESIAN_POINT('',(13.1548742872219,-10.6965551900523,19.9598766187585));
#9493=CARTESIAN_POINT('',(13.1864543412064,-10.6790143727311,19.9669819223332));
#9494=CARTESIAN_POINT('',(13.2179693937155,-10.6613780262346,19.9733639529294));
#9495=CARTESIAN_POINT('',(13.2494483282398,-10.6436459674569,19.9790412579915));
#9496=CARTESIAN_POINT('',(13.2808815724465,-10.6258385534386,19.9840227042878));
#9497=CARTESIAN_POINT('',(13.3122837915648,-10.607961714611,19.9883198269147));
#9498=CARTESIAN_POINT('',(13.3436323850808,-10.5900420030708,19.9919382811209));
#9499=CARTESIAN_POINT('',(13.3749483903591,-10.5720805513652,19.9948882148164));
#9500=CARTESIAN_POINT('',(13.4062337581166,-10.554088879807,19.9971757620522));
#9501=CARTESIAN_POINT('',(13.4375066008043,-10.5360688370134,19.9988064813211));
#9502=CARTESIAN_POINT('',(13.468763495566,-10.5180344094424,19.9997832958906));
#9503=CARTESIAN_POINT('',(13.4895903385279,-10.5060100131104,19.999999993429));
#9504=CARTESIAN_POINT('',(13.5,-10.5,20.));
#9505=CARTESIAN_POINT('',(12.3819660112501,-13.,19.5));
#9506=CARTESIAN_POINT('',(12.3883920609346,-13.0000004380552,19.5071845264477));
#9507=CARTESIAN_POINT('',(12.4014292738276,-13.0003111510443,19.5214802239911));
#9508=CARTESIAN_POINT('',(12.4213932273992,-13.0016654982451,19.542540037052));
#9509=CARTESIAN_POINT('',(12.4418820903729,-13.0038815658688,19.5633305102705));
#9510=CARTESIAN_POINT('',(12.4628555903679,-13.0069286710297,19.583798552764));
#9511=CARTESIAN_POINT('',(12.4843443007408,-13.0107854355942,19.6039628538554));
#9512=CARTESIAN_POINT('',(12.5063119731833,-13.0154217198567,19.6237782696325));
#9513=CARTESIAN_POINT('',(12.528780602219,-13.0208200257629,19.6432535042095));
#9514=CARTESIAN_POINT('',(12.5516714109466,-13.0269384823537,19.6623120679634));
#9515=CARTESIAN_POINT('',(12.5750346244909,-13.0337669425747,19.6809901925668));
#9516=CARTESIAN_POINT('',(12.5988831085108,-13.0412903504575,19.6992882002952));
#9517=CARTESIAN_POINT('',(12.6233607518253,-13.049541963092,19.7172980345806));
#9518=CARTESIAN_POINT('',(12.6484189943652,-13.0584971677058,19.7349602053525));
#9519=CARTESIAN_POINT('',(12.6741671053788,-13.0681867634931,19.7523275942373));
#9520=CARTESIAN_POINT('',(12.7005614715705,-13.0785882330465,19.7693431587982));
#9521=CARTESIAN_POINT('',(12.7277225100317,-13.089744937512,19.7860523216056));
#9522=CARTESIAN_POINT('',(12.7554877008712,-13.1015843284049,19.8023250200745));
#9523=CARTESIAN_POINT('',(12.7838805343316,-13.1141058572814,19.8181528587958));
#9524=CARTESIAN_POINT('',(12.8128118881439,-13.1272583337805,19.8334667796575));
#9525=CARTESIAN_POINT('',(12.8423863416875,-13.1410785810331,19.8482997661597));
#9526=CARTESIAN_POINT('',(12.8724699586976,-13.1554926966162,19.8625632258454));
#9527=CARTESIAN_POINT('',(12.9065044080888,-13.1721733938586,19.8777805201662));
#9528=CARTESIAN_POINT('',(12.9478875727444,-13.1929460294597,19.8949997321717));
#9529=CARTESIAN_POINT('',(12.9967031559349,-13.218114691259,19.9134101517227));
#9530=CARTESIAN_POINT('',(13.0458329613908,-13.2440862920085,19.9298818131148));
#9531=CARTESIAN_POINT('',(13.0880716180858,-13.2668387920342,19.9425012581474));
#9532=CARTESIAN_POINT('',(13.1232620092893,-13.2860346726199,19.9520414940684));
#9533=CARTESIAN_POINT('',(13.1548742872219,-13.3034448099477,19.9598766187585));
#9534=CARTESIAN_POINT('',(13.1864543412064,-13.3209856272689,19.9669819223332));
#9535=CARTESIAN_POINT('',(13.2179693937154,-13.3386219737654,19.9733639529293));
#9536=CARTESIAN_POINT('',(13.2494483282398,-13.3563540325431,19.9790412579916));
#9537=CARTESIAN_POINT('',(13.2808815724465,-13.3741614465613,19.9840227042878));
#9538=CARTESIAN_POINT('',(13.3122837915648,-13.392038285389,19.9883198269147));
#9539=CARTESIAN_POINT('',(13.3436323850808,-13.4099579969292,19.9919382811209));
#9540=CARTESIAN_POINT('',(13.3749483903591,-13.4279194486348,19.9948882148164));
#9541=CARTESIAN_POINT('',(13.4062337581165,-13.445911120193,19.9971757620522));
#9542=CARTESIAN_POINT('',(13.4375066008042,-13.4639311629866,19.9988064813211));
#9543=CARTESIAN_POINT('',(13.468763495566,-13.4819655905576,19.9997832958906));
#9544=CARTESIAN_POINT('',(13.4895903385278,-13.4939899868896,19.999999993429));
#9545=CARTESIAN_POINT('',(13.5,-13.5,20.));
#9546=CARTESIAN_POINT('',(-12.3819660112501,-15.,19.5));
#9547=CARTESIAN_POINT('',(-12.3883920609346,-14.9999995619448,19.5071845264477));
#9548=CARTESIAN_POINT('',(-12.4014292738276,-14.9996888489557,19.5214802239911));
#9549=CARTESIAN_POINT('',(-12.4213932273992,-14.9983345017549,19.542540037052));
#9550=CARTESIAN_POINT('',(-12.4418820903729,-14.9961184341312,19.5633305102705));
#9551=CARTESIAN_POINT('',(-12.4628555903679,-14.9930713289703,19.583798552764));
#9552=CARTESIAN_POINT('',(-12.4843443007408,-14.9892145644058,19.6039628538554));
#9553=CARTESIAN_POINT('',(-12.5063119731833,-14.9845782801433,19.6237782696326));
#9554=CARTESIAN_POINT('',(-12.528780602219,-14.9791799742371,19.6432535042095));
#9555=CARTESIAN_POINT('',(-12.5516714109466,-14.9730615176463,19.6623120679634));
#9556=CARTESIAN_POINT('',(-12.5750346244909,-14.9662330574253,19.6809901925668));
#9557=CARTESIAN_POINT('',(-12.5988831085108,-14.9587096495425,19.6992882002952));
#9558=CARTESIAN_POINT('',(-12.6233607518253,-14.950458036908,19.7172980345807));
#9559=CARTESIAN_POINT('',(-12.6484189943652,-14.9415028322942,19.7349602053525));
#9560=CARTESIAN_POINT('',(-12.6741671053788,-14.9318132365069,19.7523275942373));
#9561=CARTESIAN_POINT('',(-12.7005614715705,-14.9214117669535,19.7693431587982));
#9562=CARTESIAN_POINT('',(-12.7277225100317,-14.910255062488,19.7860523216057));
#9563=CARTESIAN_POINT('',(-12.7554877008712,-14.8984156715951,19.8023250200745));
#9564=CARTESIAN_POINT('',(-12.7838805343316,-14.8858941427186,19.8181528587958));
#9565=CARTESIAN_POINT('',(-12.8128118881439,-14.8727416662195,19.8334667796575));
#9566=CARTESIAN_POINT('',(-12.8423863416875,-14.8589214189669,19.8482997661598));
#9567=CARTESIAN_POINT('',(-12.8724699586976,-14.8445073033838,19.8625632258454));
#9568=CARTESIAN_POINT('',(-12.9065044080888,-14.8278266061414,19.8777805201663));
#9569=CARTESIAN_POINT('',(-12.9478875727444,-14.8070539705403,19.8949997321717));
#9570=CARTESIAN_POINT('',(-12.9967031559349,-14.781885308741,19.9134101517227));
#9571=CARTESIAN_POINT('',(-13.0458329613908,-14.7559137079915,19.9298818131148));
#9572=CARTESIAN_POINT('',(-13.0880716180859,-14.7331612079658,19.9425012581474));
#9573=CARTESIAN_POINT('',(-13.1232620092894,-14.7139653273801,19.9520414940684));
#9574=CARTESIAN_POINT('',(-13.1548742872219,-14.6965551900523,19.9598766187585));
#9575=CARTESIAN_POINT('',(-13.1864543412064,-14.6790143727311,19.9669819223332));
#9576=CARTESIAN_POINT('',(-13.2179693937155,-14.6613780262346,19.9733639529293));
#9577=CARTESIAN_POINT('',(-13.2494483282398,-14.6436459674569,19.9790412579916));
#9578=CARTESIAN_POINT('',(-13.2808815724465,-14.6258385534386,19.9840227042878));
#9579=CARTESIAN_POINT('',(-13.3122837915648,-14.607961714611,19.9883198269147));
#9580=CARTESIAN_POINT('',(-13.3436323850808,-14.5900420030708,19.9919382811209));
#9581=CARTESIAN_POINT('',(-13.3749483903591,-14.5720805513652,19.9948882148164));
#9582=CARTESIAN_POINT('',(-13.4062337581166,-14.5540888798071,19.9971757620522));
#9583=CARTESIAN_POINT('',(-13.4375066008043,-14.5360688370134,19.9988064813211));
#9584=CARTESIAN_POINT('',(-13.468763495566,-14.5180344094424,19.9997832958906));
#9585=CARTESIAN_POINT('',(-13.4895903385279,-14.5060100131104,19.999999993429));
#9586=CARTESIAN_POINT('',(-13.5,-14.5,20.));
#9587=CARTESIAN_POINT('',(-12.3819660112501,-17.,19.5));
#9588=CARTESIAN_POINT('',(-12.3883920609346,-17.0000004380552,19.5071845264477));
#9589=CARTESIAN_POINT('',(-12.4014292738276,-17.0003111510443,19.5214802239911));
#9590=CARTESIAN_POINT('',(-12.4213932273992,-17.0016654982451,19.542540037052));
#9591=CARTESIAN_POINT('',(-12.4418820903729,-17.0038815658688,19.5633305102704));
#9592=CARTESIAN_POINT('',(-12.4628555903679,-17.0069286710297,19.583798552764));
#9593=CARTESIAN_POINT('',(-12.4843443007408,-17.0107854355942,19.6039628538554));
#9594=CARTESIAN_POINT('',(-12.5063119731833,-17.0154217198567,19.6237782696325));
#9595=CARTESIAN_POINT('',(-12.528780602219,-17.0208200257629,19.6432535042095));
#9596=CARTESIAN_POINT('',(-12.5516714109466,-17.0269384823537,19.6623120679634));
#9597=CARTESIAN_POINT('',(-12.5750346244908,-17.0337669425746,19.6809901925668));
#9598=CARTESIAN_POINT('',(-12.5988831085107,-17.0412903504575,19.6992882002952));
#9599=CARTESIAN_POINT('',(-12.6233607518252,-17.049541963092,19.7172980345806));
#9600=CARTESIAN_POINT('',(-12.6484189943651,-17.0584971677058,19.7349602053525));
#9601=CARTESIAN_POINT('',(-12.6741671053788,-17.0681867634931,19.7523275942373));
#9602=CARTESIAN_POINT('',(-12.7005614715704,-17.0785882330464,19.7693431587981));
#9603=CARTESIAN_POINT('',(-12.7277225100316,-17.089744937512,19.7860523216056));
#9604=CARTESIAN_POINT('',(-12.7554877008711,-17.1015843284049,19.8023250200745));
#9605=CARTESIAN_POINT('',(-12.7838805343315,-17.1141058572814,19.8181528587958));
#9606=CARTESIAN_POINT('',(-12.8128118881438,-17.1272583337805,19.8334667796574));
#9607=CARTESIAN_POINT('',(-12.8423863416874,-17.141078581033,19.8482997661597));
#9608=CARTESIAN_POINT('',(-12.8724699586975,-17.1554926966162,19.8625632258454));
#9609=CARTESIAN_POINT('',(-12.9065044080887,-17.1721733938586,19.8777805201662));
#9610=CARTESIAN_POINT('',(-12.9478875727443,-17.1929460294596,19.8949997321717));
#9611=CARTESIAN_POINT('',(-12.9967031559348,-17.2181146912589,19.9134101517226));
#9612=CARTESIAN_POINT('',(-13.0458329613907,-17.2440862920084,19.9298818131147));
#9613=CARTESIAN_POINT('',(-13.0880716180857,-17.2668387920342,19.9425012581474));
#9614=CARTESIAN_POINT('',(-13.1232620092892,-17.2860346726198,19.9520414940684));
#9615=CARTESIAN_POINT('',(-13.1548742872218,-17.3034448099477,19.9598766187585));
#9616=CARTESIAN_POINT('',(-13.1864543412063,-17.3209856272688,19.9669819223332));
#9617=CARTESIAN_POINT('',(-13.2179693937154,-17.3386219737653,19.9733639529293));
#9618=CARTESIAN_POINT('',(-13.2494483282397,-17.3563540325431,19.9790412579915));
#9619=CARTESIAN_POINT('',(-13.2808815724464,-17.3741614465613,19.9840227042878));
#9620=CARTESIAN_POINT('',(-13.3122837915647,-17.392038285389,19.9883198269147));
#9621=CARTESIAN_POINT('',(-13.3436323850807,-17.4099579969292,19.9919382811209));
#9622=CARTESIAN_POINT('',(-13.3749483903591,-17.4279194486347,19.9948882148164));
#9623=CARTESIAN_POINT('',(-13.4062337581165,-17.4459111201929,19.9971757620522));
#9624=CARTESIAN_POINT('',(-13.4375066008042,-17.4639311629866,19.9988064813211));
#9625=CARTESIAN_POINT('',(-13.468763495566,-17.4819655905576,19.9997832958906));
#9626=CARTESIAN_POINT('',(-13.4895903385279,-17.4939899868896,19.999999993429));
#9627=CARTESIAN_POINT('',(-13.5,-17.5,20.));
#9628=CARTESIAN_POINT('',(12.3819660112501,-15.,19.5));
#9629=CARTESIAN_POINT('',(12.3883920609346,-14.9999995619448,19.5071845264477));
#9630=CARTESIAN_POINT('',(12.4014292738276,-14.9996888489557,19.5214802239911));
#9631=CARTESIAN_POINT('',(12.4213932273992,-14.9983345017549,19.542540037052));
#9632=CARTESIAN_POINT('',(12.4418820903729,-14.9961184341312,19.5633305102705));
#9633=CARTESIAN_POINT('',(12.4628555903679,-14.9930713289703,19.583798552764));
#9634=CARTESIAN_POINT('',(12.4843443007408,-14.9892145644058,19.6039628538554));
#9635=CARTESIAN_POINT('',(12.5063119731834,-14.9845782801433,19.6237782696326));
#9636=CARTESIAN_POINT('',(12.5287806022191,-14.979179974237,19.6432535042095));
#9637=CARTESIAN_POINT('',(12.5516714109466,-14.9730615176463,19.6623120679634));
#9638=CARTESIAN_POINT('',(12.5750346244909,-14.9662330574253,19.6809901925668));
#9639=CARTESIAN_POINT('',(12.5988831085108,-14.9587096495425,19.6992882002952));
#9640=CARTESIAN_POINT('',(12.6233607518253,-14.950458036908,19.7172980345807));
#9641=CARTESIAN_POINT('',(12.6484189943652,-14.9415028322941,19.7349602053526));
#9642=CARTESIAN_POINT('',(12.6741671053789,-14.9318132365069,19.7523275942373));
#9643=CARTESIAN_POINT('',(12.7005614715705,-14.9214117669535,19.7693431587982));
#9644=CARTESIAN_POINT('',(12.7277225100317,-14.910255062488,19.7860523216057));
#9645=CARTESIAN_POINT('',(12.7554877008713,-14.8984156715951,19.8023250200746));
#9646=CARTESIAN_POINT('',(12.7838805343317,-14.8858941427186,19.8181528587958));
#9647=CARTESIAN_POINT('',(12.812811888144,-14.8727416662194,19.8334667796575));
#9648=CARTESIAN_POINT('',(12.8423863416876,-14.8589214189669,19.8482997661598));
#9649=CARTESIAN_POINT('',(12.8724699586977,-14.8445073033837,19.8625632258455));
#9650=CARTESIAN_POINT('',(12.9065044080889,-14.8278266061413,19.8777805201663));
#9651=CARTESIAN_POINT('',(12.9478875727445,-14.8070539705403,19.8949997321718));
#9652=CARTESIAN_POINT('',(12.996703155935,-14.781885308741,19.9134101517227));
#9653=CARTESIAN_POINT('',(13.0458329613909,-14.7559137079915,19.9298818131148));
#9654=CARTESIAN_POINT('',(13.088071618086,-14.7331612079657,19.9425012581474));
#9655=CARTESIAN_POINT('',(13.1232620092895,-14.71396532738,19.9520414940684));
#9656=CARTESIAN_POINT('',(13.154874287222,-14.6965551900522,19.9598766187585));
#9657=CARTESIAN_POINT('',(13.1864543412065,-14.679014372731,19.9669819223332));
#9658=CARTESIAN_POINT('',(13.2179693937156,-14.6613780262346,19.9733639529294));
#9659=CARTESIAN_POINT('',(13.2494483282399,-14.6436459674568,19.9790412579916));
#9660=CARTESIAN_POINT('',(13.2808815724466,-14.6258385534386,19.9840227042878));
#9661=CARTESIAN_POINT('',(13.3122837915649,-14.607961714611,19.9883198269147));
#9662=CARTESIAN_POINT('',(13.3436323850809,-14.5900420030708,19.9919382811209));
#9663=CARTESIAN_POINT('',(13.3749483903592,-14.5720805513652,19.9948882148164));
#9664=CARTESIAN_POINT('',(13.4062337581166,-14.554088879807,19.9971757620522));
#9665=CARTESIAN_POINT('',(13.4375066008043,-14.5360688370135,19.998806481321));
#9666=CARTESIAN_POINT('',(13.4687634955661,-14.5180344094426,19.9997832958906));
#9667=CARTESIAN_POINT('',(13.4895903385279,-14.5060100131106,19.999999993429));
#9668=CARTESIAN_POINT('',(13.5,-14.5,20.));
#9669=CARTESIAN_POINT('',(12.3819660112501,-17.,19.5));
#9670=CARTESIAN_POINT('',(12.3883920609346,-17.0000004380552,19.5071845264477));
#9671=CARTESIAN_POINT('',(12.4014292738276,-17.0003111510443,19.5214802239911));
#9672=CARTESIAN_POINT('',(12.4213932273992,-17.0016654982451,19.542540037052));
#9673=CARTESIAN_POINT('',(12.4418820903729,-17.0038815658688,19.5633305102705));
#9674=CARTESIAN_POINT('',(12.4628555903679,-17.0069286710297,19.583798552764));
#9675=CARTESIAN_POINT('',(12.4843443007408,-17.0107854355942,19.6039628538554));
#9676=CARTESIAN_POINT('',(12.5063119731833,-17.0154217198567,19.6237782696325));
#9677=CARTESIAN_POINT('',(12.528780602219,-17.020820025763,19.6432535042095));
#9678=CARTESIAN_POINT('',(12.5516714109466,-17.0269384823537,19.6623120679634));
#9679=CARTESIAN_POINT('',(12.5750346244909,-17.0337669425746,19.6809901925668));
#9680=CARTESIAN_POINT('',(12.5988831085108,-17.0412903504575,19.6992882002952));
#9681=CARTESIAN_POINT('',(12.6233607518253,-17.049541963092,19.7172980345807));
#9682=CARTESIAN_POINT('',(12.6484189943652,-17.0584971677058,19.7349602053525));
#9683=CARTESIAN_POINT('',(12.6741671053789,-17.0681867634931,19.7523275942373));
#9684=CARTESIAN_POINT('',(12.7005614715705,-17.0785882330465,19.7693431587982));
#9685=CARTESIAN_POINT('',(12.7277225100317,-17.089744937512,19.7860523216057));
#9686=CARTESIAN_POINT('',(12.7554877008713,-17.1015843284049,19.8023250200746));
#9687=CARTESIAN_POINT('',(12.7838805343316,-17.1141058572814,19.8181528587958));
#9688=CARTESIAN_POINT('',(12.8128118881439,-17.1272583337805,19.8334667796575));
#9689=CARTESIAN_POINT('',(12.8423863416876,-17.1410785810331,19.8482997661598));
#9690=CARTESIAN_POINT('',(12.8724699586977,-17.1554926966162,19.8625632258454));
#9691=CARTESIAN_POINT('',(12.9065044080889,-17.1721733938587,19.8777805201663));
#9692=CARTESIAN_POINT('',(12.9478875727445,-17.1929460294597,19.8949997321717));
#9693=CARTESIAN_POINT('',(12.996703155935,-17.218114691259,19.9134101517227));
#9694=CARTESIAN_POINT('',(13.0458329613909,-17.2440862920085,19.9298818131148));
#9695=CARTESIAN_POINT('',(13.0880716180859,-17.2668387920343,19.9425012581474));
#9696=CARTESIAN_POINT('',(13.1232620092894,-17.2860346726199,19.9520414940684));
#9697=CARTESIAN_POINT('',(13.154874287222,-17.3034448099478,19.9598766187585));
#9698=CARTESIAN_POINT('',(13.1864543412065,-17.3209856272689,19.9669819223332));
#9699=CARTESIAN_POINT('',(13.2179693937155,-17.3386219737654,19.9733639529294));
#9700=CARTESIAN_POINT('',(13.2494483282399,-17.3563540325431,19.9790412579916));
#9701=CARTESIAN_POINT('',(13.2808815724465,-17.3741614465614,19.9840227042878));
#9702=CARTESIAN_POINT('',(13.3122837915648,-17.392038285389,19.9883198269147));
#9703=CARTESIAN_POINT('',(13.3436323850809,-17.4099579969292,19.9919382811209));
#9704=CARTESIAN_POINT('',(13.3749483903592,-17.4279194486348,19.9948882148164));
#9705=CARTESIAN_POINT('',(13.4062337581166,-17.4459111201929,19.9971757620522));
#9706=CARTESIAN_POINT('',(13.4375066008043,-17.4639311629865,19.998806481321));
#9707=CARTESIAN_POINT('',(13.468763495566,-17.4819655905575,19.9997832958906));
#9708=CARTESIAN_POINT('',(13.4895903385279,-17.4939899868895,19.999999993429));
#9709=CARTESIAN_POINT('',(13.5,-17.5,20.));
#9710=CARTESIAN_POINT('',(-12.3819660112501,-19.,19.5));
#9711=CARTESIAN_POINT('',(-12.3883920607613,-18.9999995619449,19.507184526254));
#9712=CARTESIAN_POINT('',(-12.4014292723408,-18.9996888489953,19.5214802223646));
#9713=CARTESIAN_POINT('',(-12.4213932238145,-18.9983345020344,19.5425400333054));
#9714=CARTESIAN_POINT('',(-12.4418820839277,-18.9961184349214,19.5633305038257));
#9715=CARTESIAN_POINT('',(-12.4628555813577,-18.9930713304086,19.5837985441101));
#9716=CARTESIAN_POINT('',(-12.4843442889657,-18.989214566683,19.6039628429912));
#9717=CARTESIAN_POINT('',(-12.5063119585552,-18.9845782834232,19.623778256666));
#9718=CARTESIAN_POINT('',(-12.5287805845668,-18.9791799786976,19.6432534891818));
#9719=CARTESIAN_POINT('',(-12.551671390151,-18.9730615234467,19.6623120509646));
#9720=CARTESIAN_POINT('',(-12.5750346004151,-18.9662330647253,19.6809901736785));
#9721=CARTESIAN_POINT('',(-12.598883080976,-18.9587096585114,19.6992881795732));
#9722=CARTESIAN_POINT('',(-12.6233607206236,-18.9504580477282,19.7172980120764));
#9723=CARTESIAN_POINT('',(-12.6484189592842,-18.9415028451495,19.7349601811268));
#9724=CARTESIAN_POINT('',(-12.6741670661295,-18.9318132516127,19.7523275683173));
#9725=CARTESIAN_POINT('',(-12.7005614277325,-18.9214117845803,19.7693431311468));
#9726=CARTESIAN_POINT('',(-12.7277224612381,-18.9102550828988,19.7860522922611));
#9727=CARTESIAN_POINT('',(-12.755487646886,-18.8984156949965,19.802324989169));
#9728=CARTESIAN_POINT('',(-12.783880474998,-18.8858941692779,19.8181528265168));
#9729=CARTESIAN_POINT('',(-12.8128118234282,-18.8727416960412,19.8334667462633));
#9730=CARTESIAN_POINT('',(-12.842386271674,-18.8589214520926,19.8482997319718));
#9731=CARTESIAN_POINT('',(-12.8724698836448,-18.8445073397514,19.8625631912423));
#9732=CARTESIAN_POINT('',(-12.9065043278817,-18.8278266459471,19.8777804855712));
#9733=CARTESIAN_POINT('',(-12.9478874871343,-18.8070540141204,19.8949996982304));
#9734=CARTESIAN_POINT('',(-12.9967030656078,-18.7818853559156,19.9134101195157));
#9735=CARTESIAN_POINT('',(-13.0458328678086,-18.7559137579306,19.9298817833779));
#9736=CARTESIAN_POINT('',(-13.0880715237386,-18.7331612591069,19.9425012312131));
#9737=CARTESIAN_POINT('',(-13.1232619159198,-18.7139653785696,19.9520414698635));
#9738=CARTESIAN_POINT('',(-13.1548741965763,-18.6965552402005,19.9598765973574));
#9739=CARTESIAN_POINT('',(-13.1864542543369,-18.6790144211767,19.9669819038024));
#9740=CARTESIAN_POINT('',(-13.2179693118358,-18.6613780722197,19.9733639372989));
#9741=CARTESIAN_POINT('',(-13.2494482522252,-18.6436460104107,19.979041245163));
#9742=CARTESIAN_POINT('',(-13.2808815033167,-18.6258385927092,19.9840226941348));
#9743=CARTESIAN_POINT('',(-13.3122837302001,-18.6079617496277,19.9883198192356));
#9744=CARTESIAN_POINT('',(-13.3436323325204,-18.5900420331759,19.9919382756784));
#9745=CARTESIAN_POINT('',(-13.3749483472987,-18.5720805761035,19.9948882112842));
#9746=CARTESIAN_POINT('',(-13.4062337251715,-18.5540888987779,19.9971757600611));
#9747=CARTESIAN_POINT('',(-13.4375065784176,-18.5360688499258,19.9988064804632));
#9748=CARTESIAN_POINT('',(-13.4687634842296,-18.5180344159875,19.999783295733));
#9749=CARTESIAN_POINT('',(-13.489590334707,-18.5060100153163,19.999999993429));
#9750=CARTESIAN_POINT('',(-13.5,-18.5,20.));
#9751=CARTESIAN_POINT('',(-12.3819660112501,-21.,19.5));
#9752=CARTESIAN_POINT('',(-12.3883920607614,-21.0000004380551,19.507184526254));
#9753=CARTESIAN_POINT('',(-12.4014292723408,-21.0003111510047,19.5214802223646));
#9754=CARTESIAN_POINT('',(-12.4213932238145,-21.0016654979656,19.5425400333054));
#9755=CARTESIAN_POINT('',(-12.4418820839277,-21.0038815650786,19.5633305038257));
#9756=CARTESIAN_POINT('',(-12.4628555813577,-21.0069286695914,19.5837985441101));
#9757=CARTESIAN_POINT('',(-12.4843442889657,-21.010785433317,19.6039628429912));
#9758=CARTESIAN_POINT('',(-12.5063119585552,-21.0154217165768,19.623778256666));
#9759=CARTESIAN_POINT('',(-12.5287805845668,-21.0208200213024,19.6432534891818));
#9760=CARTESIAN_POINT('',(-12.551671390151,-21.0269384765533,19.6623120509646));
#9761=CARTESIAN_POINT('',(-12.5750346004151,-21.0337669352747,19.6809901736785));
#9762=CARTESIAN_POINT('',(-12.5988830809759,-21.0412903414886,19.6992881795732));
#9763=CARTESIAN_POINT('',(-12.6233607206236,-21.0495419522718,19.7172980120764));
#9764=CARTESIAN_POINT('',(-12.6484189592842,-21.0584971548505,19.7349601811268));
#9765=CARTESIAN_POINT('',(-12.6741670661295,-21.0681867483873,19.7523275683173));
#9766=CARTESIAN_POINT('',(-12.7005614277324,-21.0785882154197,19.7693431311468));
#9767=CARTESIAN_POINT('',(-12.727722461238,-21.0897449171011,19.786052292261));
#9768=CARTESIAN_POINT('',(-12.7554876468859,-21.1015843050035,19.8023249891689));
#9769=CARTESIAN_POINT('',(-12.7838804749979,-21.1141058307221,19.8181528265168));
#9770=CARTESIAN_POINT('',(-12.8128118234281,-21.1272583039587,19.8334667462632));
#9771=CARTESIAN_POINT('',(-12.8423862716739,-21.1410785479073,19.8482997319717));
#9772=CARTESIAN_POINT('',(-12.8724698836447,-21.1554926602485,19.8625631912423));
#9773=CARTESIAN_POINT('',(-12.9065043278816,-21.1721733540529,19.8777804855712));
#9774=CARTESIAN_POINT('',(-12.9478874871341,-21.1929459858795,19.8949996982303));
#9775=CARTESIAN_POINT('',(-12.9967030656076,-21.2181146440843,19.9134101195156));
#9776=CARTESIAN_POINT('',(-13.0458328678084,-21.2440862420693,19.9298817833779));
#9777=CARTESIAN_POINT('',(-13.0880715237384,-21.266838740893,19.942501231213));
#9778=CARTESIAN_POINT('',(-13.1232619159196,-21.2860346214303,19.9520414698635));
#9779=CARTESIAN_POINT('',(-13.1548741965761,-21.3034447597995,19.9598765973574));
#9780=CARTESIAN_POINT('',(-13.1864542543368,-21.3209855788232,19.9669819038024));
#9781=CARTESIAN_POINT('',(-13.2179693118357,-21.3386219277802,19.9733639372989));
#9782=CARTESIAN_POINT('',(-13.249448252225,-21.3563539895893,19.979041245163));
#9783=CARTESIAN_POINT('',(-13.2808815033166,-21.3741614072907,19.9840226941348));
#9784=CARTESIAN_POINT('',(-13.3122837301999,-21.3920382503723,19.9883198192356));
#9785=CARTESIAN_POINT('',(-13.3436323325204,-21.4099579668241,19.9919382756784));
#9786=CARTESIAN_POINT('',(-13.3749483472986,-21.4279194238965,19.9948882112842));
#9787=CARTESIAN_POINT('',(-13.4062337251714,-21.4459111012221,19.9971757600611));
#9788=CARTESIAN_POINT('',(-13.4375065784175,-21.4639311500741,19.9988064804632));
#9789=CARTESIAN_POINT('',(-13.4687634842296,-21.4819655840125,19.999783295733));
#9790=CARTESIAN_POINT('',(-13.489590334707,-21.4939899846837,19.999999993429));
#9791=CARTESIAN_POINT('',(-13.5,-21.5,20.));
#9792=CARTESIAN_POINT('',(12.3819660112501,-19.,19.5));
#9793=CARTESIAN_POINT('',(12.3883920607613,-18.9999995619449,19.507184526254));
#9794=CARTESIAN_POINT('',(12.4014292723408,-18.9996888489953,19.5214802223646));
#9795=CARTESIAN_POINT('',(12.4213932238145,-18.9983345020344,19.5425400333054));
#9796=CARTESIAN_POINT('',(12.4418820839277,-18.9961184349214,19.5633305038257));
#9797=CARTESIAN_POINT('',(12.4628555813577,-18.9930713304086,19.5837985441101));
#9798=CARTESIAN_POINT('',(12.4843442889657,-18.989214566683,19.6039628429912));
#9799=CARTESIAN_POINT('',(12.5063119585552,-18.9845782834232,19.623778256666));
#9800=CARTESIAN_POINT('',(12.5287805845668,-18.9791799786976,19.6432534891818));
#9801=CARTESIAN_POINT('',(12.551671390151,-18.9730615234467,19.6623120509646));
#9802=CARTESIAN_POINT('',(12.5750346004151,-18.9662330647253,19.6809901736785));
#9803=CARTESIAN_POINT('',(12.5988830809759,-18.9587096585114,19.6992881795732));
#9804=CARTESIAN_POINT('',(12.6233607206236,-18.9504580477282,19.7172980120764));
#9805=CARTESIAN_POINT('',(12.6484189592842,-18.9415028451495,19.7349601811268));
#9806=CARTESIAN_POINT('',(12.6741670661295,-18.9318132516127,19.7523275683172));
#9807=CARTESIAN_POINT('',(12.7005614277324,-18.9214117845803,19.7693431311468));
#9808=CARTESIAN_POINT('',(12.727722461238,-18.9102550828989,19.786052292261));
#9809=CARTESIAN_POINT('',(12.7554876468859,-18.8984156949966,19.8023249891689));
#9810=CARTESIAN_POINT('',(12.7838804749978,-18.885894169278,19.8181528265168));
#9811=CARTESIAN_POINT('',(12.812811823428,-18.8727416960413,19.8334667462632));
#9812=CARTESIAN_POINT('',(12.8423862716739,-18.8589214520927,19.8482997319717));
#9813=CARTESIAN_POINT('',(12.8724698836447,-18.8445073397515,19.8625631912423));
#9814=CARTESIAN_POINT('',(12.9065043278816,-18.8278266459471,19.8777804855712));
#9815=CARTESIAN_POINT('',(12.9478874871341,-18.8070540141205,19.8949996982303));
#9816=CARTESIAN_POINT('',(12.9967030656076,-18.7818853559157,19.9134101195156));
#9817=CARTESIAN_POINT('',(13.0458328678084,-18.7559137579307,19.9298817833779));
#9818=CARTESIAN_POINT('',(13.0880715237384,-18.733161259107,19.942501231213));
#9819=CARTESIAN_POINT('',(13.1232619159196,-18.7139653785698,19.9520414698635));
#9820=CARTESIAN_POINT('',(13.1548741965761,-18.6965552402006,19.9598765973574));
#9821=CARTESIAN_POINT('',(13.1864542543367,-18.6790144211768,19.9669819038024));
#9822=CARTESIAN_POINT('',(13.2179693118356,-18.6613780722199,19.9733639372988));
#9823=CARTESIAN_POINT('',(13.249448252225,-18.6436460104108,19.9790412451629));
#9824=CARTESIAN_POINT('',(13.2808815033165,-18.6258385927093,19.9840226941348));
#9825=CARTESIAN_POINT('',(13.3122837301999,-18.6079617496277,19.9883198192356));
#9826=CARTESIAN_POINT('',(13.3436323325203,-18.590042033176,19.9919382756784));
#9827=CARTESIAN_POINT('',(13.3749483472986,-18.5720805761035,19.9948882112842));
#9828=CARTESIAN_POINT('',(13.4062337251714,-18.5540888987779,19.9971757600611));
#9829=CARTESIAN_POINT('',(13.4375065784175,-18.5360688499259,19.9988064804632));
#9830=CARTESIAN_POINT('',(13.4687634842296,-18.5180344159875,19.999783295733));
#9831=CARTESIAN_POINT('',(13.489590334707,-18.5060100153163,19.999999993429));
#9832=CARTESIAN_POINT('',(13.5,-18.5,20.));
#9833=CARTESIAN_POINT('',(12.3819660112501,-21.,19.5));
#9834=CARTESIAN_POINT('',(12.3883920607613,-21.0000004380551,19.507184526254));
#9835=CARTESIAN_POINT('',(12.4014292723408,-21.0003111510047,19.5214802223646));
#9836=CARTESIAN_POINT('',(12.4213932238145,-21.0016654979656,19.5425400333054));
#9837=CARTESIAN_POINT('',(12.4418820839277,-21.0038815650786,19.5633305038257));
#9838=CARTESIAN_POINT('',(12.4628555813577,-21.0069286695914,19.5837985441101));
#9839=CARTESIAN_POINT('',(12.4843442889657,-21.010785433317,19.6039628429912));
#9840=CARTESIAN_POINT('',(12.5063119585552,-21.0154217165768,19.623778256666));
#9841=CARTESIAN_POINT('',(12.5287805845668,-21.0208200213024,19.6432534891818));
#9842=CARTESIAN_POINT('',(12.551671390151,-21.0269384765533,19.6623120509646));
#9843=CARTESIAN_POINT('',(12.5750346004151,-21.0337669352747,19.6809901736785));
#9844=CARTESIAN_POINT('',(12.598883080976,-21.0412903414886,19.6992881795732));
#9845=CARTESIAN_POINT('',(12.6233607206236,-21.0495419522718,19.7172980120764));
#9846=CARTESIAN_POINT('',(12.6484189592842,-21.0584971548505,19.7349601811268));
#9847=CARTESIAN_POINT('',(12.6741670661295,-21.0681867483873,19.7523275683173));
#9848=CARTESIAN_POINT('',(12.7005614277325,-21.0785882154197,19.7693431311468));
#9849=CARTESIAN_POINT('',(12.7277224612381,-21.0897449171012,19.786052292261));
#9850=CARTESIAN_POINT('',(12.755487646886,-21.1015843050035,19.802324989169));
#9851=CARTESIAN_POINT('',(12.7838804749979,-21.1141058307221,19.8181528265168));
#9852=CARTESIAN_POINT('',(12.8128118234281,-21.1272583039587,19.8334667462633));
#9853=CARTESIAN_POINT('',(12.842386271674,-21.1410785479074,19.8482997319718));
#9854=CARTESIAN_POINT('',(12.8724698836448,-21.1554926602486,19.8625631912423));
#9855=CARTESIAN_POINT('',(12.9065043278817,-21.1721733540529,19.8777804855712));
#9856=CARTESIAN_POINT('',(12.9478874871343,-21.1929459858796,19.8949996982304));
#9857=CARTESIAN_POINT('',(12.9967030656077,-21.2181146440844,19.9134101195157));
#9858=CARTESIAN_POINT('',(13.0458328678085,-21.2440862420694,19.9298817833779));
#9859=CARTESIAN_POINT('',(13.0880715237386,-21.2668387408931,19.9425012312131));
#9860=CARTESIAN_POINT('',(13.1232619159198,-21.2860346214303,19.9520414698635));
#9861=CARTESIAN_POINT('',(13.1548741965762,-21.3034447597995,19.9598765973574));
#9862=CARTESIAN_POINT('',(13.1864542543369,-21.3209855788233,19.9669819038024));
#9863=CARTESIAN_POINT('',(13.2179693118358,-21.3386219277802,19.9733639372989));
#9864=CARTESIAN_POINT('',(13.2494482522251,-21.3563539895893,19.979041245163));
#9865=CARTESIAN_POINT('',(13.2808815033166,-21.3741614072908,19.9840226941348));
#9866=CARTESIAN_POINT('',(13.3122837302,-21.3920382503723,19.9883198192356));
#9867=CARTESIAN_POINT('',(13.3436323325204,-21.4099579668241,19.9919382756784));
#9868=CARTESIAN_POINT('',(13.3749483472987,-21.4279194238965,19.9948882112842));
#9869=CARTESIAN_POINT('',(13.4062337251714,-21.4459111012221,19.9971757600611));
#9870=CARTESIAN_POINT('',(13.4375065784176,-21.4639311500742,19.9988064804632));
#9871=CARTESIAN_POINT('',(13.4687634842296,-21.4819655840126,19.999783295733));
#9872=CARTESIAN_POINT('',(13.489590334707,-21.4939899846837,19.999999993429));
#9873=CARTESIAN_POINT('',(13.5,-21.5,20.));
#9874=CARTESIAN_POINT('',(-12.3819660112501,21.,19.5));
#9875=CARTESIAN_POINT('',(-12.3883920607613,21.0000004380551,19.507184526254));
#9876=CARTESIAN_POINT('',(-12.4014292723408,21.0003111510047,19.5214802223646));
#9877=CARTESIAN_POINT('',(-12.4213932238145,21.0016654979656,19.5425400333054));
#9878=CARTESIAN_POINT('',(-12.4418820839277,21.0038815650786,19.5633305038257));
#9879=CARTESIAN_POINT('',(-12.4628555813577,21.0069286695914,19.5837985441101));
#9880=CARTESIAN_POINT('',(-12.4843442889657,21.010785433317,19.6039628429912));
#9881=CARTESIAN_POINT('',(-12.5063119585552,21.0154217165768,19.623778256666));
#9882=CARTESIAN_POINT('',(-12.5287805845668,21.0208200213024,19.6432534891818));
#9883=CARTESIAN_POINT('',(-12.551671390151,21.0269384765533,19.6623120509646));
#9884=CARTESIAN_POINT('',(-12.5750346004151,21.0337669352747,19.6809901736785));
#9885=CARTESIAN_POINT('',(-12.598883080976,21.0412903414886,19.6992881795732));
#9886=CARTESIAN_POINT('',(-12.6233607206236,21.0495419522718,19.7172980120764));
#9887=CARTESIAN_POINT('',(-12.6484189592842,21.0584971548505,19.7349601811268));
#9888=CARTESIAN_POINT('',(-12.6741670661295,21.0681867483873,19.7523275683173));
#9889=CARTESIAN_POINT('',(-12.7005614277325,21.0785882154197,19.7693431311468));
#9890=CARTESIAN_POINT('',(-12.727722461238,21.0897449171012,19.786052292261));
#9891=CARTESIAN_POINT('',(-12.755487646886,21.1015843050035,19.802324989169));
#9892=CARTESIAN_POINT('',(-12.7838804749979,21.1141058307221,19.8181528265168));
#9893=CARTESIAN_POINT('',(-12.8128118234281,21.1272583039587,19.8334667462633));
#9894=CARTESIAN_POINT('',(-12.842386271674,21.1410785479074,19.8482997319718));
#9895=CARTESIAN_POINT('',(-12.8724698836448,21.1554926602486,19.8625631912423));
#9896=CARTESIAN_POINT('',(-12.9065043278817,21.1721733540529,19.8777804855712));
#9897=CARTESIAN_POINT('',(-12.9478874871342,21.1929459858796,19.8949996982304));
#9898=CARTESIAN_POINT('',(-12.9967030656077,21.2181146440844,19.9134101195157));
#9899=CARTESIAN_POINT('',(-13.0458328678085,21.2440862420694,19.9298817833779));
#9900=CARTESIAN_POINT('',(-13.0880715237385,21.2668387408931,19.9425012312131));
#9901=CARTESIAN_POINT('',(-13.1232619159197,21.2860346214303,19.9520414698635));
#9902=CARTESIAN_POINT('',(-13.1548741965762,21.3034447597995,19.9598765973574));
#9903=CARTESIAN_POINT('',(-13.1864542543369,21.3209855788233,19.9669819038024));
#9904=CARTESIAN_POINT('',(-13.2179693118357,21.3386219277802,19.9733639372989));
#9905=CARTESIAN_POINT('',(-13.2494482522251,21.3563539895893,19.979041245163));
#9906=CARTESIAN_POINT('',(-13.2808815033166,21.3741614072908,19.9840226941348));
#9907=CARTESIAN_POINT('',(-13.3122837302,21.3920382503723,19.9883198192356));
#9908=CARTESIAN_POINT('',(-13.3436323325204,21.4099579668241,19.9919382756784));
#9909=CARTESIAN_POINT('',(-13.3749483472987,21.4279194238965,19.9948882112842));
#9910=CARTESIAN_POINT('',(-13.4062337251714,21.4459111012221,19.9971757600611));
#9911=CARTESIAN_POINT('',(-13.4375065784176,21.4639311500741,19.9988064804632));
#9912=CARTESIAN_POINT('',(-13.4687634842296,21.4819655840125,19.999783295733));
#9913=CARTESIAN_POINT('',(-13.489590334707,21.4939899846837,19.999999993429));
#9914=CARTESIAN_POINT('',(-13.5,21.5,20.));
#9915=CARTESIAN_POINT('',(-12.3819660112501,19.,19.5));
#9916=CARTESIAN_POINT('',(-12.3883920607613,18.9999995619449,19.507184526254));
#9917=CARTESIAN_POINT('',(-12.4014292723408,18.9996888489953,19.5214802223646));
#9918=CARTESIAN_POINT('',(-12.4213932238145,18.9983345020344,19.5425400333054));
#9919=CARTESIAN_POINT('',(-12.4418820839277,18.9961184349214,19.5633305038257));
#9920=CARTESIAN_POINT('',(-12.4628555813577,18.9930713304086,19.5837985441101));
#9921=CARTESIAN_POINT('',(-12.4843442889656,18.989214566683,19.6039628429912));
#9922=CARTESIAN_POINT('',(-12.5063119585552,18.9845782834232,19.6237782566659));
#9923=CARTESIAN_POINT('',(-12.5287805845668,18.9791799786976,19.6432534891818));
#9924=CARTESIAN_POINT('',(-12.551671390151,18.9730615234467,19.6623120509646));
#9925=CARTESIAN_POINT('',(-12.5750346004151,18.9662330647253,19.6809901736785));
#9926=CARTESIAN_POINT('',(-12.5988830809759,18.9587096585114,19.6992881795732));
#9927=CARTESIAN_POINT('',(-12.6233607206236,18.9504580477282,19.7172980120764));
#9928=CARTESIAN_POINT('',(-12.6484189592842,18.9415028451495,19.7349601811268));
#9929=CARTESIAN_POINT('',(-12.6741670661295,18.9318132516127,19.7523275683172));
#9930=CARTESIAN_POINT('',(-12.7005614277324,18.9214117845803,19.7693431311468));
#9931=CARTESIAN_POINT('',(-12.727722461238,18.9102550828989,19.786052292261));
#9932=CARTESIAN_POINT('',(-12.7554876468859,18.8984156949966,19.8023249891689));
#9933=CARTESIAN_POINT('',(-12.7838804749979,18.8858941692779,19.8181528265168));
#9934=CARTESIAN_POINT('',(-12.812811823428,18.8727416960413,19.8334667462632));
#9935=CARTESIAN_POINT('',(-12.8423862716739,18.8589214520927,19.8482997319717));
#9936=CARTESIAN_POINT('',(-12.8724698836447,18.8445073397515,19.8625631912423));
#9937=CARTESIAN_POINT('',(-12.9065043278816,18.8278266459471,19.8777804855712));
#9938=CARTESIAN_POINT('',(-12.9478874871341,18.8070540141205,19.8949996982303));
#9939=CARTESIAN_POINT('',(-12.9967030656076,18.7818853559157,19.9134101195156));
#9940=CARTESIAN_POINT('',(-13.0458328678084,18.7559137579307,19.9298817833779));
#9941=CARTESIAN_POINT('',(-13.0880715237384,18.733161259107,19.942501231213));
#9942=CARTESIAN_POINT('',(-13.1232619159196,18.7139653785697,19.9520414698635));
#9943=CARTESIAN_POINT('',(-13.1548741965761,18.6965552402006,19.9598765973574));
#9944=CARTESIAN_POINT('',(-13.1864542543368,18.6790144211768,19.9669819038024));
#9945=CARTESIAN_POINT('',(-13.2179693118356,18.6613780722198,19.9733639372989));
#9946=CARTESIAN_POINT('',(-13.249448252225,18.6436460104108,19.9790412451629));
#9947=CARTESIAN_POINT('',(-13.2808815033166,18.6258385927093,19.9840226941348));
#9948=CARTESIAN_POINT('',(-13.3122837301999,18.6079617496277,19.9883198192356));
#9949=CARTESIAN_POINT('',(-13.3436323325203,18.5900420331759,19.9919382756784));
#9950=CARTESIAN_POINT('',(-13.3749483472986,18.5720805761035,19.9948882112842));
#9951=CARTESIAN_POINT('',(-13.4062337251714,18.5540888987779,19.9971757600611));
#9952=CARTESIAN_POINT('',(-13.4375065784175,18.5360688499259,19.9988064804632));
#9953=CARTESIAN_POINT('',(-13.4687634842296,18.5180344159875,19.999783295733));
#9954=CARTESIAN_POINT('',(-13.489590334707,18.5060100153163,19.999999993429));
#9955=CARTESIAN_POINT('',(-13.5,18.5,20.));
#9956=CARTESIAN_POINT('',(12.3819660112501,21.,19.5));
#9957=CARTESIAN_POINT('',(12.3883920607614,21.0000004380551,19.507184526254));
#9958=CARTESIAN_POINT('',(12.4014292723408,21.0003111510047,19.5214802223646));
#9959=CARTESIAN_POINT('',(12.4213932238145,21.0016654979656,19.5425400333054));
#9960=CARTESIAN_POINT('',(12.4418820839277,21.0038815650786,19.5633305038257));
#9961=CARTESIAN_POINT('',(12.4628555813577,21.0069286695914,19.5837985441101));
#9962=CARTESIAN_POINT('',(12.4843442889657,21.010785433317,19.6039628429912));
#9963=CARTESIAN_POINT('',(12.5063119585552,21.0154217165768,19.623778256666));
#9964=CARTESIAN_POINT('',(12.5287805845668,21.0208200213024,19.6432534891818));
#9965=CARTESIAN_POINT('',(12.551671390151,21.0269384765533,19.6623120509646));
#9966=CARTESIAN_POINT('',(12.5750346004151,21.0337669352747,19.6809901736785));
#9967=CARTESIAN_POINT('',(12.5988830809759,21.0412903414886,19.6992881795732));
#9968=CARTESIAN_POINT('',(12.6233607206236,21.0495419522718,19.7172980120764));
#9969=CARTESIAN_POINT('',(12.6484189592842,21.0584971548505,19.7349601811268));
#9970=CARTESIAN_POINT('',(12.6741670661295,21.0681867483873,19.7523275683173));
#9971=CARTESIAN_POINT('',(12.7005614277324,21.0785882154197,19.7693431311468));
#9972=CARTESIAN_POINT('',(12.727722461238,21.0897449171011,19.786052292261));
#9973=CARTESIAN_POINT('',(12.7554876468859,21.1015843050035,19.8023249891689));
#9974=CARTESIAN_POINT('',(12.7838804749979,21.1141058307221,19.8181528265168));
#9975=CARTESIAN_POINT('',(12.8128118234281,21.1272583039587,19.8334667462632));
#9976=CARTESIAN_POINT('',(12.8423862716739,21.1410785479073,19.8482997319717));
#9977=CARTESIAN_POINT('',(12.8724698836447,21.1554926602485,19.8625631912423));
#9978=CARTESIAN_POINT('',(12.9065043278816,21.1721733540529,19.8777804855712));
#9979=CARTESIAN_POINT('',(12.9478874871341,21.1929459858795,19.8949996982303));
#9980=CARTESIAN_POINT('',(12.9967030656076,21.2181146440843,19.9134101195157));
#9981=CARTESIAN_POINT('',(13.0458328678084,21.2440862420693,19.9298817833779));
#9982=CARTESIAN_POINT('',(13.0880715237384,21.266838740893,19.942501231213));
#9983=CARTESIAN_POINT('',(13.1232619159197,21.2860346214303,19.9520414698635));
#9984=CARTESIAN_POINT('',(13.1548741965761,21.3034447597995,19.9598765973574));
#9985=CARTESIAN_POINT('',(13.1864542543368,21.3209855788232,19.9669819038024));
#9986=CARTESIAN_POINT('',(13.2179693118357,21.3386219277802,19.9733639372989));
#9987=CARTESIAN_POINT('',(13.249448252225,21.3563539895893,19.9790412451629));
#9988=CARTESIAN_POINT('',(13.2808815033166,21.3741614072907,19.9840226941348));
#9989=CARTESIAN_POINT('',(13.3122837301999,21.3920382503723,19.9883198192356));
#9990=CARTESIAN_POINT('',(13.3436323325203,21.4099579668241,19.9919382756784));
#9991=CARTESIAN_POINT('',(13.3749483472986,21.4279194238964,19.9948882112842));
#9992=CARTESIAN_POINT('',(13.4062337251714,21.4459111012221,19.9971757600611));
#9993=CARTESIAN_POINT('',(13.4375065784175,21.4639311500741,19.9988064804632));
#9994=CARTESIAN_POINT('',(13.4687634842296,21.4819655840125,19.999783295733));
#9995=CARTESIAN_POINT('',(13.489590334707,21.4939899846837,19.999999993429));
#9996=CARTESIAN_POINT('',(13.5,21.5,20.));
#9997=CARTESIAN_POINT('',(12.3819660112501,19.,19.5));
#9998=CARTESIAN_POINT('',(12.3883920607614,18.9999995619449,19.507184526254));
#9999=CARTESIAN_POINT('',(12.4014292723408,18.9996888489953,19.5214802223646));
#10000=CARTESIAN_POINT('',(12.4213932238145,18.9983345020344,19.5425400333054));
#10001=CARTESIAN_POINT('',(12.4418820839277,18.9961184349214,19.5633305038257));
#10002=CARTESIAN_POINT('',(12.4628555813577,18.9930713304086,19.5837985441101));
#10003=CARTESIAN_POINT('',(12.4843442889657,18.989214566683,19.6039628429912));
#10004=CARTESIAN_POINT('',(12.5063119585552,18.9845782834232,19.623778256666));
#10005=CARTESIAN_POINT('',(12.5287805845668,18.9791799786976,19.6432534891818));
#10006=CARTESIAN_POINT('',(12.551671390151,18.9730615234467,19.6623120509646));
#10007=CARTESIAN_POINT('',(12.5750346004151,18.9662330647253,19.6809901736785));
#10008=CARTESIAN_POINT('',(12.598883080976,18.9587096585114,19.6992881795732));
#10009=CARTESIAN_POINT('',(12.6233607206236,18.9504580477282,19.7172980120765));
#10010=CARTESIAN_POINT('',(12.6484189592842,18.9415028451495,19.7349601811268));
#10011=CARTESIAN_POINT('',(12.6741670661295,18.9318132516127,19.7523275683173));
#10012=CARTESIAN_POINT('',(12.7005614277325,18.9214117845803,19.7693431311468));
#10013=CARTESIAN_POINT('',(12.7277224612381,18.9102550828988,19.7860522922611));
#10014=CARTESIAN_POINT('',(12.755487646886,18.8984156949965,19.802324989169));
#10015=CARTESIAN_POINT('',(12.783880474998,18.8858941692779,19.8181528265168));
#10016=CARTESIAN_POINT('',(12.8128118234282,18.8727416960412,19.8334667462633));
#10017=CARTESIAN_POINT('',(12.842386271674,18.8589214520926,19.8482997319718));
#10018=CARTESIAN_POINT('',(12.8724698836448,18.8445073397514,19.8625631912423));
#10019=CARTESIAN_POINT('',(12.9065043278817,18.827826645947,19.8777804855712));
#10020=CARTESIAN_POINT('',(12.9478874871343,18.8070540141204,19.8949996982304));
#10021=CARTESIAN_POINT('',(12.9967030656078,18.7818853559156,19.9134101195157));
#10022=CARTESIAN_POINT('',(13.0458328678086,18.7559137579306,19.9298817833779));
#10023=CARTESIAN_POINT('',(13.0880715237386,18.7331612591069,19.9425012312131));
#10024=CARTESIAN_POINT('',(13.1232619159198,18.7139653785697,19.9520414698635));
#10025=CARTESIAN_POINT('',(13.1548741965763,18.6965552402004,19.9598765973574));
#10026=CARTESIAN_POINT('',(13.186454254337,18.6790144211767,19.9669819038025));
#10027=CARTESIAN_POINT('',(13.2179693118358,18.6613780722197,19.9733639372989));
#10028=CARTESIAN_POINT('',(13.2494482522252,18.6436460104107,19.979041245163));
#10029=CARTESIAN_POINT('',(13.2808815033167,18.6258385927092,19.9840226941348));
#10030=CARTESIAN_POINT('',(13.3122837302001,18.6079617496277,19.9883198192356));
#10031=CARTESIAN_POINT('',(13.3436323325204,18.5900420331759,19.9919382756784));
#10032=CARTESIAN_POINT('',(13.3749483472987,18.5720805761035,19.9948882112842));
#10033=CARTESIAN_POINT('',(13.4062337251715,18.5540888987779,19.9971757600611));
#10034=CARTESIAN_POINT('',(13.4375065784176,18.5360688499258,19.9988064804632));
#10035=CARTESIAN_POINT('',(13.4687634842296,18.5180344159874,19.999783295733));
#10036=CARTESIAN_POINT('',(13.489590334707,18.5060100153163,19.999999993429));
#10037=CARTESIAN_POINT('',(13.5,18.5,20.));
ENDSEC;
END-ISO-10303-21;
