ISO-10303-21;
HEADER;
FILE_DESCRIPTION(('STEP AP203'),
    '1');
FILE_NAME('панель',
    '',
    ('UNSPECIFIED'),
    ('UNSPECIFIED'),
    'C3D Converter',
    'C3D Toolkit',
    '');
FILE_SCHEMA(('CONFIG_CONTROL_DESIGN'));
ENDSEC;

DATA;
#1=PRODUCT_DEFINITION('','UNSPECIFIED',#28,#31);
#2=SHAPE_DEFINITION_REPRESENTATION(#26,#3);
#3=SHAPE_REPRESENTATION('NONE',(#4),#8);
#4=AXIS2_PLACEMENT_3D('',#5,#6,#7);
#5=CARTESIAN_POINT('',(0.,0.,0.));
#6=DIRECTION('',(0.,0.,1.));
#7=DIRECTION('',(1.,0.,0.));
#8=(GEOMETRIC_REPRESENTATION_CONTEXT(3)GLOBAL_UNCERTAINTY_ASSIGNED_CONTEXT((#10))
GLOBAL_UNIT_ASSIGNED_CONTEXT((#9,#11,#12))REPRESENTATION_CONTEXT('NONE','NONE'));
#9=(LENGTH_UNIT()NAMED_UNIT(*)SI_UNIT(.MILLI.,.METRE.));
#10=UNCERTAINTY_MEASURE_WITH_UNIT(LENGTH_MEASURE(1.E-5),#9,'NONE','NONE');
#11=(NAMED_UNIT(*)PLANE_ANGLE_UNIT()SI_UNIT($,.RADIAN.));
#12=(NAMED_UNIT(*)SI_UNIT($,.STERADIAN.)SOLID_ANGLE_UNIT());
#13=MANIFOLD_SOLID_BREP('',#14);
#14=CLOSED_SHELL('',(#53,#54,#63,#72,#81,#90,#99,#108,#117,#126,#135,#144,#153,#162,
#171,#180,#189,#198,#207,#208,#209,#210,#219,#228,#237,#246,#255,#264,#273,#282,
#291,#300,#301,#302,#311,#320,#329,#338,#347,#356,#365,#374,#383,#392,#401,#410,
#419,#428,#437,#446,#455,#456,#457,#458,#459,#460,#461,#462,#463,#464,#465,#466,
#467,#468,#469));
#15=COLOUR_RGB('',1.,0.698039215686275,0.4);
#16=FILL_AREA_STYLE_COLOUR('',#15);
#17=FILL_AREA_STYLE($,(#16));
#18=SURFACE_STYLE_FILL_AREA(#17);
#19=SURFACE_SIDE_STYLE('',(#18));
#20=SURFACE_STYLE_USAGE(.BOTH.,#19);
#21=PRESENTATION_STYLE_ASSIGNMENT((#20));
#22=MECHANICAL_DESIGN_GEOMETRIC_PRESENTATION_REPRESENTATION('NONE',(#23,#62,#71,
#80,#89,#98,#107,#116,#125,#134,#143,#152,#161,#170,#179,#188,#197,#206,#218,#227,
#236,#245,#254,#263,#272,#281,#290,#299,#310,#319,#328,#337,#346,#355,#364,#373,
#382,#391,#400,#409,#418,#427,#436,#445,#454),#8);
#23=STYLED_ITEM('',(#21),#13);
#24=ADVANCED_BREP_SHAPE_REPRESENTATION('NONE',(#13),#8);
#25=SHAPE_REPRESENTATION_RELATIONSHIP('','',#3,#24);
#26=PRODUCT_DEFINITION_SHAPE('NONE','NONE',#1);
#27=MECHANICAL_CONTEXT('NONE',#32,'mechanical');
#28=PRODUCT_DEFINITION_FORMATION_WITH_SPECIFIED_SOURCE('ANY','UNSPECIFIED',#29,.NOT_KNOWN.);
#29=PRODUCT('','\X2\0414043504420430043B044C\X0\','NONE',(#27));
#30=PRODUCT_RELATED_PRODUCT_CATEGORY('detail','',(#29));
#31=DESIGN_CONTEXT('detailed design',#32,'design');
#32=APPLICATION_CONTEXT('configuration controlled 3d designs of mechanical parts and assemblies');
#33=APPLICATION_PROTOCOL_DEFINITION('international standard','config_control_design',
1994,#32);
#34=CC_DESIGN_DATE_AND_TIME_ASSIGNMENT(#35,#39,(#1));
#35=DATE_AND_TIME(#36,#37);
#36=CALENDAR_DATE(0,1,1);
#37=LOCAL_TIME(0,0,0.,#38);
#38=COORDINATED_UNIVERSAL_TIME_OFFSET(0,0,.AHEAD.);
#39=DATE_TIME_ROLE('creation_date');
#40=CC_DESIGN_APPROVAL(#41,(#1));
#41=APPROVAL(#42,'UNSPECIFIED');
#42=APPROVAL_STATUS('not_yet_approved');
#43=APPROVAL_DATE_TIME(#44,#41);
#44=DATE_AND_TIME(#45,#46);
#45=CALENDAR_DATE(0,1,1);
#46=LOCAL_TIME(0,0,0.,#47);
#47=COORDINATED_UNIVERSAL_TIME_OFFSET(0,0,.AHEAD.);
#48=PERSON('UNSPECIFIED','Олег','UNSPECIFIED',('UNSPECIFIED'),('UNSPECIFIED'),('UNSPECIFIED'));
#49=ORGANIZATION('UNSPECIFIED','UNSPECIFIED','UNSPECIFIED');
#50=PERSON_AND_ORGANIZATION(#48,#49);
#51=PERSON_AND_ORGANIZATION_ROLE('creator');
#52=CC_DESIGN_PERSON_AND_ORGANIZATION_ASSIGNMENT(#50,#51,(#28,#1));
#53=ADVANCED_FACE('',(#470,#472,#474,#476,#478,#480,#482,#484,#486,#488,#490),#492,
.T.);
#54=ADVANCED_FACE('',(#497,#499),#501,.T.);
#55=COLOUR_RGB('',0.141176470588235,0.141176470588235,0.141176470588235);
#56=FILL_AREA_STYLE_COLOUR('',#55);
#57=FILL_AREA_STYLE($,(#56));
#58=SURFACE_STYLE_FILL_AREA(#57);
#59=SURFACE_SIDE_STYLE('',(#58));
#60=SURFACE_STYLE_USAGE(.BOTH.,#59);
#61=PRESENTATION_STYLE_ASSIGNMENT((#60));
#62=STYLED_ITEM('',(#61),#54);
#63=ADVANCED_FACE('',(#506,#508),#510,.T.);
#64=COLOUR_RGB('',0.141176470588235,0.141176470588235,0.141176470588235);
#65=FILL_AREA_STYLE_COLOUR('',#64);
#66=FILL_AREA_STYLE($,(#65));
#67=SURFACE_STYLE_FILL_AREA(#66);
#68=SURFACE_SIDE_STYLE('',(#67));
#69=SURFACE_STYLE_USAGE(.BOTH.,#68);
#70=PRESENTATION_STYLE_ASSIGNMENT((#69));
#71=STYLED_ITEM('',(#70),#63);
#72=ADVANCED_FACE('',(#515,#517),#519,.T.);
#73=COLOUR_RGB('',0.141176470588235,0.141176470588235,0.141176470588235);
#74=FILL_AREA_STYLE_COLOUR('',#73);
#75=FILL_AREA_STYLE($,(#74));
#76=SURFACE_STYLE_FILL_AREA(#75);
#77=SURFACE_SIDE_STYLE('',(#76));
#78=SURFACE_STYLE_USAGE(.BOTH.,#77);
#79=PRESENTATION_STYLE_ASSIGNMENT((#78));
#80=STYLED_ITEM('',(#79),#72);
#81=ADVANCED_FACE('',(#524,#526),#528,.T.);
#82=COLOUR_RGB('',0.141176470588235,0.141176470588235,0.141176470588235);
#83=FILL_AREA_STYLE_COLOUR('',#82);
#84=FILL_AREA_STYLE($,(#83));
#85=SURFACE_STYLE_FILL_AREA(#84);
#86=SURFACE_SIDE_STYLE('',(#85));
#87=SURFACE_STYLE_USAGE(.BOTH.,#86);
#88=PRESENTATION_STYLE_ASSIGNMENT((#87));
#89=STYLED_ITEM('',(#88),#81);
#90=ADVANCED_FACE('',(#533,#535),#537,.T.);
#91=COLOUR_RGB('',0.141176470588235,0.141176470588235,0.141176470588235);
#92=FILL_AREA_STYLE_COLOUR('',#91);
#93=FILL_AREA_STYLE($,(#92));
#94=SURFACE_STYLE_FILL_AREA(#93);
#95=SURFACE_SIDE_STYLE('',(#94));
#96=SURFACE_STYLE_USAGE(.BOTH.,#95);
#97=PRESENTATION_STYLE_ASSIGNMENT((#96));
#98=STYLED_ITEM('',(#97),#90);
#99=ADVANCED_FACE('',(#542,#544),#546,.T.);
#100=COLOUR_RGB('',0.141176470588235,0.141176470588235,0.141176470588235);
#101=FILL_AREA_STYLE_COLOUR('',#100);
#102=FILL_AREA_STYLE($,(#101));
#103=SURFACE_STYLE_FILL_AREA(#102);
#104=SURFACE_SIDE_STYLE('',(#103));
#105=SURFACE_STYLE_USAGE(.BOTH.,#104);
#106=PRESENTATION_STYLE_ASSIGNMENT((#105));
#107=STYLED_ITEM('',(#106),#99);
#108=ADVANCED_FACE('',(#551,#553),#555,.T.);
#109=COLOUR_RGB('',0.141176470588235,0.141176470588235,0.141176470588235);
#110=FILL_AREA_STYLE_COLOUR('',#109);
#111=FILL_AREA_STYLE($,(#110));
#112=SURFACE_STYLE_FILL_AREA(#111);
#113=SURFACE_SIDE_STYLE('',(#112));
#114=SURFACE_STYLE_USAGE(.BOTH.,#113);
#115=PRESENTATION_STYLE_ASSIGNMENT((#114));
#116=STYLED_ITEM('',(#115),#108);
#117=ADVANCED_FACE('',(#560,#562),#564,.T.);
#118=COLOUR_RGB('',0.141176470588235,0.141176470588235,0.141176470588235);
#119=FILL_AREA_STYLE_COLOUR('',#118);
#120=FILL_AREA_STYLE($,(#119));
#121=SURFACE_STYLE_FILL_AREA(#120);
#122=SURFACE_SIDE_STYLE('',(#121));
#123=SURFACE_STYLE_USAGE(.BOTH.,#122);
#124=PRESENTATION_STYLE_ASSIGNMENT((#123));
#125=STYLED_ITEM('',(#124),#117);
#126=ADVANCED_FACE('',(#569,#571),#573,.T.);
#127=COLOUR_RGB('',0.141176470588235,0.141176470588235,0.141176470588235);
#128=FILL_AREA_STYLE_COLOUR('',#127);
#129=FILL_AREA_STYLE($,(#128));
#130=SURFACE_STYLE_FILL_AREA(#129);
#131=SURFACE_SIDE_STYLE('',(#130));
#132=SURFACE_STYLE_USAGE(.BOTH.,#131);
#133=PRESENTATION_STYLE_ASSIGNMENT((#132));
#134=STYLED_ITEM('',(#133),#126);
#135=ADVANCED_FACE('',(#578),#580,.T.);
#136=COLOUR_RGB('',0.141176470588235,0.141176470588235,0.141176470588235);
#137=FILL_AREA_STYLE_COLOUR('',#136);
#138=FILL_AREA_STYLE($,(#137));
#139=SURFACE_STYLE_FILL_AREA(#138);
#140=SURFACE_SIDE_STYLE('',(#139));
#141=SURFACE_STYLE_USAGE(.BOTH.,#140);
#142=PRESENTATION_STYLE_ASSIGNMENT((#141));
#143=STYLED_ITEM('',(#142),#135);
#144=ADVANCED_FACE('',(#585),#587,.T.);
#145=COLOUR_RGB('',0.141176470588235,0.141176470588235,0.141176470588235);
#146=FILL_AREA_STYLE_COLOUR('',#145);
#147=FILL_AREA_STYLE($,(#146));
#148=SURFACE_STYLE_FILL_AREA(#147);
#149=SURFACE_SIDE_STYLE('',(#148));
#150=SURFACE_STYLE_USAGE(.BOTH.,#149);
#151=PRESENTATION_STYLE_ASSIGNMENT((#150));
#152=STYLED_ITEM('',(#151),#144);
#153=ADVANCED_FACE('',(#592),#594,.T.);
#154=COLOUR_RGB('',0.141176470588235,0.141176470588235,0.141176470588235);
#155=FILL_AREA_STYLE_COLOUR('',#154);
#156=FILL_AREA_STYLE($,(#155));
#157=SURFACE_STYLE_FILL_AREA(#156);
#158=SURFACE_SIDE_STYLE('',(#157));
#159=SURFACE_STYLE_USAGE(.BOTH.,#158);
#160=PRESENTATION_STYLE_ASSIGNMENT((#159));
#161=STYLED_ITEM('',(#160),#153);
#162=ADVANCED_FACE('',(#599),#601,.T.);
#163=COLOUR_RGB('',0.141176470588235,0.141176470588235,0.141176470588235);
#164=FILL_AREA_STYLE_COLOUR('',#163);
#165=FILL_AREA_STYLE($,(#164));
#166=SURFACE_STYLE_FILL_AREA(#165);
#167=SURFACE_SIDE_STYLE('',(#166));
#168=SURFACE_STYLE_USAGE(.BOTH.,#167);
#169=PRESENTATION_STYLE_ASSIGNMENT((#168));
#170=STYLED_ITEM('',(#169),#162);
#171=ADVANCED_FACE('',(#606),#608,.T.);
#172=COLOUR_RGB('',0.141176470588235,0.141176470588235,0.141176470588235);
#173=FILL_AREA_STYLE_COLOUR('',#172);
#174=FILL_AREA_STYLE($,(#173));
#175=SURFACE_STYLE_FILL_AREA(#174);
#176=SURFACE_SIDE_STYLE('',(#175));
#177=SURFACE_STYLE_USAGE(.BOTH.,#176);
#178=PRESENTATION_STYLE_ASSIGNMENT((#177));
#179=STYLED_ITEM('',(#178),#171);
#180=ADVANCED_FACE('',(#613),#615,.T.);
#181=COLOUR_RGB('',0.141176470588235,0.141176470588235,0.141176470588235);
#182=FILL_AREA_STYLE_COLOUR('',#181);
#183=FILL_AREA_STYLE($,(#182));
#184=SURFACE_STYLE_FILL_AREA(#183);
#185=SURFACE_SIDE_STYLE('',(#184));
#186=SURFACE_STYLE_USAGE(.BOTH.,#185);
#187=PRESENTATION_STYLE_ASSIGNMENT((#186));
#188=STYLED_ITEM('',(#187),#180);
#189=ADVANCED_FACE('',(#620),#622,.T.);
#190=COLOUR_RGB('',0.141176470588235,0.141176470588235,0.141176470588235);
#191=FILL_AREA_STYLE_COLOUR('',#190);
#192=FILL_AREA_STYLE($,(#191));
#193=SURFACE_STYLE_FILL_AREA(#192);
#194=SURFACE_SIDE_STYLE('',(#193));
#195=SURFACE_STYLE_USAGE(.BOTH.,#194);
#196=PRESENTATION_STYLE_ASSIGNMENT((#195));
#197=STYLED_ITEM('',(#196),#189);
#198=ADVANCED_FACE('',(#627),#629,.T.);
#199=COLOUR_RGB('',0.141176470588235,0.141176470588235,0.141176470588235);
#200=FILL_AREA_STYLE_COLOUR('',#199);
#201=FILL_AREA_STYLE($,(#200));
#202=SURFACE_STYLE_FILL_AREA(#201);
#203=SURFACE_SIDE_STYLE('',(#202));
#204=SURFACE_STYLE_USAGE(.BOTH.,#203);
#205=PRESENTATION_STYLE_ASSIGNMENT((#204));
#206=STYLED_ITEM('',(#205),#198);
#207=ADVANCED_FACE('',(#634),#636,.F.);
#208=ADVANCED_FACE('',(#641),#643,.T.);
#209=ADVANCED_FACE('',(#648),#650,.T.);
#210=ADVANCED_FACE('',(#655),#657,.T.);
#211=COLOUR_RGB('',0.141176470588235,0.141176470588235,0.141176470588235);
#212=FILL_AREA_STYLE_COLOUR('',#211);
#213=FILL_AREA_STYLE($,(#212));
#214=SURFACE_STYLE_FILL_AREA(#213);
#215=SURFACE_SIDE_STYLE('',(#214));
#216=SURFACE_STYLE_USAGE(.BOTH.,#215);
#217=PRESENTATION_STYLE_ASSIGNMENT((#216));
#218=STYLED_ITEM('',(#217),#210);
#219=ADVANCED_FACE('',(#662),#664,.T.);
#220=COLOUR_RGB('',0.141176470588235,0.141176470588235,0.141176470588235);
#221=FILL_AREA_STYLE_COLOUR('',#220);
#222=FILL_AREA_STYLE($,(#221));
#223=SURFACE_STYLE_FILL_AREA(#222);
#224=SURFACE_SIDE_STYLE('',(#223));
#225=SURFACE_STYLE_USAGE(.BOTH.,#224);
#226=PRESENTATION_STYLE_ASSIGNMENT((#225));
#227=STYLED_ITEM('',(#226),#219);
#228=ADVANCED_FACE('',(#669),#671,.T.);
#229=COLOUR_RGB('',0.141176470588235,0.141176470588235,0.141176470588235);
#230=FILL_AREA_STYLE_COLOUR('',#229);
#231=FILL_AREA_STYLE($,(#230));
#232=SURFACE_STYLE_FILL_AREA(#231);
#233=SURFACE_SIDE_STYLE('',(#232));
#234=SURFACE_STYLE_USAGE(.BOTH.,#233);
#235=PRESENTATION_STYLE_ASSIGNMENT((#234));
#236=STYLED_ITEM('',(#235),#228);
#237=ADVANCED_FACE('',(#676),#678,.T.);
#238=COLOUR_RGB('',0.141176470588235,0.141176470588235,0.141176470588235);
#239=FILL_AREA_STYLE_COLOUR('',#238);
#240=FILL_AREA_STYLE($,(#239));
#241=SURFACE_STYLE_FILL_AREA(#240);
#242=SURFACE_SIDE_STYLE('',(#241));
#243=SURFACE_STYLE_USAGE(.BOTH.,#242);
#244=PRESENTATION_STYLE_ASSIGNMENT((#243));
#245=STYLED_ITEM('',(#244),#237);
#246=ADVANCED_FACE('',(#683),#685,.T.);
#247=COLOUR_RGB('',0.141176470588235,0.141176470588235,0.141176470588235);
#248=FILL_AREA_STYLE_COLOUR('',#247);
#249=FILL_AREA_STYLE($,(#248));
#250=SURFACE_STYLE_FILL_AREA(#249);
#251=SURFACE_SIDE_STYLE('',(#250));
#252=SURFACE_STYLE_USAGE(.BOTH.,#251);
#253=PRESENTATION_STYLE_ASSIGNMENT((#252));
#254=STYLED_ITEM('',(#253),#246);
#255=ADVANCED_FACE('',(#690),#692,.T.);
#256=COLOUR_RGB('',0.141176470588235,0.141176470588235,0.141176470588235);
#257=FILL_AREA_STYLE_COLOUR('',#256);
#258=FILL_AREA_STYLE($,(#257));
#259=SURFACE_STYLE_FILL_AREA(#258);
#260=SURFACE_SIDE_STYLE('',(#259));
#261=SURFACE_STYLE_USAGE(.BOTH.,#260);
#262=PRESENTATION_STYLE_ASSIGNMENT((#261));
#263=STYLED_ITEM('',(#262),#255);
#264=ADVANCED_FACE('',(#697),#699,.T.);
#265=COLOUR_RGB('',0.141176470588235,0.141176470588235,0.141176470588235);
#266=FILL_AREA_STYLE_COLOUR('',#265);
#267=FILL_AREA_STYLE($,(#266));
#268=SURFACE_STYLE_FILL_AREA(#267);
#269=SURFACE_SIDE_STYLE('',(#268));
#270=SURFACE_STYLE_USAGE(.BOTH.,#269);
#271=PRESENTATION_STYLE_ASSIGNMENT((#270));
#272=STYLED_ITEM('',(#271),#264);
#273=ADVANCED_FACE('',(#704),#706,.T.);
#274=COLOUR_RGB('',0.141176470588235,0.141176470588235,0.141176470588235);
#275=FILL_AREA_STYLE_COLOUR('',#274);
#276=FILL_AREA_STYLE($,(#275));
#277=SURFACE_STYLE_FILL_AREA(#276);
#278=SURFACE_SIDE_STYLE('',(#277));
#279=SURFACE_STYLE_USAGE(.BOTH.,#278);
#280=PRESENTATION_STYLE_ASSIGNMENT((#279));
#281=STYLED_ITEM('',(#280),#273);
#282=ADVANCED_FACE('',(#711),#713,.T.);
#283=COLOUR_RGB('',0.141176470588235,0.141176470588235,0.141176470588235);
#284=FILL_AREA_STYLE_COLOUR('',#283);
#285=FILL_AREA_STYLE($,(#284));
#286=SURFACE_STYLE_FILL_AREA(#285);
#287=SURFACE_SIDE_STYLE('',(#286));
#288=SURFACE_STYLE_USAGE(.BOTH.,#287);
#289=PRESENTATION_STYLE_ASSIGNMENT((#288));
#290=STYLED_ITEM('',(#289),#282);
#291=ADVANCED_FACE('',(#718),#720,.T.);
#292=COLOUR_RGB('',0.141176470588235,0.141176470588235,0.141176470588235);
#293=FILL_AREA_STYLE_COLOUR('',#292);
#294=FILL_AREA_STYLE($,(#293));
#295=SURFACE_STYLE_FILL_AREA(#294);
#296=SURFACE_SIDE_STYLE('',(#295));
#297=SURFACE_STYLE_USAGE(.BOTH.,#296);
#298=PRESENTATION_STYLE_ASSIGNMENT((#297));
#299=STYLED_ITEM('',(#298),#291);
#300=ADVANCED_FACE('',(#725),#727,.T.);
#301=ADVANCED_FACE('',(#732),#734,.T.);
#302=ADVANCED_FACE('',(#739,#741),#743,.T.);
#303=COLOUR_RGB('',0.141176470588235,0.141176470588235,0.141176470588235);
#304=FILL_AREA_STYLE_COLOUR('',#303);
#305=FILL_AREA_STYLE($,(#304));
#306=SURFACE_STYLE_FILL_AREA(#305);
#307=SURFACE_SIDE_STYLE('',(#306));
#308=SURFACE_STYLE_USAGE(.BOTH.,#307);
#309=PRESENTATION_STYLE_ASSIGNMENT((#308));
#310=STYLED_ITEM('',(#309),#302);
#311=ADVANCED_FACE('',(#748,#750),#752,.T.);
#312=COLOUR_RGB('',0.141176470588235,0.141176470588235,0.141176470588235);
#313=FILL_AREA_STYLE_COLOUR('',#312);
#314=FILL_AREA_STYLE($,(#313));
#315=SURFACE_STYLE_FILL_AREA(#314);
#316=SURFACE_SIDE_STYLE('',(#315));
#317=SURFACE_STYLE_USAGE(.BOTH.,#316);
#318=PRESENTATION_STYLE_ASSIGNMENT((#317));
#319=STYLED_ITEM('',(#318),#311);
#320=ADVANCED_FACE('',(#757,#759),#761,.T.);
#321=COLOUR_RGB('',0.141176470588235,0.141176470588235,0.141176470588235);
#322=FILL_AREA_STYLE_COLOUR('',#321);
#323=FILL_AREA_STYLE($,(#322));
#324=SURFACE_STYLE_FILL_AREA(#323);
#325=SURFACE_SIDE_STYLE('',(#324));
#326=SURFACE_STYLE_USAGE(.BOTH.,#325);
#327=PRESENTATION_STYLE_ASSIGNMENT((#326));
#328=STYLED_ITEM('',(#327),#320);
#329=ADVANCED_FACE('',(#766,#768),#770,.T.);
#330=COLOUR_RGB('',0.141176470588235,0.141176470588235,0.141176470588235);
#331=FILL_AREA_STYLE_COLOUR('',#330);
#332=FILL_AREA_STYLE($,(#331));
#333=SURFACE_STYLE_FILL_AREA(#332);
#334=SURFACE_SIDE_STYLE('',(#333));
#335=SURFACE_STYLE_USAGE(.BOTH.,#334);
#336=PRESENTATION_STYLE_ASSIGNMENT((#335));
#337=STYLED_ITEM('',(#336),#329);
#338=ADVANCED_FACE('',(#775,#777),#779,.T.);
#339=COLOUR_RGB('',0.141176470588235,0.141176470588235,0.141176470588235);
#340=FILL_AREA_STYLE_COLOUR('',#339);
#341=FILL_AREA_STYLE($,(#340));
#342=SURFACE_STYLE_FILL_AREA(#341);
#343=SURFACE_SIDE_STYLE('',(#342));
#344=SURFACE_STYLE_USAGE(.BOTH.,#343);
#345=PRESENTATION_STYLE_ASSIGNMENT((#344));
#346=STYLED_ITEM('',(#345),#338);
#347=ADVANCED_FACE('',(#784,#786),#788,.T.);
#348=COLOUR_RGB('',0.141176470588235,0.141176470588235,0.141176470588235);
#349=FILL_AREA_STYLE_COLOUR('',#348);
#350=FILL_AREA_STYLE($,(#349));
#351=SURFACE_STYLE_FILL_AREA(#350);
#352=SURFACE_SIDE_STYLE('',(#351));
#353=SURFACE_STYLE_USAGE(.BOTH.,#352);
#354=PRESENTATION_STYLE_ASSIGNMENT((#353));
#355=STYLED_ITEM('',(#354),#347);
#356=ADVANCED_FACE('',(#793,#795),#797,.T.);
#357=COLOUR_RGB('',0.141176470588235,0.141176470588235,0.141176470588235);
#358=FILL_AREA_STYLE_COLOUR('',#357);
#359=FILL_AREA_STYLE($,(#358));
#360=SURFACE_STYLE_FILL_AREA(#359);
#361=SURFACE_SIDE_STYLE('',(#360));
#362=SURFACE_STYLE_USAGE(.BOTH.,#361);
#363=PRESENTATION_STYLE_ASSIGNMENT((#362));
#364=STYLED_ITEM('',(#363),#356);
#365=ADVANCED_FACE('',(#802,#804),#806,.T.);
#366=COLOUR_RGB('',0.141176470588235,0.141176470588235,0.141176470588235);
#367=FILL_AREA_STYLE_COLOUR('',#366);
#368=FILL_AREA_STYLE($,(#367));
#369=SURFACE_STYLE_FILL_AREA(#368);
#370=SURFACE_SIDE_STYLE('',(#369));
#371=SURFACE_STYLE_USAGE(.BOTH.,#370);
#372=PRESENTATION_STYLE_ASSIGNMENT((#371));
#373=STYLED_ITEM('',(#372),#365);
#374=ADVANCED_FACE('',(#811,#813),#815,.T.);
#375=COLOUR_RGB('',0.141176470588235,0.141176470588235,0.141176470588235);
#376=FILL_AREA_STYLE_COLOUR('',#375);
#377=FILL_AREA_STYLE($,(#376));
#378=SURFACE_STYLE_FILL_AREA(#377);
#379=SURFACE_SIDE_STYLE('',(#378));
#380=SURFACE_STYLE_USAGE(.BOTH.,#379);
#381=PRESENTATION_STYLE_ASSIGNMENT((#380));
#382=STYLED_ITEM('',(#381),#374);
#383=ADVANCED_FACE('',(#820),#822,.T.);
#384=COLOUR_RGB('',0.141176470588235,0.141176470588235,0.141176470588235);
#385=FILL_AREA_STYLE_COLOUR('',#384);
#386=FILL_AREA_STYLE($,(#385));
#387=SURFACE_STYLE_FILL_AREA(#386);
#388=SURFACE_SIDE_STYLE('',(#387));
#389=SURFACE_STYLE_USAGE(.BOTH.,#388);
#390=PRESENTATION_STYLE_ASSIGNMENT((#389));
#391=STYLED_ITEM('',(#390),#383);
#392=ADVANCED_FACE('',(#827),#829,.T.);
#393=COLOUR_RGB('',0.141176470588235,0.141176470588235,0.141176470588235);
#394=FILL_AREA_STYLE_COLOUR('',#393);
#395=FILL_AREA_STYLE($,(#394));
#396=SURFACE_STYLE_FILL_AREA(#395);
#397=SURFACE_SIDE_STYLE('',(#396));
#398=SURFACE_STYLE_USAGE(.BOTH.,#397);
#399=PRESENTATION_STYLE_ASSIGNMENT((#398));
#400=STYLED_ITEM('',(#399),#392);
#401=ADVANCED_FACE('',(#834),#836,.T.);
#402=COLOUR_RGB('',0.141176470588235,0.141176470588235,0.141176470588235);
#403=FILL_AREA_STYLE_COLOUR('',#402);
#404=FILL_AREA_STYLE($,(#403));
#405=SURFACE_STYLE_FILL_AREA(#404);
#406=SURFACE_SIDE_STYLE('',(#405));
#407=SURFACE_STYLE_USAGE(.BOTH.,#406);
#408=PRESENTATION_STYLE_ASSIGNMENT((#407));
#409=STYLED_ITEM('',(#408),#401);
#410=ADVANCED_FACE('',(#841),#843,.T.);
#411=COLOUR_RGB('',0.141176470588235,0.141176470588235,0.141176470588235);
#412=FILL_AREA_STYLE_COLOUR('',#411);
#413=FILL_AREA_STYLE($,(#412));
#414=SURFACE_STYLE_FILL_AREA(#413);
#415=SURFACE_SIDE_STYLE('',(#414));
#416=SURFACE_STYLE_USAGE(.BOTH.,#415);
#417=PRESENTATION_STYLE_ASSIGNMENT((#416));
#418=STYLED_ITEM('',(#417),#410);
#419=ADVANCED_FACE('',(#848),#850,.T.);
#420=COLOUR_RGB('',0.141176470588235,0.141176470588235,0.141176470588235);
#421=FILL_AREA_STYLE_COLOUR('',#420);
#422=FILL_AREA_STYLE($,(#421));
#423=SURFACE_STYLE_FILL_AREA(#422);
#424=SURFACE_SIDE_STYLE('',(#423));
#425=SURFACE_STYLE_USAGE(.BOTH.,#424);
#426=PRESENTATION_STYLE_ASSIGNMENT((#425));
#427=STYLED_ITEM('',(#426),#419);
#428=ADVANCED_FACE('',(#855),#857,.T.);
#429=COLOUR_RGB('',0.141176470588235,0.141176470588235,0.141176470588235);
#430=FILL_AREA_STYLE_COLOUR('',#429);
#431=FILL_AREA_STYLE($,(#430));
#432=SURFACE_STYLE_FILL_AREA(#431);
#433=SURFACE_SIDE_STYLE('',(#432));
#434=SURFACE_STYLE_USAGE(.BOTH.,#433);
#435=PRESENTATION_STYLE_ASSIGNMENT((#434));
#436=STYLED_ITEM('',(#435),#428);
#437=ADVANCED_FACE('',(#862),#864,.T.);
#438=COLOUR_RGB('',0.141176470588235,0.141176470588235,0.141176470588235);
#439=FILL_AREA_STYLE_COLOUR('',#438);
#440=FILL_AREA_STYLE($,(#439));
#441=SURFACE_STYLE_FILL_AREA(#440);
#442=SURFACE_SIDE_STYLE('',(#441));
#443=SURFACE_STYLE_USAGE(.BOTH.,#442);
#444=PRESENTATION_STYLE_ASSIGNMENT((#443));
#445=STYLED_ITEM('',(#444),#437);
#446=ADVANCED_FACE('',(#869),#871,.T.);
#447=COLOUR_RGB('',0.141176470588235,0.141176470588235,0.141176470588235);
#448=FILL_AREA_STYLE_COLOUR('',#447);
#449=FILL_AREA_STYLE($,(#448));
#450=SURFACE_STYLE_FILL_AREA(#449);
#451=SURFACE_SIDE_STYLE('',(#450));
#452=SURFACE_STYLE_USAGE(.BOTH.,#451);
#453=PRESENTATION_STYLE_ASSIGNMENT((#452));
#454=STYLED_ITEM('',(#453),#446);
#455=ADVANCED_FACE('',(#876),#878,.T.);
#456=ADVANCED_FACE('',(#883),#885,.T.);
#457=ADVANCED_FACE('',(#890),#892,.T.);
#458=ADVANCED_FACE('',(#897),#899,.T.);
#459=ADVANCED_FACE('',(#904),#906,.T.);
#460=ADVANCED_FACE('',(#911),#913,.T.);
#461=ADVANCED_FACE('',(#941),#943,.T.);
#462=ADVANCED_FACE('',(#948),#950,.T.);
#463=ADVANCED_FACE('',(#978),#980,.T.);
#464=ADVANCED_FACE('',(#985),#987,.T.);
#465=ADVANCED_FACE('',(#1006),#1008,.T.);
#466=ADVANCED_FACE('',(#1030),#1032,.T.);
#467=ADVANCED_FACE('',(#1037),#1039,.F.);
#468=ADVANCED_FACE('',(#1061),#1063,.F.);
#469=ADVANCED_FACE('',(#1082),#1084,.T.);
#470=FACE_BOUND('',#471,.T.);
#471=EDGE_LOOP('',(#1089,#1090,#1091,#1092));
#472=FACE_BOUND('',#473,.T.);
#473=EDGE_LOOP('',(#1093));
#474=FACE_BOUND('',#475,.T.);
#475=EDGE_LOOP('',(#1094));
#476=FACE_BOUND('',#477,.T.);
#477=EDGE_LOOP('',(#1095));
#478=FACE_BOUND('',#479,.T.);
#479=EDGE_LOOP('',(#1096));
#480=FACE_BOUND('',#481,.T.);
#481=EDGE_LOOP('',(#1097));
#482=FACE_BOUND('',#483,.T.);
#483=EDGE_LOOP('',(#1098));
#484=FACE_BOUND('',#485,.T.);
#485=EDGE_LOOP('',(#1099));
#486=FACE_BOUND('',#487,.T.);
#487=EDGE_LOOP('',(#1100));
#488=FACE_BOUND('',#489,.T.);
#489=EDGE_LOOP('',(#1101));
#490=FACE_BOUND('',#491,.T.);
#491=EDGE_LOOP('',(#1102,#1103,#1104,#1105,#1106,#1107,#1108,#1109));
#492=PLANE('',#493);
#493=AXIS2_PLACEMENT_3D('',#494,#495,#496);
#494=CARTESIAN_POINT('',(-17.8599450553597,1.,-24.));
#495=DIRECTION('',(-0.274721127897376,0.961523947640824,0.));
#496=DIRECTION('',(-0.961523947640824,-0.274721127897376,0.));
#497=FACE_OUTER_BOUND('',#498,.T.);
#498=EDGE_LOOP('',(#1110));
#499=FACE_OUTER_BOUND('',#500,.T.);
#500=EDGE_LOOP('',(#1111));
#501=CYLINDRICAL_SURFACE('',#502,0.75);
#502=AXIS2_PLACEMENT_3D('',#503,#504,#505);
#503=CARTESIAN_POINT('',(-20.3984211077189,0.274721127897377,18.));
#504=DIRECTION('',(-0.274721127897376,0.961523947640824,0.));
#505=DIRECTION('',(5.88763612390931E-17,1.68218174968836E-17,-1.));
#506=FACE_OUTER_BOUND('',#507,.T.);
#507=EDGE_LOOP('',(#1112));
#508=FACE_OUTER_BOUND('',#509,.T.);
#509=EDGE_LOOP('',(#1113));
#510=CYLINDRICAL_SURFACE('',#511,0.75);
#511=AXIS2_PLACEMENT_3D('',#512,#513,#514);
#512=CARTESIAN_POINT('',(-20.3984211077189,0.274721127897377,21.));
#513=DIRECTION('',(-0.274721127897376,0.961523947640824,0.));
#514=DIRECTION('',(5.88763612390931E-17,1.68218174968836E-17,-1.));
#515=FACE_OUTER_BOUND('',#516,.T.);
#516=EDGE_LOOP('',(#1114));
#517=FACE_OUTER_BOUND('',#518,.T.);
#518=EDGE_LOOP('',(#1115));
#519=CYLINDRICAL_SURFACE('',#520,1.25);
#520=AXIS2_PLACEMENT_3D('',#521,#522,#523);
#521=CARTESIAN_POINT('',(-20.3984211077189,0.274721127897378,-16.));
#522=DIRECTION('',(-0.274721127897376,0.961523947640824,0.));
#523=DIRECTION('',(5.88763612390931E-17,1.68218174968836E-17,-1.));
#524=FACE_OUTER_BOUND('',#525,.T.);
#525=EDGE_LOOP('',(#1116));
#526=FACE_OUTER_BOUND('',#527,.T.);
#527=EDGE_LOOP('',(#1117));
#528=CYLINDRICAL_SURFACE('',#529,1.25);
#529=AXIS2_PLACEMENT_3D('',#530,#531,#532);
#530=CARTESIAN_POINT('',(-20.3984211077189,0.274721127897377,8.));
#531=DIRECTION('',(-0.274721127897376,0.961523947640824,0.));
#532=DIRECTION('',(5.88763612390931E-17,1.68218174968836E-17,-1.));
#533=FACE_OUTER_BOUND('',#534,.T.);
#534=EDGE_LOOP('',(#1118));
#535=FACE_OUTER_BOUND('',#536,.T.);
#536=EDGE_LOOP('',(#1119));
#537=CYLINDRICAL_SURFACE('',#538,1.25);
#538=AXIS2_PLACEMENT_3D('',#539,#540,#541);
#539=CARTESIAN_POINT('',(-20.3984211077189,0.274721127897378,-10.));
#540=DIRECTION('',(-0.274721127897376,0.961523947640824,0.));
#541=DIRECTION('',(5.88763612390931E-17,1.68218174968836E-17,-1.));
#542=FACE_OUTER_BOUND('',#543,.T.);
#543=EDGE_LOOP('',(#1120));
#544=FACE_OUTER_BOUND('',#545,.T.);
#545=EDGE_LOOP('',(#1121));
#546=CYLINDRICAL_SURFACE('',#547,1.25);
#547=AXIS2_PLACEMENT_3D('',#548,#549,#550);
#548=CARTESIAN_POINT('',(-20.3984211077189,0.274721127897378,-6.));
#549=DIRECTION('',(-0.274721127897376,0.961523947640824,0.));
#550=DIRECTION('',(5.88763612390931E-17,1.68218174968836E-17,-1.));
#551=FACE_OUTER_BOUND('',#552,.T.);
#552=EDGE_LOOP('',(#1122));
#553=FACE_OUTER_BOUND('',#554,.T.);
#554=EDGE_LOOP('',(#1123));
#555=CYLINDRICAL_SURFACE('',#556,1.25);
#556=AXIS2_PLACEMENT_3D('',#557,#558,#559);
#557=CARTESIAN_POINT('',(-20.3984211077189,0.274721127897378,-2.));
#558=DIRECTION('',(-0.274721127897376,0.961523947640824,0.));
#559=DIRECTION('',(5.88763612390931E-17,1.68218174968836E-17,-1.));
#560=FACE_OUTER_BOUND('',#561,.T.);
#561=EDGE_LOOP('',(#1124));
#562=FACE_OUTER_BOUND('',#563,.T.);
#563=EDGE_LOOP('',(#1125));
#564=CYLINDRICAL_SURFACE('',#565,1.25);
#565=AXIS2_PLACEMENT_3D('',#566,#567,#568);
#566=CARTESIAN_POINT('',(-20.3984211077189,0.274721127897378,2.));
#567=DIRECTION('',(-0.274721127897376,0.961523947640824,0.));
#568=DIRECTION('',(5.88763612390931E-17,1.68218174968836E-17,-1.));
#569=FACE_OUTER_BOUND('',#570,.T.);
#570=EDGE_LOOP('',(#1126));
#571=FACE_OUTER_BOUND('',#572,.T.);
#572=EDGE_LOOP('',(#1127));
#573=CYLINDRICAL_SURFACE('',#574,1.25);
#574=AXIS2_PLACEMENT_3D('',#575,#576,#577);
#575=CARTESIAN_POINT('',(-20.3984211077189,0.274721127897377,14.));
#576=DIRECTION('',(-0.274721127897376,0.961523947640824,0.));
#577=DIRECTION('',(5.88763612390931E-17,1.68218174968836E-17,-1.));
#578=FACE_BOUND('',#579,.T.);
#579=EDGE_LOOP('',(#1128,#1129,#1130,#1131));
#580=PLANE('',#581);
#581=AXIS2_PLACEMENT_3D('',#582,#583,#584);
#582=CARTESIAN_POINT('',(-18.9561351862577,0.686802819743441,-20.5));
#583=DIRECTION('',(0.961523947640824,0.274721127897376,0.));
#584=DIRECTION('',(0.,0.,-1.));
#585=FACE_BOUND('',#586,.T.);
#586=EDGE_LOOP('',(#1132,#1133,#1134,#1135));
#587=CYLINDRICAL_SURFACE('',#588,0.5);
#588=AXIS2_PLACEMENT_3D('',#589,#590,#591);
#589=CARTESIAN_POINT('',(-19.4368971600781,0.549442255794753,-20.5));
#590=DIRECTION('',(-0.274721127897376,0.961523947640824,0.));
#591=DIRECTION('',(-5.88763612390931E-17,-1.68218174968836E-17,1.));
#592=FACE_BOUND('',#593,.T.);
#593=EDGE_LOOP('',(#1136,#1137,#1138,#1139));
#594=PLANE('',#595);
#595=AXIS2_PLACEMENT_3D('',#596,#597,#598);
#596=CARTESIAN_POINT('',(-21.3599450553597,1.77635683940025E-15,-20.));
#597=DIRECTION('',(0.,0.,1.));
#598=DIRECTION('',(0.961523947640824,0.274721127897376,0.));
#599=FACE_BOUND('',#600,.T.);
#600=EDGE_LOOP('',(#1140,#1141,#1142,#1143));
#601=CYLINDRICAL_SURFACE('',#602,0.5);
#602=AXIS2_PLACEMENT_3D('',#603,#604,#605);
#603=CARTESIAN_POINT('',(-21.3599450553597,1.77635683940025E-15,-20.5));
#604=DIRECTION('',(-0.274721127897376,0.961523947640824,0.));
#605=DIRECTION('',(-0.961523947640824,-0.274721127897376,-6.12323399573677E-17));
#606=FACE_BOUND('',#607,.T.);
#607=EDGE_LOOP('',(#1144,#1145,#1146,#1147));
#608=PLANE('',#609);
#609=AXIS2_PLACEMENT_3D('',#610,#611,#612);
#610=CARTESIAN_POINT('',(-21.8407070291801,-0.137360563948686,-21.5));
#611=DIRECTION('',(-0.961523947640824,-0.274721127897376,0.));
#612=DIRECTION('',(0.,0.,1.));
#613=FACE_BOUND('',#614,.T.);
#614=EDGE_LOOP('',(#1148,#1149,#1150,#1151));
#615=CYLINDRICAL_SURFACE('',#616,0.5);
#616=AXIS2_PLACEMENT_3D('',#617,#618,#619);
#617=CARTESIAN_POINT('',(-21.3599450553597,1.77635683940025E-15,-21.5));
#618=DIRECTION('',(-0.274721127897376,0.961523947640824,0.));
#619=DIRECTION('',(5.88763612390931E-17,1.68218174968836E-17,-1.));
#620=FACE_BOUND('',#621,.T.);
#621=EDGE_LOOP('',(#1152,#1153,#1154,#1155));
#622=PLANE('',#623);
#623=AXIS2_PLACEMENT_3D('',#624,#625,#626);
#624=CARTESIAN_POINT('',(-19.4368971600781,0.549442255794753,-22.));
#625=DIRECTION('',(0.,0.,-1.));
#626=DIRECTION('',(-0.961523947640824,-0.274721127897376,0.));
#627=FACE_BOUND('',#628,.T.);
#628=EDGE_LOOP('',(#1156,#1157,#1158,#1159));
#629=CYLINDRICAL_SURFACE('',#630,0.5);
#630=AXIS2_PLACEMENT_3D('',#631,#632,#633);
#631=CARTESIAN_POINT('',(-19.4368971600781,0.549442255794753,-21.5));
#632=DIRECTION('',(-0.274721127897376,0.961523947640824,0.));
#633=DIRECTION('',(0.961523947640824,0.274721127897376,6.12323399573677E-17));
#634=FACE_BOUND('',#635,.T.);
#635=EDGE_LOOP('',(#1160,#1161,#1162,#1163));
#636=PLANE('',#637);
#637=AXIS2_PLACEMENT_3D('',#638,#639,#640);
#638=CARTESIAN_POINT('',(0.,0.,-24.));
#639=DIRECTION('',(0.,0.,1.));
#640=DIRECTION('',(6.12323399573677E-17,1.,0.));
#641=FACE_BOUND('',#642,.T.);
#642=EDGE_LOOP('',(#1164,#1165,#1166,#1167));
#643=PLANE('',#644);
#644=AXIS2_PLACEMENT_3D('',#645,#646,#647);
#645=CARTESIAN_POINT('',(-22.802230976821,-0.412081691846065,-24.));
#646=DIRECTION('',(-0.961523947640823,-0.274721127897379,0.));
#647=DIRECTION('',(0.274721127897379,-0.961523947640823,0.));
#648=FACE_BOUND('',#649,.T.);
#649=EDGE_LOOP('',(#1168,#1169,#1170,#1171));
#650=PLANE('',#651);
#651=AXIS2_PLACEMENT_3D('',#652,#653,#654);
#652=CARTESIAN_POINT('',(0.,0.,24.));
#653=DIRECTION('',(0.,0.,1.));
#654=DIRECTION('',(6.12323399573677E-17,1.,0.));
#655=FACE_BOUND('',#656,.T.);
#656=EDGE_LOOP('',(#1172));
#657=PLANE('',#658);
#658=AXIS2_PLACEMENT_3D('',#659,#660,#661);
#659=CARTESIAN_POINT('',(-1.88679245283016,6.60377358490562,0.));
#660=DIRECTION('',(-0.274721127897376,0.961523947640824,0.));
#661=DIRECTION('',(5.88763612390931E-17,1.68218174968836E-17,-1.));
#662=FACE_BOUND('',#663,.T.);
#663=EDGE_LOOP('',(#1173));
#664=PLANE('',#665);
#665=AXIS2_PLACEMENT_3D('',#666,#667,#668);
#666=CARTESIAN_POINT('',(-1.88679245283016,6.60377358490562,0.));
#667=DIRECTION('',(-0.274721127897376,0.961523947640824,0.));
#668=DIRECTION('',(5.88763612390931E-17,1.68218174968836E-17,-1.));
#669=FACE_BOUND('',#670,.T.);
#670=EDGE_LOOP('',(#1174));
#671=PLANE('',#672);
#672=AXIS2_PLACEMENT_3D('',#673,#674,#675);
#673=CARTESIAN_POINT('',(-1.88679245283016,6.60377358490562,0.));
#674=DIRECTION('',(-0.274721127897376,0.961523947640824,0.));
#675=DIRECTION('',(5.88763612390931E-17,1.68218174968836E-17,-1.));
#676=FACE_BOUND('',#677,.T.);
#677=EDGE_LOOP('',(#1175));
#678=PLANE('',#679);
#679=AXIS2_PLACEMENT_3D('',#680,#681,#682);
#680=CARTESIAN_POINT('',(-1.88679245283016,6.60377358490562,0.));
#681=DIRECTION('',(-0.274721127897376,0.961523947640824,0.));
#682=DIRECTION('',(5.88763612390931E-17,1.68218174968836E-17,-1.));
#683=FACE_BOUND('',#684,.T.);
#684=EDGE_LOOP('',(#1176));
#685=PLANE('',#686);
#686=AXIS2_PLACEMENT_3D('',#687,#688,#689);
#687=CARTESIAN_POINT('',(-1.88679245283016,6.60377358490562,0.));
#688=DIRECTION('',(-0.274721127897376,0.961523947640824,0.));
#689=DIRECTION('',(5.88763612390931E-17,1.68218174968836E-17,-1.));
#690=FACE_BOUND('',#691,.T.);
#691=EDGE_LOOP('',(#1177));
#692=PLANE('',#693);
#693=AXIS2_PLACEMENT_3D('',#694,#695,#696);
#694=CARTESIAN_POINT('',(-1.88679245283016,6.60377358490562,0.));
#695=DIRECTION('',(-0.274721127897376,0.961523947640824,0.));
#696=DIRECTION('',(5.88763612390931E-17,1.68218174968836E-17,-1.));
#697=FACE_BOUND('',#698,.T.);
#698=EDGE_LOOP('',(#1178));
#699=PLANE('',#700);
#700=AXIS2_PLACEMENT_3D('',#701,#702,#703);
#701=CARTESIAN_POINT('',(-1.88679245283016,6.60377358490562,0.));
#702=DIRECTION('',(-0.274721127897376,0.961523947640824,0.));
#703=DIRECTION('',(5.88763612390931E-17,1.68218174968836E-17,-1.));
#704=FACE_BOUND('',#705,.T.);
#705=EDGE_LOOP('',(#1179));
#706=PLANE('',#707);
#707=AXIS2_PLACEMENT_3D('',#708,#709,#710);
#708=CARTESIAN_POINT('',(-1.88679245283016,6.60377358490562,0.));
#709=DIRECTION('',(-0.274721127897376,0.961523947640824,0.));
#710=DIRECTION('',(5.88763612390931E-17,1.68218174968836E-17,-1.));
#711=FACE_BOUND('',#712,.T.);
#712=EDGE_LOOP('',(#1180));
#713=PLANE('',#714);
#714=AXIS2_PLACEMENT_3D('',#715,#716,#717);
#715=CARTESIAN_POINT('',(-1.88679245283016,6.60377358490562,0.));
#716=DIRECTION('',(-0.274721127897376,0.961523947640824,0.));
#717=DIRECTION('',(5.88763612390931E-17,1.68218174968836E-17,-1.));
#718=FACE_BOUND('',#719,.T.);
#719=EDGE_LOOP('',(#1181,#1182,#1183,#1184,#1185,#1186,#1187,#1188));
#720=PLANE('',#721);
#721=AXIS2_PLACEMENT_3D('',#722,#723,#724);
#722=CARTESIAN_POINT('',(-1.88679245283016,6.60377358490562,0.));
#723=DIRECTION('',(-0.274721127897376,0.961523947640824,0.));
#724=DIRECTION('',(5.88763612390931E-17,1.68218174968836E-17,-1.));
#725=FACE_BOUND('',#726,.T.);
#726=EDGE_LOOP('',(#1189,#1190,#1191,#1192,#1193,#1194));
#727=PLANE('',#728);
#728=AXIS2_PLACEMENT_3D('',#729,#730,#731);
#729=CARTESIAN_POINT('',(-17.7198901107195,1.08503033526677E-15,-24.));
#730=DIRECTION('',(1.,0.,0.));
#731=DIRECTION('',(0.,1.,0.));
#732=FACE_BOUND('',#733,.T.);
#733=EDGE_LOOP('',(#1195,#1196,#1197,#1198,#1199,#1200,#1201,#1202));
#734=PLANE('',#735);
#735=AXIS2_PLACEMENT_3D('',#736,#737,#738);
#736=CARTESIAN_POINT('',(-22.5275098489236,-1.37360563948689,-24.));
#737=DIRECTION('',(0.274721127897377,-0.961523947640823,0.));
#738=DIRECTION('',(0.961523947640823,0.274721127897377,0.));
#739=FACE_OUTER_BOUND('',#740,.T.);
#740=EDGE_LOOP('',(#1203));
#741=FACE_OUTER_BOUND('',#742,.T.);
#742=EDGE_LOOP('',(#1204));
#743=TOROIDAL_SURFACE('',#744,1.,0.25);
#744=AXIS2_PLACEMENT_3D('',#745,#746,#747);
#745=CARTESIAN_POINT('',(-20.6044619536419,0.995864088627996,-16.));
#746=DIRECTION('',(-0.274721127897376,0.961523947640824,0.));
#747=DIRECTION('',(-6.01196241636642E-16,-1.71770354753325E-16,-1.));
#748=FACE_OUTER_BOUND('',#749,.T.);
#749=EDGE_LOOP('',(#1205));
#750=FACE_OUTER_BOUND('',#751,.T.);
#751=EDGE_LOOP('',(#1206));
#752=TOROIDAL_SURFACE('',#753,1.,0.25);
#753=AXIS2_PLACEMENT_3D('',#754,#755,#756);
#754=CARTESIAN_POINT('',(-20.6044619536419,0.995864088627995,8.));
#755=DIRECTION('',(-0.274721127897376,0.961523947640824,0.));
#756=DIRECTION('',(-6.01196241636642E-16,-1.71770354753325E-16,-1.));
#757=FACE_OUTER_BOUND('',#758,.T.);
#758=EDGE_LOOP('',(#1207));
#759=FACE_OUTER_BOUND('',#760,.T.);
#760=EDGE_LOOP('',(#1208));
#761=TOROIDAL_SURFACE('',#762,1.,0.25);
#762=AXIS2_PLACEMENT_3D('',#763,#764,#765);
#763=CARTESIAN_POINT('',(-20.6044619536419,0.995864088627996,-10.));
#764=DIRECTION('',(-0.274721127897376,0.961523947640824,0.));
#765=DIRECTION('',(-6.01196241636642E-16,-1.71770354753325E-16,-1.));
#766=FACE_OUTER_BOUND('',#767,.T.);
#767=EDGE_LOOP('',(#1209));
#768=FACE_OUTER_BOUND('',#769,.T.);
#769=EDGE_LOOP('',(#1210));
#770=TOROIDAL_SURFACE('',#771,1.,0.25);
#771=AXIS2_PLACEMENT_3D('',#772,#773,#774);
#772=CARTESIAN_POINT('',(-20.6044619536419,0.995864088627996,-6.));
#773=DIRECTION('',(-0.274721127897376,0.961523947640824,0.));
#774=DIRECTION('',(-6.01196241636642E-16,-1.71770354753325E-16,-1.));
#775=FACE_OUTER_BOUND('',#776,.T.);
#776=EDGE_LOOP('',(#1211));
#777=FACE_OUTER_BOUND('',#778,.T.);
#778=EDGE_LOOP('',(#1212));
#779=TOROIDAL_SURFACE('',#780,1.,0.25);
#780=AXIS2_PLACEMENT_3D('',#781,#782,#783);
#781=CARTESIAN_POINT('',(-20.6044619536419,0.995864088627996,-2.));
#782=DIRECTION('',(-0.274721127897376,0.961523947640824,0.));
#783=DIRECTION('',(-6.01196241636642E-16,-1.71770354753325E-16,-1.));
#784=FACE_OUTER_BOUND('',#785,.T.);
#785=EDGE_LOOP('',(#1213));
#786=FACE_OUTER_BOUND('',#787,.T.);
#787=EDGE_LOOP('',(#1214));
#788=TOROIDAL_SURFACE('',#789,1.,0.25);
#789=AXIS2_PLACEMENT_3D('',#790,#791,#792);
#790=CARTESIAN_POINT('',(-20.6044619536419,0.995864088627996,2.));
#791=DIRECTION('',(-0.274721127897376,0.961523947640824,0.));
#792=DIRECTION('',(-6.01196241636642E-16,-1.71770354753325E-16,-1.));
#793=FACE_OUTER_BOUND('',#794,.T.);
#794=EDGE_LOOP('',(#1215));
#795=FACE_OUTER_BOUND('',#796,.T.);
#796=EDGE_LOOP('',(#1216));
#797=TOROIDAL_SURFACE('',#798,1.,0.25);
#798=AXIS2_PLACEMENT_3D('',#799,#800,#801);
#799=CARTESIAN_POINT('',(-20.6044619536419,0.995864088627995,14.));
#800=DIRECTION('',(-0.274721127897376,0.961523947640824,0.));
#801=DIRECTION('',(-6.01196241636642E-16,-1.71770354753325E-16,-1.));
#802=FACE_OUTER_BOUND('',#803,.T.);
#803=EDGE_LOOP('',(#1217));
#804=FACE_OUTER_BOUND('',#805,.T.);
#805=EDGE_LOOP('',(#1218));
#806=TOROIDAL_SURFACE('',#807,0.5,0.25);
#807=AXIS2_PLACEMENT_3D('',#808,#809,#810);
#808=CARTESIAN_POINT('',(-20.6044619536419,0.995864088627995,18.));
#809=DIRECTION('',(-0.274721127897376,0.961523947640824,0.));
#810=DIRECTION('',(-1.00199373606107E-15,-2.86283924588874E-16,-1.));
#811=FACE_OUTER_BOUND('',#812,.T.);
#812=EDGE_LOOP('',(#1219));
#813=FACE_OUTER_BOUND('',#814,.T.);
#814=EDGE_LOOP('',(#1220));
#815=TOROIDAL_SURFACE('',#816,0.5,0.25);
#816=AXIS2_PLACEMENT_3D('',#817,#818,#819);
#817=CARTESIAN_POINT('',(-20.6044619536419,0.995864088627995,21.));
#818=DIRECTION('',(-0.274721127897376,0.961523947640824,0.));
#819=DIRECTION('',(-1.00199373606107E-15,-2.86283924588874E-16,-1.));
#820=FACE_BOUND('',#821,.T.);
#821=EDGE_LOOP('',(#1221,#1222,#1223,#1224));
#822=CYLINDRICAL_SURFACE('',#823,0.25);
#823=AXIS2_PLACEMENT_3D('',#824,#825,#826);
#824=CARTESIAN_POINT('',(-18.6814140583603,1.54530634442275,-21.75));
#825=DIRECTION('',(-0.961523947640824,-0.274721127897376,0.));
#826=DIRECTION('',(-0.274721127897376,0.961523947640824,0.));
#827=FACE_BOUND('',#828,.T.);
#828=EDGE_LOOP('',(#1225,#1226,#1227,#1228));
#829=TOROIDAL_SURFACE('',#830,0.250000000000001,0.25);
#830=AXIS2_PLACEMENT_3D('',#831,#832,#833);
#831=CARTESIAN_POINT('',(-21.5659859012828,0.72114296073062,-21.5));
#832=DIRECTION('',(-0.274721127897376,0.961523947640824,0.));
#833=DIRECTION('',(0.961523947640824,0.274721127897376,7.10542735760099E-15));
#834=FACE_BOUND('',#835,.T.);
#835=EDGE_LOOP('',(#1229,#1230,#1231,#1232));
#836=CYLINDRICAL_SURFACE('',#837,0.25);
#837=AXIS2_PLACEMENT_3D('',#838,#839,#840);
#838=CARTESIAN_POINT('',(-21.806366888193,0.652462678756276,-22.5));
#839=DIRECTION('',(0.,0.,1.));
#840=DIRECTION('',(-0.274721127897366,0.961523947640827,0.));
#841=FACE_BOUND('',#842,.T.);
#842=EDGE_LOOP('',(#1233,#1234,#1235,#1236));
#843=DEGENERATE_TOROIDAL_SURFACE('',#844,0.25,0.25,.T.);
#844=AXIS2_PLACEMENT_3D('',#845,#846,#847);
#845=CARTESIAN_POINT('',(-21.5659859012828,0.72114296073062,-20.5));
#846=DIRECTION('',(-0.274721127897376,0.961523947640824,0.));
#847=DIRECTION('',(1.23831762454181E-14,3.53805035583372E-15,-1.));
#848=FACE_BOUND('',#849,.T.);
#849=EDGE_LOOP('',(#1237,#1238,#1239,#1240));
#850=CYLINDRICAL_SURFACE('',#851,0.25);
#851=AXIS2_PLACEMENT_3D('',#852,#853,#854);
#852=CARTESIAN_POINT('',(-22.5275098489236,0.446421832833244,-20.25));
#853=DIRECTION('',(0.961523947640824,0.274721127897376,0.));
#854=DIRECTION('',(-0.274721127897376,0.961523947640824,0.));
#855=FACE_BOUND('',#856,.T.);
#856=EDGE_LOOP('',(#1241,#1242,#1243,#1244));
#857=TOROIDAL_SURFACE('',#858,0.250000000000001,0.25);
#858=AXIS2_PLACEMENT_3D('',#859,#860,#861);
#859=CARTESIAN_POINT('',(-19.6429380060011,1.27058521652537,-20.5));
#860=DIRECTION('',(-0.274721127897376,0.961523947640824,0.));
#861=DIRECTION('',(-0.961523947640824,-0.274721127897376,0.));
#862=FACE_BOUND('',#863,.T.);
#863=EDGE_LOOP('',(#1245,#1246,#1247,#1248));
#864=CYLINDRICAL_SURFACE('',#865,0.25);
#865=AXIS2_PLACEMENT_3D('',#866,#867,#868);
#866=CARTESIAN_POINT('',(-19.4025570190909,1.33926549849972,-19.5));
#867=DIRECTION('',(0.,0.,-1.));
#868=DIRECTION('',(-0.274721127897379,0.961523947640823,0.));
#869=FACE_BOUND('',#870,.T.);
#870=EDGE_LOOP('',(#1249,#1250,#1251,#1252));
#871=DEGENERATE_TOROIDAL_SURFACE('',#872,0.25,0.25,.T.);
#872=AXIS2_PLACEMENT_3D('',#873,#874,#875);
#873=CARTESIAN_POINT('',(-19.6429380060011,1.27058521652537,-21.5));
#874=DIRECTION('',(-0.274721127897376,0.961523947640824,0.));
#875=DIRECTION('',(-8.89697121007396E-15,-2.54199177430682E-15,1.));
#876=FACE_BOUND('',#877,.T.);
#877=EDGE_LOOP('',(#1253,#1254,#1255,#1256,#1257));
#878=CYLINDRICAL_SURFACE('',#879,0.5);
#879=AXIS2_PLACEMENT_3D('',#880,#881,#882);
#880=CARTESIAN_POINT('',(-15.7995365961294,1.06868028197434,-23.5));
#881=DIRECTION('',(0.961523947640824,0.274721127897376,0.));
#882=DIRECTION('',(1.50822750515112E-16,-5.27879626802897E-16,-1.));
#883=FACE_BOUND('',#884,.T.);
#884=EDGE_LOOP('',(#1258,#1259,#1260,#1261));
#885=CYLINDRICAL_SURFACE('',#886,0.5);
#886=AXIS2_PLACEMENT_3D('',#887,#888,#889);
#887=CARTESIAN_POINT('',(-22.1841084390519,-0.755483101717789,-26.));
#888=DIRECTION('',(0.,0.,-1.));
#889=DIRECTION('',(-0.961523947640823,-0.27472112789738,0.));
#890=FACE_BOUND('',#891,.T.);
#891=EDGE_LOOP('',(#1262,#1263,#1264,#1265,#1266));
#892=CYLINDRICAL_SURFACE('',#893,0.5);
#893=AXIS2_PLACEMENT_3D('',#894,#895,#896);
#894=CARTESIAN_POINT('',(-15.7995365961294,1.06868028197434,23.5));
#895=DIRECTION('',(-0.961523947640824,-0.274721127897376,3.88697190587875E-16));
#896=DIRECTION('',(5.24564407646063E-16,-4.21096296194055E-16,1.));
#897=FACE_BOUND('',#898,.T.);
#898=EDGE_LOOP('',(#1267,#1268,#1269,#1270));
#899=CYLINDRICAL_SURFACE('',#900,0.5);
#900=AXIS2_PLACEMENT_3D('',#901,#902,#903);
#901=CARTESIAN_POINT('',(-18.2198901097937,0.652955969544993,-25.6923425219602));
#902=DIRECTION('',(0.,0.,-1.));
#903=DIRECTION('',(0.719890107016522,0.694088059124878,0.));
#904=FACE_BOUND('',#905,.T.);
#905=EDGE_LOOP('',(#1271,#1272,#1273,#1274));
#906=CYLINDRICAL_SURFACE('',#907,0.25);
#907=AXIS2_PLACEMENT_3D('',#908,#909,#910);
#908=CARTESIAN_POINT('',(-22.6992105538595,0.137360563948691,-23.75));
#909=DIRECTION('',(-0.274721127897379,0.961523947640823,0.));
#910=DIRECTION('',(-8.21146086137855E-16,-2.3461316746796E-16,-1.));
#911=FACE_BOUND('',#912,.T.);
#912=EDGE_LOOP('',(#1275,#1276,#1277));
#913=(BOUNDED_SURFACE()B_SPLINE_SURFACE(3,2,(
(#914,#915,#916),
(#917,#918,#919),
(#920,#921,#922),
(#923,#924,#925),
(#926,#927,#928),
(#929,#930,#931),
(#932,#933,#934),
(#935,#936,#937),
(#938,#939,#940)),
.UNSPECIFIED.,.F.,.F.,.F.)B_SPLINE_SURFACE_WITH_KNOTS((4,1,1,1,1,1,4),
(3,3),
(0.,13.25025010346,18.1965452567076,22.9001739086996,27.3828254866591,31.8654770646187,
40.4495733211361),
(0.,1.),
.UNSPECIFIED.)GEOMETRIC_REPRESENTATION_ITEM()RATIONAL_B_SPLINE_SURFACE((
(1.,1.,1.),
(1.,1.00050447570457,1.),
(1.,0.971435866468699,1.),
(1.,0.898028564815735,1.),
(1.,0.844892598984677,1.),
(1.,0.791906596010326,1.),
(1.,0.731248200522724,1.),
(1.,0.7066679025277,1.),
(1.,0.707106781283925,1.)))REPRESENTATION_ITEM('')SURFACE());
#914=CARTESIAN_POINT('',(-22.3214690030006,-0.274721127897378,-23.5));
#915=CARTESIAN_POINT('',(-22.3214690030006,-0.274721127897377,-23.5));
#916=CARTESIAN_POINT('',(-22.3214690030006,-0.274721127897377,-23.5));
#917=CARTESIAN_POINT('',(-22.3593851172226,-0.28548079706134,-23.578828954219));
#918=CARTESIAN_POINT('',(-22.3801987148297,-0.291602698907195,-23.5611077485903));
#919=CARTESIAN_POINT('',(-22.3972843470155,-0.296309148430756,-23.5394131602745));
#920=CARTESIAN_POINT('',(-22.4056273581801,-0.326311020759592,-23.690184479098));
#921=CARTESIAN_POINT('',(-22.4605136671035,-0.328823102928215,-23.6485577299286));
#922=CARTESIAN_POINT('',(-22.4970599892294,-0.352434629630831,-23.5950931074544));
#923=CARTESIAN_POINT('',(-22.4424961105573,-0.41884575808675,-23.8119294364929));
#924=CARTESIAN_POINT('',(-22.5499264445206,-0.403159324774807,-23.7549519873495));
#925=CARTESIAN_POINT('',(-22.5924600904565,-0.461692609486517,-23.6559645431929));
#926=CARTESIAN_POINT('',(-22.4571908117189,-0.490887481049314,-23.8797708636919));
#927=CARTESIAN_POINT('',(-22.6034711225939,-0.465033272335276,-23.823434558247));
#928=CARTESIAN_POINT('',(-22.639770392316,-0.54305307550563,-23.6898852336511));
#929=CARTESIAN_POINT('',(-22.4624640441375,-0.569459128730633,-23.9330820193871));
#930=CARTESIAN_POINT('',(-22.6491905849076,-0.543859412717554,-23.8890501223285));
#931=CARTESIAN_POINT('',(-22.6706735501392,-0.628947559016838,-23.7165408645749));
#932=CARTESIAN_POINT('',(-22.4574125275209,-0.679663017722112,-23.9839178414666));
#933=CARTESIAN_POINT('',(-22.6925643515687,-0.6781643138734,-23.9676514316002));
#934=CARTESIAN_POINT('',(-22.6900617026865,-0.746134210626591,-23.7419590470585));
#935=CARTESIAN_POINT('',(-22.4406162773946,-0.7678889514559,-24.0000932553983));
#936=CARTESIAN_POINT('',(-22.6896762794081,-0.807590104248726,-24.0004304801662));
#937=CARTESIAN_POINT('',(-22.6810421453981,-0.836582056599763,-23.7500465783567));
#938=CARTESIAN_POINT('',(-22.424487149646,-0.824171350631635,-23.9999999999313));
#939=CARTESIAN_POINT('',(-22.6648669995681,-0.892855611923737,-23.9999999999155));
#940=CARTESIAN_POINT('',(-22.6648681365342,-0.892851632599709,-23.7499999999542));
#941=FACE_BOUND('',#942,.T.);
#942=EDGE_LOOP('',(#1278,#1279,#1280,#1281));
#943=CYLINDRICAL_SURFACE('',#944,0.25);
#944=AXIS2_PLACEMENT_3D('',#945,#946,#947);
#945=CARTESIAN_POINT('',(-22.6992105538595,0.137360563948691,23.75));
#946=DIRECTION('',(0.274721127897379,-0.961523947640823,0.));
#947=DIRECTION('',(-8.21146086137878E-16,-2.34613167467966E-16,1.));
#948=FACE_BOUND('',#949,.T.);
#949=EDGE_LOOP('',(#1282,#1283,#1284));
#950=(BOUNDED_SURFACE()B_SPLINE_SURFACE(3,2,(
(#951,#952,#953),
(#954,#955,#956),
(#957,#958,#959),
(#960,#961,#962),
(#963,#964,#965),
(#966,#967,#968),
(#969,#970,#971),
(#972,#973,#974),
(#975,#976,#977)),
.UNSPECIFIED.,.F.,.F.,.F.)B_SPLINE_SURFACE_WITH_KNOTS((4,1,1,1,1,1,4),
(3,3),
(0.,13.2502501035078,18.1965452567631,22.9001739087432,27.3828254866676,31.8654770645921,
40.4495733211361),
(0.,1.),
.UNSPECIFIED.)GEOMETRIC_REPRESENTATION_ITEM()RATIONAL_B_SPLINE_SURFACE((
(1.,1.,1.),
(1.,1.00050447570458,1.),
(1.,0.971435866468498,1.),
(1.,0.898028564815213,1.),
(1.,0.844892598984252,1.),
(1.,0.791906596010244,1.),
(1.,0.731248200522791,1.),
(1.,0.706667902527687,1.),
(1.,0.707106781283925,1.)))REPRESENTATION_ITEM('')SURFACE());
#951=CARTESIAN_POINT('',(-22.3214690030006,-0.274721127897377,23.5));
#952=CARTESIAN_POINT('',(-22.3214690030006,-0.274721127897378,23.5));
#953=CARTESIAN_POINT('',(-22.3214690030006,-0.274721127897379,23.5));
#954=CARTESIAN_POINT('',(-22.3972843470158,-0.296309148430834,23.5394131602746));
#955=CARTESIAN_POINT('',(-22.3801987148299,-0.291602698907263,23.5611077485905));
#956=CARTESIAN_POINT('',(-22.3593851172227,-0.285480797061376,23.5788289542193));
#957=CARTESIAN_POINT('',(-22.49705998923,-0.352434629631147,23.5950931074547));
#958=CARTESIAN_POINT('',(-22.460513667104,-0.32882310292844,23.6485577299291));
#959=CARTESIAN_POINT('',(-22.4056273581803,-0.326311020759829,23.6901844790986));
#960=CARTESIAN_POINT('',(-22.592460090457,-0.461692609487199,23.6559645431933));
#961=CARTESIAN_POINT('',(-22.5499264445212,-0.40315932477537,23.7549519873502));
#962=CARTESIAN_POINT('',(-22.4424961105575,-0.418845758087341,23.8119294364936));
#963=CARTESIAN_POINT('',(-22.6397703923162,-0.543053075506195,23.6898852336513));
#964=CARTESIAN_POINT('',(-22.6034711225943,-0.465033272335831,23.8234345582475));
#965=CARTESIAN_POINT('',(-22.4571908117189,-0.490887481049828,23.8797708636923));
#966=CARTESIAN_POINT('',(-22.6706735501391,-0.628947559016856,23.7165408645749));
#967=CARTESIAN_POINT('',(-22.6491905849076,-0.543859412717756,23.8890501223286));
#968=CARTESIAN_POINT('',(-22.4624640441375,-0.569459128730655,23.933082019387));
#969=CARTESIAN_POINT('',(-22.6900617026865,-0.746134210626334,23.7419590470584));
#970=CARTESIAN_POINT('',(-22.6925643515686,-0.678164313873236,23.9676514316001));
#971=CARTESIAN_POINT('',(-22.4574125275209,-0.679663017721866,23.9839178414665));
#972=CARTESIAN_POINT('',(-22.6810421453982,-0.836582056599467,23.7500465783567));
#973=CARTESIAN_POINT('',(-22.6896762794081,-0.807590104248449,24.0004304801662));
#974=CARTESIAN_POINT('',(-22.4406162773947,-0.767888951455603,24.0000932553983));
#975=CARTESIAN_POINT('',(-22.6648681365342,-0.892851632599708,23.7499999999542));
#976=CARTESIAN_POINT('',(-22.6648669995681,-0.892855611923735,23.9999999999155));
#977=CARTESIAN_POINT('',(-22.424487149646,-0.824171350631634,23.9999999999313));
#978=FACE_BOUND('',#979,.T.);
#979=EDGE_LOOP('',(#1285,#1286,#1287,#1288));
#980=CYLINDRICAL_SURFACE('',#981,0.25);
#981=AXIS2_PLACEMENT_3D('',#982,#983,#984);
#982=CARTESIAN_POINT('',(-17.9698901107195,-0.999999999999999,23.75));
#983=DIRECTION('',(0.,1.,0.));
#984=DIRECTION('',(0.,0.,1.));
#985=FACE_BOUND('',#986,.T.);
#986=EDGE_LOOP('',(#1289,#1290,#1291,#1292));
#987=(BOUNDED_SURFACE()B_SPLINE_SURFACE(3,2,(
(#988,#989,#990),
(#991,#992,#993),
(#994,#995,#996),
(#997,#998,#999),
(#1000,#1001,#1002),
(#1003,#1004,#1005)),
.UNSPECIFIED.,.F.,.F.,.F.)B_SPLINE_SURFACE_WITH_KNOTS((4,1,1,4),
(3,3),
(1.96757305460158,2.41918108791378,2.62371319240008,2.87201506005218),
(0.,1.),
.UNSPECIFIED.)GEOMETRIC_REPRESENTATION_ITEM()RATIONAL_B_SPLINE_SURFACE((
(1.,0.707109003326068,1.),
(1.,0.692499282147718,1.),
(1.,0.67054712090038,1.),
(1.,0.643450699918383,1.),
(1.,0.631730484358868,1.),
(1.,0.626119438893145,1.)))REPRESENTATION_ITEM('')SURFACE());
#988=CARTESIAN_POINT('',(-17.7198901107195,0.448573249984522,23.7499999999328));
#989=CARTESIAN_POINT('',(-17.7198901107195,0.448567678022942,23.9999984072853));
#990=CARTESIAN_POINT('',(-17.9698885184648,0.448567677093198,23.9999999998656));
#991=CARTESIAN_POINT('',(-17.7198901107194,0.487473923400113,23.7500802397623));
#992=CARTESIAN_POINT('',(-17.7198901107194,0.525515540253839,24.0106790380332));
#993=CARTESIAN_POINT('',(-17.9801641680463,0.523433124043958,24.0001604795245));
#994=CARTESIAN_POINT('',(-17.7198901107195,0.542756604877874,23.7378258814099));
#995=CARTESIAN_POINT('',(-17.7198901107195,0.643028917998313,24.0012960970465));
#996=CARTESIAN_POINT('',(-17.9947671405121,0.629826209152102,23.9756517628197));
#997=CARTESIAN_POINT('',(-17.7198901107194,0.610146195810378,23.6986600114255));
#998=CARTESIAN_POINT('',(-17.7198901107195,0.793390261006768,23.9361129644644));
#999=CARTESIAN_POINT('',(-18.012568164532,0.759519384154281,23.8973200228511));
#1000=CARTESIAN_POINT('',(-17.7198901107195,0.638724182605379,23.6719524119274));
#1001=CARTESIAN_POINT('',(-17.7198901107195,0.860952406316385,23.8848248618721));
#1002=CARTESIAN_POINT('',(-18.0201170667043,0.814518528552207,23.8439048238549));
#1003=CARTESIAN_POINT('',(-17.7198901107195,0.652959532384523,23.6545356321723));
#1004=CARTESIAN_POINT('',(-17.7198901107195,0.893958290044229,23.8516345702913));
#1005=CARTESIAN_POINT('',(-18.023877347778,0.841914862089427,23.8090712643446));
#1006=FACE_BOUND('',#1007,.T.);
#1007=EDGE_LOOP('',(#1293,#1294,#1295,#1296));
#1008=(BOUNDED_SURFACE()B_SPLINE_SURFACE(3,2,(
(#1009,#1010,#1011),
(#1012,#1013,#1014),
(#1015,#1016,#1017),
(#1018,#1019,#1020),
(#1021,#1022,#1023),
(#1024,#1025,#1026),
(#1027,#1028,#1029)),
.UNSPECIFIED.,.F.,.F.,.F.)B_SPLINE_SURFACE_WITH_KNOTS((4,1,1,1,4),
(3,3),
(7.79887633729881,12.323789592511,14.5028041314702,16.9187433809132,19.1334019972702),
(0.,1.),
.UNSPECIFIED.)GEOMETRIC_REPRESENTATION_ITEM()RATIONAL_B_SPLINE_SURFACE((
(1.,0.685283349636861,1.),
(1.,0.685433788944361,1.),
(1.,0.677694499254258,1.),
(1.,0.658393990266117,1.),
(1.,0.641884844139612,1.),
(1.,0.63095869792899,1.),
(1.,0.626118672479377,1.)))REPRESENTATION_ITEM('')SURFACE());
#1009=CARTESIAN_POINT('',(-18.0444597902528,0.947281504177202,23.4999884366762));
#1010=CARTESIAN_POINT('',(-17.7889978190665,1.02027063879287,23.4999880619495));
#1011=CARTESIAN_POINT('',(-17.7316689067975,0.760845065124236,23.4999942195469));
#1012=CARTESIAN_POINT('',(-18.0445177166047,0.947392465295572,23.5482681365917));
#1013=CARTESIAN_POINT('',(-17.7891647607413,1.02028362084659,23.5498312145903));
#1014=CARTESIAN_POINT('',(-17.731750204373,0.760949275838962,23.5241326016528));
#1015=CARTESIAN_POINT('',(-18.0416961352573,0.936779447600991,23.6198797979004));
#1016=CARTESIAN_POINT('',(-17.7806655675757,1.01089532577171,23.6242533152774));
#1017=CARTESIAN_POINT('',(-17.729124723225,0.750281474420169,23.5599402981315));
#1018=CARTESIAN_POINT('',(-18.0349726563435,0.906701731710749,23.7031541356885));
#1019=CARTESIAN_POINT('',(-17.7587438102198,0.97886609057231,23.7192698566993));
#1020=CARTESIAN_POINT('',(-17.7241290806378,0.719708038043521,23.6015765829115));
#1021=CARTESIAN_POINT('',(-18.0292742535396,0.877470972502569,23.759835139507));
#1022=CARTESIAN_POINT('',(-17.7390879558645,0.943553274867879,23.7880100799902));
#1023=CARTESIAN_POINT('',(-17.7208869821926,0.689781775656045,23.629918941513));
#1024=CARTESIAN_POINT('',(-18.0256061053979,0.85448579437257,23.7930972430839));
#1025=CARTESIAN_POINT('',(-17.7257835441595,0.911377081733827,23.8316098320977));
#1026=CARTESIAN_POINT('',(-17.719889778235,0.666020264204636,23.6465455889902));
#1027=CARTESIAN_POINT('',(-18.0238756111795,0.841902256547341,23.8090872835284));
#1028=CARTESIAN_POINT('',(-17.7198873939534,0.893940914581357,23.8516531583011));
#1029=CARTESIAN_POINT('',(-17.7198901098304,0.652949914305371,23.6545437067817));
#1030=FACE_BOUND('',#1031,.T.);
#1031=EDGE_LOOP('',(#1297,#1298,#1299,#1300));
#1032=CYLINDRICAL_SURFACE('',#1033,0.25);
#1033=AXIS2_PLACEMENT_3D('',#1034,#1035,#1036);
#1034=CARTESIAN_POINT('',(-17.9757795083094,0.706900517397205,-24.));
#1035=DIRECTION('',(0.,0.,1.));
#1036=DIRECTION('',(0.976442405937148,0.215778191408848,0.));
#1037=FACE_BOUND('',#1038,.T.);
#1038=EDGE_LOOP('',(#1301,#1302,#1303,#1304));
#1039=(BOUNDED_SURFACE()B_SPLINE_SURFACE(3,2,(
(#1040,#1041,#1042),
(#1043,#1044,#1045),
(#1046,#1047,#1048),
(#1049,#1050,#1051),
(#1052,#1053,#1054),
(#1055,#1056,#1057),
(#1058,#1059,#1060)),
.UNSPECIFIED.,.F.,.F.,.F.)B_SPLINE_SURFACE_WITH_KNOTS((4,1,1,1,4),
(3,3),
(7.798876337299,12.3237895925719,14.5028041315386,16.9187433809017,19.1334019972702),
(0.,1.),
.UNSPECIFIED.)GEOMETRIC_REPRESENTATION_ITEM()RATIONAL_B_SPLINE_SURFACE((
(1.,0.685283349636862,1.),
(1.,0.685433788946515,1.),
(1.,0.677694499250081,1.),
(1.,0.658393990271803,1.),
(1.,0.641884844115216,1.),
(1.,0.630958697976607,1.),
(1.,0.626118672479378,1.)))REPRESENTATION_ITEM('')SURFACE());
#1040=CARTESIAN_POINT('',(-18.0444597902528,0.947281504177202,-23.4999884366762));
#1041=CARTESIAN_POINT('',(-17.7889978190665,1.02027063879287,-23.4999880619495));
#1042=CARTESIAN_POINT('',(-17.7316689067975,0.760845065124238,-23.4999942195469));
#1043=CARTESIAN_POINT('',(-18.0445177165951,0.9473924652925,-23.5482681365978));
#1044=CARTESIAN_POINT('',(-17.7891647607452,1.02028362084672,-23.5498312145883));
#1045=CARTESIAN_POINT('',(-17.7317502043738,0.760949275862262,-23.524132601665));
#1046=CARTESIAN_POINT('',(-18.0416961352754,0.936779447606604,-23.6198797978913));
#1047=CARTESIAN_POINT('',(-17.7806655675681,1.01089532577119,-23.6242533152843));
#1048=CARTESIAN_POINT('',(-17.7291247232234,0.750281474375897,-23.5599402981095));
#1049=CARTESIAN_POINT('',(-18.0349726579916,0.906701739194369,-23.7031541149601));
#1050=CARTESIAN_POINT('',(-17.7587438102312,0.978866090572492,-23.7192698566912));
#1051=CARTESIAN_POINT('',(-17.7241290818846,0.719708045724075,-23.6015765725732));
#1052=CARTESIAN_POINT('',(-18.0292742556275,0.877470983260687,-23.7598351219249));
#1053=CARTESIAN_POINT('',(-17.7390879558149,0.943553274863016,-23.7880100800317));
#1054=CARTESIAN_POINT('',(-17.7208869831545,0.689781786394623,-23.6299189326148));
#1055=CARTESIAN_POINT('',(-18.0256061068064,0.85448580623037,-23.7930972280801));
#1056=CARTESIAN_POINT('',(-17.7257835442591,0.911377081745254,-23.8316098320125));
#1057=CARTESIAN_POINT('',(-17.7198897782317,0.666020277129473,-23.646545581697));
#1058=CARTESIAN_POINT('',(-18.0238756111795,0.84190225654734,-23.8090872835284));
#1059=CARTESIAN_POINT('',(-17.7198873939534,0.893940914581359,-23.8516531583011));
#1060=CARTESIAN_POINT('',(-17.7198901098304,0.652949914305373,-23.6545437067817));
#1061=FACE_BOUND('',#1062,.T.);
#1062=EDGE_LOOP('',(#1305,#1306,#1307,#1308));
#1063=(BOUNDED_SURFACE()B_SPLINE_SURFACE(3,2,(
(#1064,#1065,#1066),
(#1067,#1068,#1069),
(#1070,#1071,#1072),
(#1073,#1074,#1075),
(#1076,#1077,#1078),
(#1079,#1080,#1081)),
.UNSPECIFIED.,.F.,.F.,.F.)B_SPLINE_SURFACE_WITH_KNOTS((4,1,1,4),
(3,3),
(1.96757305460158,2.41918108790278,2.62371319238194,2.87201506005218),
(0.,1.),
.UNSPECIFIED.)GEOMETRIC_REPRESENTATION_ITEM()RATIONAL_B_SPLINE_SURFACE((
(1.,0.707109003326068,1.),
(1.,0.692499282148074,1.),
(1.,0.670547120901361,1.),
(1.,0.643450699919187,1.),
(1.,0.631730484359278,1.),
(1.,0.626119438893145,1.)))REPRESENTATION_ITEM('')SURFACE());
#1064=CARTESIAN_POINT('',(-17.7198901107195,0.448573249984522,-23.7499999999328));
#1065=CARTESIAN_POINT('',(-17.7198901107195,0.448567678022943,-23.9999984072853));
#1066=CARTESIAN_POINT('',(-17.9698885184648,0.448567677093199,-23.9999999998656));
#1067=CARTESIAN_POINT('',(-17.7198901107194,0.487473923399053,-23.7500802397623));
#1068=CARTESIAN_POINT('',(-17.7198901107195,0.525515540251921,-24.010679038033));
#1069=CARTESIAN_POINT('',(-17.980164168046,0.52343312404192,-24.0001604795245));
#1070=CARTESIAN_POINT('',(-17.7198901107195,0.542756604875577,-23.7378258814105));
#1071=CARTESIAN_POINT('',(-17.7198901107194,0.643028917992929,-24.0012960970471));
#1072=CARTESIAN_POINT('',(-17.9947671405115,0.629826209147682,-23.975651762821));
#1073=CARTESIAN_POINT('',(-17.7198901107195,0.610146195808615,-23.698660011427));
#1074=CARTESIAN_POINT('',(-17.7198901107195,0.793390261002202,-23.9361129644674));
#1075=CARTESIAN_POINT('',(-18.0125681645315,0.759519384150888,-23.897320022854));
#1076=CARTESIAN_POINT('',(-17.7198901107195,0.638724182604611,-23.6719524119284));
#1077=CARTESIAN_POINT('',(-17.7198901107195,0.860952406313996,-23.8848248618745));
#1078=CARTESIAN_POINT('',(-18.0201170667041,0.814518528550728,-23.8439048238568));
#1079=CARTESIAN_POINT('',(-17.7198901107195,0.652959532384522,-23.6545356321723));
#1080=CARTESIAN_POINT('',(-17.7198901107195,0.893958290044228,-23.8516345702913));
#1081=CARTESIAN_POINT('',(-18.023877347778,0.841914862089427,-23.8090712643446));
#1082=FACE_BOUND('',#1083,.T.);
#1083=EDGE_LOOP('',(#1309,#1310,#1311,#1312));
#1084=CYLINDRICAL_SURFACE('',#1085,0.25);
#1085=AXIS2_PLACEMENT_3D('',#1086,#1087,#1088);
#1086=CARTESIAN_POINT('',(-17.9698901107195,-0.999999999999999,-23.75));
#1087=DIRECTION('',(0.,-1.,0.));
#1088=DIRECTION('',(0.,0.,-1.));
#1089=ORIENTED_EDGE('',*,*,#1313,.F.);
#1090=ORIENTED_EDGE('',*,*,#1314,.T.);
#1091=ORIENTED_EDGE('',*,*,#1315,.T.);
#1092=ORIENTED_EDGE('',*,*,#1316,.F.);
#1093=ORIENTED_EDGE('',*,*,#1317,.F.);
#1094=ORIENTED_EDGE('',*,*,#1318,.F.);
#1095=ORIENTED_EDGE('',*,*,#1319,.F.);
#1096=ORIENTED_EDGE('',*,*,#1320,.F.);
#1097=ORIENTED_EDGE('',*,*,#1321,.F.);
#1098=ORIENTED_EDGE('',*,*,#1322,.F.);
#1099=ORIENTED_EDGE('',*,*,#1323,.F.);
#1100=ORIENTED_EDGE('',*,*,#1324,.F.);
#1101=ORIENTED_EDGE('',*,*,#1325,.F.);
#1102=ORIENTED_EDGE('',*,*,#1326,.F.);
#1103=ORIENTED_EDGE('',*,*,#1327,.F.);
#1104=ORIENTED_EDGE('',*,*,#1328,.F.);
#1105=ORIENTED_EDGE('',*,*,#1329,.F.);
#1106=ORIENTED_EDGE('',*,*,#1330,.F.);
#1107=ORIENTED_EDGE('',*,*,#1331,.F.);
#1108=ORIENTED_EDGE('',*,*,#1332,.F.);
#1109=ORIENTED_EDGE('',*,*,#1333,.F.);
#1110=ORIENTED_EDGE('',*,*,#1317,.T.);
#1111=ORIENTED_EDGE('',*,*,#1334,.F.);
#1112=ORIENTED_EDGE('',*,*,#1318,.T.);
#1113=ORIENTED_EDGE('',*,*,#1335,.F.);
#1114=ORIENTED_EDGE('',*,*,#1319,.T.);
#1115=ORIENTED_EDGE('',*,*,#1336,.F.);
#1116=ORIENTED_EDGE('',*,*,#1320,.T.);
#1117=ORIENTED_EDGE('',*,*,#1337,.F.);
#1118=ORIENTED_EDGE('',*,*,#1321,.T.);
#1119=ORIENTED_EDGE('',*,*,#1338,.F.);
#1120=ORIENTED_EDGE('',*,*,#1322,.T.);
#1121=ORIENTED_EDGE('',*,*,#1339,.F.);
#1122=ORIENTED_EDGE('',*,*,#1323,.T.);
#1123=ORIENTED_EDGE('',*,*,#1340,.F.);
#1124=ORIENTED_EDGE('',*,*,#1324,.T.);
#1125=ORIENTED_EDGE('',*,*,#1341,.F.);
#1126=ORIENTED_EDGE('',*,*,#1325,.T.);
#1127=ORIENTED_EDGE('',*,*,#1342,.F.);
#1128=ORIENTED_EDGE('',*,*,#1343,.F.);
#1129=ORIENTED_EDGE('',*,*,#1344,.F.);
#1130=ORIENTED_EDGE('',*,*,#1327,.T.);
#1131=ORIENTED_EDGE('',*,*,#1345,.T.);
#1132=ORIENTED_EDGE('',*,*,#1346,.F.);
#1133=ORIENTED_EDGE('',*,*,#1347,.F.);
#1134=ORIENTED_EDGE('',*,*,#1328,.T.);
#1135=ORIENTED_EDGE('',*,*,#1344,.T.);
#1136=ORIENTED_EDGE('',*,*,#1348,.F.);
#1137=ORIENTED_EDGE('',*,*,#1349,.F.);
#1138=ORIENTED_EDGE('',*,*,#1329,.T.);
#1139=ORIENTED_EDGE('',*,*,#1347,.T.);
#1140=ORIENTED_EDGE('',*,*,#1350,.F.);
#1141=ORIENTED_EDGE('',*,*,#1351,.F.);
#1142=ORIENTED_EDGE('',*,*,#1330,.T.);
#1143=ORIENTED_EDGE('',*,*,#1349,.T.);
#1144=ORIENTED_EDGE('',*,*,#1352,.F.);
#1145=ORIENTED_EDGE('',*,*,#1353,.F.);
#1146=ORIENTED_EDGE('',*,*,#1331,.T.);
#1147=ORIENTED_EDGE('',*,*,#1351,.T.);
#1148=ORIENTED_EDGE('',*,*,#1354,.F.);
#1149=ORIENTED_EDGE('',*,*,#1355,.F.);
#1150=ORIENTED_EDGE('',*,*,#1332,.T.);
#1151=ORIENTED_EDGE('',*,*,#1353,.T.);
#1152=ORIENTED_EDGE('',*,*,#1356,.F.);
#1153=ORIENTED_EDGE('',*,*,#1357,.F.);
#1154=ORIENTED_EDGE('',*,*,#1333,.T.);
#1155=ORIENTED_EDGE('',*,*,#1355,.T.);
#1156=ORIENTED_EDGE('',*,*,#1358,.F.);
#1157=ORIENTED_EDGE('',*,*,#1345,.F.);
#1158=ORIENTED_EDGE('',*,*,#1326,.T.);
#1159=ORIENTED_EDGE('',*,*,#1357,.T.);
#1160=ORIENTED_EDGE('',*,*,#1359,.F.);
#1161=ORIENTED_EDGE('',*,*,#1360,.F.);
#1162=ORIENTED_EDGE('',*,*,#1361,.F.);
#1163=ORIENTED_EDGE('',*,*,#1362,.F.);
#1164=ORIENTED_EDGE('',*,*,#1363,.F.);
#1165=ORIENTED_EDGE('',*,*,#1364,.F.);
#1166=ORIENTED_EDGE('',*,*,#1365,.T.);
#1167=ORIENTED_EDGE('',*,*,#1366,.T.);
#1168=ORIENTED_EDGE('',*,*,#1367,.T.);
#1169=ORIENTED_EDGE('',*,*,#1368,.T.);
#1170=ORIENTED_EDGE('',*,*,#1369,.T.);
#1171=ORIENTED_EDGE('',*,*,#1370,.T.);
#1172=ORIENTED_EDGE('',*,*,#1371,.T.);
#1173=ORIENTED_EDGE('',*,*,#1372,.T.);
#1174=ORIENTED_EDGE('',*,*,#1373,.T.);
#1175=ORIENTED_EDGE('',*,*,#1374,.T.);
#1176=ORIENTED_EDGE('',*,*,#1375,.T.);
#1177=ORIENTED_EDGE('',*,*,#1376,.T.);
#1178=ORIENTED_EDGE('',*,*,#1377,.T.);
#1179=ORIENTED_EDGE('',*,*,#1378,.T.);
#1180=ORIENTED_EDGE('',*,*,#1379,.T.);
#1181=ORIENTED_EDGE('',*,*,#1380,.T.);
#1182=ORIENTED_EDGE('',*,*,#1381,.T.);
#1183=ORIENTED_EDGE('',*,*,#1382,.T.);
#1184=ORIENTED_EDGE('',*,*,#1383,.T.);
#1185=ORIENTED_EDGE('',*,*,#1384,.T.);
#1186=ORIENTED_EDGE('',*,*,#1385,.T.);
#1187=ORIENTED_EDGE('',*,*,#1386,.T.);
#1188=ORIENTED_EDGE('',*,*,#1387,.T.);
#1189=ORIENTED_EDGE('',*,*,#1388,.F.);
#1190=ORIENTED_EDGE('',*,*,#1389,.F.);
#1191=ORIENTED_EDGE('',*,*,#1390,.T.);
#1192=ORIENTED_EDGE('',*,*,#1391,.F.);
#1193=ORIENTED_EDGE('',*,*,#1392,.T.);
#1194=ORIENTED_EDGE('',*,*,#1393,.F.);
#1195=ORIENTED_EDGE('',*,*,#1394,.F.);
#1196=ORIENTED_EDGE('',*,*,#1370,.F.);
#1197=ORIENTED_EDGE('',*,*,#1395,.F.);
#1198=ORIENTED_EDGE('',*,*,#1366,.F.);
#1199=ORIENTED_EDGE('',*,*,#1396,.F.);
#1200=ORIENTED_EDGE('',*,*,#1360,.T.);
#1201=ORIENTED_EDGE('',*,*,#1397,.F.);
#1202=ORIENTED_EDGE('',*,*,#1389,.T.);
#1203=ORIENTED_EDGE('',*,*,#1336,.T.);
#1204=ORIENTED_EDGE('',*,*,#1373,.F.);
#1205=ORIENTED_EDGE('',*,*,#1337,.T.);
#1206=ORIENTED_EDGE('',*,*,#1374,.F.);
#1207=ORIENTED_EDGE('',*,*,#1338,.T.);
#1208=ORIENTED_EDGE('',*,*,#1375,.F.);
#1209=ORIENTED_EDGE('',*,*,#1339,.T.);
#1210=ORIENTED_EDGE('',*,*,#1376,.F.);
#1211=ORIENTED_EDGE('',*,*,#1340,.T.);
#1212=ORIENTED_EDGE('',*,*,#1377,.F.);
#1213=ORIENTED_EDGE('',*,*,#1341,.T.);
#1214=ORIENTED_EDGE('',*,*,#1378,.F.);
#1215=ORIENTED_EDGE('',*,*,#1342,.T.);
#1216=ORIENTED_EDGE('',*,*,#1379,.F.);
#1217=ORIENTED_EDGE('',*,*,#1334,.T.);
#1218=ORIENTED_EDGE('',*,*,#1371,.F.);
#1219=ORIENTED_EDGE('',*,*,#1335,.T.);
#1220=ORIENTED_EDGE('',*,*,#1372,.F.);
#1221=ORIENTED_EDGE('',*,*,#1356,.T.);
#1222=ORIENTED_EDGE('',*,*,#1398,.T.);
#1223=ORIENTED_EDGE('',*,*,#1380,.F.);
#1224=ORIENTED_EDGE('',*,*,#1399,.F.);
#1225=ORIENTED_EDGE('',*,*,#1354,.T.);
#1226=ORIENTED_EDGE('',*,*,#1400,.T.);
#1227=ORIENTED_EDGE('',*,*,#1381,.F.);
#1228=ORIENTED_EDGE('',*,*,#1398,.F.);
#1229=ORIENTED_EDGE('',*,*,#1352,.T.);
#1230=ORIENTED_EDGE('',*,*,#1401,.T.);
#1231=ORIENTED_EDGE('',*,*,#1382,.F.);
#1232=ORIENTED_EDGE('',*,*,#1400,.F.);
#1233=ORIENTED_EDGE('',*,*,#1350,.T.);
#1234=ORIENTED_EDGE('',*,*,#1402,.T.);
#1235=ORIENTED_EDGE('',*,*,#1383,.F.);
#1236=ORIENTED_EDGE('',*,*,#1401,.F.);
#1237=ORIENTED_EDGE('',*,*,#1348,.T.);
#1238=ORIENTED_EDGE('',*,*,#1403,.T.);
#1239=ORIENTED_EDGE('',*,*,#1384,.F.);
#1240=ORIENTED_EDGE('',*,*,#1402,.F.);
#1241=ORIENTED_EDGE('',*,*,#1346,.T.);
#1242=ORIENTED_EDGE('',*,*,#1404,.T.);
#1243=ORIENTED_EDGE('',*,*,#1385,.F.);
#1244=ORIENTED_EDGE('',*,*,#1403,.F.);
#1245=ORIENTED_EDGE('',*,*,#1343,.T.);
#1246=ORIENTED_EDGE('',*,*,#1405,.T.);
#1247=ORIENTED_EDGE('',*,*,#1386,.F.);
#1248=ORIENTED_EDGE('',*,*,#1404,.F.);
#1249=ORIENTED_EDGE('',*,*,#1358,.T.);
#1250=ORIENTED_EDGE('',*,*,#1399,.T.);
#1251=ORIENTED_EDGE('',*,*,#1387,.F.);
#1252=ORIENTED_EDGE('',*,*,#1405,.F.);
#1253=ORIENTED_EDGE('',*,*,#1406,.F.);
#1254=ORIENTED_EDGE('',*,*,#1407,.T.);
#1255=ORIENTED_EDGE('',*,*,#1362,.T.);
#1256=ORIENTED_EDGE('',*,*,#1408,.T.);
#1257=ORIENTED_EDGE('',*,*,#1314,.F.);
#1258=ORIENTED_EDGE('',*,*,#1409,.T.);
#1259=ORIENTED_EDGE('',*,*,#1315,.F.);
#1260=ORIENTED_EDGE('',*,*,#1410,.F.);
#1261=ORIENTED_EDGE('',*,*,#1364,.T.);
#1262=ORIENTED_EDGE('',*,*,#1411,.T.);
#1263=ORIENTED_EDGE('',*,*,#1412,.F.);
#1264=ORIENTED_EDGE('',*,*,#1316,.T.);
#1265=ORIENTED_EDGE('',*,*,#1413,.F.);
#1266=ORIENTED_EDGE('',*,*,#1368,.F.);
#1267=ORIENTED_EDGE('',*,*,#1414,.T.);
#1268=ORIENTED_EDGE('',*,*,#1392,.F.);
#1269=ORIENTED_EDGE('',*,*,#1415,.T.);
#1270=ORIENTED_EDGE('',*,*,#1416,.T.);
#1271=ORIENTED_EDGE('',*,*,#1365,.F.);
#1272=ORIENTED_EDGE('',*,*,#1417,.T.);
#1273=ORIENTED_EDGE('',*,*,#1361,.T.);
#1274=ORIENTED_EDGE('',*,*,#1396,.T.);
#1275=ORIENTED_EDGE('',*,*,#1408,.F.);
#1276=ORIENTED_EDGE('',*,*,#1417,.F.);
#1277=ORIENTED_EDGE('',*,*,#1410,.T.);
#1278=ORIENTED_EDGE('',*,*,#1363,.T.);
#1279=ORIENTED_EDGE('',*,*,#1395,.T.);
#1280=ORIENTED_EDGE('',*,*,#1369,.F.);
#1281=ORIENTED_EDGE('',*,*,#1418,.T.);
#1282=ORIENTED_EDGE('',*,*,#1409,.F.);
#1283=ORIENTED_EDGE('',*,*,#1418,.F.);
#1284=ORIENTED_EDGE('',*,*,#1413,.T.);
#1285=ORIENTED_EDGE('',*,*,#1388,.T.);
#1286=ORIENTED_EDGE('',*,*,#1419,.T.);
#1287=ORIENTED_EDGE('',*,*,#1367,.F.);
#1288=ORIENTED_EDGE('',*,*,#1394,.T.);
#1289=ORIENTED_EDGE('',*,*,#1393,.T.);
#1290=ORIENTED_EDGE('',*,*,#1420,.T.);
#1291=ORIENTED_EDGE('',*,*,#1411,.F.);
#1292=ORIENTED_EDGE('',*,*,#1419,.F.);
#1293=ORIENTED_EDGE('',*,*,#1412,.T.);
#1294=ORIENTED_EDGE('',*,*,#1420,.F.);
#1295=ORIENTED_EDGE('',*,*,#1414,.F.);
#1296=ORIENTED_EDGE('',*,*,#1421,.T.);
#1297=ORIENTED_EDGE('',*,*,#1313,.T.);
#1298=ORIENTED_EDGE('',*,*,#1421,.F.);
#1299=ORIENTED_EDGE('',*,*,#1416,.F.);
#1300=ORIENTED_EDGE('',*,*,#1422,.T.);
#1301=ORIENTED_EDGE('',*,*,#1406,.T.);
#1302=ORIENTED_EDGE('',*,*,#1422,.F.);
#1303=ORIENTED_EDGE('',*,*,#1415,.F.);
#1304=ORIENTED_EDGE('',*,*,#1423,.T.);
#1305=ORIENTED_EDGE('',*,*,#1391,.T.);
#1306=ORIENTED_EDGE('',*,*,#1424,.T.);
#1307=ORIENTED_EDGE('',*,*,#1407,.F.);
#1308=ORIENTED_EDGE('',*,*,#1423,.F.);
#1309=ORIENTED_EDGE('',*,*,#1390,.F.);
#1310=ORIENTED_EDGE('',*,*,#1397,.T.);
#1311=ORIENTED_EDGE('',*,*,#1359,.T.);
#1312=ORIENTED_EDGE('',*,*,#1424,.F.);
#1313=EDGE_CURVE('',#1425,#1426,#1427,.T.);
#1314=EDGE_CURVE('',#1425,#1428,#1429,.T.);
#1315=EDGE_CURVE('',#1428,#1430,#1431,.T.);
#1316=EDGE_CURVE('',#1426,#1430,#1432,.T.);
#1317=EDGE_CURVE('',#1433,#1433,#1434,.T.);
#1318=EDGE_CURVE('',#1435,#1435,#1436,.T.);
#1319=EDGE_CURVE('',#1437,#1437,#1438,.T.);
#1320=EDGE_CURVE('',#1439,#1439,#1440,.T.);
#1321=EDGE_CURVE('',#1441,#1441,#1442,.T.);
#1322=EDGE_CURVE('',#1443,#1443,#1444,.T.);
#1323=EDGE_CURVE('',#1445,#1445,#1446,.T.);
#1324=EDGE_CURVE('',#1447,#1447,#1448,.T.);
#1325=EDGE_CURVE('',#1449,#1449,#1450,.T.);
#1326=EDGE_CURVE('',#1451,#1452,#1453,.T.);
#1327=EDGE_CURVE('',#1454,#1451,#1455,.T.);
#1328=EDGE_CURVE('',#1456,#1454,#1457,.T.);
#1329=EDGE_CURVE('',#1458,#1456,#1459,.T.);
#1330=EDGE_CURVE('',#1460,#1458,#1461,.T.);
#1331=EDGE_CURVE('',#1462,#1460,#1463,.T.);
#1332=EDGE_CURVE('',#1464,#1462,#1465,.T.);
#1333=EDGE_CURVE('',#1452,#1464,#1466,.T.);
#1334=EDGE_CURVE('',#1467,#1467,#1468,.T.);
#1335=EDGE_CURVE('',#1469,#1469,#1470,.T.);
#1336=EDGE_CURVE('',#1471,#1471,#1472,.T.);
#1337=EDGE_CURVE('',#1473,#1473,#1474,.T.);
#1338=EDGE_CURVE('',#1475,#1475,#1476,.T.);
#1339=EDGE_CURVE('',#1477,#1477,#1478,.T.);
#1340=EDGE_CURVE('',#1479,#1479,#1480,.T.);
#1341=EDGE_CURVE('',#1481,#1481,#1482,.T.);
#1342=EDGE_CURVE('',#1483,#1483,#1484,.T.);
#1343=EDGE_CURVE('',#1485,#1486,#1487,.T.);
#1344=EDGE_CURVE('',#1454,#1485,#1488,.T.);
#1345=EDGE_CURVE('',#1451,#1486,#1489,.T.);
#1346=EDGE_CURVE('',#1490,#1485,#1491,.T.);
#1347=EDGE_CURVE('',#1456,#1490,#1492,.T.);
#1348=EDGE_CURVE('',#1493,#1490,#1494,.T.);
#1349=EDGE_CURVE('',#1458,#1493,#1495,.T.);
#1350=EDGE_CURVE('',#1496,#1493,#1497,.T.);
#1351=EDGE_CURVE('',#1460,#1496,#1498,.T.);
#1352=EDGE_CURVE('',#1499,#1496,#1500,.T.);
#1353=EDGE_CURVE('',#1462,#1499,#1501,.T.);
#1354=EDGE_CURVE('',#1502,#1499,#1503,.T.);
#1355=EDGE_CURVE('',#1464,#1502,#1504,.T.);
#1356=EDGE_CURVE('',#1505,#1502,#1506,.T.);
#1357=EDGE_CURVE('',#1452,#1505,#1507,.T.);
#1358=EDGE_CURVE('',#1486,#1505,#1508,.T.);
#1359=EDGE_CURVE('',#1509,#1510,#1511,.T.);
#1360=EDGE_CURVE('',#1512,#1509,#1513,.T.);
#1361=EDGE_CURVE('',#1514,#1512,#1515,.T.);
#1362=EDGE_CURVE('',#1510,#1514,#1516,.T.);
#1363=EDGE_CURVE('',#1517,#1518,#1519,.T.);
#1364=EDGE_CURVE('',#1520,#1517,#1521,.T.);
#1365=EDGE_CURVE('',#1520,#1522,#1523,.T.);
#1366=EDGE_CURVE('',#1522,#1518,#1524,.T.);
#1367=EDGE_CURVE('',#1525,#1526,#1527,.T.);
#1368=EDGE_CURVE('',#1526,#1528,#1529,.T.);
#1369=EDGE_CURVE('',#1528,#1530,#1531,.T.);
#1370=EDGE_CURVE('',#1530,#1525,#1532,.T.);
#1371=EDGE_CURVE('',#1533,#1533,#1534,.T.);
#1372=EDGE_CURVE('',#1535,#1535,#1536,.T.);
#1373=EDGE_CURVE('',#1537,#1537,#1538,.T.);
#1374=EDGE_CURVE('',#1539,#1539,#1540,.T.);
#1375=EDGE_CURVE('',#1541,#1541,#1542,.T.);
#1376=EDGE_CURVE('',#1543,#1543,#1544,.T.);
#1377=EDGE_CURVE('',#1545,#1545,#1546,.T.);
#1378=EDGE_CURVE('',#1547,#1547,#1548,.T.);
#1379=EDGE_CURVE('',#1549,#1549,#1550,.T.);
#1380=EDGE_CURVE('',#1551,#1552,#1553,.T.);
#1381=EDGE_CURVE('',#1552,#1554,#1555,.T.);
#1382=EDGE_CURVE('',#1554,#1556,#1557,.T.);
#1383=EDGE_CURVE('',#1556,#1558,#1559,.T.);
#1384=EDGE_CURVE('',#1558,#1560,#1561,.T.);
#1385=EDGE_CURVE('',#1560,#1562,#1563,.T.);
#1386=EDGE_CURVE('',#1562,#1564,#1565,.T.);
#1387=EDGE_CURVE('',#1564,#1551,#1566,.T.);
#1388=EDGE_CURVE('',#1567,#1568,#1569,.T.);
#1389=EDGE_CURVE('',#1570,#1567,#1571,.T.);
#1390=EDGE_CURVE('',#1570,#1572,#1573,.T.);
#1391=EDGE_CURVE('',#1574,#1572,#1575,.F.);
#1392=EDGE_CURVE('',#1574,#1576,#1577,.T.);
#1393=EDGE_CURVE('',#1568,#1576,#1578,.T.);
#1394=EDGE_CURVE('',#1525,#1567,#1579,.T.);
#1395=EDGE_CURVE('',#1518,#1530,#1580,.F.);
#1396=EDGE_CURVE('',#1512,#1522,#1581,.F.);
#1397=EDGE_CURVE('',#1570,#1509,#1582,.F.);
#1398=EDGE_CURVE('',#1502,#1552,#1583,.T.);
#1399=EDGE_CURVE('',#1505,#1551,#1584,.T.);
#1400=EDGE_CURVE('',#1499,#1554,#1585,.T.);
#1401=EDGE_CURVE('',#1496,#1556,#1586,.T.);
#1402=EDGE_CURVE('',#1493,#1558,#1587,.T.);
#1403=EDGE_CURVE('',#1490,#1560,#1588,.T.);
#1404=EDGE_CURVE('',#1485,#1562,#1589,.T.);
#1405=EDGE_CURVE('',#1486,#1564,#1590,.T.);
#1406=EDGE_CURVE('',#1591,#1425,#1592,.F.);
#1407=EDGE_CURVE('',#1591,#1510,#1593,.F.);
#1408=EDGE_CURVE('',#1514,#1428,#1594,.F.);
#1409=EDGE_CURVE('',#1517,#1430,#1595,.F.);
#1410=EDGE_CURVE('',#1520,#1428,#1596,.F.);
#1411=EDGE_CURVE('',#1526,#1597,#1598,.T.);
#1412=EDGE_CURVE('',#1426,#1597,#1599,.T.);
#1413=EDGE_CURVE('',#1528,#1430,#1600,.F.);
#1414=EDGE_CURVE('',#1601,#1576,#1602,.T.);
#1415=EDGE_CURVE('',#1574,#1603,#1604,.F.);
#1416=EDGE_CURVE('',#1603,#1601,#1605,.T.);
#1417=EDGE_CURVE('',#1520,#1514,#1606,.T.);
#1418=EDGE_CURVE('',#1528,#1517,#1607,.F.);
#1419=EDGE_CURVE('',#1568,#1526,#1608,.T.);
#1420=EDGE_CURVE('',#1576,#1597,#1609,.T.);
#1421=EDGE_CURVE('',#1601,#1426,#1610,.F.);
#1422=EDGE_CURVE('',#1603,#1425,#1611,.F.);
#1423=EDGE_CURVE('',#1574,#1591,#1612,.F.);
#1424=EDGE_CURVE('',#1572,#1510,#1613,.T.);
#1425=VERTEX_POINT('',#1614);
#1426=VERTEX_POINT('',#1615);
#1427=LINE('',#1616,#1617);
#1428=VERTEX_POINT('',#1619);
#1429=LINE('',#1620,#1621);
#1430=VERTEX_POINT('',#1623);
#1431=LINE('',#1624,#1625);
#1432=LINE('',#1627,#1628);
#1433=VERTEX_POINT('',#1630);
#1434=CIRCLE('',#1631,0.75);
#1435=VERTEX_POINT('',#1635);
#1436=CIRCLE('',#1636,0.75);
#1437=VERTEX_POINT('',#1640);
#1438=CIRCLE('',#1641,1.25);
#1439=VERTEX_POINT('',#1645);
#1440=CIRCLE('',#1646,1.25);
#1441=VERTEX_POINT('',#1650);
#1442=CIRCLE('',#1651,1.25);
#1443=VERTEX_POINT('',#1655);
#1444=CIRCLE('',#1656,1.25);
#1445=VERTEX_POINT('',#1660);
#1446=CIRCLE('',#1661,1.25);
#1447=VERTEX_POINT('',#1665);
#1448=CIRCLE('',#1666,1.25);
#1449=VERTEX_POINT('',#1670);
#1450=CIRCLE('',#1671,1.25);
#1451=VERTEX_POINT('',#1675);
#1452=VERTEX_POINT('',#1676);
#1453=CIRCLE('',#1677,0.5);
#1454=VERTEX_POINT('',#1681);
#1455=LINE('',#1682,#1683);
#1456=VERTEX_POINT('',#1685);
#1457=CIRCLE('',#1686,0.5);
#1458=VERTEX_POINT('',#1690);
#1459=LINE('',#1691,#1692);
#1460=VERTEX_POINT('',#1694);
#1461=CIRCLE('',#1695,0.5);
#1462=VERTEX_POINT('',#1699);
#1463=LINE('',#1700,#1701);
#1464=VERTEX_POINT('',#1703);
#1465=CIRCLE('',#1704,0.5);
#1466=LINE('',#1708,#1709);
#1467=VERTEX_POINT('',#1711);
#1468=CIRCLE('',#1712,0.75);
#1469=VERTEX_POINT('',#1716);
#1470=CIRCLE('',#1717,0.75);
#1471=VERTEX_POINT('',#1721);
#1472=CIRCLE('',#1722,1.25);
#1473=VERTEX_POINT('',#1726);
#1474=CIRCLE('',#1727,1.25);
#1475=VERTEX_POINT('',#1731);
#1476=CIRCLE('',#1732,1.25);
#1477=VERTEX_POINT('',#1736);
#1478=CIRCLE('',#1737,1.25);
#1479=VERTEX_POINT('',#1741);
#1480=CIRCLE('',#1742,1.25);
#1481=VERTEX_POINT('',#1746);
#1482=CIRCLE('',#1747,1.25);
#1483=VERTEX_POINT('',#1751);
#1484=CIRCLE('',#1752,1.25);
#1485=VERTEX_POINT('',#1756);
#1486=VERTEX_POINT('',#1757);
#1487=LINE('',#1758,#1759);
#1488=LINE('',#1761,#1762);
#1489=LINE('',#1764,#1765);
#1490=VERTEX_POINT('',#1767);
#1491=CIRCLE('',#1768,0.5);
#1492=LINE('',#1772,#1773);
#1493=VERTEX_POINT('',#1775);
#1494=LINE('',#1776,#1777);
#1495=LINE('',#1779,#1780);
#1496=VERTEX_POINT('',#1782);
#1497=CIRCLE('',#1783,0.5);
#1498=LINE('',#1787,#1788);
#1499=VERTEX_POINT('',#1790);
#1500=LINE('',#1791,#1792);
#1501=LINE('',#1794,#1795);
#1502=VERTEX_POINT('',#1797);
#1503=CIRCLE('',#1798,0.5);
#1504=LINE('',#1802,#1803);
#1505=VERTEX_POINT('',#1805);
#1506=LINE('',#1806,#1807);
#1507=LINE('',#1809,#1810);
#1508=CIRCLE('',#1812,0.5);
#1509=VERTEX_POINT('',#1816);
#1510=VERTEX_POINT('',#1817);
#1511=LINE('',#1818,#1819);
#1512=VERTEX_POINT('',#1821);
#1513=LINE('',#1822,#1823);
#1514=VERTEX_POINT('',#1825);
#1515=LINE('',#1826,#1827);
#1516=LINE('',#1829,#1830);
#1517=VERTEX_POINT('',#1832);
#1518=VERTEX_POINT('',#1833);
#1519=LINE('',#1834,#1835);
#1520=VERTEX_POINT('',#1837);
#1521=LINE('',#1838,#1839);
#1522=VERTEX_POINT('',#1841);
#1523=LINE('',#1842,#1843);
#1524=LINE('',#1845,#1846);
#1525=VERTEX_POINT('',#1848);
#1526=VERTEX_POINT('',#1849);
#1527=LINE('',#1850,#1851);
#1528=VERTEX_POINT('',#1853);
#1529=LINE('',#1854,#1855);
#1530=VERTEX_POINT('',#1857);
#1531=LINE('',#1858,#1859);
#1532=LINE('',#1861,#1862);
#1533=VERTEX_POINT('',#1864);
#1534=CIRCLE('',#1865,0.5);
#1535=VERTEX_POINT('',#1869);
#1536=CIRCLE('',#1870,0.5);
#1537=VERTEX_POINT('',#1874);
#1538=CIRCLE('',#1875,1.);
#1539=VERTEX_POINT('',#1879);
#1540=CIRCLE('',#1880,1.);
#1541=VERTEX_POINT('',#1884);
#1542=CIRCLE('',#1885,1.);
#1543=VERTEX_POINT('',#1889);
#1544=CIRCLE('',#1890,1.);
#1545=VERTEX_POINT('',#1894);
#1546=CIRCLE('',#1895,1.);
#1547=VERTEX_POINT('',#1899);
#1548=CIRCLE('',#1900,1.);
#1549=VERTEX_POINT('',#1904);
#1550=CIRCLE('',#1905,1.);
#1551=VERTEX_POINT('',#1909);
#1552=VERTEX_POINT('',#1910);
#1553=LINE('',#1911,#1912);
#1554=VERTEX_POINT('',#1914);
#1555=CIRCLE('',#1915,0.25);
#1556=VERTEX_POINT('',#1919);
#1557=LINE('',#1920,#1921);
#1558=VERTEX_POINT('',#1923);
#1559=CIRCLE('',#1924,0.250000000000004);
#1560=VERTEX_POINT('',#1928);
#1561=LINE('',#1929,#1930);
#1562=VERTEX_POINT('',#1932);
#1563=CIRCLE('',#1933,0.25);
#1564=VERTEX_POINT('',#1937);
#1565=LINE('',#1938,#1939);
#1566=CIRCLE('',#1941,0.25);
#1567=VERTEX_POINT('',#1945);
#1568=VERTEX_POINT('',#1946);
#1569=LINE('',#1947,#1948);
#1570=VERTEX_POINT('',#1950);
#1571=LINE('',#1951,#1952);
#1572=VERTEX_POINT('',#1954);
#1573=LINE('',#1955,#1956);
#1574=VERTEX_POINT('',#1958);
#1575=(BOUNDED_CURVE()B_SPLINE_CURVE(3,
(#1959,#1960,#1961,#1962),
.UNSPECIFIED.,.F.,.F.)B_SPLINE_CURVE_WITH_KNOTS((4,4),
(0.,1.),
.UNSPECIFIED.)CURVE()GEOMETRIC_REPRESENTATION_ITEM()RATIONAL_B_SPLINE_CURVE((1.,
0.932992488042248,0.932992488042248,1.))REPRESENTATION_ITEM(''));
#1576=VERTEX_POINT('',#1963);
#1577=LINE('',#1964,#1965);
#1578=(BOUNDED_CURVE()B_SPLINE_CURVE(3,
(#1967,#1968,#1969,#1970),
.UNSPECIFIED.,.F.,.F.)B_SPLINE_CURVE_WITH_KNOTS((4,4),
(0.,1.),
.UNSPECIFIED.)CURVE()GEOMETRIC_REPRESENTATION_ITEM()RATIONAL_B_SPLINE_CURVE((1.,
0.932992488042248,0.932992488042248,1.))REPRESENTATION_ITEM(''));
#1579=(BOUNDED_CURVE()B_SPLINE_CURVE(3,
(#1971,#1972,#1973,#1974),
.UNSPECIFIED.,.F.,.F.)B_SPLINE_CURVE_WITH_KNOTS((4,4),
(0.,1.),
.UNSPECIFIED.)CURVE()GEOMETRIC_REPRESENTATION_ITEM()RATIONAL_B_SPLINE_CURVE((1.,
0.804737854124365,0.804737854124365,1.))REPRESENTATION_ITEM(''));
#1580=CIRCLE('',#1975,0.249999999999993);
#1581=CIRCLE('',#1979,0.249999999999995);
#1582=(BOUNDED_CURVE()B_SPLINE_CURVE(3,
(#1983,#1984,#1985,#1986),
.UNSPECIFIED.,.F.,.F.)B_SPLINE_CURVE_WITH_KNOTS((4,4),
(0.,1.),
.UNSPECIFIED.)CURVE()GEOMETRIC_REPRESENTATION_ITEM()RATIONAL_B_SPLINE_CURVE((1.,
0.804737854124365,0.804737854124365,1.))REPRESENTATION_ITEM(''));
#1583=CIRCLE('',#1987,0.25);
#1584=CIRCLE('',#1991,0.25);
#1585=CIRCLE('',#1995,0.25);
#1586=CIRCLE('',#1999,0.25);
#1587=CIRCLE('',#2003,0.25);
#1588=CIRCLE('',#2007,0.25);
#1589=CIRCLE('',#2011,0.25);
#1590=CIRCLE('',#2015,0.25);
#1591=VERTEX_POINT('',#2019);
#1592=B_SPLINE_CURVE_WITH_KNOTS('',3,
(#2020,#2021,#2022,#2023,#2024,#2025,#2026,#2027),
.UNSPECIFIED.,.F.,.F.,
(4,1,1,1,1,4),
(0.,0.206976698590447,0.399238536667021,0.612410041065825,0.815973395204976,1.),
.UNSPECIFIED.);
#1593=(BOUNDED_CURVE()B_SPLINE_CURVE(3,
(#2028,#2029,#2030,#2031),
.UNSPECIFIED.,.F.,.F.)B_SPLINE_CURVE_WITH_KNOTS((4,4),
(0.,1.),
.UNSPECIFIED.)CURVE()GEOMETRIC_REPRESENTATION_ITEM()RATIONAL_B_SPLINE_CURVE((1.,
0.932992488042248,0.932992488042248,1.))REPRESENTATION_ITEM(''));
#1594=B_SPLINE_CURVE_WITH_KNOTS('',3,
(#2032,#2033,#2034,#2035,#2036,#2037,#2038,#2039,#2040,#2041,#2042),
.UNSPECIFIED.,.F.,.F.,
(4,1,1,1,1,1,1,1,4),
(0.,0.176240241941559,0.32757778927547,0.449862025080236,0.566146849329795,0.676968480237121,
0.794956902145003,0.902634075399296,1.),
.UNSPECIFIED.);
#1595=B_SPLINE_CURVE_WITH_KNOTS('',3,
(#2043,#2044,#2045,#2046,#2047,#2048,#2049,#2050,#2051,#2052,#2053),
.UNSPECIFIED.,.F.,.F.,
(4,1,1,1,1,1,1,1,4),
(0.,0.176263061740237,0.327620544405412,0.449919667437146,0.566233702324642,0.677099542335556,
0.795168724687827,0.902802210575975,1.),
.UNSPECIFIED.);
#1596=B_SPLINE_CURVE_WITH_KNOTS('',3,
(#2054,#2055,#2056,#2057,#2058,#2059,#2060,#2061,#2062,#2063,#2064),
.UNSPECIFIED.,.F.,.F.,
(4,1,1,1,1,1,1,1,4),
(0.,0.176263061734845,0.327620544396362,0.449919667427099,0.566233702310361,0.677099542314611,
0.795168724653645,0.902802210548775,1.),
.UNSPECIFIED.);
#1597=VERTEX_POINT('',#2065);
#1598=(BOUNDED_CURVE()B_SPLINE_CURVE(3,
(#2066,#2067,#2068,#2069),
.UNSPECIFIED.,.F.,.F.)B_SPLINE_CURVE_WITH_KNOTS((4,4),
(0.,1.),
.UNSPECIFIED.)CURVE()GEOMETRIC_REPRESENTATION_ITEM()RATIONAL_B_SPLINE_CURVE((1.,
0.932992488042248,0.932992488042248,1.))REPRESENTATION_ITEM(''));
#1599=B_SPLINE_CURVE_WITH_KNOTS('',3,
(#2070,#2071,#2072,#2073,#2074,#2075,#2076,#2077),
.UNSPECIFIED.,.F.,.F.,
(4,1,1,1,1,4),
(0.,0.206976698592608,0.399238536670867,0.612410041070853,0.815973395208765,1.),
.UNSPECIFIED.);
#1600=B_SPLINE_CURVE_WITH_KNOTS('',3,
(#2078,#2079,#2080,#2081,#2082,#2083,#2084,#2085,#2086,#2087,#2088),
.UNSPECIFIED.,.F.,.F.,
(4,1,1,1,1,1,1,1,4),
(0.,0.176240241939324,0.327577789271987,0.449862025076808,0.566146849325919,0.676968480232686,
0.794956902140026,0.902634075395797,1.),
.UNSPECIFIED.);
#1601=VERTEX_POINT('',#2089);
#1602=B_SPLINE_CURVE_WITH_KNOTS('',3,
(#2090,#2091,#2092,#2093,#2094,#2095,#2096,#2097),
.UNSPECIFIED.,.F.,.F.,
(4,1,1,1,1,4),
(0.,0.247440589143725,0.46560962256568,0.683620374028202,0.861750499839642,1.),
.UNSPECIFIED.);
#1603=VERTEX_POINT('',#2098);
#1604=B_SPLINE_CURVE_WITH_KNOTS('',3,
(#2099,#2100,#2101,#2102,#2103,#2104,#2105,#2106),
.UNSPECIFIED.,.F.,.F.,
(4,1,1,1,1,4),
(0.,0.247434001233928,0.465598520604256,0.683609645810221,0.861743472275469,1.),
.UNSPECIFIED.);
#1605=LINE('',#2107,#2108);
#1606=CIRCLE('',#2110,0.25);
#1607=CIRCLE('',#2114,0.25);
#1608=CIRCLE('',#2118,0.25);
#1609=CIRCLE('',#2122,0.249999997930692);
#1610=CIRCLE('',#2126,0.25);
#1611=CIRCLE('',#2130,0.25);
#1612=CIRCLE('',#2134,0.249999997930694);
#1613=CIRCLE('',#2138,0.25);
#1614=CARTESIAN_POINT('',(-18.0444597902838,0.947281504307411,-23.5));
#1615=CARTESIAN_POINT('',(-18.0444597902838,0.947281504307411,23.5));
#1616=CARTESIAN_POINT('',(-18.0444597902838,0.947281504307411,-23.5));
#1617=VECTOR('',#1618,1.);
#1618=DIRECTION('',(0.,0.,1.));
#1619=CARTESIAN_POINT('',(-22.3214690030006,-0.274721127897377,-23.5));
#1620=CARTESIAN_POINT('',(-18.0444597902838,0.947281504307411,-23.5));
#1621=VECTOR('',#1622,1.);
#1622=DIRECTION('',(-0.961523947640824,-0.274721127897376,0.));
#1623=CARTESIAN_POINT('',(-22.3214690030006,-0.274721127897377,23.5));
#1624=CARTESIAN_POINT('',(-22.3214690030006,-0.274721127897377,-23.5));
#1625=VECTOR('',#1626,1.);
#1626=DIRECTION('',(0.,1.18108832406932E-18,1.));
#1627=CARTESIAN_POINT('',(-18.0444597902838,0.947281504307411,23.5));
#1628=VECTOR('',#1629,1.);
#1629=DIRECTION('',(-0.961523947640824,-0.274721127897376,1.59738691753153E-15));
#1630=CARTESIAN_POINT('',(-20.3984211077189,0.274721127897377,17.25));
#1631=AXIS2_PLACEMENT_3D('',#1632,#1633,#1634);
#1632=CARTESIAN_POINT('',(-20.3984211077189,0.274721127897375,18.));
#1633=DIRECTION('',(-0.274721127897376,0.961523947640824,0.));
#1634=DIRECTION('',(5.88763612390931E-17,1.68218174968836E-17,-1.));
#1635=CARTESIAN_POINT('',(-20.3984211077189,0.274721127897377,20.25));
#1636=AXIS2_PLACEMENT_3D('',#1637,#1638,#1639);
#1637=CARTESIAN_POINT('',(-20.3984211077189,0.274721127897375,21.));
#1638=DIRECTION('',(-0.274721127897376,0.961523947640824,0.));
#1639=DIRECTION('',(5.88763612390931E-17,1.68218174968836E-17,-1.));
#1640=CARTESIAN_POINT('',(-20.3984211077189,0.274721127897378,-17.25));
#1641=AXIS2_PLACEMENT_3D('',#1642,#1643,#1644);
#1642=CARTESIAN_POINT('',(-20.3984211077189,0.274721127897377,-16.));
#1643=DIRECTION('',(-0.274721127897376,0.961523947640824,0.));
#1644=DIRECTION('',(5.88763612390931E-17,1.68218174968836E-17,-1.));
#1645=CARTESIAN_POINT('',(-20.3984211077189,0.274721127897377,6.75));
#1646=AXIS2_PLACEMENT_3D('',#1647,#1648,#1649);
#1647=CARTESIAN_POINT('',(-20.3984211077189,0.274721127897375,8.));
#1648=DIRECTION('',(-0.274721127897376,0.961523947640824,0.));
#1649=DIRECTION('',(5.88763612390931E-17,1.68218174968836E-17,-1.));
#1650=CARTESIAN_POINT('',(-20.3984211077189,0.274721127897378,-11.25));
#1651=AXIS2_PLACEMENT_3D('',#1652,#1653,#1654);
#1652=CARTESIAN_POINT('',(-20.3984211077189,0.274721127897377,-10.));
#1653=DIRECTION('',(-0.274721127897376,0.961523947640824,0.));
#1654=DIRECTION('',(5.88763612390931E-17,1.68218174968836E-17,-1.));
#1655=CARTESIAN_POINT('',(-20.3984211077189,0.274721127897378,-7.25));
#1656=AXIS2_PLACEMENT_3D('',#1657,#1658,#1659);
#1657=CARTESIAN_POINT('',(-20.3984211077189,0.274721127897377,-6.));
#1658=DIRECTION('',(-0.274721127897376,0.961523947640824,0.));
#1659=DIRECTION('',(5.88763612390931E-17,1.68218174968836E-17,-1.));
#1660=CARTESIAN_POINT('',(-20.3984211077189,0.274721127897378,-3.25));
#1661=AXIS2_PLACEMENT_3D('',#1662,#1663,#1664);
#1662=CARTESIAN_POINT('',(-20.3984211077189,0.274721127897377,-2.));
#1663=DIRECTION('',(-0.274721127897376,0.961523947640824,0.));
#1664=DIRECTION('',(5.88763612390931E-17,1.68218174968836E-17,-1.));
#1665=CARTESIAN_POINT('',(-20.3984211077189,0.274721127897378,0.749999999999999));
#1666=AXIS2_PLACEMENT_3D('',#1667,#1668,#1669);
#1667=CARTESIAN_POINT('',(-20.3984211077189,0.274721127897376,2.));
#1668=DIRECTION('',(-0.274721127897376,0.961523947640824,0.));
#1669=DIRECTION('',(5.88763612390931E-17,1.68218174968836E-17,-1.));
#1670=CARTESIAN_POINT('',(-20.3984211077189,0.274721127897377,12.75));
#1671=AXIS2_PLACEMENT_3D('',#1672,#1673,#1674);
#1672=CARTESIAN_POINT('',(-20.3984211077189,0.274721127897375,14.));
#1673=DIRECTION('',(-0.274721127897376,0.961523947640824,0.));
#1674=DIRECTION('',(5.88763612390931E-17,1.68218174968836E-17,-1.));
#1675=CARTESIAN_POINT('',(-18.9561351862577,0.686802819743441,-21.5));
#1676=CARTESIAN_POINT('',(-19.4368971600781,0.549442255794753,-22.));
#1677=AXIS2_PLACEMENT_3D('',#1678,#1679,#1680);
#1678=CARTESIAN_POINT('',(-19.4368971600781,0.549442255794752,-21.5));
#1679=DIRECTION('',(-0.274721127897376,0.961523947640824,0.));
#1680=DIRECTION('',(0.961523947640824,0.274721127897376,0.));
#1681=CARTESIAN_POINT('',(-18.9561351862577,0.686802819743441,-20.5));
#1682=CARTESIAN_POINT('',(-18.9561351862577,0.68680281974344,-20.5));
#1683=VECTOR('',#1684,1.);
#1684=DIRECTION('',(0.,0.,-1.));
#1685=CARTESIAN_POINT('',(-19.4368971600781,0.549442255794753,-20.));
#1686=AXIS2_PLACEMENT_3D('',#1687,#1688,#1689);
#1687=CARTESIAN_POINT('',(-19.4368971600781,0.549442255794752,-20.5));
#1688=DIRECTION('',(-0.274721127897376,0.961523947640824,0.));
#1689=DIRECTION('',(0.,0.,1.));
#1690=CARTESIAN_POINT('',(-21.3599450553597,1.77635683940025E-15,-20.));
#1691=CARTESIAN_POINT('',(-21.3599450553597,1.33226762955019E-15,-20.));
#1692=VECTOR('',#1693,1.);
#1693=DIRECTION('',(0.961523947640824,0.274721127897376,0.));
#1694=CARTESIAN_POINT('',(-21.8407070291801,-0.137360563948686,-20.5));
#1695=AXIS2_PLACEMENT_3D('',#1696,#1697,#1698);
#1696=CARTESIAN_POINT('',(-21.3599450553597,1.33226762955019E-15,-20.5));
#1697=DIRECTION('',(-0.274721127897376,0.961523947640824,0.));
#1698=DIRECTION('',(-0.961523947640824,-0.274721127897376,0.));
#1699=CARTESIAN_POINT('',(-21.8407070291801,-0.137360563948686,-21.5));
#1700=CARTESIAN_POINT('',(-21.8407070291801,-0.137360563948687,-21.5));
#1701=VECTOR('',#1702,1.);
#1702=DIRECTION('',(0.,0.,1.));
#1703=CARTESIAN_POINT('',(-21.3599450553597,1.77635683940025E-15,-22.));
#1704=AXIS2_PLACEMENT_3D('',#1705,#1706,#1707);
#1705=CARTESIAN_POINT('',(-21.3599450553597,1.33226762955019E-15,-21.5));
#1706=DIRECTION('',(-0.274721127897376,0.961523947640824,0.));
#1707=DIRECTION('',(4.44349896144087E-18,1.26957113184024E-18,-1.));
#1708=CARTESIAN_POINT('',(-19.4368971600781,0.549442255794752,-22.));
#1709=VECTOR('',#1710,1.);
#1710=DIRECTION('',(-0.961523947640824,-0.274721127897376,0.));
#1711=CARTESIAN_POINT('',(-20.6044619536419,0.995864088627995,17.25));
#1712=AXIS2_PLACEMENT_3D('',#1713,#1714,#1715);
#1713=CARTESIAN_POINT('',(-20.6044619536419,0.995864088627995,18.));
#1714=DIRECTION('',(-0.274721127897376,0.961523947640824,3.08148791101958E-33));
#1715=DIRECTION('',(-8.46549834517426E-34,2.96292442081102E-33,-1.));
#1716=CARTESIAN_POINT('',(-20.6044619536419,0.995864088627995,20.25));
#1717=AXIS2_PLACEMENT_3D('',#1718,#1719,#1720);
#1718=CARTESIAN_POINT('',(-20.6044619536419,0.995864088627995,21.));
#1719=DIRECTION('',(-0.274721127897376,0.961523947640824,3.08148791101958E-33));
#1720=DIRECTION('',(-8.46549834517426E-34,2.96292442081102E-33,-1.));
#1721=CARTESIAN_POINT('',(-20.6044619536419,0.995864088627996,-17.25));
#1722=AXIS2_PLACEMENT_3D('',#1723,#1724,#1725);
#1723=CARTESIAN_POINT('',(-20.6044619536419,0.995864088627996,-16.));
#1724=DIRECTION('',(-0.274721127897376,0.961523947640824,6.16297582203915E-33));
#1725=DIRECTION('',(-1.69309966903485E-33,5.92584884162204E-33,-1.));
#1726=CARTESIAN_POINT('',(-20.6044619536419,0.995864088627995,6.75));
#1727=AXIS2_PLACEMENT_3D('',#1728,#1729,#1730);
#1728=CARTESIAN_POINT('',(-20.6044619536419,0.995864088627995,8.));
#1729=DIRECTION('',(-0.274721127897376,0.961523947640824,6.16297582203915E-33));
#1730=DIRECTION('',(-1.69309966903485E-33,5.92584884162204E-33,-1.));
#1731=CARTESIAN_POINT('',(-20.6044619536419,0.995864088627996,-11.25));
#1732=AXIS2_PLACEMENT_3D('',#1733,#1734,#1735);
#1733=CARTESIAN_POINT('',(-20.6044619536419,0.995864088627996,-10.));
#1734=DIRECTION('',(-0.274721127897376,0.961523947640824,6.16297582203915E-33));
#1735=DIRECTION('',(-1.69309966903485E-33,5.92584884162204E-33,-1.));
#1736=CARTESIAN_POINT('',(-20.6044619536419,0.995864088627996,-7.25));
#1737=AXIS2_PLACEMENT_3D('',#1738,#1739,#1740);
#1738=CARTESIAN_POINT('',(-20.6044619536419,0.995864088627996,-6.));
#1739=DIRECTION('',(-0.274721127897376,0.961523947640824,6.16297582203915E-33));
#1740=DIRECTION('',(-1.69309966903485E-33,5.92584884162204E-33,-1.));
#1741=CARTESIAN_POINT('',(-20.6044619536419,0.995864088627996,-3.25));
#1742=AXIS2_PLACEMENT_3D('',#1743,#1744,#1745);
#1743=CARTESIAN_POINT('',(-20.6044619536419,0.995864088627996,-2.));
#1744=DIRECTION('',(-0.274721127897376,0.961523947640824,6.16297582203915E-33));
#1745=DIRECTION('',(-1.69309966903485E-33,5.92584884162204E-33,-1.));
#1746=CARTESIAN_POINT('',(-20.6044619536419,0.995864088627996,0.749999999999999));
#1747=AXIS2_PLACEMENT_3D('',#1748,#1749,#1750);
#1748=CARTESIAN_POINT('',(-20.6044619536419,0.995864088627996,2.));
#1749=DIRECTION('',(-0.274721127897376,0.961523947640824,6.16297582203915E-33));
#1750=DIRECTION('',(-1.69309966903485E-33,5.92584884162204E-33,-1.));
#1751=CARTESIAN_POINT('',(-20.6044619536419,0.995864088627995,12.75));
#1752=AXIS2_PLACEMENT_3D('',#1753,#1754,#1755);
#1753=CARTESIAN_POINT('',(-20.6044619536419,0.995864088627995,14.));
#1754=DIRECTION('',(-0.274721127897376,0.961523947640824,6.16297582203915E-33));
#1755=DIRECTION('',(-1.69309966903485E-33,5.92584884162204E-33,-1.));
#1756=CARTESIAN_POINT('',(-19.1621760321807,1.40794578047406,-20.5));
#1757=CARTESIAN_POINT('',(-19.1621760321807,1.40794578047406,-21.5));
#1758=CARTESIAN_POINT('',(-19.1621760321807,1.40794578047406,-20.5));
#1759=VECTOR('',#1760,1.);
#1760=DIRECTION('',(0.,0.,-1.));
#1761=CARTESIAN_POINT('',(-18.9561351862577,0.686802819743441,-20.5));
#1762=VECTOR('',#1763,1.);
#1763=DIRECTION('',(-0.274721127897379,0.961523947640823,0.));
#1764=CARTESIAN_POINT('',(-18.9561351862577,0.686802819743441,-21.5));
#1765=VECTOR('',#1766,1.);
#1766=DIRECTION('',(-0.274721127897379,0.961523947640823,0.));
#1767=CARTESIAN_POINT('',(-19.6429380060011,1.27058521652537,-20.));
#1768=AXIS2_PLACEMENT_3D('',#1769,#1770,#1771);
#1769=CARTESIAN_POINT('',(-19.6429380060011,1.27058521652537,-20.5));
#1770=DIRECTION('',(-0.274721127897376,0.961523947640824,0.));
#1771=DIRECTION('',(0.,0.,1.));
#1772=CARTESIAN_POINT('',(-19.4368971600781,0.549442255794753,-20.));
#1773=VECTOR('',#1774,1.);
#1774=DIRECTION('',(-0.274721127897375,0.961523947640824,0.));
#1775=CARTESIAN_POINT('',(-21.5659859012828,0.721142960730619,-20.));
#1776=CARTESIAN_POINT('',(-21.5659859012828,0.72114296073062,-20.));
#1777=VECTOR('',#1778,1.);
#1778=DIRECTION('',(0.961523947640824,0.274721127897376,0.));
#1779=CARTESIAN_POINT('',(-21.3599450553597,1.76794593065181E-15,-20.));
#1780=VECTOR('',#1781,1.);
#1781=DIRECTION('',(-0.274721127897375,0.961523947640824,0.));
#1782=CARTESIAN_POINT('',(-22.0467478751032,0.583782396781933,-20.5));
#1783=AXIS2_PLACEMENT_3D('',#1784,#1785,#1786);
#1784=CARTESIAN_POINT('',(-21.5659859012828,0.72114296073062,-20.5));
#1785=DIRECTION('',(-0.274721127897376,0.961523947640824,0.));
#1786=DIRECTION('',(-0.961523947640824,-0.274721127897376,0.));
#1787=CARTESIAN_POINT('',(-21.8407070291801,-0.137360563948686,-20.5));
#1788=VECTOR('',#1789,1.);
#1789=DIRECTION('',(-0.274721127897379,0.961523947640823,0.));
#1790=CARTESIAN_POINT('',(-22.0467478751032,0.583782396781933,-21.5));
#1791=CARTESIAN_POINT('',(-22.0467478751032,0.583782396781933,-21.5));
#1792=VECTOR('',#1793,1.);
#1793=DIRECTION('',(0.,0.,1.));
#1794=CARTESIAN_POINT('',(-21.8407070291801,-0.137360563948686,-21.5));
#1795=VECTOR('',#1796,1.);
#1796=DIRECTION('',(-0.274721127897379,0.961523947640823,0.));
#1797=CARTESIAN_POINT('',(-21.5659859012828,0.72114296073062,-22.));
#1798=AXIS2_PLACEMENT_3D('',#1799,#1800,#1801);
#1799=CARTESIAN_POINT('',(-21.5659859012828,0.72114296073062,-21.5));
#1800=DIRECTION('',(-0.274721127897376,0.961523947640824,0.));
#1801=DIRECTION('',(0.,0.,-1.));
#1802=CARTESIAN_POINT('',(-21.3599450553597,1.77629059385189E-15,-22.));
#1803=VECTOR('',#1804,1.);
#1804=DIRECTION('',(-0.274721127897375,0.961523947640824,0.));
#1805=CARTESIAN_POINT('',(-19.6429380060011,1.27058521652537,-22.));
#1806=CARTESIAN_POINT('',(-19.6429380060011,1.27058521652537,-22.));
#1807=VECTOR('',#1808,1.);
#1808=DIRECTION('',(-0.961523947640824,-0.274721127897376,0.));
#1809=CARTESIAN_POINT('',(-19.4368971600781,0.549442255794753,-22.));
#1810=VECTOR('',#1811,1.);
#1811=DIRECTION('',(-0.274721127897375,0.961523947640824,0.));
#1812=AXIS2_PLACEMENT_3D('',#1813,#1814,#1815);
#1813=CARTESIAN_POINT('',(-19.6429380060011,1.27058521652537,-21.5));
#1814=DIRECTION('',(-0.274721127897376,0.961523947640824,0.));
#1815=DIRECTION('',(0.961523947640824,0.274721127897376,0.));
#1816=CARTESIAN_POINT('',(-17.9698901107195,-0.0714285714285701,-24.));
#1817=CARTESIAN_POINT('',(-17.9698901107195,0.448579277805748,-24.));
#1818=CARTESIAN_POINT('',(-17.9698901107195,-0.0714285714285701,-24.));
#1819=VECTOR('',#1820,1.);
#1820=DIRECTION('',(0.,1.,0.));
#1821=CARTESIAN_POINT('',(-22.2871288620134,-1.30492535751255,-24.));
#1822=CARTESIAN_POINT('',(-22.2871288620134,-1.30492535751255,-24.));
#1823=VECTOR('',#1824,1.);
#1824=DIRECTION('',(0.961523947640823,0.274721127897377,0.));
#1825=CARTESIAN_POINT('',(-22.4244894259621,-0.824163383692133,-24.));
#1826=CARTESIAN_POINT('',(-22.4244894259621,-0.824163383692133,-24.));
#1827=VECTOR('',#1828,1.);
#1828=DIRECTION('',(0.274721127897379,-0.961523947640823,0.));
#1829=CARTESIAN_POINT('',(-17.9698901107195,0.448579277805748,-24.));
#1830=VECTOR('',#1831,1.);
#1831=DIRECTION('',(-0.961523947640824,-0.274721127897376,0.));
#1832=CARTESIAN_POINT('',(-22.6648704128723,-0.892843665666478,23.75));
#1833=CARTESIAN_POINT('',(-22.5275098489236,-1.37360563948689,23.75));
#1834=CARTESIAN_POINT('',(-22.6648704128723,-0.892843665666478,23.75));
#1835=VECTOR('',#1836,1.);
#1836=DIRECTION('',(0.274721127897379,-0.961523947640823,0.));
#1837=CARTESIAN_POINT('',(-22.6648704128723,-0.892843665666478,-23.75));
#1838=CARTESIAN_POINT('',(-22.6648704128723,-0.892843665666478,-23.75));
#1839=VECTOR('',#1840,1.);
#1840=DIRECTION('',(0.,0.,1.));
#1841=CARTESIAN_POINT('',(-22.5275098489236,-1.37360563948689,-23.75));
#1842=CARTESIAN_POINT('',(-22.6648704128723,-0.892843665666478,-23.75));
#1843=VECTOR('',#1844,1.);
#1844=DIRECTION('',(0.274721127897379,-0.961523947640823,0.));
#1845=CARTESIAN_POINT('',(-22.5275098489236,-1.37360563948689,-23.75));
#1846=VECTOR('',#1847,1.);
#1847=DIRECTION('',(0.,0.,1.));
#1848=CARTESIAN_POINT('',(-17.9698901107195,-0.0714285714285701,24.));
#1849=CARTESIAN_POINT('',(-17.9698901107195,0.448579277805747,24.));
#1850=CARTESIAN_POINT('',(-17.9698901107195,-0.0714285714285701,24.));
#1851=VECTOR('',#1852,1.);
#1852=DIRECTION('',(0.,1.,0.));
#1853=CARTESIAN_POINT('',(-22.4244894259621,-0.824163383692133,24.));
#1854=CARTESIAN_POINT('',(-17.9698901107195,0.448579277805747,24.));
#1855=VECTOR('',#1856,1.);
#1856=DIRECTION('',(-0.961523947640824,-0.274721127897376,0.));
#1857=CARTESIAN_POINT('',(-22.2871288620134,-1.30492535751255,24.));
#1858=CARTESIAN_POINT('',(-22.4244894259621,-0.824163383692133,24.));
#1859=VECTOR('',#1860,1.);
#1860=DIRECTION('',(0.274721127897379,-0.961523947640823,0.));
#1861=CARTESIAN_POINT('',(-22.2871288620134,-1.30492535751255,24.));
#1862=VECTOR('',#1863,1.);
#1863=DIRECTION('',(0.961523947640823,0.274721127897377,0.));
#1864=CARTESIAN_POINT('',(-20.6731422356163,1.2362450755382,17.5));
#1865=AXIS2_PLACEMENT_3D('',#1866,#1867,#1868);
#1866=CARTESIAN_POINT('',(-20.6731422356163,1.2362450755382,18.));
#1867=DIRECTION('',(-0.274721127897376,0.961523947640824,0.));
#1868=DIRECTION('',(5.88763612390931E-17,1.68218174968836E-17,-1.));
#1869=CARTESIAN_POINT('',(-20.6731422356163,1.2362450755382,20.5));
#1870=AXIS2_PLACEMENT_3D('',#1871,#1872,#1873);
#1871=CARTESIAN_POINT('',(-20.6731422356163,1.2362450755382,21.));
#1872=DIRECTION('',(-0.274721127897376,0.961523947640824,0.));
#1873=DIRECTION('',(5.88763612390931E-17,1.68218174968836E-17,-1.));
#1874=CARTESIAN_POINT('',(-20.6731422356163,1.2362450755382,-17.));
#1875=AXIS2_PLACEMENT_3D('',#1876,#1877,#1878);
#1876=CARTESIAN_POINT('',(-20.6731422356163,1.2362450755382,-16.));
#1877=DIRECTION('',(-0.274721127897376,0.961523947640824,0.));
#1878=DIRECTION('',(-2.67393906378315E-15,-7.63982589652322E-16,-1.));
#1879=CARTESIAN_POINT('',(-20.6731422356163,1.2362450755382,7.));
#1880=AXIS2_PLACEMENT_3D('',#1881,#1882,#1883);
#1881=CARTESIAN_POINT('',(-20.6731422356163,1.2362450755382,8.));
#1882=DIRECTION('',(-0.274721127897376,0.961523947640824,0.));
#1883=DIRECTION('',(5.88763612390931E-17,1.68218174968836E-17,-1.));
#1884=CARTESIAN_POINT('',(-20.6731422356163,1.2362450755382,-11.));
#1885=AXIS2_PLACEMENT_3D('',#1886,#1887,#1888);
#1886=CARTESIAN_POINT('',(-20.6731422356163,1.2362450755382,-10.));
#1887=DIRECTION('',(-0.274721127897376,0.961523947640824,0.));
#1888=DIRECTION('',(-2.67393906378316E-15,-7.63982589652323E-16,-1.));
#1889=CARTESIAN_POINT('',(-20.6731422356163,1.2362450755382,-7.));
#1890=AXIS2_PLACEMENT_3D('',#1891,#1892,#1893);
#1891=CARTESIAN_POINT('',(-20.6731422356163,1.2362450755382,-6.));
#1892=DIRECTION('',(-0.274721127897376,0.961523947640824,0.));
#1893=DIRECTION('',(-2.67393906378316E-15,-7.63982589652323E-16,-1.));
#1894=CARTESIAN_POINT('',(-20.6731422356163,1.2362450755382,-3.));
#1895=AXIS2_PLACEMENT_3D('',#1896,#1897,#1898);
#1896=CARTESIAN_POINT('',(-20.6731422356163,1.2362450755382,-2.));
#1897=DIRECTION('',(-0.274721127897376,0.961523947640824,0.));
#1898=DIRECTION('',(-2.67393906378316E-15,-7.63982589652323E-16,-1.));
#1899=CARTESIAN_POINT('',(-20.6731422356163,1.2362450755382,0.999999999999999));
#1900=AXIS2_PLACEMENT_3D('',#1901,#1902,#1903);
#1901=CARTESIAN_POINT('',(-20.6731422356163,1.2362450755382,2.));
#1902=DIRECTION('',(-0.274721127897376,0.961523947640824,0.));
#1903=DIRECTION('',(-2.67393906378316E-15,-7.63982589652323E-16,-1.));
#1904=CARTESIAN_POINT('',(-20.6731422356163,1.2362450755382,13.));
#1905=AXIS2_PLACEMENT_3D('',#1906,#1907,#1908);
#1906=CARTESIAN_POINT('',(-20.6731422356163,1.2362450755382,14.));
#1907=DIRECTION('',(-0.274721127897376,0.961523947640824,0.));
#1908=DIRECTION('',(5.88763612390931E-17,1.68218174968836E-17,-1.));
#1909=CARTESIAN_POINT('',(-19.7116182879755,1.51096620343558,-21.75));
#1910=CARTESIAN_POINT('',(-21.6346661832571,0.961523947640826,-21.75));
#1911=CARTESIAN_POINT('',(-19.7116182879755,1.51096620343558,-21.75));
#1912=VECTOR('',#1913,1.);
#1913=DIRECTION('',(-0.961523947640824,-0.274721127897376,0.));
#1914=CARTESIAN_POINT('',(-21.8750471701673,0.892843665666482,-21.5));
#1915=AXIS2_PLACEMENT_3D('',#1916,#1917,#1918);
#1916=CARTESIAN_POINT('',(-21.6346661832571,0.961523947640827,-21.5));
#1917=DIRECTION('',(-0.274721127897376,0.961523947640824,-3.94430452610506E-31));
#1918=DIRECTION('',(-4.69226334935911E-16,-1.34064667124545E-16,-1.));
#1919=CARTESIAN_POINT('',(-21.8750471701673,0.892843665666482,-20.5));
#1920=CARTESIAN_POINT('',(-21.8750471701673,0.892843665666483,-21.5));
#1921=VECTOR('',#1922,1.);
#1922=DIRECTION('',(0.,0.,1.));
#1923=CARTESIAN_POINT('',(-21.6346661832571,0.961523947640826,-20.25));
#1924=AXIS2_PLACEMENT_3D('',#1925,#1926,#1927);
#1925=CARTESIAN_POINT('',(-21.6346661832571,0.961523947640827,-20.5));
#1926=DIRECTION('',(-0.274721127897376,0.961523947640824,0.));
#1927=DIRECTION('',(-0.961523947640824,-0.274721127897376,0.));
#1928=CARTESIAN_POINT('',(-19.7116182879755,1.51096620343558,-20.25));
#1929=CARTESIAN_POINT('',(-21.6346661832571,0.961523947640826,-20.25));
#1930=VECTOR('',#1931,1.);
#1931=DIRECTION('',(0.961523947640824,0.274721127897376,0.));
#1932=CARTESIAN_POINT('',(-19.4712373010652,1.57964648540992,-20.5));
#1933=AXIS2_PLACEMENT_3D('',#1934,#1935,#1936);
#1934=CARTESIAN_POINT('',(-19.7116182879755,1.51096620343558,-20.5));
#1935=DIRECTION('',(-0.274721127897376,0.961523947640824,0.));
#1936=DIRECTION('',(4.69226334935912E-16,1.34064667124545E-16,1.));
#1937=CARTESIAN_POINT('',(-19.4712373010653,1.57964648540992,-21.5));
#1938=CARTESIAN_POINT('',(-19.4712373010652,1.57964648540992,-20.5));
#1939=VECTOR('',#1940,1.);
#1940=DIRECTION('',(0.,0.,-1.));
#1941=AXIS2_PLACEMENT_3D('',#1942,#1943,#1944);
#1942=CARTESIAN_POINT('',(-19.7116182879755,1.51096620343558,-21.5));
#1943=DIRECTION('',(-0.274721127897376,0.961523947640824,0.));
#1944=DIRECTION('',(0.961523947640824,0.274721127897376,0.));
#1945=CARTESIAN_POINT('',(-17.7198901107195,1.00930687612026E-15,23.75));
#1946=CARTESIAN_POINT('',(-17.7198901107195,0.448579277805748,23.75));
#1947=CARTESIAN_POINT('',(-17.7198901107195,1.04211552871471E-15,23.75));
#1948=VECTOR('',#1949,1.);
#1949=DIRECTION('',(0.,1.,0.));
#1950=CARTESIAN_POINT('',(-17.7198901107195,1.00930687612026E-15,-23.75));
#1951=CARTESIAN_POINT('',(-17.7198901107195,1.09762667994596E-15,-23.75));
#1952=VECTOR('',#1953,1.);
#1953=DIRECTION('',(0.,0.,1.));
#1954=CARTESIAN_POINT('',(-17.7198901107195,0.448579277805748,-23.75));
#1955=CARTESIAN_POINT('',(-17.7198901107195,1.04211552871471E-15,-23.75));
#1956=VECTOR('',#1957,1.);
#1957=DIRECTION('',(0.,1.,0.));
#1958=CARTESIAN_POINT('',(-17.7198901102566,0.652955969098708,-23.6545399893145));
#1959=CARTESIAN_POINT('',(-17.7198901107195,0.448579277805748,-23.75));
#1960=CARTESIAN_POINT('',(-17.7198901107195,0.529756882781222,-23.75));
#1961=CARTESIAN_POINT('',(-17.7198901107195,0.602775223752552,-23.7158946841591));
#1962=CARTESIAN_POINT('',(-17.7198901107195,0.652955968652424,-23.6545399895545));
#1963=CARTESIAN_POINT('',(-17.7198901102566,0.652955969098709,23.6545399893145));
#1964=CARTESIAN_POINT('',(-17.7198901102566,0.652955969098709,-23.6545399891705));
#1965=VECTOR('',#1966,1.);
#1966=DIRECTION('',(0.,0.,1.));
#1967=CARTESIAN_POINT('',(-17.7198901107195,0.448579277805748,23.75));
#1968=CARTESIAN_POINT('',(-17.7198901107195,0.529756882781222,23.75));
#1969=CARTESIAN_POINT('',(-17.7198901107195,0.602775223752552,23.7158946841591));
#1970=CARTESIAN_POINT('',(-17.7198901107195,0.652955968652424,23.6545399895545));
#1971=CARTESIAN_POINT('',(-17.9698901107195,-0.0714285714285701,24.));
#1972=CARTESIAN_POINT('',(-17.8234435013127,-0.0295866830266485,24.));
#1973=CARTESIAN_POINT('',(-17.7198901107195,1.06858966120171E-15,23.8964466094067));
#1974=CARTESIAN_POINT('',(-17.7198901107195,1.06858966120171E-15,23.75));
#1975=AXIS2_PLACEMENT_3D('',#1976,#1977,#1978);
#1976=CARTESIAN_POINT('',(-22.2871288620134,-1.30492535751255,23.75));
#1977=DIRECTION('',(0.274721127897377,-0.961523947640823,0.));
#1978=DIRECTION('',(1.43114032155458E-14,4.08897234729879E-15,1.));
#1979=AXIS2_PLACEMENT_3D('',#1980,#1981,#1982);
#1980=CARTESIAN_POINT('',(-22.2871288620134,-1.30492535751255,-23.75));
#1981=DIRECTION('',(0.274721127897377,-0.961523947640823,0.));
#1982=DIRECTION('',(-0.961523947640823,-0.274721127897377,0.));
#1983=CARTESIAN_POINT('',(-17.9698901107195,-0.0714285714285701,-24.));
#1984=CARTESIAN_POINT('',(-17.8234435013127,-0.0295866830266485,-24.));
#1985=CARTESIAN_POINT('',(-17.7198901107195,1.06858966120171E-15,-23.8964466094067));
#1986=CARTESIAN_POINT('',(-17.7198901107195,1.06858966120171E-15,-23.75));
#1987=AXIS2_PLACEMENT_3D('',#1988,#1989,#1990);
#1988=CARTESIAN_POINT('',(-21.5659859012828,0.72114296073062,-21.75));
#1989=DIRECTION('',(0.961523947640824,0.274721127897376,0.));
#1990=DIRECTION('',(-1.68218174968836E-17,5.88763612390931E-17,-1.));
#1991=AXIS2_PLACEMENT_3D('',#1992,#1993,#1994);
#1992=CARTESIAN_POINT('',(-19.6429380060011,1.27058521652537,-21.75));
#1993=DIRECTION('',(0.961523947640824,0.274721127897376,1.73690601845164E-14));
#1994=DIRECTION('',(1.77732846524236E-14,1.01783712492044E-15,-1.));
#1995=AXIS2_PLACEMENT_3D('',#1996,#1997,#1998);
#1996=CARTESIAN_POINT('',(-21.806366888193,0.652462678756276,-21.5));
#1997=DIRECTION('',(1.33548274374297E-14,3.81566498212273E-15,-1.));
#1998=DIRECTION('',(-0.961523947640825,-0.274721127897374,-1.38892301852667E-14));
#1999=AXIS2_PLACEMENT_3D('',#2000,#2001,#2002);
#2000=CARTESIAN_POINT('',(-21.806366888193,0.652462678756276,-20.5));
#2001=DIRECTION('',(0.,0.,-1.));
#2002=DIRECTION('',(-0.961523947640827,-0.274721127897365,0.));
#2003=AXIS2_PLACEMENT_3D('',#2004,#2005,#2006);
#2004=CARTESIAN_POINT('',(-21.5659859012828,0.721142960730618,-20.25));
#2005=DIRECTION('',(-0.961523947640824,-0.274721127897376,-1.96625005198046E-14));
#2006=DIRECTION('',(-1.89227232036828E-14,-5.34305102821649E-15,1.));
#2007=AXIS2_PLACEMENT_3D('',#2008,#2009,#2010);
#2008=CARTESIAN_POINT('',(-19.6429380060011,1.27058521652537,-20.25));
#2009=DIRECTION('',(-0.961523947640824,-0.274721127897376,0.));
#2010=DIRECTION('',(-1.68218174968836E-17,5.88763612390931E-17,1.));
#2011=AXIS2_PLACEMENT_3D('',#2012,#2013,#2014);
#2012=CARTESIAN_POINT('',(-19.4025570190909,1.33926549849972,-20.5));
#2013=DIRECTION('',(-6.52278887487408E-15,-1.86365396424972E-15,1.));
#2014=DIRECTION('',(0.961523947640823,0.274721127897378,6.78380282766568E-15));
#2015=AXIS2_PLACEMENT_3D('',#2016,#2017,#2018);
#2016=CARTESIAN_POINT('',(-19.4025570190909,1.33926549849972,-21.5));
#2017=DIRECTION('',(0.,0.,1.));
#2018=DIRECTION('',(0.961523947640823,0.274721127897379,0.));
#2019=CARTESIAN_POINT('',(-18.0238764060349,0.841908004322753,-23.8090799783411));
#2020=CARTESIAN_POINT('',(-18.0444597902838,0.947281504307411,-23.5));
#2021=CARTESIAN_POINT('',(-18.0444597861019,0.947281505502241,-23.525064962335));
#2022=CARTESIAN_POINT('',(-18.0435543660451,0.943744834700595,-23.5730303472417));
#2023=CARTESIAN_POINT('',(-18.0398522505993,0.928572333565934,-23.6432329505018));
#2024=CARTESIAN_POINT('',(-18.0346405695463,0.905191391953056,-23.7069787384783));
#2025=CARTESIAN_POINT('',(-18.0289147385231,0.875424861494046,-23.7630166271108));
#2026=CARTESIAN_POINT('',(-18.0254161103954,0.853048271085537,-23.7949211898403));
#2027=CARTESIAN_POINT('',(-18.023876405655,0.841908005059364,-23.8090799775731));
#2028=CARTESIAN_POINT('',(-17.9698901107195,0.448579277805748,-24.));
#2029=CARTESIAN_POINT('',(-17.9913332516564,0.604807876060433,-24.));
#2030=CARTESIAN_POINT('',(-18.0106211153092,0.745333739816579,-23.9317893683183));
#2031=CARTESIAN_POINT('',(-18.0238764064148,0.841908003586143,-23.809079979109));
#2032=CARTESIAN_POINT('',(-22.3214690030006,-0.274721127897378,-23.5));
#2033=CARTESIAN_POINT('',(-22.3424719936006,-0.280721982354521,-23.5436868271307));
#2034=CARTESIAN_POINT('',(-22.3786581605137,-0.302167544433962,-23.6250591893579));
#2035=CARTESIAN_POINT('',(-22.4180837827949,-0.356835450245277,-23.7309107225669));
#2036=CARTESIAN_POINT('',(-22.4431185679261,-0.421459815244798,-23.8145627871691));
#2037=CARTESIAN_POINT('',(-22.4572747049539,-0.491745345657013,-23.8804034972109));
#2038=CARTESIAN_POINT('',(-22.4625329035838,-0.571261466037968,-23.9342048331584));
#2039=CARTESIAN_POINT('',(-22.458389509457,-0.656573828011684,-23.9731101182606));
#2040=CARTESIAN_POINT('',(-22.4453081633615,-0.742871688440259,-23.9953704469817));
#2041=CARTESIAN_POINT('',(-22.431918562955,-0.798161337140894,-24.));
#2042=CARTESIAN_POINT('',(-22.4244894259621,-0.824163383692134,-24.));
#2043=CARTESIAN_POINT('',(-22.3214690030006,-0.274721127897377,23.5));
#2044=CARTESIAN_POINT('',(-22.3634803456675,-0.286724368659345,23.5218462543247));
#2045=CARTESIAN_POINT('',(-22.4387974718375,-0.319353094290346,23.5625369995289));
#2046=CARTESIAN_POINT('',(-22.5291198240988,-0.388574098709553,23.6154701283047));
#2047=CARTESIAN_POINT('',(-22.5943775651256,-0.464707346892954,23.6573004718387));
#2048=CARTESIAN_POINT('',(-22.6401907075521,-0.544063152501512,23.6902260702287));
#2049=CARTESIAN_POINT('',(-22.6713141339074,-0.631015626165106,23.717132848432));
#2050=CARTESIAN_POINT('',(-22.6858532343679,-0.721700942238455,23.7365797723361));
#2051=CARTESIAN_POINT('',(-22.6834469065997,-0.811020885811094,23.7476915958717));
#2052=CARTESIAN_POINT('',(-22.6722867055047,-0.866886641453093,23.7499999816047));
#2053=CARTESIAN_POINT('',(-22.6648704128723,-0.892843665666478,23.75));
#2054=CARTESIAN_POINT('',(-22.3214690030006,-0.274721127897377,-23.5));
#2055=CARTESIAN_POINT('',(-22.3634803456671,-0.286724368659243,-23.5218462543222));
#2056=CARTESIAN_POINT('',(-22.4387974718339,-0.319353094288655,-23.5625369995279));
#2057=CARTESIAN_POINT('',(-22.5291198240942,-0.388574098705395,-23.6154701283017));
#2058=CARTESIAN_POINT('',(-22.5943775651205,-0.464707346885962,-23.6573004718353));
#2059=CARTESIAN_POINT('',(-22.6401907075468,-0.544063152490768,-23.6902260702247));
#2060=CARTESIAN_POINT('',(-22.6713141339023,-0.631015626147095,-23.7171328484271));
#2061=CARTESIAN_POINT('',(-22.6858532343662,-0.721700942215817,-23.7365797723321));
#2062=CARTESIAN_POINT('',(-22.6834469066023,-0.811020885794161,-23.7476915958706));
#2063=CARTESIAN_POINT('',(-22.6722867055068,-0.866886641445811,-23.7499999816047));
#2064=CARTESIAN_POINT('',(-22.6648704128723,-0.892843665666478,-23.75));
#2065=CARTESIAN_POINT('',(-18.0238764060349,0.841908004322753,23.8090799783411));
#2066=CARTESIAN_POINT('',(-17.9698901107195,0.448579277805746,24.));
#2067=CARTESIAN_POINT('',(-17.9913332516564,0.604807876060432,24.));
#2068=CARTESIAN_POINT('',(-18.0106211153092,0.745333739816577,23.9317893683183));
#2069=CARTESIAN_POINT('',(-18.0238764064148,0.841908003586142,23.809079979109));
#2070=CARTESIAN_POINT('',(-18.0444597902838,0.947281504307411,23.5));
#2071=CARTESIAN_POINT('',(-18.0444597861019,0.947281505502242,23.5250649623352));
#2072=CARTESIAN_POINT('',(-18.043554366045,0.943744834700522,23.5730303472424));
#2073=CARTESIAN_POINT('',(-18.0398522505992,0.928572333565603,23.643232950503));
#2074=CARTESIAN_POINT('',(-18.0346405695462,0.905191391952495,23.7069787384795));
#2075=CARTESIAN_POINT('',(-18.0289147385231,0.875424861493552,23.7630166271115));
#2076=CARTESIAN_POINT('',(-18.0254161103953,0.853048271085305,23.7949211898406));
#2077=CARTESIAN_POINT('',(-18.023876405655,0.841908005059364,23.8090799775731));
#2078=CARTESIAN_POINT('',(-22.3214690030006,-0.274721127897379,23.5));
#2079=CARTESIAN_POINT('',(-22.3424719935983,-0.280721982353883,23.5436868271312));
#2080=CARTESIAN_POINT('',(-22.3786581605138,-0.302167544433752,23.6250591893561));
#2081=CARTESIAN_POINT('',(-22.418083782794,-0.356835450243946,23.7309107225649));
#2082=CARTESIAN_POINT('',(-22.4431185679255,-0.421459815242833,23.8145627871668));
#2083=CARTESIAN_POINT('',(-22.4572747049536,-0.491745345654483,23.8804034972088));
#2084=CARTESIAN_POINT('',(-22.4625329035838,-0.571261466034747,23.9342048331565));
#2085=CARTESIAN_POINT('',(-22.4583895094573,-0.656573828008293,23.9731101182594));
#2086=CARTESIAN_POINT('',(-22.445308163362,-0.74287168843796,23.9953704469815));
#2087=CARTESIAN_POINT('',(-22.4319185629552,-0.798161337139957,24.));
#2088=CARTESIAN_POINT('',(-22.4244894259621,-0.824163383692133,24.));
#2089=CARTESIAN_POINT('',(-17.7316689068251,0.760845065249416,23.5));
#2090=CARTESIAN_POINT('',(-17.7316689068251,0.760845065249416,23.5));
#2091=CARTESIAN_POINT('',(-17.7316689032549,0.760845049093203,23.5150361210416));
#2092=CARTESIAN_POINT('',(-17.7305209032978,0.755842266635522,23.5429423988698));
#2093=CARTESIAN_POINT('',(-17.7266344453521,0.735972143242696,23.5813719665627));
#2094=CARTESIAN_POINT('',(-17.7227992571657,0.709456688613209,23.6123493471851));
#2095=CARTESIAN_POINT('',(-17.720411511712,0.680801475375084,23.6364235686731));
#2096=CARTESIAN_POINT('',(-17.7198901097937,0.661647407940464,23.6492037143051));
#2097=CARTESIAN_POINT('',(-17.7198901097937,0.652955969544993,23.6545399891705));
#2098=CARTESIAN_POINT('',(-17.7316689068251,0.760845065249417,-23.5));
#2099=CARTESIAN_POINT('',(-17.7316689068251,0.760845065249417,-23.5));
#2100=CARTESIAN_POINT('',(-17.731668903255,0.760845049093642,-23.5150357114697));
#2101=CARTESIAN_POINT('',(-17.7305209643825,0.755842523618799,-23.5429413367581));
#2102=CARTESIAN_POINT('',(-17.7266346281779,0.735973157644974,-23.5813704340896));
#2103=CARTESIAN_POINT('',(-17.7227994198098,0.709458111634718,-23.6123479775145));
#2104=CARTESIAN_POINT('',(-17.72041155599,0.680802525367381,-23.636422832843));
#2105=CARTESIAN_POINT('',(-17.7198901097937,0.661647848795849,-23.6492034436335));
#2106=CARTESIAN_POINT('',(-17.7198901097937,0.652955969544993,-23.6545399891705));
#2107=CARTESIAN_POINT('',(-17.7316689068251,0.760845065249417,-23.5));
#2108=VECTOR('',#2109,1.);
#2109=DIRECTION('',(0.,0.,1.));
#2110=AXIS2_PLACEMENT_3D('',#2111,#2112,#2113);
#2111=CARTESIAN_POINT('',(-22.4244894259621,-0.824163383692134,-23.75));
#2112=DIRECTION('',(0.274721127897379,-0.961523947640823,-9.86076131526265E-32));
#2113=DIRECTION('',(-0.961523947640823,-0.274721127897379,6.07683486596975E-17));
#2114=AXIS2_PLACEMENT_3D('',#2115,#2116,#2117);
#2115=CARTESIAN_POINT('',(-22.4244894259621,-0.824163383692133,23.75));
#2116=DIRECTION('',(-0.274721127897379,0.961523947640823,-9.86076131526265E-32));
#2117=DIRECTION('',(-0.961523947640823,-0.274721127897379,-6.07683486596975E-17));
#2118=AXIS2_PLACEMENT_3D('',#2119,#2120,#2121);
#2119=CARTESIAN_POINT('',(-17.9698901107195,0.448579277805748,23.75));
#2120=DIRECTION('',(0.,-1.,0.));
#2121=DIRECTION('',(1.,0.,6.12323399573677E-17));
#2122=AXIS2_PLACEMENT_3D('',#2123,#2124,#2125);
#2123=CARTESIAN_POINT('',(-17.9698901086501,0.652955969760154,23.6545399922705));
#2124=DIRECTION('',(5.60437310793419E-9,-0.633097581080746,0.774071994603673));
#2125=DIRECTION('',(1.,-4.43091715123046E-9,-1.08640747849987E-8));
#2126=AXIS2_PLACEMENT_3D('',#2127,#2128,#2129);
#2127=CARTESIAN_POINT('',(-17.9757795083094,0.706900517397205,23.5));
#2128=DIRECTION('',(0.,0.,-1.));
#2129=DIRECTION('',(-0.274721127897375,0.961523947640824,0.));
#2130=AXIS2_PLACEMENT_3D('',#2131,#2132,#2133);
#2131=CARTESIAN_POINT('',(-17.9757795083094,0.706900517397205,-23.5));
#2132=DIRECTION('',(0.,0.,-1.));
#2133=DIRECTION('',(-0.274721127897375,0.961523947640824,0.));
#2134=AXIS2_PLACEMENT_3D('',#2135,#2136,#2137);
#2135=CARTESIAN_POINT('',(-17.9698901086501,0.652955969760161,-23.6545399922705));
#2136=DIRECTION('',(5.60433895177882E-9,-0.633097581080769,-0.774071994603654));
#2137=DIRECTION('',(-0.215945192846052,0.755808141559939,-0.618159952470551));
#2138=AXIS2_PLACEMENT_3D('',#2139,#2140,#2141);
#2139=CARTESIAN_POINT('',(-17.9698901107195,0.448579277805748,-23.75));
#2140=DIRECTION('',(0.,1.,0.));
#2141=DIRECTION('',(1.,0.,-6.12323399573677E-17));
ENDSEC;
END-ISO-10303-21;
