ISO-10303-21;
HEADER;
FILE_DESCRIPTION(('STEP AP203'),
    '1');
FILE_NAME('решЄтка',
    '',
    ('UNSPECIFIED'),
    ('UNSPECIFIED'),
    'C3D Converter',
    'C3D Toolkit',
    '');
FILE_SCHEMA(('CONFIG_CONTROL_DESIGN'));
ENDSEC;

DATA;
#1=PRODUCT_DEFINITION('','UNSPECIFIED',#28,#31);
#2=SHAPE_DEFINITION_REPRESENTATION(#26,#3);
#3=SHAPE_REPRESENTATION('NONE',(#4),#8);
#4=AXIS2_PLACEMENT_3D('',#5,#6,#7);
#5=CARTESIAN_POINT('',(0.,0.,0.));
#6=DIRECTION('',(0.,0.,1.));
#7=DIRECTION('',(1.,0.,0.));
#8=(GEOMETRIC_REPRESENTATION_CONTEXT(3)GLOBAL_UNCERTAINTY_ASSIGNED_CONTEXT((#10))
GLOBAL_UNIT_ASSIGNED_CONTEXT((#9,#11,#12))REPRESENTATION_CONTEXT('NONE','NONE'));
#9=(LENGTH_UNIT()NAMED_UNIT(*)SI_UNIT(.MILLI.,.METRE.));
#10=UNCERTAINTY_MEASURE_WITH_UNIT(LENGTH_MEASURE(1.E-5),#9,'NONE','NONE');
#11=(NAMED_UNIT(*)PLANE_ANGLE_UNIT()SI_UNIT($,.RADIAN.));
#12=(NAMED_UNIT(*)SI_UNIT($,.STERADIAN.)SOLID_ANGLE_UNIT());
#13=MANIFOLD_SOLID_BREP('',#14);
#14=CLOSED_SHELL('',(#53,#54,#55,#56,#57,#58,#59,#60,#61,#62,#63,#64,#65,#66,#67,
#68,#69,#70,#71,#72,#73,#74,#75,#76,#77,#78,#79,#80,#81,#82,#83,#84,#85,#86,#87,
#88,#89,#90,#91,#92,#93,#94,#95,#96,#97,#98,#99,#100,#101,#102,#103,#104,#105,#114,
#123,#132,#141,#150,#159,#168,#177,#186,#195,#204,#213,#222,#231,#240,#249,#258,
#267,#276,#285,#294,#303,#312,#321,#330,#339,#348,#357,#366,#375,#384,#393,#402,
#411,#412,#413,#414,#415,#416,#417,#418,#419,#420,#421,#422,#423,#424,#425,#426,
#427,#428,#429,#430,#431,#432,#433,#434,#435,#436,#437,#438,#439,#440,#441,#442,
#443,#444,#445,#446,#447,#448,#449,#450,#451,#452,#453,#454,#455,#456,#457,#458,
#459,#460,#461,#462,#463,#464,#465,#466,#467,#468,#469,#470,#471,#472,#473,#474,
#475,#476,#477,#478,#479,#480,#481,#482,#483,#484,#485,#486,#487,#488,#489,#490,
#491,#492,#493,#494,#495,#496,#497,#498,#499,#500,#501,#502,#503,#504,#505,#506,
#507,#508,#509,#510,#511,#512,#513,#514,#515,#516,#517,#518,#519,#520,#521,#522,
#523,#524,#525,#526,#527,#528,#529,#530,#531,#532,#533,#534,#535,#536,#537,#538,
#539,#540,#541,#542,#543,#544,#545,#546,#547,#548,#549,#550,#551,#552,#553,#554,
#555,#556,#557,#558,#559,#560,#561,#562,#563,#564,#565,#566,#567,#568,#569,#570,
#571,#572,#573,#574,#575,#576,#577,#578,#579,#580,#581,#582,#583,#584,#585,#586,
#587,#588,#589,#590,#591,#592,#593,#594,#595,#596,#597,#598,#599,#600,#601,#602,
#603,#604,#605,#606,#607,#608,#609,#610,#611,#612,#613,#614,#615,#616,#617,#618,
#619,#620,#621,#622,#623,#624,#625,#626,#627,#628,#629,#630,#631,#632,#633,#634,
#635,#636,#637,#638,#639,#640,#641,#642,#643,#644,#645,#646,#647,#648,#649,#650,
#651,#652,#653,#654,#655,#656,#657,#658,#659,#660,#661,#662,#663,#664,#665,#666,
#667,#668,#669,#670,#671,#672,#673,#674,#675,#676,#677,#678,#679,#680,#681,#682,
#683,#684,#685,#686,#687,#688,#689,#690,#691,#692,#693,#694,#695,#696,#697,#698,
#699,#700,#701,#702,#703,#712,#721,#730,#739,#748,#757,#766,#775,#784,#793,#802,
#811,#812,#813,#814,#815,#816,#817,#818,#819,#820,#821,#822));
#15=COLOUR_RGB('',0.705882352941176,0.705882352941176,0.705882352941176);
#16=FILL_AREA_STYLE_COLOUR('',#15);
#17=FILL_AREA_STYLE($,(#16));
#18=SURFACE_STYLE_FILL_AREA(#17);
#19=SURFACE_SIDE_STYLE('',(#18));
#20=SURFACE_STYLE_USAGE(.BOTH.,#19);
#21=PRESENTATION_STYLE_ASSIGNMENT((#20));
#22=MECHANICAL_DESIGN_GEOMETRIC_PRESENTATION_REPRESENTATION('NONE',(#23,#113,#122,
#131,#140,#149,#158,#167,#176,#185,#194,#203,#212,#221,#230,#239,#248,#257,#266,
#275,#284,#293,#302,#311,#320,#329,#338,#347,#356,#365,#374,#383,#392,#401,#410,
#711,#720,#729,#738,#747,#756,#765,#774,#783,#792,#801,#810),#8);
#23=STYLED_ITEM('',(#21),#13);
#24=ADVANCED_BREP_SHAPE_REPRESENTATION('NONE',(#13),#8);
#25=SHAPE_REPRESENTATION_RELATIONSHIP('','',#3,#24);
#26=PRODUCT_DEFINITION_SHAPE('NONE','NONE',#1);
#27=MECHANICAL_CONTEXT('NONE',#32,'mechanical');
#28=PRODUCT_DEFINITION_FORMATION_WITH_SPECIFIED_SOURCE('ANY','UNSPECIFIED',#29,.NOT_KNOWN.);
#29=PRODUCT('','\X2\0414043504420430043B044C\X0\','NONE',(#27));
#30=PRODUCT_RELATED_PRODUCT_CATEGORY('detail','',(#29));
#31=DESIGN_CONTEXT('detailed design',#32,'design');
#32=APPLICATION_CONTEXT('configuration controlled 3d designs of mechanical parts and assemblies');
#33=APPLICATION_PROTOCOL_DEFINITION('international standard','config_control_design',
1994,#32);
#34=CC_DESIGN_DATE_AND_TIME_ASSIGNMENT(#35,#39,(#1));
#35=DATE_AND_TIME(#36,#37);
#36=CALENDAR_DATE(0,1,1);
#37=LOCAL_TIME(0,0,0.,#38);
#38=COORDINATED_UNIVERSAL_TIME_OFFSET(0,0,.AHEAD.);
#39=DATE_TIME_ROLE('creation_date');
#40=CC_DESIGN_APPROVAL(#41,(#1));
#41=APPROVAL(#42,'UNSPECIFIED');
#42=APPROVAL_STATUS('not_yet_approved');
#43=APPROVAL_DATE_TIME(#44,#41);
#44=DATE_AND_TIME(#45,#46);
#45=CALENDAR_DATE(0,1,1);
#46=LOCAL_TIME(0,0,0.,#47);
#47=COORDINATED_UNIVERSAL_TIME_OFFSET(0,0,.AHEAD.);
#48=PERSON('UNSPECIFIED','ќлег','UNSPECIFIED',('UNSPECIFIED'),('UNSPECIFIED'),('UNSPECIFIED'));
#49=ORGANIZATION('UNSPECIFIED','UNSPECIFIED','UNSPECIFIED');
#50=PERSON_AND_ORGANIZATION(#48,#49);
#51=PERSON_AND_ORGANIZATION_ROLE('creator');
#52=CC_DESIGN_PERSON_AND_ORGANIZATION_ASSIGNMENT(#50,#51,(#28,#1));
#53=ADVANCED_FACE('',(#823,#825,#827,#829,#831,#833,#835,#837,#839,#841,#843,#845,
#847,#849,#851,#853,#855,#857,#859,#861,#863,#865,#867,#869,#871,#873,#875,#877,
#879,#881,#883,#885,#887,#889,#891,#893,#895,#897,#899,#901,#903,#905,#907,#909,
#911,#913,#915,#917,#919,#921,#923,#925,#927,#929,#931,#933,#935,#937,#939,#941,
#943,#945,#947,#949,#951,#953,#955,#957,#959,#961,#963,#965,#967,#969,#971,#973,
#975,#977,#979,#981,#983,#985,#987,#989,#991,#993,#995,#997,#999,#1001,#1003,#1005,
#1007,#1009,#1011,#1013,#1015,#1017,#1019,#1021,#1023,#1025,#1027,#1029,#1031,#1033,
#1035,#1037,#1039,#1041,#1043,#1045,#1047,#1049,#1051,#1053,#1055,#1057,#1059,#1061,
#1063,#1065,#1067,#1069,#1071,#1073,#1075,#1077,#1079,#1081,#1083,#1085,#1087,#1089,
#1091,#1093,#1095,#1097,#1099,#1101,#1103,#1105,#1107,#1109,#1111,#1113,#1115,#1117,
#1119,#1121,#1123,#1125,#1127,#1129,#1131,#1133,#1135,#1137,#1139,#1141,#1143,#1145,
#1147,#1149,#1151,#1153,#1155,#1157,#1159,#1161,#1163,#1165,#1167,#1169,#1171,#1173,
#1175,#1177,#1179,#1181,#1183,#1185,#1187,#1189,#1191,#1193,#1195,#1197,#1199,#1201,
#1203,#1205,#1207,#1209,#1211,#1213,#1215,#1217,#1219,#1221,#1223,#1225,#1227,#1229,
#1231,#1233,#1235,#1237,#1239,#1241,#1243,#1245,#1247,#1249,#1251,#1253,#1255,#1257,
#1259,#1261,#1263,#1265,#1267,#1269,#1271,#1273,#1275,#1277,#1279,#1281,#1283,#1285,
#1287,#1289,#1291,#1293,#1295,#1297,#1299,#1301,#1303,#1305,#1307,#1309,#1311,#1313,
#1315,#1317,#1319,#1321,#1323,#1325,#1327,#1329,#1331,#1333,#1335,#1337,#1339,#1341,
#1343,#1345,#1347,#1349,#1351,#1353,#1355,#1357,#1359,#1361,#1363,#1365,#1367,#1369,
#1371,#1373,#1375,#1377,#1379,#1381,#1383,#1385,#1387,#1389,#1391,#1393,#1395,#1397,
#1399,#1401,#1403,#1405,#1407,#1409,#1411,#1413,#1415,#1417,#1419,#1421,#1423,#1425,
#1427,#1429,#1431,#1433,#1435,#1437,#1439,#1441,#1443,#1445,#1447,#1449,#1451,#1453,
#1455,#1457,#1459,#1461,#1463,#1465,#1467,#1469,#1471,#1473,#1475,#1477,#1479,#1481),
#1483,.T.);
#54=ADVANCED_FACE('',(#1488),#1490,.F.);
#55=ADVANCED_FACE('',(#1495),#1497,.F.);
#56=ADVANCED_FACE('',(#1502),#1504,.F.);
#57=ADVANCED_FACE('',(#1509),#1511,.F.);
#58=ADVANCED_FACE('',(#1516),#1518,.F.);
#59=ADVANCED_FACE('',(#1523),#1525,.F.);
#60=ADVANCED_FACE('',(#1530),#1532,.F.);
#61=ADVANCED_FACE('',(#1537),#1539,.F.);
#62=ADVANCED_FACE('',(#1544),#1546,.F.);
#63=ADVANCED_FACE('',(#1551),#1553,.F.);
#64=ADVANCED_FACE('',(#1558),#1560,.F.);
#65=ADVANCED_FACE('',(#1565),#1567,.F.);
#66=ADVANCED_FACE('',(#1572),#1574,.F.);
#67=ADVANCED_FACE('',(#1579),#1581,.F.);
#68=ADVANCED_FACE('',(#1586),#1588,.F.);
#69=ADVANCED_FACE('',(#1593),#1595,.F.);
#70=ADVANCED_FACE('',(#1600),#1602,.F.);
#71=ADVANCED_FACE('',(#1607),#1609,.F.);
#72=ADVANCED_FACE('',(#1614),#1616,.F.);
#73=ADVANCED_FACE('',(#1621),#1623,.F.);
#74=ADVANCED_FACE('',(#1628),#1630,.F.);
#75=ADVANCED_FACE('',(#1635),#1637,.F.);
#76=ADVANCED_FACE('',(#1642),#1644,.F.);
#77=ADVANCED_FACE('',(#1649),#1651,.F.);
#78=ADVANCED_FACE('',(#1656),#1658,.F.);
#79=ADVANCED_FACE('',(#1663),#1665,.F.);
#80=ADVANCED_FACE('',(#1670),#1672,.F.);
#81=ADVANCED_FACE('',(#1677),#1679,.F.);
#82=ADVANCED_FACE('',(#1684),#1686,.F.);
#83=ADVANCED_FACE('',(#1691),#1693,.F.);
#84=ADVANCED_FACE('',(#1698),#1700,.F.);
#85=ADVANCED_FACE('',(#1705),#1707,.F.);
#86=ADVANCED_FACE('',(#1712),#1714,.F.);
#87=ADVANCED_FACE('',(#1719),#1721,.F.);
#88=ADVANCED_FACE('',(#1726),#1728,.F.);
#89=ADVANCED_FACE('',(#1733),#1735,.F.);
#90=ADVANCED_FACE('',(#1740),#1742,.F.);
#91=ADVANCED_FACE('',(#1747),#1749,.F.);
#92=ADVANCED_FACE('',(#1754),#1756,.F.);
#93=ADVANCED_FACE('',(#1761),#1763,.F.);
#94=ADVANCED_FACE('',(#1768),#1770,.F.);
#95=ADVANCED_FACE('',(#1775),#1777,.F.);
#96=ADVANCED_FACE('',(#1782),#1784,.F.);
#97=ADVANCED_FACE('',(#1789),#1791,.F.);
#98=ADVANCED_FACE('',(#1796),#1798,.F.);
#99=ADVANCED_FACE('',(#1803,#1805),#1807,.T.);
#100=ADVANCED_FACE('',(#1812),#1814,.T.);
#101=ADVANCED_FACE('',(#1819),#1821,.T.);
#102=ADVANCED_FACE('',(#1826),#1828,.T.);
#103=ADVANCED_FACE('',(#1833),#1835,.T.);
#104=ADVANCED_FACE('',(#1840,#1842,#1844,#1846,#1848,#1850,#1852,#1854,#1856,#1858,
#1860,#1862,#1864,#1866,#1868,#1870,#1872,#1874,#1876,#1878,#1880,#1882,#1884,#1886,
#1888,#1890,#1892,#1894,#1896,#1898,#1900,#1902,#1904,#1906,#1908,#1910,#1912,#1914,
#1916,#1918,#1920,#1922,#1924,#1926,#1928,#1930,#1932,#1934,#1936,#1938,#1940,#1942,
#1944,#1946,#1948,#1950,#1952,#1954,#1956,#1958,#1960,#1962,#1964,#1966,#1968,#1970,
#1972,#1974,#1976,#1978,#1980,#1982,#1984,#1986,#1988,#1990,#1992,#1994,#1996,#1998,
#2000,#2002,#2004,#2006,#2008,#2010,#2012,#2014,#2016,#2018,#2020,#2022,#2024,#2026,
#2028,#2030,#2032,#2034,#2036,#2038,#2040,#2042,#2044,#2046,#2048,#2050,#2052,#2054,
#2056,#2058,#2060,#2062,#2064,#2066,#2068,#2070,#2072,#2074,#2076,#2078,#2080,#2082,
#2084,#2086,#2088,#2090,#2092,#2094,#2096,#2098,#2100,#2102,#2104,#2106,#2108,#2110,
#2112,#2114,#2116,#2118,#2120,#2122,#2124,#2126,#2128,#2130,#2132,#2134,#2136,#2138,
#2140,#2142,#2144,#2146,#2148,#2150,#2152,#2154,#2156,#2158,#2160,#2162,#2164,#2166,
#2168,#2170,#2172,#2174,#2176,#2178,#2180,#2182,#2184,#2186,#2188,#2190,#2192,#2194,
#2196,#2198,#2200,#2202,#2204,#2206,#2208,#2210,#2212,#2214,#2216,#2218,#2220,#2222,
#2224,#2226,#2228,#2230,#2232,#2234,#2236,#2238,#2240,#2242,#2244,#2246,#2248,#2250,
#2252,#2254,#2256,#2258,#2260,#2262,#2264,#2266,#2268,#2270,#2272,#2274,#2276,#2278,
#2280,#2282,#2284,#2286,#2288,#2290,#2292,#2294,#2296,#2298,#2300,#2302,#2304,#2306,
#2308,#2310,#2312,#2314,#2316,#2318,#2320,#2322,#2324,#2326,#2328,#2330,#2332,#2334,
#2336,#2338,#2340,#2342,#2344,#2346,#2348,#2350,#2352,#2354,#2356,#2358,#2360,#2362,
#2364,#2366,#2368,#2370,#2372,#2374,#2376,#2378,#2380,#2382,#2384,#2386,#2388,#2390,
#2392,#2394,#2396,#2398,#2400,#2402,#2404,#2406,#2408,#2410,#2412,#2414,#2416,#2418),
#2420,.T.);
#105=ADVANCED_FACE('',(#2425),#2427,.T.);
#106=COLOUR_RGB('',0.,0.,0.);
#107=FILL_AREA_STYLE_COLOUR('',#106);
#108=FILL_AREA_STYLE($,(#107));
#109=SURFACE_STYLE_FILL_AREA(#108);
#110=SURFACE_SIDE_STYLE('',(#109));
#111=SURFACE_STYLE_USAGE(.BOTH.,#110);
#112=PRESENTATION_STYLE_ASSIGNMENT((#111));
#113=STYLED_ITEM('',(#112),#105);
#114=ADVANCED_FACE('',(#2432),#2434,.T.);
#115=COLOUR_RGB('',0.,0.,0.);
#116=FILL_AREA_STYLE_COLOUR('',#115);
#117=FILL_AREA_STYLE($,(#116));
#118=SURFACE_STYLE_FILL_AREA(#117);
#119=SURFACE_SIDE_STYLE('',(#118));
#120=SURFACE_STYLE_USAGE(.BOTH.,#119);
#121=PRESENTATION_STYLE_ASSIGNMENT((#120));
#122=STYLED_ITEM('',(#121),#114);
#123=ADVANCED_FACE('',(#2439),#2441,.T.);
#124=COLOUR_RGB('',0.,0.,0.);
#125=FILL_AREA_STYLE_COLOUR('',#124);
#126=FILL_AREA_STYLE($,(#125));
#127=SURFACE_STYLE_FILL_AREA(#126);
#128=SURFACE_SIDE_STYLE('',(#127));
#129=SURFACE_STYLE_USAGE(.BOTH.,#128);
#130=PRESENTATION_STYLE_ASSIGNMENT((#129));
#131=STYLED_ITEM('',(#130),#123);
#132=ADVANCED_FACE('',(#2446),#2448,.T.);
#133=COLOUR_RGB('',0.,0.,0.);
#134=FILL_AREA_STYLE_COLOUR('',#133);
#135=FILL_AREA_STYLE($,(#134));
#136=SURFACE_STYLE_FILL_AREA(#135);
#137=SURFACE_SIDE_STYLE('',(#136));
#138=SURFACE_STYLE_USAGE(.BOTH.,#137);
#139=PRESENTATION_STYLE_ASSIGNMENT((#138));
#140=STYLED_ITEM('',(#139),#132);
#141=ADVANCED_FACE('',(#2453),#2455,.T.);
#142=COLOUR_RGB('',0.,0.,0.);
#143=FILL_AREA_STYLE_COLOUR('',#142);
#144=FILL_AREA_STYLE($,(#143));
#145=SURFACE_STYLE_FILL_AREA(#144);
#146=SURFACE_SIDE_STYLE('',(#145));
#147=SURFACE_STYLE_USAGE(.BOTH.,#146);
#148=PRESENTATION_STYLE_ASSIGNMENT((#147));
#149=STYLED_ITEM('',(#148),#141);
#150=ADVANCED_FACE('',(#2460),#2462,.T.);
#151=COLOUR_RGB('',0.,0.,0.);
#152=FILL_AREA_STYLE_COLOUR('',#151);
#153=FILL_AREA_STYLE($,(#152));
#154=SURFACE_STYLE_FILL_AREA(#153);
#155=SURFACE_SIDE_STYLE('',(#154));
#156=SURFACE_STYLE_USAGE(.BOTH.,#155);
#157=PRESENTATION_STYLE_ASSIGNMENT((#156));
#158=STYLED_ITEM('',(#157),#150);
#159=ADVANCED_FACE('',(#2467),#2469,.T.);
#160=COLOUR_RGB('',0.,0.,0.);
#161=FILL_AREA_STYLE_COLOUR('',#160);
#162=FILL_AREA_STYLE($,(#161));
#163=SURFACE_STYLE_FILL_AREA(#162);
#164=SURFACE_SIDE_STYLE('',(#163));
#165=SURFACE_STYLE_USAGE(.BOTH.,#164);
#166=PRESENTATION_STYLE_ASSIGNMENT((#165));
#167=STYLED_ITEM('',(#166),#159);
#168=ADVANCED_FACE('',(#2474),#2476,.T.);
#169=COLOUR_RGB('',0.,0.,0.);
#170=FILL_AREA_STYLE_COLOUR('',#169);
#171=FILL_AREA_STYLE($,(#170));
#172=SURFACE_STYLE_FILL_AREA(#171);
#173=SURFACE_SIDE_STYLE('',(#172));
#174=SURFACE_STYLE_USAGE(.BOTH.,#173);
#175=PRESENTATION_STYLE_ASSIGNMENT((#174));
#176=STYLED_ITEM('',(#175),#168);
#177=ADVANCED_FACE('',(#2481),#2483,.T.);
#178=COLOUR_RGB('',0.,0.,0.);
#179=FILL_AREA_STYLE_COLOUR('',#178);
#180=FILL_AREA_STYLE($,(#179));
#181=SURFACE_STYLE_FILL_AREA(#180);
#182=SURFACE_SIDE_STYLE('',(#181));
#183=SURFACE_STYLE_USAGE(.BOTH.,#182);
#184=PRESENTATION_STYLE_ASSIGNMENT((#183));
#185=STYLED_ITEM('',(#184),#177);
#186=ADVANCED_FACE('',(#2488),#2490,.T.);
#187=COLOUR_RGB('',0.,0.,0.);
#188=FILL_AREA_STYLE_COLOUR('',#187);
#189=FILL_AREA_STYLE($,(#188));
#190=SURFACE_STYLE_FILL_AREA(#189);
#191=SURFACE_SIDE_STYLE('',(#190));
#192=SURFACE_STYLE_USAGE(.BOTH.,#191);
#193=PRESENTATION_STYLE_ASSIGNMENT((#192));
#194=STYLED_ITEM('',(#193),#186);
#195=ADVANCED_FACE('',(#2495),#2497,.T.);
#196=COLOUR_RGB('',0.,0.,0.);
#197=FILL_AREA_STYLE_COLOUR('',#196);
#198=FILL_AREA_STYLE($,(#197));
#199=SURFACE_STYLE_FILL_AREA(#198);
#200=SURFACE_SIDE_STYLE('',(#199));
#201=SURFACE_STYLE_USAGE(.BOTH.,#200);
#202=PRESENTATION_STYLE_ASSIGNMENT((#201));
#203=STYLED_ITEM('',(#202),#195);
#204=ADVANCED_FACE('',(#2502),#2504,.T.);
#205=COLOUR_RGB('',0.,0.,0.);
#206=FILL_AREA_STYLE_COLOUR('',#205);
#207=FILL_AREA_STYLE($,(#206));
#208=SURFACE_STYLE_FILL_AREA(#207);
#209=SURFACE_SIDE_STYLE('',(#208));
#210=SURFACE_STYLE_USAGE(.BOTH.,#209);
#211=PRESENTATION_STYLE_ASSIGNMENT((#210));
#212=STYLED_ITEM('',(#211),#204);
#213=ADVANCED_FACE('',(#2509),#2511,.T.);
#214=COLOUR_RGB('',0.,0.,0.);
#215=FILL_AREA_STYLE_COLOUR('',#214);
#216=FILL_AREA_STYLE($,(#215));
#217=SURFACE_STYLE_FILL_AREA(#216);
#218=SURFACE_SIDE_STYLE('',(#217));
#219=SURFACE_STYLE_USAGE(.BOTH.,#218);
#220=PRESENTATION_STYLE_ASSIGNMENT((#219));
#221=STYLED_ITEM('',(#220),#213);
#222=ADVANCED_FACE('',(#2516),#2518,.T.);
#223=COLOUR_RGB('',0.,0.,0.);
#224=FILL_AREA_STYLE_COLOUR('',#223);
#225=FILL_AREA_STYLE($,(#224));
#226=SURFACE_STYLE_FILL_AREA(#225);
#227=SURFACE_SIDE_STYLE('',(#226));
#228=SURFACE_STYLE_USAGE(.BOTH.,#227);
#229=PRESENTATION_STYLE_ASSIGNMENT((#228));
#230=STYLED_ITEM('',(#229),#222);
#231=ADVANCED_FACE('',(#2523),#2525,.T.);
#232=COLOUR_RGB('',0.,0.,0.);
#233=FILL_AREA_STYLE_COLOUR('',#232);
#234=FILL_AREA_STYLE($,(#233));
#235=SURFACE_STYLE_FILL_AREA(#234);
#236=SURFACE_SIDE_STYLE('',(#235));
#237=SURFACE_STYLE_USAGE(.BOTH.,#236);
#238=PRESENTATION_STYLE_ASSIGNMENT((#237));
#239=STYLED_ITEM('',(#238),#231);
#240=ADVANCED_FACE('',(#2530),#2532,.T.);
#241=COLOUR_RGB('',0.,0.,0.);
#242=FILL_AREA_STYLE_COLOUR('',#241);
#243=FILL_AREA_STYLE($,(#242));
#244=SURFACE_STYLE_FILL_AREA(#243);
#245=SURFACE_SIDE_STYLE('',(#244));
#246=SURFACE_STYLE_USAGE(.BOTH.,#245);
#247=PRESENTATION_STYLE_ASSIGNMENT((#246));
#248=STYLED_ITEM('',(#247),#240);
#249=ADVANCED_FACE('',(#2537),#2539,.T.);
#250=COLOUR_RGB('',0.,0.,0.);
#251=FILL_AREA_STYLE_COLOUR('',#250);
#252=FILL_AREA_STYLE($,(#251));
#253=SURFACE_STYLE_FILL_AREA(#252);
#254=SURFACE_SIDE_STYLE('',(#253));
#255=SURFACE_STYLE_USAGE(.BOTH.,#254);
#256=PRESENTATION_STYLE_ASSIGNMENT((#255));
#257=STYLED_ITEM('',(#256),#249);
#258=ADVANCED_FACE('',(#2544),#2546,.T.);
#259=COLOUR_RGB('',0.,0.,0.);
#260=FILL_AREA_STYLE_COLOUR('',#259);
#261=FILL_AREA_STYLE($,(#260));
#262=SURFACE_STYLE_FILL_AREA(#261);
#263=SURFACE_SIDE_STYLE('',(#262));
#264=SURFACE_STYLE_USAGE(.BOTH.,#263);
#265=PRESENTATION_STYLE_ASSIGNMENT((#264));
#266=STYLED_ITEM('',(#265),#258);
#267=ADVANCED_FACE('',(#2551),#2553,.T.);
#268=COLOUR_RGB('',0.,0.,0.);
#269=FILL_AREA_STYLE_COLOUR('',#268);
#270=FILL_AREA_STYLE($,(#269));
#271=SURFACE_STYLE_FILL_AREA(#270);
#272=SURFACE_SIDE_STYLE('',(#271));
#273=SURFACE_STYLE_USAGE(.BOTH.,#272);
#274=PRESENTATION_STYLE_ASSIGNMENT((#273));
#275=STYLED_ITEM('',(#274),#267);
#276=ADVANCED_FACE('',(#2558),#2560,.T.);
#277=COLOUR_RGB('',0.,0.,0.);
#278=FILL_AREA_STYLE_COLOUR('',#277);
#279=FILL_AREA_STYLE($,(#278));
#280=SURFACE_STYLE_FILL_AREA(#279);
#281=SURFACE_SIDE_STYLE('',(#280));
#282=SURFACE_STYLE_USAGE(.BOTH.,#281);
#283=PRESENTATION_STYLE_ASSIGNMENT((#282));
#284=STYLED_ITEM('',(#283),#276);
#285=ADVANCED_FACE('',(#2565),#2567,.T.);
#286=COLOUR_RGB('',0.,0.,0.);
#287=FILL_AREA_STYLE_COLOUR('',#286);
#288=FILL_AREA_STYLE($,(#287));
#289=SURFACE_STYLE_FILL_AREA(#288);
#290=SURFACE_SIDE_STYLE('',(#289));
#291=SURFACE_STYLE_USAGE(.BOTH.,#290);
#292=PRESENTATION_STYLE_ASSIGNMENT((#291));
#293=STYLED_ITEM('',(#292),#285);
#294=ADVANCED_FACE('',(#2572),#2574,.T.);
#295=COLOUR_RGB('',0.,0.,0.);
#296=FILL_AREA_STYLE_COLOUR('',#295);
#297=FILL_AREA_STYLE($,(#296));
#298=SURFACE_STYLE_FILL_AREA(#297);
#299=SURFACE_SIDE_STYLE('',(#298));
#300=SURFACE_STYLE_USAGE(.BOTH.,#299);
#301=PRESENTATION_STYLE_ASSIGNMENT((#300));
#302=STYLED_ITEM('',(#301),#294);
#303=ADVANCED_FACE('',(#2579),#2581,.T.);
#304=COLOUR_RGB('',0.,0.,0.);
#305=FILL_AREA_STYLE_COLOUR('',#304);
#306=FILL_AREA_STYLE($,(#305));
#307=SURFACE_STYLE_FILL_AREA(#306);
#308=SURFACE_SIDE_STYLE('',(#307));
#309=SURFACE_STYLE_USAGE(.BOTH.,#308);
#310=PRESENTATION_STYLE_ASSIGNMENT((#309));
#311=STYLED_ITEM('',(#310),#303);
#312=ADVANCED_FACE('',(#2586),#2588,.T.);
#313=COLOUR_RGB('',0.,0.,0.);
#314=FILL_AREA_STYLE_COLOUR('',#313);
#315=FILL_AREA_STYLE($,(#314));
#316=SURFACE_STYLE_FILL_AREA(#315);
#317=SURFACE_SIDE_STYLE('',(#316));
#318=SURFACE_STYLE_USAGE(.BOTH.,#317);
#319=PRESENTATION_STYLE_ASSIGNMENT((#318));
#320=STYLED_ITEM('',(#319),#312);
#321=ADVANCED_FACE('',(#2592),#2594,.T.);
#322=COLOUR_RGB('',0.,0.,0.);
#323=FILL_AREA_STYLE_COLOUR('',#322);
#324=FILL_AREA_STYLE($,(#323));
#325=SURFACE_STYLE_FILL_AREA(#324);
#326=SURFACE_SIDE_STYLE('',(#325));
#327=SURFACE_STYLE_USAGE(.BOTH.,#326);
#328=PRESENTATION_STYLE_ASSIGNMENT((#327));
#329=STYLED_ITEM('',(#328),#321);
#330=ADVANCED_FACE('',(#2598),#2600,.T.);
#331=COLOUR_RGB('',0.,0.,0.);
#332=FILL_AREA_STYLE_COLOUR('',#331);
#333=FILL_AREA_STYLE($,(#332));
#334=SURFACE_STYLE_FILL_AREA(#333);
#335=SURFACE_SIDE_STYLE('',(#334));
#336=SURFACE_STYLE_USAGE(.BOTH.,#335);
#337=PRESENTATION_STYLE_ASSIGNMENT((#336));
#338=STYLED_ITEM('',(#337),#330);
#339=ADVANCED_FACE('',(#2604),#2606,.T.);
#340=COLOUR_RGB('',0.,0.,0.);
#341=FILL_AREA_STYLE_COLOUR('',#340);
#342=FILL_AREA_STYLE($,(#341));
#343=SURFACE_STYLE_FILL_AREA(#342);
#344=SURFACE_SIDE_STYLE('',(#343));
#345=SURFACE_STYLE_USAGE(.BOTH.,#344);
#346=PRESENTATION_STYLE_ASSIGNMENT((#345));
#347=STYLED_ITEM('',(#346),#339);
#348=ADVANCED_FACE('',(#2610),#2612,.T.);
#349=COLOUR_RGB('',0.,0.,0.);
#350=FILL_AREA_STYLE_COLOUR('',#349);
#351=FILL_AREA_STYLE($,(#350));
#352=SURFACE_STYLE_FILL_AREA(#351);
#353=SURFACE_SIDE_STYLE('',(#352));
#354=SURFACE_STYLE_USAGE(.BOTH.,#353);
#355=PRESENTATION_STYLE_ASSIGNMENT((#354));
#356=STYLED_ITEM('',(#355),#348);
#357=ADVANCED_FACE('',(#2616),#2618,.F.);
#358=COLOUR_RGB('',0.,0.,0.);
#359=FILL_AREA_STYLE_COLOUR('',#358);
#360=FILL_AREA_STYLE($,(#359));
#361=SURFACE_STYLE_FILL_AREA(#360);
#362=SURFACE_SIDE_STYLE('',(#361));
#363=SURFACE_STYLE_USAGE(.BOTH.,#362);
#364=PRESENTATION_STYLE_ASSIGNMENT((#363));
#365=STYLED_ITEM('',(#364),#357);
#366=ADVANCED_FACE('',(#2622),#2624,.F.);
#367=COLOUR_RGB('',0.,0.,0.);
#368=FILL_AREA_STYLE_COLOUR('',#367);
#369=FILL_AREA_STYLE($,(#368));
#370=SURFACE_STYLE_FILL_AREA(#369);
#371=SURFACE_SIDE_STYLE('',(#370));
#372=SURFACE_STYLE_USAGE(.BOTH.,#371);
#373=PRESENTATION_STYLE_ASSIGNMENT((#372));
#374=STYLED_ITEM('',(#373),#366);
#375=ADVANCED_FACE('',(#2628),#2630,.F.);
#376=COLOUR_RGB('',0.,0.,0.);
#377=FILL_AREA_STYLE_COLOUR('',#376);
#378=FILL_AREA_STYLE($,(#377));
#379=SURFACE_STYLE_FILL_AREA(#378);
#380=SURFACE_SIDE_STYLE('',(#379));
#381=SURFACE_STYLE_USAGE(.BOTH.,#380);
#382=PRESENTATION_STYLE_ASSIGNMENT((#381));
#383=STYLED_ITEM('',(#382),#375);
#384=ADVANCED_FACE('',(#2634),#2636,.F.);
#385=COLOUR_RGB('',0.,0.,0.);
#386=FILL_AREA_STYLE_COLOUR('',#385);
#387=FILL_AREA_STYLE($,(#386));
#388=SURFACE_STYLE_FILL_AREA(#387);
#389=SURFACE_SIDE_STYLE('',(#388));
#390=SURFACE_STYLE_USAGE(.BOTH.,#389);
#391=PRESENTATION_STYLE_ASSIGNMENT((#390));
#392=STYLED_ITEM('',(#391),#384);
#393=ADVANCED_FACE('',(#2641),#2643,.F.);
#394=COLOUR_RGB('',0.,0.,0.);
#395=FILL_AREA_STYLE_COLOUR('',#394);
#396=FILL_AREA_STYLE($,(#395));
#397=SURFACE_STYLE_FILL_AREA(#396);
#398=SURFACE_SIDE_STYLE('',(#397));
#399=SURFACE_STYLE_USAGE(.BOTH.,#398);
#400=PRESENTATION_STYLE_ASSIGNMENT((#399));
#401=STYLED_ITEM('',(#400),#393);
#402=ADVANCED_FACE('',(#2648),#2650,.F.);
#403=COLOUR_RGB('',0.,0.,0.);
#404=FILL_AREA_STYLE_COLOUR('',#403);
#405=FILL_AREA_STYLE($,(#404));
#406=SURFACE_STYLE_FILL_AREA(#405);
#407=SURFACE_SIDE_STYLE('',(#406));
#408=SURFACE_STYLE_USAGE(.BOTH.,#407);
#409=PRESENTATION_STYLE_ASSIGNMENT((#408));
#410=STYLED_ITEM('',(#409),#402);
#411=ADVANCED_FACE('',(#2655),#2657,.F.);
#412=ADVANCED_FACE('',(#2662),#2664,.T.);
#413=ADVANCED_FACE('',(#2669),#2671,.T.);
#414=ADVANCED_FACE('',(#2676),#2678,.T.);
#415=ADVANCED_FACE('',(#2683,#2685),#2687,.F.);
#416=ADVANCED_FACE('',(#2692,#2694),#2696,.F.);
#417=ADVANCED_FACE('',(#2701,#2703),#2705,.F.);
#418=ADVANCED_FACE('',(#2710,#2712),#2714,.F.);
#419=ADVANCED_FACE('',(#2719,#2721),#2723,.F.);
#420=ADVANCED_FACE('',(#2728,#2730),#2732,.F.);
#421=ADVANCED_FACE('',(#2737,#2739),#2741,.F.);
#422=ADVANCED_FACE('',(#2746,#2748),#2750,.F.);
#423=ADVANCED_FACE('',(#2755,#2757),#2759,.F.);
#424=ADVANCED_FACE('',(#2764,#2766),#2768,.F.);
#425=ADVANCED_FACE('',(#2773,#2775),#2777,.F.);
#426=ADVANCED_FACE('',(#2782,#2784),#2786,.F.);
#427=ADVANCED_FACE('',(#2791,#2793),#2795,.F.);
#428=ADVANCED_FACE('',(#2800,#2802),#2804,.F.);
#429=ADVANCED_FACE('',(#2809,#2811),#2813,.F.);
#430=ADVANCED_FACE('',(#2818,#2820),#2822,.F.);
#431=ADVANCED_FACE('',(#2827,#2829),#2831,.F.);
#432=ADVANCED_FACE('',(#2836,#2838),#2840,.F.);
#433=ADVANCED_FACE('',(#2845,#2847),#2849,.F.);
#434=ADVANCED_FACE('',(#2854,#2856),#2858,.F.);
#435=ADVANCED_FACE('',(#2863,#2865),#2867,.F.);
#436=ADVANCED_FACE('',(#2872,#2874),#2876,.F.);
#437=ADVANCED_FACE('',(#2881,#2883),#2885,.F.);
#438=ADVANCED_FACE('',(#2890,#2892),#2894,.F.);
#439=ADVANCED_FACE('',(#2899,#2901),#2903,.F.);
#440=ADVANCED_FACE('',(#2908,#2910),#2912,.F.);
#441=ADVANCED_FACE('',(#2917,#2919),#2921,.F.);
#442=ADVANCED_FACE('',(#2926,#2928),#2930,.F.);
#443=ADVANCED_FACE('',(#2935,#2937),#2939,.F.);
#444=ADVANCED_FACE('',(#2944,#2946),#2948,.F.);
#445=ADVANCED_FACE('',(#2953,#2955),#2957,.F.);
#446=ADVANCED_FACE('',(#2962,#2964),#2966,.F.);
#447=ADVANCED_FACE('',(#2971,#2973),#2975,.F.);
#448=ADVANCED_FACE('',(#2980,#2982),#2984,.F.);
#449=ADVANCED_FACE('',(#2989,#2991),#2993,.F.);
#450=ADVANCED_FACE('',(#2998,#3000),#3002,.F.);
#451=ADVANCED_FACE('',(#3007,#3009),#3011,.F.);
#452=ADVANCED_FACE('',(#3016,#3018),#3020,.F.);
#453=ADVANCED_FACE('',(#3025,#3027),#3029,.F.);
#454=ADVANCED_FACE('',(#3034,#3036),#3038,.F.);
#455=ADVANCED_FACE('',(#3043,#3045),#3047,.F.);
#456=ADVANCED_FACE('',(#3052,#3054),#3056,.F.);
#457=ADVANCED_FACE('',(#3061,#3063),#3065,.F.);
#458=ADVANCED_FACE('',(#3070,#3072),#3074,.F.);
#459=ADVANCED_FACE('',(#3079,#3081),#3083,.F.);
#460=ADVANCED_FACE('',(#3088,#3090),#3092,.F.);
#461=ADVANCED_FACE('',(#3097,#3099),#3101,.F.);
#462=ADVANCED_FACE('',(#3106,#3108),#3110,.F.);
#463=ADVANCED_FACE('',(#3115,#3117),#3119,.F.);
#464=ADVANCED_FACE('',(#3124,#3126),#3128,.F.);
#465=ADVANCED_FACE('',(#3133,#3135),#3137,.F.);
#466=ADVANCED_FACE('',(#3142,#3144),#3146,.F.);
#467=ADVANCED_FACE('',(#3151,#3153),#3155,.F.);
#468=ADVANCED_FACE('',(#3160,#3162),#3164,.F.);
#469=ADVANCED_FACE('',(#3169,#3171),#3173,.F.);
#470=ADVANCED_FACE('',(#3178,#3180),#3182,.F.);
#471=ADVANCED_FACE('',(#3187,#3189),#3191,.F.);
#472=ADVANCED_FACE('',(#3196,#3198),#3200,.F.);
#473=ADVANCED_FACE('',(#3205,#3207),#3209,.F.);
#474=ADVANCED_FACE('',(#3214,#3216),#3218,.F.);
#475=ADVANCED_FACE('',(#3223,#3225),#3227,.F.);
#476=ADVANCED_FACE('',(#3232,#3234),#3236,.F.);
#477=ADVANCED_FACE('',(#3241,#3243),#3245,.F.);
#478=ADVANCED_FACE('',(#3250,#3252),#3254,.F.);
#479=ADVANCED_FACE('',(#3259,#3261),#3263,.F.);
#480=ADVANCED_FACE('',(#3268,#3270),#3272,.F.);
#481=ADVANCED_FACE('',(#3277,#3279),#3281,.F.);
#482=ADVANCED_FACE('',(#3286,#3288),#3290,.F.);
#483=ADVANCED_FACE('',(#3295,#3297),#3299,.F.);
#484=ADVANCED_FACE('',(#3304,#3306),#3308,.F.);
#485=ADVANCED_FACE('',(#3313,#3315),#3317,.F.);
#486=ADVANCED_FACE('',(#3322,#3324),#3326,.F.);
#487=ADVANCED_FACE('',(#3331,#3333),#3335,.F.);
#488=ADVANCED_FACE('',(#3340,#3342),#3344,.F.);
#489=ADVANCED_FACE('',(#3349,#3351),#3353,.F.);
#490=ADVANCED_FACE('',(#3358,#3360),#3362,.F.);
#491=ADVANCED_FACE('',(#3367,#3369),#3371,.F.);
#492=ADVANCED_FACE('',(#3376,#3378),#3380,.F.);
#493=ADVANCED_FACE('',(#3385,#3387),#3389,.F.);
#494=ADVANCED_FACE('',(#3394,#3396),#3398,.F.);
#495=ADVANCED_FACE('',(#3403,#3405),#3407,.F.);
#496=ADVANCED_FACE('',(#3412,#3414),#3416,.F.);
#497=ADVANCED_FACE('',(#3421,#3423),#3425,.F.);
#498=ADVANCED_FACE('',(#3430,#3432),#3434,.F.);
#499=ADVANCED_FACE('',(#3439,#3441),#3443,.F.);
#500=ADVANCED_FACE('',(#3448,#3450),#3452,.F.);
#501=ADVANCED_FACE('',(#3457,#3459),#3461,.F.);
#502=ADVANCED_FACE('',(#3466,#3468),#3470,.F.);
#503=ADVANCED_FACE('',(#3475,#3477),#3479,.F.);
#504=ADVANCED_FACE('',(#3484,#3486),#3488,.F.);
#505=ADVANCED_FACE('',(#3493,#3495),#3497,.F.);
#506=ADVANCED_FACE('',(#3502,#3504),#3506,.F.);
#507=ADVANCED_FACE('',(#3511,#3513),#3515,.F.);
#508=ADVANCED_FACE('',(#3520,#3522),#3524,.F.);
#509=ADVANCED_FACE('',(#3529,#3531),#3533,.F.);
#510=ADVANCED_FACE('',(#3538,#3540),#3542,.F.);
#511=ADVANCED_FACE('',(#3547,#3549),#3551,.F.);
#512=ADVANCED_FACE('',(#3556,#3558),#3560,.F.);
#513=ADVANCED_FACE('',(#3565,#3567),#3569,.F.);
#514=ADVANCED_FACE('',(#3574,#3576),#3578,.F.);
#515=ADVANCED_FACE('',(#3583,#3585),#3587,.F.);
#516=ADVANCED_FACE('',(#3592,#3594),#3596,.F.);
#517=ADVANCED_FACE('',(#3601,#3603),#3605,.F.);
#518=ADVANCED_FACE('',(#3610,#3612),#3614,.F.);
#519=ADVANCED_FACE('',(#3619,#3621),#3623,.F.);
#520=ADVANCED_FACE('',(#3628,#3630),#3632,.F.);
#521=ADVANCED_FACE('',(#3637,#3639),#3641,.F.);
#522=ADVANCED_FACE('',(#3646,#3648),#3650,.F.);
#523=ADVANCED_FACE('',(#3655,#3657),#3659,.F.);
#524=ADVANCED_FACE('',(#3664,#3666),#3668,.F.);
#525=ADVANCED_FACE('',(#3673,#3675),#3677,.F.);
#526=ADVANCED_FACE('',(#3682,#3684),#3686,.F.);
#527=ADVANCED_FACE('',(#3691,#3693),#3695,.F.);
#528=ADVANCED_FACE('',(#3700,#3702),#3704,.F.);
#529=ADVANCED_FACE('',(#3709,#3711),#3713,.F.);
#530=ADVANCED_FACE('',(#3718,#3720),#3722,.F.);
#531=ADVANCED_FACE('',(#3727,#3729),#3731,.F.);
#532=ADVANCED_FACE('',(#3736,#3738),#3740,.F.);
#533=ADVANCED_FACE('',(#3745,#3747),#3749,.F.);
#534=ADVANCED_FACE('',(#3754,#3756),#3758,.F.);
#535=ADVANCED_FACE('',(#3763,#3765),#3767,.F.);
#536=ADVANCED_FACE('',(#3772,#3774),#3776,.F.);
#537=ADVANCED_FACE('',(#3781,#3783),#3785,.F.);
#538=ADVANCED_FACE('',(#3790,#3792),#3794,.F.);
#539=ADVANCED_FACE('',(#3799,#3801),#3803,.F.);
#540=ADVANCED_FACE('',(#3808,#3810),#3812,.F.);
#541=ADVANCED_FACE('',(#3817,#3819),#3821,.F.);
#542=ADVANCED_FACE('',(#3826,#3828),#3830,.F.);
#543=ADVANCED_FACE('',(#3835,#3837),#3839,.F.);
#544=ADVANCED_FACE('',(#3844,#3846),#3848,.F.);
#545=ADVANCED_FACE('',(#3853,#3855),#3857,.F.);
#546=ADVANCED_FACE('',(#3862,#3864),#3866,.F.);
#547=ADVANCED_FACE('',(#3871,#3873),#3875,.F.);
#548=ADVANCED_FACE('',(#3880,#3882),#3884,.F.);
#549=ADVANCED_FACE('',(#3889,#3891),#3893,.F.);
#550=ADVANCED_FACE('',(#3898,#3900),#3902,.F.);
#551=ADVANCED_FACE('',(#3907,#3909),#3911,.F.);
#552=ADVANCED_FACE('',(#3916,#3918),#3920,.F.);
#553=ADVANCED_FACE('',(#3925,#3927),#3929,.F.);
#554=ADVANCED_FACE('',(#3934,#3936),#3938,.F.);
#555=ADVANCED_FACE('',(#3943,#3945),#3947,.F.);
#556=ADVANCED_FACE('',(#3952,#3954),#3956,.F.);
#557=ADVANCED_FACE('',(#3961,#3963),#3965,.F.);
#558=ADVANCED_FACE('',(#3970,#3972),#3974,.F.);
#559=ADVANCED_FACE('',(#3979,#3981),#3983,.F.);
#560=ADVANCED_FACE('',(#3988,#3990),#3992,.F.);
#561=ADVANCED_FACE('',(#3997,#3999),#4001,.F.);
#562=ADVANCED_FACE('',(#4006,#4008),#4010,.F.);
#563=ADVANCED_FACE('',(#4015,#4017),#4019,.F.);
#564=ADVANCED_FACE('',(#4024,#4026),#4028,.F.);
#565=ADVANCED_FACE('',(#4033,#4035),#4037,.F.);
#566=ADVANCED_FACE('',(#4042,#4044),#4046,.F.);
#567=ADVANCED_FACE('',(#4051,#4053),#4055,.F.);
#568=ADVANCED_FACE('',(#4060,#4062),#4064,.F.);
#569=ADVANCED_FACE('',(#4069,#4071),#4073,.F.);
#570=ADVANCED_FACE('',(#4078,#4080),#4082,.F.);
#571=ADVANCED_FACE('',(#4087,#4089),#4091,.F.);
#572=ADVANCED_FACE('',(#4096,#4098),#4100,.F.);
#573=ADVANCED_FACE('',(#4105,#4107),#4109,.F.);
#574=ADVANCED_FACE('',(#4114,#4116),#4118,.F.);
#575=ADVANCED_FACE('',(#4123,#4125),#4127,.F.);
#576=ADVANCED_FACE('',(#4132,#4134),#4136,.F.);
#577=ADVANCED_FACE('',(#4141,#4143),#4145,.F.);
#578=ADVANCED_FACE('',(#4150,#4152),#4154,.F.);
#579=ADVANCED_FACE('',(#4159,#4161),#4163,.F.);
#580=ADVANCED_FACE('',(#4168,#4170),#4172,.F.);
#581=ADVANCED_FACE('',(#4177,#4179),#4181,.F.);
#582=ADVANCED_FACE('',(#4186,#4188),#4190,.F.);
#583=ADVANCED_FACE('',(#4195,#4197),#4199,.F.);
#584=ADVANCED_FACE('',(#4204,#4206),#4208,.F.);
#585=ADVANCED_FACE('',(#4213,#4215),#4217,.F.);
#586=ADVANCED_FACE('',(#4222,#4224),#4226,.F.);
#587=ADVANCED_FACE('',(#4231,#4233),#4235,.F.);
#588=ADVANCED_FACE('',(#4240,#4242),#4244,.F.);
#589=ADVANCED_FACE('',(#4249,#4251),#4253,.F.);
#590=ADVANCED_FACE('',(#4258,#4260),#4262,.F.);
#591=ADVANCED_FACE('',(#4267,#4269),#4271,.F.);
#592=ADVANCED_FACE('',(#4276,#4278),#4280,.F.);
#593=ADVANCED_FACE('',(#4285,#4287),#4289,.F.);
#594=ADVANCED_FACE('',(#4294,#4296),#4298,.F.);
#595=ADVANCED_FACE('',(#4303,#4305),#4307,.F.);
#596=ADVANCED_FACE('',(#4312,#4314),#4316,.F.);
#597=ADVANCED_FACE('',(#4321,#4323),#4325,.F.);
#598=ADVANCED_FACE('',(#4330,#4332),#4334,.F.);
#599=ADVANCED_FACE('',(#4339,#4341),#4343,.F.);
#600=ADVANCED_FACE('',(#4348,#4350),#4352,.F.);
#601=ADVANCED_FACE('',(#4357,#4359),#4361,.F.);
#602=ADVANCED_FACE('',(#4366,#4368),#4370,.F.);
#603=ADVANCED_FACE('',(#4375,#4377),#4379,.F.);
#604=ADVANCED_FACE('',(#4384,#4386),#4388,.F.);
#605=ADVANCED_FACE('',(#4393,#4395),#4397,.F.);
#606=ADVANCED_FACE('',(#4402,#4404),#4406,.F.);
#607=ADVANCED_FACE('',(#4411,#4413),#4415,.F.);
#608=ADVANCED_FACE('',(#4420,#4422),#4424,.F.);
#609=ADVANCED_FACE('',(#4429,#4431),#4433,.F.);
#610=ADVANCED_FACE('',(#4438,#4440),#4442,.F.);
#611=ADVANCED_FACE('',(#4447,#4449),#4451,.F.);
#612=ADVANCED_FACE('',(#4456,#4458),#4460,.F.);
#613=ADVANCED_FACE('',(#4465,#4467),#4469,.F.);
#614=ADVANCED_FACE('',(#4474,#4476),#4478,.F.);
#615=ADVANCED_FACE('',(#4483,#4485),#4487,.F.);
#616=ADVANCED_FACE('',(#4492,#4494),#4496,.F.);
#617=ADVANCED_FACE('',(#4501,#4503),#4505,.F.);
#618=ADVANCED_FACE('',(#4510,#4512),#4514,.F.);
#619=ADVANCED_FACE('',(#4519,#4521),#4523,.F.);
#620=ADVANCED_FACE('',(#4528,#4530),#4532,.F.);
#621=ADVANCED_FACE('',(#4537,#4539),#4541,.F.);
#622=ADVANCED_FACE('',(#4546,#4548),#4550,.F.);
#623=ADVANCED_FACE('',(#4555,#4557),#4559,.F.);
#624=ADVANCED_FACE('',(#4564,#4566),#4568,.F.);
#625=ADVANCED_FACE('',(#4573,#4575),#4577,.F.);
#626=ADVANCED_FACE('',(#4582,#4584),#4586,.F.);
#627=ADVANCED_FACE('',(#4591,#4593),#4595,.F.);
#628=ADVANCED_FACE('',(#4600,#4602),#4604,.F.);
#629=ADVANCED_FACE('',(#4609,#4611),#4613,.F.);
#630=ADVANCED_FACE('',(#4618,#4620),#4622,.F.);
#631=ADVANCED_FACE('',(#4627,#4629),#4631,.F.);
#632=ADVANCED_FACE('',(#4636,#4638),#4640,.F.);
#633=ADVANCED_FACE('',(#4645,#4647),#4649,.F.);
#634=ADVANCED_FACE('',(#4654,#4656),#4658,.F.);
#635=ADVANCED_FACE('',(#4663,#4665),#4667,.F.);
#636=ADVANCED_FACE('',(#4672,#4674),#4676,.F.);
#637=ADVANCED_FACE('',(#4681,#4683),#4685,.F.);
#638=ADVANCED_FACE('',(#4690,#4692),#4694,.F.);
#639=ADVANCED_FACE('',(#4699,#4701),#4703,.F.);
#640=ADVANCED_FACE('',(#4708,#4710),#4712,.F.);
#641=ADVANCED_FACE('',(#4717,#4719),#4721,.F.);
#642=ADVANCED_FACE('',(#4726,#4728),#4730,.F.);
#643=ADVANCED_FACE('',(#4735,#4737),#4739,.F.);
#644=ADVANCED_FACE('',(#4744,#4746),#4748,.F.);
#645=ADVANCED_FACE('',(#4753,#4755),#4757,.F.);
#646=ADVANCED_FACE('',(#4762,#4764),#4766,.F.);
#647=ADVANCED_FACE('',(#4771,#4773),#4775,.F.);
#648=ADVANCED_FACE('',(#4780,#4782),#4784,.F.);
#649=ADVANCED_FACE('',(#4789,#4791),#4793,.F.);
#650=ADVANCED_FACE('',(#4798,#4800),#4802,.F.);
#651=ADVANCED_FACE('',(#4807,#4809),#4811,.F.);
#652=ADVANCED_FACE('',(#4816,#4818),#4820,.F.);
#653=ADVANCED_FACE('',(#4825,#4827),#4829,.F.);
#654=ADVANCED_FACE('',(#4834,#4836),#4838,.F.);
#655=ADVANCED_FACE('',(#4843,#4845),#4847,.F.);
#656=ADVANCED_FACE('',(#4852,#4854),#4856,.F.);
#657=ADVANCED_FACE('',(#4861,#4863),#4865,.F.);
#658=ADVANCED_FACE('',(#4870,#4872),#4874,.F.);
#659=ADVANCED_FACE('',(#4879,#4881),#4883,.F.);
#660=ADVANCED_FACE('',(#4888,#4890),#4892,.F.);
#661=ADVANCED_FACE('',(#4897,#4899),#4901,.F.);
#662=ADVANCED_FACE('',(#4906,#4908),#4910,.F.);
#663=ADVANCED_FACE('',(#4915,#4917),#4919,.F.);
#664=ADVANCED_FACE('',(#4924,#4926),#4928,.F.);
#665=ADVANCED_FACE('',(#4933,#4935),#4937,.F.);
#666=ADVANCED_FACE('',(#4942,#4944),#4946,.F.);
#667=ADVANCED_FACE('',(#4951,#4953),#4955,.F.);
#668=ADVANCED_FACE('',(#4960,#4962),#4964,.F.);
#669=ADVANCED_FACE('',(#4969,#4971),#4973,.F.);
#670=ADVANCED_FACE('',(#4978,#4980),#4982,.F.);
#671=ADVANCED_FACE('',(#4987,#4989),#4991,.F.);
#672=ADVANCED_FACE('',(#4996,#4998),#5000,.F.);
#673=ADVANCED_FACE('',(#5005,#5007),#5009,.F.);
#674=ADVANCED_FACE('',(#5014,#5016),#5018,.F.);
#675=ADVANCED_FACE('',(#5023,#5025),#5027,.F.);
#676=ADVANCED_FACE('',(#5032,#5034),#5036,.F.);
#677=ADVANCED_FACE('',(#5041,#5043),#5045,.F.);
#678=ADVANCED_FACE('',(#5050,#5052),#5054,.F.);
#679=ADVANCED_FACE('',(#5059,#5061),#5063,.F.);
#680=ADVANCED_FACE('',(#5068,#5070),#5072,.F.);
#681=ADVANCED_FACE('',(#5077,#5079),#5081,.F.);
#682=ADVANCED_FACE('',(#5086,#5088),#5090,.F.);
#683=ADVANCED_FACE('',(#5095,#5097),#5099,.F.);
#684=ADVANCED_FACE('',(#5104,#5106),#5108,.F.);
#685=ADVANCED_FACE('',(#5113,#5115),#5117,.F.);
#686=ADVANCED_FACE('',(#5122,#5124),#5126,.F.);
#687=ADVANCED_FACE('',(#5131,#5133),#5135,.F.);
#688=ADVANCED_FACE('',(#5140,#5142),#5144,.F.);
#689=ADVANCED_FACE('',(#5149,#5151),#5153,.F.);
#690=ADVANCED_FACE('',(#5158,#5160),#5162,.F.);
#691=ADVANCED_FACE('',(#5167,#5169),#5171,.F.);
#692=ADVANCED_FACE('',(#5176,#5178),#5180,.F.);
#693=ADVANCED_FACE('',(#5185,#5187),#5189,.F.);
#694=ADVANCED_FACE('',(#5194,#5196),#5198,.F.);
#695=ADVANCED_FACE('',(#5203,#5205),#5207,.F.);
#696=ADVANCED_FACE('',(#5212,#5214),#5216,.F.);
#697=ADVANCED_FACE('',(#5221,#5223),#5225,.F.);
#698=ADVANCED_FACE('',(#5230,#5232),#5234,.F.);
#699=ADVANCED_FACE('',(#5239,#5241),#5243,.F.);
#700=ADVANCED_FACE('',(#5248,#5250),#5252,.F.);
#701=ADVANCED_FACE('',(#5257,#5259),#5261,.F.);
#702=ADVANCED_FACE('',(#5266,#5268),#5270,.F.);
#703=ADVANCED_FACE('',(#5275),#5277,.T.);
#704=COLOUR_RGB('',0.,0.,0.);
#705=FILL_AREA_STYLE_COLOUR('',#704);
#706=FILL_AREA_STYLE($,(#705));
#707=SURFACE_STYLE_FILL_AREA(#706);
#708=SURFACE_SIDE_STYLE('',(#707));
#709=SURFACE_STYLE_USAGE(.BOTH.,#708);
#710=PRESENTATION_STYLE_ASSIGNMENT((#709));
#711=STYLED_ITEM('',(#710),#703);
#712=ADVANCED_FACE('',(#5282,#5284),#5286,.T.);
#713=COLOUR_RGB('',0.,0.,0.);
#714=FILL_AREA_STYLE_COLOUR('',#713);
#715=FILL_AREA_STYLE($,(#714));
#716=SURFACE_STYLE_FILL_AREA(#715);
#717=SURFACE_SIDE_STYLE('',(#716));
#718=SURFACE_STYLE_USAGE(.BOTH.,#717);
#719=PRESENTATION_STYLE_ASSIGNMENT((#718));
#720=STYLED_ITEM('',(#719),#712);
#721=ADVANCED_FACE('',(#5291),#5293,.T.);
#722=COLOUR_RGB('',0.,0.,0.);
#723=FILL_AREA_STYLE_COLOUR('',#722);
#724=FILL_AREA_STYLE($,(#723));
#725=SURFACE_STYLE_FILL_AREA(#724);
#726=SURFACE_SIDE_STYLE('',(#725));
#727=SURFACE_STYLE_USAGE(.BOTH.,#726);
#728=PRESENTATION_STYLE_ASSIGNMENT((#727));
#729=STYLED_ITEM('',(#728),#721);
#730=ADVANCED_FACE('',(#5298),#5300,.T.);
#731=COLOUR_RGB('',0.,0.,0.);
#732=FILL_AREA_STYLE_COLOUR('',#731);
#733=FILL_AREA_STYLE($,(#732));
#734=SURFACE_STYLE_FILL_AREA(#733);
#735=SURFACE_SIDE_STYLE('',(#734));
#736=SURFACE_STYLE_USAGE(.BOTH.,#735);
#737=PRESENTATION_STYLE_ASSIGNMENT((#736));
#738=STYLED_ITEM('',(#737),#730);
#739=ADVANCED_FACE('',(#5305),#5307,.T.);
#740=COLOUR_RGB('',0.,0.,0.);
#741=FILL_AREA_STYLE_COLOUR('',#740);
#742=FILL_AREA_STYLE($,(#741));
#743=SURFACE_STYLE_FILL_AREA(#742);
#744=SURFACE_SIDE_STYLE('',(#743));
#745=SURFACE_STYLE_USAGE(.BOTH.,#744);
#746=PRESENTATION_STYLE_ASSIGNMENT((#745));
#747=STYLED_ITEM('',(#746),#739);
#748=ADVANCED_FACE('',(#5312),#5314,.T.);
#749=COLOUR_RGB('',0.,0.,0.);
#750=FILL_AREA_STYLE_COLOUR('',#749);
#751=FILL_AREA_STYLE($,(#750));
#752=SURFACE_STYLE_FILL_AREA(#751);
#753=SURFACE_SIDE_STYLE('',(#752));
#754=SURFACE_STYLE_USAGE(.BOTH.,#753);
#755=PRESENTATION_STYLE_ASSIGNMENT((#754));
#756=STYLED_ITEM('',(#755),#748);
#757=ADVANCED_FACE('',(#5319),#5321,.T.);
#758=COLOUR_RGB('',0.,0.,0.);
#759=FILL_AREA_STYLE_COLOUR('',#758);
#760=FILL_AREA_STYLE($,(#759));
#761=SURFACE_STYLE_FILL_AREA(#760);
#762=SURFACE_SIDE_STYLE('',(#761));
#763=SURFACE_STYLE_USAGE(.BOTH.,#762);
#764=PRESENTATION_STYLE_ASSIGNMENT((#763));
#765=STYLED_ITEM('',(#764),#757);
#766=ADVANCED_FACE('',(#5326),#5328,.T.);
#767=COLOUR_RGB('',0.,0.,0.);
#768=FILL_AREA_STYLE_COLOUR('',#767);
#769=FILL_AREA_STYLE($,(#768));
#770=SURFACE_STYLE_FILL_AREA(#769);
#771=SURFACE_SIDE_STYLE('',(#770));
#772=SURFACE_STYLE_USAGE(.BOTH.,#771);
#773=PRESENTATION_STYLE_ASSIGNMENT((#772));
#774=STYLED_ITEM('',(#773),#766);
#775=ADVANCED_FACE('',(#5333),#5335,.T.);
#776=COLOUR_RGB('',0.,0.,0.);
#777=FILL_AREA_STYLE_COLOUR('',#776);
#778=FILL_AREA_STYLE($,(#777));
#779=SURFACE_STYLE_FILL_AREA(#778);
#780=SURFACE_SIDE_STYLE('',(#779));
#781=SURFACE_STYLE_USAGE(.BOTH.,#780);
#782=PRESENTATION_STYLE_ASSIGNMENT((#781));
#783=STYLED_ITEM('',(#782),#775);
#784=ADVANCED_FACE('',(#5340),#5342,.T.);
#785=COLOUR_RGB('',0.,0.,0.);
#786=FILL_AREA_STYLE_COLOUR('',#785);
#787=FILL_AREA_STYLE($,(#786));
#788=SURFACE_STYLE_FILL_AREA(#787);
#789=SURFACE_SIDE_STYLE('',(#788));
#790=SURFACE_STYLE_USAGE(.BOTH.,#789);
#791=PRESENTATION_STYLE_ASSIGNMENT((#790));
#792=STYLED_ITEM('',(#791),#784);
#793=ADVANCED_FACE('',(#5347),#5349,.T.);
#794=COLOUR_RGB('',0.,0.,0.);
#795=FILL_AREA_STYLE_COLOUR('',#794);
#796=FILL_AREA_STYLE($,(#795));
#797=SURFACE_STYLE_FILL_AREA(#796);
#798=SURFACE_SIDE_STYLE('',(#797));
#799=SURFACE_STYLE_USAGE(.BOTH.,#798);
#800=PRESENTATION_STYLE_ASSIGNMENT((#799));
#801=STYLED_ITEM('',(#800),#793);
#802=ADVANCED_FACE('',(#5354),#5356,.T.);
#803=COLOUR_RGB('',0.,0.,0.);
#804=FILL_AREA_STYLE_COLOUR('',#803);
#805=FILL_AREA_STYLE($,(#804));
#806=SURFACE_STYLE_FILL_AREA(#805);
#807=SURFACE_SIDE_STYLE('',(#806));
#808=SURFACE_STYLE_USAGE(.BOTH.,#807);
#809=PRESENTATION_STYLE_ASSIGNMENT((#808));
#810=STYLED_ITEM('',(#809),#802);
#811=ADVANCED_FACE('',(#5361),#5363,.T.);
#812=ADVANCED_FACE('',(#5368),#5370,.T.);
#813=ADVANCED_FACE('',(#5375),#5377,.T.);
#814=ADVANCED_FACE('',(#5382),#5384,.T.);
#815=ADVANCED_FACE('',(#5389),#5391,.T.);
#816=ADVANCED_FACE('',(#5396),#5398,.T.);
#817=ADVANCED_FACE('',(#5403),#5405,.T.);
#818=ADVANCED_FACE('',(#5410),#5412,.T.);
#819=ADVANCED_FACE('',(#5417),#5419,.T.);
#820=ADVANCED_FACE('',(#5424),#5426,.T.);
#821=ADVANCED_FACE('',(#5431),#5433,.T.);
#822=ADVANCED_FACE('',(#5438),#5440,.T.);
#823=FACE_BOUND('',#824,.T.);
#824=EDGE_LOOP('',(#5445,#5446,#5447,#5448,#5449,#5450,#5451,#5452));
#825=FACE_BOUND('',#826,.T.);
#826=EDGE_LOOP('',(#5453,#5454,#5455,#5456,#5457));
#827=FACE_BOUND('',#828,.T.);
#828=EDGE_LOOP('',(#5458));
#829=FACE_BOUND('',#830,.T.);
#830=EDGE_LOOP('',(#5459));
#831=FACE_BOUND('',#832,.T.);
#832=EDGE_LOOP('',(#5460));
#833=FACE_BOUND('',#834,.T.);
#834=EDGE_LOOP('',(#5461));
#835=FACE_BOUND('',#836,.T.);
#836=EDGE_LOOP('',(#5462));
#837=FACE_BOUND('',#838,.T.);
#838=EDGE_LOOP('',(#5463));
#839=FACE_BOUND('',#840,.T.);
#840=EDGE_LOOP('',(#5464));
#841=FACE_BOUND('',#842,.T.);
#842=EDGE_LOOP('',(#5465));
#843=FACE_BOUND('',#844,.T.);
#844=EDGE_LOOP('',(#5466));
#845=FACE_BOUND('',#846,.T.);
#846=EDGE_LOOP('',(#5467));
#847=FACE_BOUND('',#848,.T.);
#848=EDGE_LOOP('',(#5468));
#849=FACE_BOUND('',#850,.T.);
#850=EDGE_LOOP('',(#5469));
#851=FACE_BOUND('',#852,.T.);
#852=EDGE_LOOP('',(#5470));
#853=FACE_BOUND('',#854,.T.);
#854=EDGE_LOOP('',(#5471));
#855=FACE_BOUND('',#856,.T.);
#856=EDGE_LOOP('',(#5472,#5473));
#857=FACE_BOUND('',#858,.T.);
#858=EDGE_LOOP('',(#5474));
#859=FACE_BOUND('',#860,.T.);
#860=EDGE_LOOP('',(#5475));
#861=FACE_BOUND('',#862,.T.);
#862=EDGE_LOOP('',(#5476,#5477));
#863=FACE_BOUND('',#864,.T.);
#864=EDGE_LOOP('',(#5478,#5479,#5480));
#865=FACE_BOUND('',#866,.T.);
#866=EDGE_LOOP('',(#5481));
#867=FACE_BOUND('',#868,.T.);
#868=EDGE_LOOP('',(#5482,#5483,#5484));
#869=FACE_BOUND('',#870,.T.);
#870=EDGE_LOOP('',(#5485));
#871=FACE_BOUND('',#872,.T.);
#872=EDGE_LOOP('',(#5486));
#873=FACE_BOUND('',#874,.T.);
#874=EDGE_LOOP('',(#5487));
#875=FACE_BOUND('',#876,.T.);
#876=EDGE_LOOP('',(#5488,#5489));
#877=FACE_BOUND('',#878,.T.);
#878=EDGE_LOOP('',(#5490,#5491,#5492));
#879=FACE_BOUND('',#880,.T.);
#880=EDGE_LOOP('',(#5493));
#881=FACE_BOUND('',#882,.T.);
#882=EDGE_LOOP('',(#5494,#5495));
#883=FACE_BOUND('',#884,.T.);
#884=EDGE_LOOP('',(#5496));
#885=FACE_BOUND('',#886,.T.);
#886=EDGE_LOOP('',(#5497));
#887=FACE_BOUND('',#888,.T.);
#888=EDGE_LOOP('',(#5498));
#889=FACE_BOUND('',#890,.T.);
#890=EDGE_LOOP('',(#5499,#5500,#5501));
#891=FACE_BOUND('',#892,.T.);
#892=EDGE_LOOP('',(#5502,#5503));
#893=FACE_BOUND('',#894,.T.);
#894=EDGE_LOOP('',(#5504));
#895=FACE_BOUND('',#896,.T.);
#896=EDGE_LOOP('',(#5505,#5506));
#897=FACE_BOUND('',#898,.T.);
#898=EDGE_LOOP('',(#5507));
#899=FACE_BOUND('',#900,.T.);
#900=EDGE_LOOP('',(#5508));
#901=FACE_BOUND('',#902,.T.);
#902=EDGE_LOOP('',(#5509,#5510));
#903=FACE_BOUND('',#904,.T.);
#904=EDGE_LOOP('',(#5511));
#905=FACE_BOUND('',#906,.T.);
#906=EDGE_LOOP('',(#5512));
#907=FACE_BOUND('',#908,.T.);
#908=EDGE_LOOP('',(#5513,#5514));
#909=FACE_BOUND('',#910,.T.);
#910=EDGE_LOOP('',(#5515,#5516));
#911=FACE_BOUND('',#912,.T.);
#912=EDGE_LOOP('',(#5517));
#913=FACE_BOUND('',#914,.T.);
#914=EDGE_LOOP('',(#5518));
#915=FACE_BOUND('',#916,.T.);
#916=EDGE_LOOP('',(#5519));
#917=FACE_BOUND('',#918,.T.);
#918=EDGE_LOOP('',(#5520,#5521,#5522));
#919=FACE_BOUND('',#920,.T.);
#920=EDGE_LOOP('',(#5523,#5524));
#921=FACE_BOUND('',#922,.T.);
#922=EDGE_LOOP('',(#5525));
#923=FACE_BOUND('',#924,.T.);
#924=EDGE_LOOP('',(#5526));
#925=FACE_BOUND('',#926,.T.);
#926=EDGE_LOOP('',(#5527));
#927=FACE_BOUND('',#928,.T.);
#928=EDGE_LOOP('',(#5528,#5529));
#929=FACE_BOUND('',#930,.T.);
#930=EDGE_LOOP('',(#5530,#5531,#5532,#5533));
#931=FACE_BOUND('',#932,.T.);
#932=EDGE_LOOP('',(#5534));
#933=FACE_BOUND('',#934,.T.);
#934=EDGE_LOOP('',(#5535));
#935=FACE_BOUND('',#936,.T.);
#936=EDGE_LOOP('',(#5536));
#937=FACE_BOUND('',#938,.T.);
#938=EDGE_LOOP('',(#5537,#5538));
#939=FACE_BOUND('',#940,.T.);
#940=EDGE_LOOP('',(#5539));
#941=FACE_BOUND('',#942,.T.);
#942=EDGE_LOOP('',(#5540));
#943=FACE_BOUND('',#944,.T.);
#944=EDGE_LOOP('',(#5541));
#945=FACE_BOUND('',#946,.T.);
#946=EDGE_LOOP('',(#5542));
#947=FACE_BOUND('',#948,.T.);
#948=EDGE_LOOP('',(#5543));
#949=FACE_BOUND('',#950,.T.);
#950=EDGE_LOOP('',(#5544));
#951=FACE_BOUND('',#952,.T.);
#952=EDGE_LOOP('',(#5545));
#953=FACE_BOUND('',#954,.T.);
#954=EDGE_LOOP('',(#5546));
#955=FACE_BOUND('',#956,.T.);
#956=EDGE_LOOP('',(#5547));
#957=FACE_BOUND('',#958,.T.);
#958=EDGE_LOOP('',(#5548));
#959=FACE_BOUND('',#960,.T.);
#960=EDGE_LOOP('',(#5549));
#961=FACE_BOUND('',#962,.T.);
#962=EDGE_LOOP('',(#5550));
#963=FACE_BOUND('',#964,.T.);
#964=EDGE_LOOP('',(#5551));
#965=FACE_BOUND('',#966,.T.);
#966=EDGE_LOOP('',(#5552));
#967=FACE_BOUND('',#968,.T.);
#968=EDGE_LOOP('',(#5553));
#969=FACE_BOUND('',#970,.T.);
#970=EDGE_LOOP('',(#5554));
#971=FACE_BOUND('',#972,.T.);
#972=EDGE_LOOP('',(#5555));
#973=FACE_BOUND('',#974,.T.);
#974=EDGE_LOOP('',(#5556));
#975=FACE_BOUND('',#976,.T.);
#976=EDGE_LOOP('',(#5557));
#977=FACE_BOUND('',#978,.T.);
#978=EDGE_LOOP('',(#5558));
#979=FACE_BOUND('',#980,.T.);
#980=EDGE_LOOP('',(#5559));
#981=FACE_BOUND('',#982,.T.);
#982=EDGE_LOOP('',(#5560));
#983=FACE_BOUND('',#984,.T.);
#984=EDGE_LOOP('',(#5561));
#985=FACE_BOUND('',#986,.T.);
#986=EDGE_LOOP('',(#5562));
#987=FACE_BOUND('',#988,.T.);
#988=EDGE_LOOP('',(#5563));
#989=FACE_BOUND('',#990,.T.);
#990=EDGE_LOOP('',(#5564));
#991=FACE_BOUND('',#992,.T.);
#992=EDGE_LOOP('',(#5565));
#993=FACE_BOUND('',#994,.T.);
#994=EDGE_LOOP('',(#5566));
#995=FACE_BOUND('',#996,.T.);
#996=EDGE_LOOP('',(#5567));
#997=FACE_BOUND('',#998,.T.);
#998=EDGE_LOOP('',(#5568));
#999=FACE_BOUND('',#1000,.T.);
#1000=EDGE_LOOP('',(#5569));
#1001=FACE_BOUND('',#1002,.T.);
#1002=EDGE_LOOP('',(#5570));
#1003=FACE_BOUND('',#1004,.T.);
#1004=EDGE_LOOP('',(#5571));
#1005=FACE_BOUND('',#1006,.T.);
#1006=EDGE_LOOP('',(#5572));
#1007=FACE_BOUND('',#1008,.T.);
#1008=EDGE_LOOP('',(#5573));
#1009=FACE_BOUND('',#1010,.T.);
#1010=EDGE_LOOP('',(#5574));
#1011=FACE_BOUND('',#1012,.T.);
#1012=EDGE_LOOP('',(#5575));
#1013=FACE_BOUND('',#1014,.T.);
#1014=EDGE_LOOP('',(#5576));
#1015=FACE_BOUND('',#1016,.T.);
#1016=EDGE_LOOP('',(#5577));
#1017=FACE_BOUND('',#1018,.T.);
#1018=EDGE_LOOP('',(#5578));
#1019=FACE_BOUND('',#1020,.T.);
#1020=EDGE_LOOP('',(#5579));
#1021=FACE_BOUND('',#1022,.T.);
#1022=EDGE_LOOP('',(#5580));
#1023=FACE_BOUND('',#1024,.T.);
#1024=EDGE_LOOP('',(#5581));
#1025=FACE_BOUND('',#1026,.T.);
#1026=EDGE_LOOP('',(#5582));
#1027=FACE_BOUND('',#1028,.T.);
#1028=EDGE_LOOP('',(#5583));
#1029=FACE_BOUND('',#1030,.T.);
#1030=EDGE_LOOP('',(#5584));
#1031=FACE_BOUND('',#1032,.T.);
#1032=EDGE_LOOP('',(#5585));
#1033=FACE_BOUND('',#1034,.T.);
#1034=EDGE_LOOP('',(#5586));
#1035=FACE_BOUND('',#1036,.T.);
#1036=EDGE_LOOP('',(#5587));
#1037=FACE_BOUND('',#1038,.T.);
#1038=EDGE_LOOP('',(#5588));
#1039=FACE_BOUND('',#1040,.T.);
#1040=EDGE_LOOP('',(#5589));
#1041=FACE_BOUND('',#1042,.T.);
#1042=EDGE_LOOP('',(#5590));
#1043=FACE_BOUND('',#1044,.T.);
#1044=EDGE_LOOP('',(#5591));
#1045=FACE_BOUND('',#1046,.T.);
#1046=EDGE_LOOP('',(#5592));
#1047=FACE_BOUND('',#1048,.T.);
#1048=EDGE_LOOP('',(#5593));
#1049=FACE_BOUND('',#1050,.T.);
#1050=EDGE_LOOP('',(#5594));
#1051=FACE_BOUND('',#1052,.T.);
#1052=EDGE_LOOP('',(#5595));
#1053=FACE_BOUND('',#1054,.T.);
#1054=EDGE_LOOP('',(#5596));
#1055=FACE_BOUND('',#1056,.T.);
#1056=EDGE_LOOP('',(#5597));
#1057=FACE_BOUND('',#1058,.T.);
#1058=EDGE_LOOP('',(#5598));
#1059=FACE_BOUND('',#1060,.T.);
#1060=EDGE_LOOP('',(#5599));
#1061=FACE_BOUND('',#1062,.T.);
#1062=EDGE_LOOP('',(#5600));
#1063=FACE_BOUND('',#1064,.T.);
#1064=EDGE_LOOP('',(#5601));
#1065=FACE_BOUND('',#1066,.T.);
#1066=EDGE_LOOP('',(#5602));
#1067=FACE_BOUND('',#1068,.T.);
#1068=EDGE_LOOP('',(#5603));
#1069=FACE_BOUND('',#1070,.T.);
#1070=EDGE_LOOP('',(#5604));
#1071=FACE_BOUND('',#1072,.T.);
#1072=EDGE_LOOP('',(#5605));
#1073=FACE_BOUND('',#1074,.T.);
#1074=EDGE_LOOP('',(#5606));
#1075=FACE_BOUND('',#1076,.T.);
#1076=EDGE_LOOP('',(#5607));
#1077=FACE_BOUND('',#1078,.T.);
#1078=EDGE_LOOP('',(#5608));
#1079=FACE_BOUND('',#1080,.T.);
#1080=EDGE_LOOP('',(#5609));
#1081=FACE_BOUND('',#1082,.T.);
#1082=EDGE_LOOP('',(#5610));
#1083=FACE_BOUND('',#1084,.T.);
#1084=EDGE_LOOP('',(#5611));
#1085=FACE_BOUND('',#1086,.T.);
#1086=EDGE_LOOP('',(#5612));
#1087=FACE_BOUND('',#1088,.T.);
#1088=EDGE_LOOP('',(#5613));
#1089=FACE_BOUND('',#1090,.T.);
#1090=EDGE_LOOP('',(#5614,#5615));
#1091=FACE_BOUND('',#1092,.T.);
#1092=EDGE_LOOP('',(#5616));
#1093=FACE_BOUND('',#1094,.T.);
#1094=EDGE_LOOP('',(#5617));
#1095=FACE_BOUND('',#1096,.T.);
#1096=EDGE_LOOP('',(#5618));
#1097=FACE_BOUND('',#1098,.T.);
#1098=EDGE_LOOP('',(#5619,#5620));
#1099=FACE_BOUND('',#1100,.T.);
#1100=EDGE_LOOP('',(#5621));
#1101=FACE_BOUND('',#1102,.T.);
#1102=EDGE_LOOP('',(#5622));
#1103=FACE_BOUND('',#1104,.T.);
#1104=EDGE_LOOP('',(#5623));
#1105=FACE_BOUND('',#1106,.T.);
#1106=EDGE_LOOP('',(#5624,#5625));
#1107=FACE_BOUND('',#1108,.T.);
#1108=EDGE_LOOP('',(#5626));
#1109=FACE_BOUND('',#1110,.T.);
#1110=EDGE_LOOP('',(#5627));
#1111=FACE_BOUND('',#1112,.T.);
#1112=EDGE_LOOP('',(#5628));
#1113=FACE_BOUND('',#1114,.T.);
#1114=EDGE_LOOP('',(#5629,#5630,#5631));
#1115=FACE_BOUND('',#1116,.T.);
#1116=EDGE_LOOP('',(#5632));
#1117=FACE_BOUND('',#1118,.T.);
#1118=EDGE_LOOP('',(#5633,#5634));
#1119=FACE_BOUND('',#1120,.T.);
#1120=EDGE_LOOP('',(#5635));
#1121=FACE_BOUND('',#1122,.T.);
#1122=EDGE_LOOP('',(#5636));
#1123=FACE_BOUND('',#1124,.T.);
#1124=EDGE_LOOP('',(#5637));
#1125=FACE_BOUND('',#1126,.T.);
#1126=EDGE_LOOP('',(#5638,#5639,#5640));
#1127=FACE_BOUND('',#1128,.T.);
#1128=EDGE_LOOP('',(#5641));
#1129=FACE_BOUND('',#1130,.T.);
#1130=EDGE_LOOP('',(#5642));
#1131=FACE_BOUND('',#1132,.T.);
#1132=EDGE_LOOP('',(#5643));
#1133=FACE_BOUND('',#1134,.T.);
#1134=EDGE_LOOP('',(#5644,#5645,#5646));
#1135=FACE_BOUND('',#1136,.T.);
#1136=EDGE_LOOP('',(#5647));
#1137=FACE_BOUND('',#1138,.T.);
#1138=EDGE_LOOP('',(#5648));
#1139=FACE_BOUND('',#1140,.T.);
#1140=EDGE_LOOP('',(#5649));
#1141=FACE_BOUND('',#1142,.T.);
#1142=EDGE_LOOP('',(#5650));
#1143=FACE_BOUND('',#1144,.T.);
#1144=EDGE_LOOP('',(#5651));
#1145=FACE_BOUND('',#1146,.T.);
#1146=EDGE_LOOP('',(#5652));
#1147=FACE_BOUND('',#1148,.T.);
#1148=EDGE_LOOP('',(#5653));
#1149=FACE_BOUND('',#1150,.T.);
#1150=EDGE_LOOP('',(#5654));
#1151=FACE_BOUND('',#1152,.T.);
#1152=EDGE_LOOP('',(#5655,#5656));
#1153=FACE_BOUND('',#1154,.T.);
#1154=EDGE_LOOP('',(#5657));
#1155=FACE_BOUND('',#1156,.T.);
#1156=EDGE_LOOP('',(#5658));
#1157=FACE_BOUND('',#1158,.T.);
#1158=EDGE_LOOP('',(#5659,#5660));
#1159=FACE_BOUND('',#1160,.T.);
#1160=EDGE_LOOP('',(#5661));
#1161=FACE_BOUND('',#1162,.T.);
#1162=EDGE_LOOP('',(#5662));
#1163=FACE_BOUND('',#1164,.T.);
#1164=EDGE_LOOP('',(#5663,#5664));
#1165=FACE_BOUND('',#1166,.T.);
#1166=EDGE_LOOP('',(#5665));
#1167=FACE_BOUND('',#1168,.T.);
#1168=EDGE_LOOP('',(#5666));
#1169=FACE_BOUND('',#1170,.T.);
#1170=EDGE_LOOP('',(#5667,#5668));
#1171=FACE_BOUND('',#1172,.T.);
#1172=EDGE_LOOP('',(#5669,#5670));
#1173=FACE_BOUND('',#1174,.T.);
#1174=EDGE_LOOP('',(#5671,#5672,#5673));
#1175=FACE_BOUND('',#1176,.T.);
#1176=EDGE_LOOP('',(#5674));
#1177=FACE_BOUND('',#1178,.T.);
#1178=EDGE_LOOP('',(#5675));
#1179=FACE_BOUND('',#1180,.T.);
#1180=EDGE_LOOP('',(#5676));
#1181=FACE_BOUND('',#1182,.T.);
#1182=EDGE_LOOP('',(#5677,#5678));
#1183=FACE_BOUND('',#1184,.T.);
#1184=EDGE_LOOP('',(#5679,#5680));
#1185=FACE_BOUND('',#1186,.T.);
#1186=EDGE_LOOP('',(#5681));
#1187=FACE_BOUND('',#1188,.T.);
#1188=EDGE_LOOP('',(#5682));
#1189=FACE_BOUND('',#1190,.T.);
#1190=EDGE_LOOP('',(#5683,#5684));
#1191=FACE_BOUND('',#1192,.T.);
#1192=EDGE_LOOP('',(#5685));
#1193=FACE_BOUND('',#1194,.T.);
#1194=EDGE_LOOP('',(#5686));
#1195=FACE_BOUND('',#1196,.T.);
#1196=EDGE_LOOP('',(#5687,#5688));
#1197=FACE_BOUND('',#1198,.T.);
#1198=EDGE_LOOP('',(#5689));
#1199=FACE_BOUND('',#1200,.T.);
#1200=EDGE_LOOP('',(#5690));
#1201=FACE_BOUND('',#1202,.T.);
#1202=EDGE_LOOP('',(#5691));
#1203=FACE_BOUND('',#1204,.T.);
#1204=EDGE_LOOP('',(#5692));
#1205=FACE_BOUND('',#1206,.T.);
#1206=EDGE_LOOP('',(#5693));
#1207=FACE_BOUND('',#1208,.T.);
#1208=EDGE_LOOP('',(#5694));
#1209=FACE_BOUND('',#1210,.T.);
#1210=EDGE_LOOP('',(#5695));
#1211=FACE_BOUND('',#1212,.T.);
#1212=EDGE_LOOP('',(#5696));
#1213=FACE_BOUND('',#1214,.T.);
#1214=EDGE_LOOP('',(#5697));
#1215=FACE_BOUND('',#1216,.T.);
#1216=EDGE_LOOP('',(#5698));
#1217=FACE_BOUND('',#1218,.T.);
#1218=EDGE_LOOP('',(#5699));
#1219=FACE_BOUND('',#1220,.T.);
#1220=EDGE_LOOP('',(#5700));
#1221=FACE_BOUND('',#1222,.T.);
#1222=EDGE_LOOP('',(#5701));
#1223=FACE_BOUND('',#1224,.T.);
#1224=EDGE_LOOP('',(#5702));
#1225=FACE_BOUND('',#1226,.T.);
#1226=EDGE_LOOP('',(#5703));
#1227=FACE_BOUND('',#1228,.T.);
#1228=EDGE_LOOP('',(#5704));
#1229=FACE_BOUND('',#1230,.T.);
#1230=EDGE_LOOP('',(#5705));
#1231=FACE_BOUND('',#1232,.T.);
#1232=EDGE_LOOP('',(#5706));
#1233=FACE_BOUND('',#1234,.T.);
#1234=EDGE_LOOP('',(#5707));
#1235=FACE_BOUND('',#1236,.T.);
#1236=EDGE_LOOP('',(#5708));
#1237=FACE_BOUND('',#1238,.T.);
#1238=EDGE_LOOP('',(#5709));
#1239=FACE_BOUND('',#1240,.T.);
#1240=EDGE_LOOP('',(#5710));
#1241=FACE_BOUND('',#1242,.T.);
#1242=EDGE_LOOP('',(#5711));
#1243=FACE_BOUND('',#1244,.T.);
#1244=EDGE_LOOP('',(#5712));
#1245=FACE_BOUND('',#1246,.T.);
#1246=EDGE_LOOP('',(#5713));
#1247=FACE_BOUND('',#1248,.T.);
#1248=EDGE_LOOP('',(#5714));
#1249=FACE_BOUND('',#1250,.T.);
#1250=EDGE_LOOP('',(#5715));
#1251=FACE_BOUND('',#1252,.T.);
#1252=EDGE_LOOP('',(#5716));
#1253=FACE_BOUND('',#1254,.T.);
#1254=EDGE_LOOP('',(#5717));
#1255=FACE_BOUND('',#1256,.T.);
#1256=EDGE_LOOP('',(#5718));
#1257=FACE_BOUND('',#1258,.T.);
#1258=EDGE_LOOP('',(#5719));
#1259=FACE_BOUND('',#1260,.T.);
#1260=EDGE_LOOP('',(#5720));
#1261=FACE_BOUND('',#1262,.T.);
#1262=EDGE_LOOP('',(#5721));
#1263=FACE_BOUND('',#1264,.T.);
#1264=EDGE_LOOP('',(#5722));
#1265=FACE_BOUND('',#1266,.T.);
#1266=EDGE_LOOP('',(#5723));
#1267=FACE_BOUND('',#1268,.T.);
#1268=EDGE_LOOP('',(#5724));
#1269=FACE_BOUND('',#1270,.T.);
#1270=EDGE_LOOP('',(#5725));
#1271=FACE_BOUND('',#1272,.T.);
#1272=EDGE_LOOP('',(#5726));
#1273=FACE_BOUND('',#1274,.T.);
#1274=EDGE_LOOP('',(#5727));
#1275=FACE_BOUND('',#1276,.T.);
#1276=EDGE_LOOP('',(#5728));
#1277=FACE_BOUND('',#1278,.T.);
#1278=EDGE_LOOP('',(#5729));
#1279=FACE_BOUND('',#1280,.T.);
#1280=EDGE_LOOP('',(#5730));
#1281=FACE_BOUND('',#1282,.T.);
#1282=EDGE_LOOP('',(#5731));
#1283=FACE_BOUND('',#1284,.T.);
#1284=EDGE_LOOP('',(#5732));
#1285=FACE_BOUND('',#1286,.T.);
#1286=EDGE_LOOP('',(#5733));
#1287=FACE_BOUND('',#1288,.T.);
#1288=EDGE_LOOP('',(#5734));
#1289=FACE_BOUND('',#1290,.T.);
#1290=EDGE_LOOP('',(#5735));
#1291=FACE_BOUND('',#1292,.T.);
#1292=EDGE_LOOP('',(#5736));
#1293=FACE_BOUND('',#1294,.T.);
#1294=EDGE_LOOP('',(#5737));
#1295=FACE_BOUND('',#1296,.T.);
#1296=EDGE_LOOP('',(#5738));
#1297=FACE_BOUND('',#1298,.T.);
#1298=EDGE_LOOP('',(#5739));
#1299=FACE_BOUND('',#1300,.T.);
#1300=EDGE_LOOP('',(#5740));
#1301=FACE_BOUND('',#1302,.T.);
#1302=EDGE_LOOP('',(#5741));
#1303=FACE_BOUND('',#1304,.T.);
#1304=EDGE_LOOP('',(#5742));
#1305=FACE_BOUND('',#1306,.T.);
#1306=EDGE_LOOP('',(#5743));
#1307=FACE_BOUND('',#1308,.T.);
#1308=EDGE_LOOP('',(#5744));
#1309=FACE_BOUND('',#1310,.T.);
#1310=EDGE_LOOP('',(#5745));
#1311=FACE_BOUND('',#1312,.T.);
#1312=EDGE_LOOP('',(#5746));
#1313=FACE_BOUND('',#1314,.T.);
#1314=EDGE_LOOP('',(#5747));
#1315=FACE_BOUND('',#1316,.T.);
#1316=EDGE_LOOP('',(#5748));
#1317=FACE_BOUND('',#1318,.T.);
#1318=EDGE_LOOP('',(#5749));
#1319=FACE_BOUND('',#1320,.T.);
#1320=EDGE_LOOP('',(#5750));
#1321=FACE_BOUND('',#1322,.T.);
#1322=EDGE_LOOP('',(#5751));
#1323=FACE_BOUND('',#1324,.T.);
#1324=EDGE_LOOP('',(#5752));
#1325=FACE_BOUND('',#1326,.T.);
#1326=EDGE_LOOP('',(#5753));
#1327=FACE_BOUND('',#1328,.T.);
#1328=EDGE_LOOP('',(#5754));
#1329=FACE_BOUND('',#1330,.T.);
#1330=EDGE_LOOP('',(#5755));
#1331=FACE_BOUND('',#1332,.T.);
#1332=EDGE_LOOP('',(#5756));
#1333=FACE_BOUND('',#1334,.T.);
#1334=EDGE_LOOP('',(#5757));
#1335=FACE_BOUND('',#1336,.T.);
#1336=EDGE_LOOP('',(#5758));
#1337=FACE_BOUND('',#1338,.T.);
#1338=EDGE_LOOP('',(#5759));
#1339=FACE_BOUND('',#1340,.T.);
#1340=EDGE_LOOP('',(#5760));
#1341=FACE_BOUND('',#1342,.T.);
#1342=EDGE_LOOP('',(#5761));
#1343=FACE_BOUND('',#1344,.T.);
#1344=EDGE_LOOP('',(#5762));
#1345=FACE_BOUND('',#1346,.T.);
#1346=EDGE_LOOP('',(#5763));
#1347=FACE_BOUND('',#1348,.T.);
#1348=EDGE_LOOP('',(#5764));
#1349=FACE_BOUND('',#1350,.T.);
#1350=EDGE_LOOP('',(#5765));
#1351=FACE_BOUND('',#1352,.T.);
#1352=EDGE_LOOP('',(#5766));
#1353=FACE_BOUND('',#1354,.T.);
#1354=EDGE_LOOP('',(#5767));
#1355=FACE_BOUND('',#1356,.T.);
#1356=EDGE_LOOP('',(#5768));
#1357=FACE_BOUND('',#1358,.T.);
#1358=EDGE_LOOP('',(#5769));
#1359=FACE_BOUND('',#1360,.T.);
#1360=EDGE_LOOP('',(#5770));
#1361=FACE_BOUND('',#1362,.T.);
#1362=EDGE_LOOP('',(#5771));
#1363=FACE_BOUND('',#1364,.T.);
#1364=EDGE_LOOP('',(#5772));
#1365=FACE_BOUND('',#1366,.T.);
#1366=EDGE_LOOP('',(#5773));
#1367=FACE_BOUND('',#1368,.T.);
#1368=EDGE_LOOP('',(#5774));
#1369=FACE_BOUND('',#1370,.T.);
#1370=EDGE_LOOP('',(#5775));
#1371=FACE_BOUND('',#1372,.T.);
#1372=EDGE_LOOP('',(#5776));
#1373=FACE_BOUND('',#1374,.T.);
#1374=EDGE_LOOP('',(#5777));
#1375=FACE_BOUND('',#1376,.T.);
#1376=EDGE_LOOP('',(#5778));
#1377=FACE_BOUND('',#1378,.T.);
#1378=EDGE_LOOP('',(#5779));
#1379=FACE_BOUND('',#1380,.T.);
#1380=EDGE_LOOP('',(#5780));
#1381=FACE_BOUND('',#1382,.T.);
#1382=EDGE_LOOP('',(#5781));
#1383=FACE_BOUND('',#1384,.T.);
#1384=EDGE_LOOP('',(#5782));
#1385=FACE_BOUND('',#1386,.T.);
#1386=EDGE_LOOP('',(#5783));
#1387=FACE_BOUND('',#1388,.T.);
#1388=EDGE_LOOP('',(#5784));
#1389=FACE_BOUND('',#1390,.T.);
#1390=EDGE_LOOP('',(#5785));
#1391=FACE_BOUND('',#1392,.T.);
#1392=EDGE_LOOP('',(#5786));
#1393=FACE_BOUND('',#1394,.T.);
#1394=EDGE_LOOP('',(#5787));
#1395=FACE_BOUND('',#1396,.T.);
#1396=EDGE_LOOP('',(#5788));
#1397=FACE_BOUND('',#1398,.T.);
#1398=EDGE_LOOP('',(#5789));
#1399=FACE_BOUND('',#1400,.T.);
#1400=EDGE_LOOP('',(#5790));
#1401=FACE_BOUND('',#1402,.T.);
#1402=EDGE_LOOP('',(#5791));
#1403=FACE_BOUND('',#1404,.T.);
#1404=EDGE_LOOP('',(#5792));
#1405=FACE_BOUND('',#1406,.T.);
#1406=EDGE_LOOP('',(#5793));
#1407=FACE_BOUND('',#1408,.T.);
#1408=EDGE_LOOP('',(#5794));
#1409=FACE_BOUND('',#1410,.T.);
#1410=EDGE_LOOP('',(#5795));
#1411=FACE_BOUND('',#1412,.T.);
#1412=EDGE_LOOP('',(#5796,#5797,#5798));
#1413=FACE_BOUND('',#1414,.T.);
#1414=EDGE_LOOP('',(#5799,#5800));
#1415=FACE_BOUND('',#1416,.T.);
#1416=EDGE_LOOP('',(#5801,#5802));
#1417=FACE_BOUND('',#1418,.T.);
#1418=EDGE_LOOP('',(#5803));
#1419=FACE_BOUND('',#1420,.T.);
#1420=EDGE_LOOP('',(#5804));
#1421=FACE_BOUND('',#1422,.T.);
#1422=EDGE_LOOP('',(#5805));
#1423=FACE_BOUND('',#1424,.T.);
#1424=EDGE_LOOP('',(#5806));
#1425=FACE_BOUND('',#1426,.T.);
#1426=EDGE_LOOP('',(#5807));
#1427=FACE_BOUND('',#1428,.T.);
#1428=EDGE_LOOP('',(#5808));
#1429=FACE_BOUND('',#1430,.T.);
#1430=EDGE_LOOP('',(#5809));
#1431=FACE_BOUND('',#1432,.T.);
#1432=EDGE_LOOP('',(#5810));
#1433=FACE_BOUND('',#1434,.T.);
#1434=EDGE_LOOP('',(#5811));
#1435=FACE_BOUND('',#1436,.T.);
#1436=EDGE_LOOP('',(#5812));
#1437=FACE_BOUND('',#1438,.T.);
#1438=EDGE_LOOP('',(#5813));
#1439=FACE_BOUND('',#1440,.T.);
#1440=EDGE_LOOP('',(#5814,#5815));
#1441=FACE_BOUND('',#1442,.T.);
#1442=EDGE_LOOP('',(#5816));
#1443=FACE_BOUND('',#1444,.T.);
#1444=EDGE_LOOP('',(#5817));
#1445=FACE_BOUND('',#1446,.T.);
#1446=EDGE_LOOP('',(#5818));
#1447=FACE_BOUND('',#1448,.T.);
#1448=EDGE_LOOP('',(#5819));
#1449=FACE_BOUND('',#1450,.T.);
#1450=EDGE_LOOP('',(#5820));
#1451=FACE_BOUND('',#1452,.T.);
#1452=EDGE_LOOP('',(#5821));
#1453=FACE_BOUND('',#1454,.T.);
#1454=EDGE_LOOP('',(#5822));
#1455=FACE_BOUND('',#1456,.T.);
#1456=EDGE_LOOP('',(#5823));
#1457=FACE_BOUND('',#1458,.T.);
#1458=EDGE_LOOP('',(#5824));
#1459=FACE_BOUND('',#1460,.T.);
#1460=EDGE_LOOP('',(#5825));
#1461=FACE_BOUND('',#1462,.T.);
#1462=EDGE_LOOP('',(#5826));
#1463=FACE_BOUND('',#1464,.T.);
#1464=EDGE_LOOP('',(#5827));
#1465=FACE_BOUND('',#1466,.T.);
#1466=EDGE_LOOP('',(#5828));
#1467=FACE_BOUND('',#1468,.T.);
#1468=EDGE_LOOP('',(#5829));
#1469=FACE_BOUND('',#1470,.T.);
#1470=EDGE_LOOP('',(#5830));
#1471=FACE_BOUND('',#1472,.T.);
#1472=EDGE_LOOP('',(#5831));
#1473=FACE_BOUND('',#1474,.T.);
#1474=EDGE_LOOP('',(#5832));
#1475=FACE_BOUND('',#1476,.T.);
#1476=EDGE_LOOP('',(#5833));
#1477=FACE_BOUND('',#1478,.T.);
#1478=EDGE_LOOP('',(#5834));
#1479=FACE_BOUND('',#1480,.T.);
#1480=EDGE_LOOP('',(#5835));
#1481=FACE_BOUND('',#1482,.T.);
#1482=EDGE_LOOP('',(#5836,#5837,#5838,#5839,#5840,#5841,#5842,#5843));
#1483=PLANE('',#1484);
#1484=AXIS2_PLACEMENT_3D('',#1485,#1486,#1487);
#1485=CARTESIAN_POINT('',(-17.7198901107195,1.08503033526677E-15,-24.));
#1486=DIRECTION('',(-6.12323399573676E-17,-1.,0.));
#1487=DIRECTION('',(1.,-6.12323399573676E-17,0.));
#1488=FACE_BOUND('',#1489,.T.);
#1489=EDGE_LOOP('',(#5844,#5845,#5846,#5847));
#1490=CYLINDRICAL_SURFACE('',#1491,0.500000000000001);
#1491=AXIS2_PLACEMENT_3D('',#1492,#1493,#1494);
#1492=CARTESIAN_POINT('',(-8.35994511071945,7.01446502705125E-16,20.7846096908265));
#1493=DIRECTION('',(7.06253680404605E-17,1.,0.));
#1494=DIRECTION('',(6.12323399573677E-17,-4.32455654546769E-33,-1.));
#1495=FACE_BOUND('',#1496,.T.);
#1496=EDGE_LOOP('',(#5848,#5849,#5850,#5851));
#1497=CYLINDRICAL_SURFACE('',#1498,0.5);
#1498=AXIS2_PLACEMENT_3D('',#1499,#1500,#1501);
#1499=CARTESIAN_POINT('',(-11.3599451107195,9.13322606826507E-16,7.79422863405994));
#1500=DIRECTION('',(7.06253680404605E-17,1.,0.));
#1501=DIRECTION('',(6.12323399573677E-17,-4.32455654546769E-33,-1.));
#1502=FACE_BOUND('',#1503,.T.);
#1503=EDGE_LOOP('',(#5852,#5853,#5854,#5855));
#1504=CYLINDRICAL_SURFACE('',#1505,0.5);
#1505=AXIS2_PLACEMENT_3D('',#1506,#1507,#1508);
#1506=CARTESIAN_POINT('',(-12.8599451107195,1.0192606588872E-15,7.79422863405994));
#1507=DIRECTION('',(7.06253680404605E-17,1.,0.));
#1508=DIRECTION('',(6.12323399573677E-17,-4.32455654546769E-33,-1.));
#1509=FACE_BOUND('',#1510,.T.);
#1510=EDGE_LOOP('',(#5856,#5857,#5858,#5859));
#1511=CYLINDRICAL_SURFACE('',#1512,0.5);
#1512=AXIS2_PLACEMENT_3D('',#1513,#1514,#1515);
#1513=CARTESIAN_POINT('',(-14.3599451107195,1.12519871094789E-15,7.79422863405994));
#1514=DIRECTION('',(7.06253680404605E-17,1.,0.));
#1515=DIRECTION('',(6.12323399573677E-17,-4.32455654546769E-33,-1.));
#1516=FACE_BOUND('',#1517,.T.);
#1517=EDGE_LOOP('',(#5860,#5861,#5862,#5863));
#1518=CYLINDRICAL_SURFACE('',#1519,0.5);
#1519=AXIS2_PLACEMENT_3D('',#1520,#1521,#1522);
#1520=CARTESIAN_POINT('',(-12.1099451107194,9.66291632856852E-16,3.89711431702997));
#1521=DIRECTION('',(7.06253680404605E-17,1.,0.));
#1522=DIRECTION('',(6.12323399573677E-17,-4.32455654546769E-33,-1.));
#1523=FACE_BOUND('',#1524,.T.);
#1524=EDGE_LOOP('',(#5864,#5865,#5866,#5867));
#1525=CYLINDRICAL_SURFACE('',#1526,0.5);
#1526=AXIS2_PLACEMENT_3D('',#1527,#1528,#1529);
#1527=CARTESIAN_POINT('',(-13.6099451107194,1.07222968491754E-15,3.89711431702997));
#1528=DIRECTION('',(7.06253680404605E-17,1.,0.));
#1529=DIRECTION('',(6.12323399573677E-17,-4.32455654546769E-33,-1.));
#1530=FACE_BOUND('',#1531,.T.);
#1531=EDGE_LOOP('',(#5868,#5869,#5870,#5871));
#1532=CYLINDRICAL_SURFACE('',#1533,0.5);
#1533=AXIS2_PLACEMENT_3D('',#1534,#1535,#1536);
#1534=CARTESIAN_POINT('',(-13.6099451107194,1.07222968491754E-15,3.89711431702997));
#1535=DIRECTION('',(7.06253680404605E-17,1.,0.));
#1536=DIRECTION('',(6.12323399573677E-17,-4.32455654546769E-33,-1.));
#1537=FACE_BOUND('',#1538,.T.);
#1538=EDGE_LOOP('',(#5872,#5873,#5874,#5875));
#1539=CYLINDRICAL_SURFACE('',#1540,0.5);
#1540=AXIS2_PLACEMENT_3D('',#1541,#1542,#1543);
#1541=CARTESIAN_POINT('',(-15.1099451107194,1.17816773697823E-15,3.89711431702997));
#1542=DIRECTION('',(7.06253680404605E-17,1.,0.));
#1543=DIRECTION('',(6.12323399573677E-17,-4.32455654546769E-33,-1.));
#1544=FACE_BOUND('',#1545,.T.);
#1545=EDGE_LOOP('',(#5876,#5877,#5878,#5879));
#1546=CYLINDRICAL_SURFACE('',#1547,0.5);
#1547=AXIS2_PLACEMENT_3D('',#1548,#1549,#1550);
#1548=CARTESIAN_POINT('',(-10.6099451107194,8.60353580796161E-16,6.49519052838328));
#1549=DIRECTION('',(7.06253680404605E-17,1.,0.));
#1550=DIRECTION('',(6.12323399573677E-17,-4.32455654546769E-33,-1.));
#1551=FACE_BOUND('',#1552,.T.);
#1552=EDGE_LOOP('',(#5880,#5881,#5882,#5883));
#1553=CYLINDRICAL_SURFACE('',#1554,0.5);
#1554=AXIS2_PLACEMENT_3D('',#1555,#1556,#1557);
#1555=CARTESIAN_POINT('',(-12.1099451107194,9.66291632856852E-16,6.49519052838328));
#1556=DIRECTION('',(7.06253680404605E-17,1.,0.));
#1557=DIRECTION('',(6.12323399573677E-17,-4.32455654546769E-33,-1.));
#1558=FACE_BOUND('',#1559,.T.);
#1559=EDGE_LOOP('',(#5884,#5885,#5886,#5887));
#1560=CYLINDRICAL_SURFACE('',#1561,0.5);
#1561=AXIS2_PLACEMENT_3D('',#1562,#1563,#1564);
#1562=CARTESIAN_POINT('',(-13.6099451107194,1.07222968491754E-15,6.49519052838328));
#1563=DIRECTION('',(7.06253680404605E-17,1.,0.));
#1564=DIRECTION('',(6.12323399573677E-17,-4.32455654546769E-33,-1.));
#1565=FACE_BOUND('',#1566,.T.);
#1566=EDGE_LOOP('',(#5888,#5889,#5890,#5891));
#1567=CYLINDRICAL_SURFACE('',#1568,0.5);
#1568=AXIS2_PLACEMENT_3D('',#1569,#1570,#1571);
#1569=CARTESIAN_POINT('',(-15.1099451107194,1.17816773697823E-15,6.49519052838328));
#1570=DIRECTION('',(7.06253680404605E-17,1.,0.));
#1571=DIRECTION('',(6.12323399573677E-17,-4.32455654546769E-33,-1.));
#1572=FACE_BOUND('',#1573,.T.);
#1573=EDGE_LOOP('',(#5892,#5893,#5894,#5895));
#1574=CYLINDRICAL_SURFACE('',#1575,0.5);
#1575=AXIS2_PLACEMENT_3D('',#1576,#1577,#1578);
#1576=CARTESIAN_POINT('',(-15.1099451107194,1.17816773697823E-15,6.49519052838328));
#1577=DIRECTION('',(7.06253680404605E-17,1.,0.));
#1578=DIRECTION('',(6.12323399573677E-17,-4.32455654546769E-33,-1.));
#1579=FACE_BOUND('',#1580,.T.);
#1580=EDGE_LOOP('',(#5896,#5897,#5898,#5899));
#1581=CYLINDRICAL_SURFACE('',#1582,0.5);
#1582=AXIS2_PLACEMENT_3D('',#1583,#1584,#1585);
#1583=CARTESIAN_POINT('',(-10.6099451107195,8.60353580796161E-16,9.0932667397366));
#1584=DIRECTION('',(7.06253680404605E-17,1.,0.));
#1585=DIRECTION('',(6.12323399573677E-17,-4.32455654546769E-33,-1.));
#1586=FACE_BOUND('',#1587,.T.);
#1587=EDGE_LOOP('',(#5900,#5901,#5902,#5903));
#1588=CYLINDRICAL_SURFACE('',#1589,0.5);
#1589=AXIS2_PLACEMENT_3D('',#1590,#1591,#1592);
#1590=CARTESIAN_POINT('',(-15.1099451107195,1.17816773697823E-15,9.09326673973659));
#1591=DIRECTION('',(7.06253680404605E-17,1.,0.));
#1592=DIRECTION('',(6.12323399573677E-17,-4.32455654546769E-33,-1.));
#1593=FACE_BOUND('',#1594,.T.);
#1594=EDGE_LOOP('',(#5904,#5905,#5906,#5907));
#1595=CYLINDRICAL_SURFACE('',#1596,0.5);
#1596=AXIS2_PLACEMENT_3D('',#1597,#1598,#1599);
#1597=CARTESIAN_POINT('',(-10.6099451107195,8.60353580796161E-16,11.6913429510899));
#1598=DIRECTION('',(7.06253680404605E-17,1.,0.));
#1599=DIRECTION('',(6.12323399573677E-17,-4.32455654546769E-33,-1.));
#1600=FACE_BOUND('',#1601,.T.);
#1601=EDGE_LOOP('',(#5908,#5909,#5910,#5911));
#1602=CYLINDRICAL_SURFACE('',#1603,0.5);
#1603=AXIS2_PLACEMENT_3D('',#1604,#1605,#1606);
#1604=CARTESIAN_POINT('',(-10.6099451107195,8.60353580796161E-16,14.2894191624432));
#1605=DIRECTION('',(7.06253680404605E-17,1.,0.));
#1606=DIRECTION('',(6.12323399573677E-17,-4.32455654546769E-33,-1.));
#1607=FACE_BOUND('',#1608,.T.);
#1608=EDGE_LOOP('',(#5912,#5913,#5914,#5915));
#1609=CYLINDRICAL_SURFACE('',#1610,0.5);
#1610=AXIS2_PLACEMENT_3D('',#1611,#1612,#1613);
#1611=CARTESIAN_POINT('',(-13.6099451107195,1.07222968491754E-15,14.2894191624432));
#1612=DIRECTION('',(7.06253680404605E-17,1.,0.));
#1613=DIRECTION('',(6.12323399573677E-17,-4.32455654546769E-33,-1.));
#1614=FACE_BOUND('',#1615,.T.);
#1615=EDGE_LOOP('',(#5916,#5917,#5918,#5919));
#1616=CYLINDRICAL_SURFACE('',#1617,0.5);
#1617=AXIS2_PLACEMENT_3D('',#1618,#1619,#1620);
#1618=CARTESIAN_POINT('',(-10.6099451107195,8.60353580796161E-16,16.8874953737965));
#1619=DIRECTION('',(7.06253680404605E-17,1.,0.));
#1620=DIRECTION('',(6.12323399573677E-17,-4.32455654546769E-33,-1.));
#1621=FACE_BOUND('',#1622,.T.);
#1622=EDGE_LOOP('',(#5920,#5921,#5922,#5923));
#1623=CYLINDRICAL_SURFACE('',#1624,0.500000000000001);
#1624=AXIS2_PLACEMENT_3D('',#1625,#1626,#1627);
#1625=CARTESIAN_POINT('',(-9.10994511071945,7.54415528735471E-16,16.8874953737965));
#1626=DIRECTION('',(7.06253680404605E-17,1.,0.));
#1627=DIRECTION('',(6.12323399573677E-17,-4.32455654546769E-33,-1.));
#1628=FACE_BOUND('',#1629,.T.);
#1629=EDGE_LOOP('',(#5924,#5925,#5926,#5927));
#1630=CYLINDRICAL_SURFACE('',#1631,0.5);
#1631=AXIS2_PLACEMENT_3D('',#1632,#1633,#1634);
#1632=CARTESIAN_POINT('',(-13.6099451107195,1.07222968491754E-15,16.8874953737965));
#1633=DIRECTION('',(7.06253680404605E-17,1.,0.));
#1634=DIRECTION('',(6.12323399573677E-17,-4.32455654546769E-33,-1.));
#1635=FACE_BOUND('',#1636,.T.);
#1636=EDGE_LOOP('',(#5928,#5929,#5930,#5931));
#1637=CYLINDRICAL_SURFACE('',#1638,0.500000000000001);
#1638=AXIS2_PLACEMENT_3D('',#1639,#1640,#1641);
#1639=CARTESIAN_POINT('',(-9.10994511071945,7.54415528735471E-16,19.4855715851498));
#1640=DIRECTION('',(7.06253680404605E-17,1.,0.));
#1641=DIRECTION('',(6.12323399573677E-17,-4.32455654546769E-33,-1.));
#1642=FACE_BOUND('',#1643,.T.);
#1643=EDGE_LOOP('',(#5932,#5933,#5934,#5935));
#1644=CYLINDRICAL_SURFACE('',#1645,0.5);
#1645=AXIS2_PLACEMENT_3D('',#1646,#1647,#1648);
#1646=CARTESIAN_POINT('',(-13.6099451107195,1.07222968491754E-15,19.4855715851498));
#1647=DIRECTION('',(7.06253680404605E-17,1.,0.));
#1648=DIRECTION('',(6.12323399573677E-17,-4.32455654546769E-33,-1.));
#1649=FACE_BOUND('',#1650,.T.);
#1650=EDGE_LOOP('',(#5936,#5937,#5938,#5939));
#1651=CYLINDRICAL_SURFACE('',#1652,0.5);
#1652=AXIS2_PLACEMENT_3D('',#1653,#1654,#1655);
#1653=CARTESIAN_POINT('',(-11.3599451107195,9.13322606826507E-16,5.19615242270663));
#1654=DIRECTION('',(7.06253680404605E-17,1.,0.));
#1655=DIRECTION('',(6.12323399573677E-17,-4.32455654546769E-33,-1.));
#1656=FACE_BOUND('',#1657,.T.);
#1657=EDGE_LOOP('',(#5940,#5941,#5942,#5943));
#1658=CYLINDRICAL_SURFACE('',#1659,0.5);
#1659=AXIS2_PLACEMENT_3D('',#1660,#1661,#1662);
#1660=CARTESIAN_POINT('',(-12.8599451107195,1.0192606588872E-15,5.19615242270663));
#1661=DIRECTION('',(7.06253680404605E-17,1.,0.));
#1662=DIRECTION('',(6.12323399573677E-17,-4.32455654546769E-33,-1.));
#1663=FACE_BOUND('',#1664,.T.);
#1664=EDGE_LOOP('',(#5944,#5945,#5946,#5947));
#1665=CYLINDRICAL_SURFACE('',#1666,0.5);
#1666=AXIS2_PLACEMENT_3D('',#1667,#1668,#1669);
#1667=CARTESIAN_POINT('',(-12.8599451107195,1.0192606588872E-15,5.19615242270663));
#1668=DIRECTION('',(7.06253680404605E-17,1.,0.));
#1669=DIRECTION('',(6.12323399573677E-17,-4.32455654546769E-33,-1.));
#1670=FACE_BOUND('',#1671,.T.);
#1671=EDGE_LOOP('',(#5948,#5949,#5950,#5951));
#1672=CYLINDRICAL_SURFACE('',#1673,0.5);
#1673=AXIS2_PLACEMENT_3D('',#1674,#1675,#1676);
#1674=CARTESIAN_POINT('',(-14.3599451107195,1.12519871094789E-15,5.19615242270663));
#1675=DIRECTION('',(7.06253680404605E-17,1.,0.));
#1676=DIRECTION('',(6.12323399573677E-17,-4.32455654546769E-33,-1.));
#1677=FACE_BOUND('',#1678,.T.);
#1678=EDGE_LOOP('',(#5952,#5953,#5954,#5955));
#1679=CYLINDRICAL_SURFACE('',#1680,0.5);
#1680=AXIS2_PLACEMENT_3D('',#1681,#1682,#1683);
#1681=CARTESIAN_POINT('',(-14.3599451107195,1.12519871094789E-15,5.19615242270663));
#1682=DIRECTION('',(7.06253680404605E-17,1.,0.));
#1683=DIRECTION('',(6.12323399573677E-17,-4.32455654546769E-33,-1.));
#1684=FACE_BOUND('',#1685,.T.);
#1685=EDGE_LOOP('',(#5956,#5957,#5958,#5959));
#1686=CYLINDRICAL_SURFACE('',#1687,0.5);
#1687=AXIS2_PLACEMENT_3D('',#1688,#1689,#1690);
#1688=CARTESIAN_POINT('',(-14.3599451107195,1.12519871094789E-15,5.19615242270663));
#1689=DIRECTION('',(7.06253680404605E-17,1.,0.));
#1690=DIRECTION('',(6.12323399573677E-17,-4.32455654546769E-33,-1.));
#1691=FACE_BOUND('',#1692,.T.);
#1692=EDGE_LOOP('',(#5960,#5961,#5962,#5963));
#1693=CYLINDRICAL_SURFACE('',#1694,0.5);
#1694=AXIS2_PLACEMENT_3D('',#1695,#1696,#1697);
#1695=CARTESIAN_POINT('',(-15.8599451107195,1.23113676300858E-15,5.19615242270663));
#1696=DIRECTION('',(7.06253680404605E-17,1.,0.));
#1697=DIRECTION('',(6.12323399573677E-17,-4.32455654546769E-33,-1.));
#1698=FACE_BOUND('',#1699,.T.);
#1699=EDGE_LOOP('',(#5964,#5965,#5966,#5967));
#1700=CYLINDRICAL_SURFACE('',#1701,0.5);
#1701=AXIS2_PLACEMENT_3D('',#1702,#1703,#1704);
#1702=CARTESIAN_POINT('',(-9.85994511071945,8.07384554765816E-16,10.3923048454133));
#1703=DIRECTION('',(7.06253680404605E-17,1.,0.));
#1704=DIRECTION('',(6.12323399573677E-17,-4.32455654546769E-33,-1.));
#1705=FACE_BOUND('',#1706,.T.);
#1706=EDGE_LOOP('',(#5968,#5969,#5970,#5971));
#1707=CYLINDRICAL_SURFACE('',#1708,0.5);
#1708=AXIS2_PLACEMENT_3D('',#1709,#1710,#1711);
#1709=CARTESIAN_POINT('',(-11.3599451107195,9.13322606826507E-16,10.3923048454133));
#1710=DIRECTION('',(7.06253680404605E-17,1.,0.));
#1711=DIRECTION('',(6.12323399573677E-17,-4.32455654546769E-33,-1.));
#1712=FACE_BOUND('',#1713,.T.);
#1713=EDGE_LOOP('',(#5972,#5973,#5974,#5975));
#1714=CYLINDRICAL_SURFACE('',#1715,0.5);
#1715=AXIS2_PLACEMENT_3D('',#1716,#1717,#1718);
#1716=CARTESIAN_POINT('',(-12.8599451107195,1.0192606588872E-15,10.3923048454133));
#1717=DIRECTION('',(7.06253680404605E-17,1.,0.));
#1718=DIRECTION('',(6.12323399573677E-17,-4.32455654546769E-33,-1.));
#1719=FACE_BOUND('',#1720,.T.);
#1720=EDGE_LOOP('',(#5976,#5977,#5978,#5979));
#1721=CYLINDRICAL_SURFACE('',#1722,0.5);
#1722=AXIS2_PLACEMENT_3D('',#1723,#1724,#1725);
#1723=CARTESIAN_POINT('',(-14.3599451107195,1.12519871094789E-15,10.3923048454133));
#1724=DIRECTION('',(7.06253680404605E-17,1.,0.));
#1725=DIRECTION('',(6.12323399573677E-17,-4.32455654546769E-33,-1.));
#1726=FACE_BOUND('',#1727,.T.);
#1727=EDGE_LOOP('',(#5980,#5981,#5982,#5983));
#1728=CYLINDRICAL_SURFACE('',#1729,0.5);
#1729=AXIS2_PLACEMENT_3D('',#1730,#1731,#1732);
#1730=CARTESIAN_POINT('',(-11.3599451107195,9.13322606826507E-16,12.9903810567666));
#1731=DIRECTION('',(7.06253680404605E-17,1.,0.));
#1732=DIRECTION('',(6.12323399573677E-17,-4.32455654546769E-33,-1.));
#1733=FACE_BOUND('',#1734,.T.);
#1734=EDGE_LOOP('',(#5984,#5985,#5986,#5987));
#1735=CYLINDRICAL_SURFACE('',#1736,0.5);
#1736=AXIS2_PLACEMENT_3D('',#1737,#1738,#1739);
#1737=CARTESIAN_POINT('',(-12.8599451107195,1.0192606588872E-15,12.9903810567666));
#1738=DIRECTION('',(7.06253680404605E-17,1.,0.));
#1739=DIRECTION('',(6.12323399573677E-17,-4.32455654546769E-33,-1.));
#1740=FACE_BOUND('',#1741,.T.);
#1741=EDGE_LOOP('',(#5988,#5989,#5990,#5991));
#1742=CYLINDRICAL_SURFACE('',#1743,0.5);
#1743=AXIS2_PLACEMENT_3D('',#1744,#1745,#1746);
#1744=CARTESIAN_POINT('',(-9.85994511071945,8.07384554765816E-16,15.5884572681199));
#1745=DIRECTION('',(7.06253680404605E-17,1.,0.));
#1746=DIRECTION('',(6.12323399573677E-17,-4.32455654546769E-33,-1.));
#1747=FACE_BOUND('',#1748,.T.);
#1748=EDGE_LOOP('',(#5992,#5993,#5994,#5995));
#1749=CYLINDRICAL_SURFACE('',#1750,0.5);
#1750=AXIS2_PLACEMENT_3D('',#1751,#1752,#1753);
#1751=CARTESIAN_POINT('',(-11.3599451107195,9.13322606826507E-16,15.5884572681199));
#1752=DIRECTION('',(7.06253680404605E-17,1.,0.));
#1753=DIRECTION('',(6.12323399573677E-17,-4.32455654546769E-33,-1.));
#1754=FACE_BOUND('',#1755,.T.);
#1755=EDGE_LOOP('',(#5996,#5997,#5998,#5999));
#1756=CYLINDRICAL_SURFACE('',#1757,0.5);
#1757=AXIS2_PLACEMENT_3D('',#1758,#1759,#1760);
#1758=CARTESIAN_POINT('',(-12.8599451107195,1.0192606588872E-15,15.5884572681199));
#1759=DIRECTION('',(7.06253680404605E-17,1.,0.));
#1760=DIRECTION('',(6.12323399573677E-17,-4.32455654546769E-33,-1.));
#1761=FACE_BOUND('',#1762,.T.);
#1762=EDGE_LOOP('',(#6000,#6001,#6002,#6003));
#1763=CYLINDRICAL_SURFACE('',#1764,0.5);
#1764=AXIS2_PLACEMENT_3D('',#1765,#1766,#1767);
#1765=CARTESIAN_POINT('',(-9.85994511071945,8.07384554765816E-16,18.1865334794732));
#1766=DIRECTION('',(7.06253680404605E-17,1.,0.));
#1767=DIRECTION('',(6.12323399573677E-17,-4.32455654546769E-33,-1.));
#1768=FACE_BOUND('',#1769,.T.);
#1769=EDGE_LOOP('',(#6004,#6005,#6006,#6007));
#1770=CYLINDRICAL_SURFACE('',#1771,0.5);
#1771=AXIS2_PLACEMENT_3D('',#1772,#1773,#1774);
#1772=CARTESIAN_POINT('',(-11.3599451107195,9.13322606826507E-16,18.1865334794732));
#1773=DIRECTION('',(7.06253680404605E-17,1.,0.));
#1774=DIRECTION('',(6.12323399573677E-17,-4.32455654546769E-33,-1.));
#1775=FACE_BOUND('',#1776,.T.);
#1776=EDGE_LOOP('',(#6008,#6009,#6010,#6011));
#1777=CYLINDRICAL_SURFACE('',#1778,0.5);
#1778=AXIS2_PLACEMENT_3D('',#1779,#1780,#1781);
#1779=CARTESIAN_POINT('',(-12.8599451107195,1.0192606588872E-15,18.1865334794732));
#1780=DIRECTION('',(7.06253680404605E-17,1.,0.));
#1781=DIRECTION('',(6.12323399573677E-17,-4.32455654546769E-33,-1.));
#1782=FACE_BOUND('',#1783,.T.);
#1783=EDGE_LOOP('',(#6012,#6013,#6014,#6015));
#1784=CYLINDRICAL_SURFACE('',#1785,0.5);
#1785=AXIS2_PLACEMENT_3D('',#1786,#1787,#1788);
#1786=CARTESIAN_POINT('',(-9.85994511071945,8.07384554765816E-16,20.7846096908265));
#1787=DIRECTION('',(7.06253680404605E-17,1.,0.));
#1788=DIRECTION('',(6.12323399573677E-17,-4.32455654546769E-33,-1.));
#1789=FACE_BOUND('',#1790,.T.);
#1790=EDGE_LOOP('',(#6016,#6017,#6018,#6019));
#1791=CYLINDRICAL_SURFACE('',#1792,0.5);
#1792=AXIS2_PLACEMENT_3D('',#1793,#1794,#1795);
#1793=CARTESIAN_POINT('',(-11.3599451107195,9.13322606826507E-16,20.7846096908265));
#1794=DIRECTION('',(7.06253680404605E-17,1.,0.));
#1795=DIRECTION('',(6.12323399573677E-17,-4.32455654546769E-33,-1.));
#1796=FACE_BOUND('',#1797,.T.);
#1797=EDGE_LOOP('',(#6020,#6021,#6022,#6023));
#1798=CYLINDRICAL_SURFACE('',#1799,0.5);
#1799=AXIS2_PLACEMENT_3D('',#1800,#1801,#1802);
#1800=CARTESIAN_POINT('',(-12.8599451107195,1.0192606588872E-15,20.7846096908265));
#1801=DIRECTION('',(7.06253680404605E-17,1.,0.));
#1802=DIRECTION('',(6.12323399573677E-17,-4.32455654546769E-33,-1.));
#1803=FACE_BOUND('',#1804,.T.);
#1804=EDGE_LOOP('',(#6024,#6025,#6026,#6027,#6028,#6029,#6030,#6031,#6032,#6033,
#6034,#6035,#6036,#6037,#6038));
#1805=FACE_BOUND('',#1806,.T.);
#1806=EDGE_LOOP('',(#6039));
#1807=PLANE('',#1808);
#1808=AXIS2_PLACEMENT_3D('',#1809,#1810,#1811);
#1809=CARTESIAN_POINT('',(-2.,1.,-24.));
#1810=DIRECTION('',(7.06253680404605E-17,1.,0.));
#1811=DIRECTION('',(-1.,7.06253680404605E-17,0.));
#1812=FACE_BOUND('',#1813,.T.);
#1813=EDGE_LOOP('',(#6040,#6041,#6042,#6043,#6044,#6045,#6046));
#1814=PLANE('',#1815);
#1815=AXIS2_PLACEMENT_3D('',#1816,#1817,#1818);
#1816=CARTESIAN_POINT('',(-2.,1.,-24.));
#1817=DIRECTION('',(7.06253680404605E-17,1.,0.));
#1818=DIRECTION('',(-1.,7.06253680404605E-17,0.));
#1819=FACE_BOUND('',#1820,.T.);
#1820=EDGE_LOOP('',(#6047,#6048,#6049,#6050,#6051,#6052,#6053,#6054,#6055,#6056,
#6057,#6058,#6059,#6060));
#1821=PLANE('',#1822);
#1822=AXIS2_PLACEMENT_3D('',#1823,#1824,#1825);
#1823=CARTESIAN_POINT('',(-2.,1.,-24.));
#1824=DIRECTION('',(7.06253680404605E-17,1.,0.));
#1825=DIRECTION('',(-1.,7.06253680404605E-17,0.));
#1826=FACE_BOUND('',#1827,.T.);
#1827=EDGE_LOOP('',(#6061,#6062,#6063,#6064,#6065,#6066,#6067,#6068,#6069));
#1828=PLANE('',#1829);
#1829=AXIS2_PLACEMENT_3D('',#1830,#1831,#1832);
#1830=CARTESIAN_POINT('',(-2.,1.,-24.));
#1831=DIRECTION('',(7.06253680404605E-17,1.,0.));
#1832=DIRECTION('',(-1.,7.06253680404605E-17,0.));
#1833=FACE_BOUND('',#1834,.T.);
#1834=EDGE_LOOP('',(#6070,#6071,#6072));
#1835=PLANE('',#1836);
#1836=AXIS2_PLACEMENT_3D('',#1837,#1838,#1839);
#1837=CARTESIAN_POINT('',(-2.,1.,-24.));
#1838=DIRECTION('',(7.06253680404605E-17,1.,0.));
#1839=DIRECTION('',(-1.,7.06253680404605E-17,0.));
#1840=FACE_BOUND('',#1841,.T.);
#1841=EDGE_LOOP('',(#6073,#6074,#6075,#6076));
#1842=FACE_BOUND('',#1843,.T.);
#1843=EDGE_LOOP('',(#6077));
#1844=FACE_BOUND('',#1845,.T.);
#1845=EDGE_LOOP('',(#6078));
#1846=FACE_BOUND('',#1847,.T.);
#1847=EDGE_LOOP('',(#6079));
#1848=FACE_BOUND('',#1849,.T.);
#1849=EDGE_LOOP('',(#6080));
#1850=FACE_BOUND('',#1851,.T.);
#1851=EDGE_LOOP('',(#6081));
#1852=FACE_BOUND('',#1853,.T.);
#1853=EDGE_LOOP('',(#6082));
#1854=FACE_BOUND('',#1855,.T.);
#1855=EDGE_LOOP('',(#6083));
#1856=FACE_BOUND('',#1857,.T.);
#1857=EDGE_LOOP('',(#6084));
#1858=FACE_BOUND('',#1859,.T.);
#1859=EDGE_LOOP('',(#6085));
#1860=FACE_BOUND('',#1861,.T.);
#1861=EDGE_LOOP('',(#6086));
#1862=FACE_BOUND('',#1863,.T.);
#1863=EDGE_LOOP('',(#6087));
#1864=FACE_BOUND('',#1865,.T.);
#1865=EDGE_LOOP('',(#6088));
#1866=FACE_BOUND('',#1867,.T.);
#1867=EDGE_LOOP('',(#6089));
#1868=FACE_BOUND('',#1869,.T.);
#1869=EDGE_LOOP('',(#6090));
#1870=FACE_BOUND('',#1871,.T.);
#1871=EDGE_LOOP('',(#6091));
#1872=FACE_BOUND('',#1873,.T.);
#1873=EDGE_LOOP('',(#6092));
#1874=FACE_BOUND('',#1875,.T.);
#1875=EDGE_LOOP('',(#6093));
#1876=FACE_BOUND('',#1877,.T.);
#1877=EDGE_LOOP('',(#6094));
#1878=FACE_BOUND('',#1879,.T.);
#1879=EDGE_LOOP('',(#6095));
#1880=FACE_BOUND('',#1881,.T.);
#1881=EDGE_LOOP('',(#6096));
#1882=FACE_BOUND('',#1883,.T.);
#1883=EDGE_LOOP('',(#6097));
#1884=FACE_BOUND('',#1885,.T.);
#1885=EDGE_LOOP('',(#6098));
#1886=FACE_BOUND('',#1887,.T.);
#1887=EDGE_LOOP('',(#6099));
#1888=FACE_BOUND('',#1889,.T.);
#1889=EDGE_LOOP('',(#6100));
#1890=FACE_BOUND('',#1891,.T.);
#1891=EDGE_LOOP('',(#6101));
#1892=FACE_BOUND('',#1893,.T.);
#1893=EDGE_LOOP('',(#6102));
#1894=FACE_BOUND('',#1895,.T.);
#1895=EDGE_LOOP('',(#6103));
#1896=FACE_BOUND('',#1897,.T.);
#1897=EDGE_LOOP('',(#6104));
#1898=FACE_BOUND('',#1899,.T.);
#1899=EDGE_LOOP('',(#6105));
#1900=FACE_BOUND('',#1901,.T.);
#1901=EDGE_LOOP('',(#6106));
#1902=FACE_BOUND('',#1903,.T.);
#1903=EDGE_LOOP('',(#6107));
#1904=FACE_BOUND('',#1905,.T.);
#1905=EDGE_LOOP('',(#6108));
#1906=FACE_BOUND('',#1907,.T.);
#1907=EDGE_LOOP('',(#6109));
#1908=FACE_BOUND('',#1909,.T.);
#1909=EDGE_LOOP('',(#6110));
#1910=FACE_BOUND('',#1911,.T.);
#1911=EDGE_LOOP('',(#6111));
#1912=FACE_BOUND('',#1913,.T.);
#1913=EDGE_LOOP('',(#6112));
#1914=FACE_BOUND('',#1915,.T.);
#1915=EDGE_LOOP('',(#6113));
#1916=FACE_BOUND('',#1917,.T.);
#1917=EDGE_LOOP('',(#6114));
#1918=FACE_BOUND('',#1919,.T.);
#1919=EDGE_LOOP('',(#6115));
#1920=FACE_BOUND('',#1921,.T.);
#1921=EDGE_LOOP('',(#6116));
#1922=FACE_BOUND('',#1923,.T.);
#1923=EDGE_LOOP('',(#6117));
#1924=FACE_BOUND('',#1925,.T.);
#1925=EDGE_LOOP('',(#6118));
#1926=FACE_BOUND('',#1927,.T.);
#1927=EDGE_LOOP('',(#6119));
#1928=FACE_BOUND('',#1929,.T.);
#1929=EDGE_LOOP('',(#6120));
#1930=FACE_BOUND('',#1931,.T.);
#1931=EDGE_LOOP('',(#6121));
#1932=FACE_BOUND('',#1933,.T.);
#1933=EDGE_LOOP('',(#6122));
#1934=FACE_BOUND('',#1935,.T.);
#1935=EDGE_LOOP('',(#6123));
#1936=FACE_BOUND('',#1937,.T.);
#1937=EDGE_LOOP('',(#6124));
#1938=FACE_BOUND('',#1939,.T.);
#1939=EDGE_LOOP('',(#6125));
#1940=FACE_BOUND('',#1941,.T.);
#1941=EDGE_LOOP('',(#6126));
#1942=FACE_BOUND('',#1943,.T.);
#1943=EDGE_LOOP('',(#6127));
#1944=FACE_BOUND('',#1945,.T.);
#1945=EDGE_LOOP('',(#6128));
#1946=FACE_BOUND('',#1947,.T.);
#1947=EDGE_LOOP('',(#6129));
#1948=FACE_BOUND('',#1949,.T.);
#1949=EDGE_LOOP('',(#6130));
#1950=FACE_BOUND('',#1951,.T.);
#1951=EDGE_LOOP('',(#6131));
#1952=FACE_BOUND('',#1953,.T.);
#1953=EDGE_LOOP('',(#6132));
#1954=FACE_BOUND('',#1955,.T.);
#1955=EDGE_LOOP('',(#6133));
#1956=FACE_BOUND('',#1957,.T.);
#1957=EDGE_LOOP('',(#6134));
#1958=FACE_BOUND('',#1959,.T.);
#1959=EDGE_LOOP('',(#6135));
#1960=FACE_BOUND('',#1961,.T.);
#1961=EDGE_LOOP('',(#6136));
#1962=FACE_BOUND('',#1963,.T.);
#1963=EDGE_LOOP('',(#6137));
#1964=FACE_BOUND('',#1965,.T.);
#1965=EDGE_LOOP('',(#6138));
#1966=FACE_BOUND('',#1967,.T.);
#1967=EDGE_LOOP('',(#6139));
#1968=FACE_BOUND('',#1969,.T.);
#1969=EDGE_LOOP('',(#6140));
#1970=FACE_BOUND('',#1971,.T.);
#1971=EDGE_LOOP('',(#6141));
#1972=FACE_BOUND('',#1973,.T.);
#1973=EDGE_LOOP('',(#6142));
#1974=FACE_BOUND('',#1975,.T.);
#1975=EDGE_LOOP('',(#6143));
#1976=FACE_BOUND('',#1977,.T.);
#1977=EDGE_LOOP('',(#6144));
#1978=FACE_BOUND('',#1979,.T.);
#1979=EDGE_LOOP('',(#6145));
#1980=FACE_BOUND('',#1981,.T.);
#1981=EDGE_LOOP('',(#6146));
#1982=FACE_BOUND('',#1983,.T.);
#1983=EDGE_LOOP('',(#6147));
#1984=FACE_BOUND('',#1985,.T.);
#1985=EDGE_LOOP('',(#6148));
#1986=FACE_BOUND('',#1987,.T.);
#1987=EDGE_LOOP('',(#6149));
#1988=FACE_BOUND('',#1989,.T.);
#1989=EDGE_LOOP('',(#6150));
#1990=FACE_BOUND('',#1991,.T.);
#1991=EDGE_LOOP('',(#6151));
#1992=FACE_BOUND('',#1993,.T.);
#1993=EDGE_LOOP('',(#6152));
#1994=FACE_BOUND('',#1995,.T.);
#1995=EDGE_LOOP('',(#6153));
#1996=FACE_BOUND('',#1997,.T.);
#1997=EDGE_LOOP('',(#6154));
#1998=FACE_BOUND('',#1999,.T.);
#1999=EDGE_LOOP('',(#6155));
#2000=FACE_BOUND('',#2001,.T.);
#2001=EDGE_LOOP('',(#6156));
#2002=FACE_BOUND('',#2003,.T.);
#2003=EDGE_LOOP('',(#6157));
#2004=FACE_BOUND('',#2005,.T.);
#2005=EDGE_LOOP('',(#6158));
#2006=FACE_BOUND('',#2007,.T.);
#2007=EDGE_LOOP('',(#6159));
#2008=FACE_BOUND('',#2009,.T.);
#2009=EDGE_LOOP('',(#6160));
#2010=FACE_BOUND('',#2011,.T.);
#2011=EDGE_LOOP('',(#6161));
#2012=FACE_BOUND('',#2013,.T.);
#2013=EDGE_LOOP('',(#6162));
#2014=FACE_BOUND('',#2015,.T.);
#2015=EDGE_LOOP('',(#6163));
#2016=FACE_BOUND('',#2017,.T.);
#2017=EDGE_LOOP('',(#6164));
#2018=FACE_BOUND('',#2019,.T.);
#2019=EDGE_LOOP('',(#6165));
#2020=FACE_BOUND('',#2021,.T.);
#2021=EDGE_LOOP('',(#6166));
#2022=FACE_BOUND('',#2023,.T.);
#2023=EDGE_LOOP('',(#6167));
#2024=FACE_BOUND('',#2025,.T.);
#2025=EDGE_LOOP('',(#6168));
#2026=FACE_BOUND('',#2027,.T.);
#2027=EDGE_LOOP('',(#6169));
#2028=FACE_BOUND('',#2029,.T.);
#2029=EDGE_LOOP('',(#6170));
#2030=FACE_BOUND('',#2031,.T.);
#2031=EDGE_LOOP('',(#6171));
#2032=FACE_BOUND('',#2033,.T.);
#2033=EDGE_LOOP('',(#6172));
#2034=FACE_BOUND('',#2035,.T.);
#2035=EDGE_LOOP('',(#6173));
#2036=FACE_BOUND('',#2037,.T.);
#2037=EDGE_LOOP('',(#6174));
#2038=FACE_BOUND('',#2039,.T.);
#2039=EDGE_LOOP('',(#6175));
#2040=FACE_BOUND('',#2041,.T.);
#2041=EDGE_LOOP('',(#6176));
#2042=FACE_BOUND('',#2043,.T.);
#2043=EDGE_LOOP('',(#6177));
#2044=FACE_BOUND('',#2045,.T.);
#2045=EDGE_LOOP('',(#6178));
#2046=FACE_BOUND('',#2047,.T.);
#2047=EDGE_LOOP('',(#6179));
#2048=FACE_BOUND('',#2049,.T.);
#2049=EDGE_LOOP('',(#6180));
#2050=FACE_BOUND('',#2051,.T.);
#2051=EDGE_LOOP('',(#6181));
#2052=FACE_BOUND('',#2053,.T.);
#2053=EDGE_LOOP('',(#6182));
#2054=FACE_BOUND('',#2055,.T.);
#2055=EDGE_LOOP('',(#6183));
#2056=FACE_BOUND('',#2057,.T.);
#2057=EDGE_LOOP('',(#6184));
#2058=FACE_BOUND('',#2059,.T.);
#2059=EDGE_LOOP('',(#6185));
#2060=FACE_BOUND('',#2061,.T.);
#2061=EDGE_LOOP('',(#6186));
#2062=FACE_BOUND('',#2063,.T.);
#2063=EDGE_LOOP('',(#6187));
#2064=FACE_BOUND('',#2065,.T.);
#2065=EDGE_LOOP('',(#6188));
#2066=FACE_BOUND('',#2067,.T.);
#2067=EDGE_LOOP('',(#6189));
#2068=FACE_BOUND('',#2069,.T.);
#2069=EDGE_LOOP('',(#6190));
#2070=FACE_BOUND('',#2071,.T.);
#2071=EDGE_LOOP('',(#6191));
#2072=FACE_BOUND('',#2073,.T.);
#2073=EDGE_LOOP('',(#6192));
#2074=FACE_BOUND('',#2075,.T.);
#2075=EDGE_LOOP('',(#6193));
#2076=FACE_BOUND('',#2077,.T.);
#2077=EDGE_LOOP('',(#6194));
#2078=FACE_BOUND('',#2079,.T.);
#2079=EDGE_LOOP('',(#6195));
#2080=FACE_BOUND('',#2081,.T.);
#2081=EDGE_LOOP('',(#6196));
#2082=FACE_BOUND('',#2083,.T.);
#2083=EDGE_LOOP('',(#6197));
#2084=FACE_BOUND('',#2085,.T.);
#2085=EDGE_LOOP('',(#6198));
#2086=FACE_BOUND('',#2087,.T.);
#2087=EDGE_LOOP('',(#6199));
#2088=FACE_BOUND('',#2089,.T.);
#2089=EDGE_LOOP('',(#6200));
#2090=FACE_BOUND('',#2091,.T.);
#2091=EDGE_LOOP('',(#6201));
#2092=FACE_BOUND('',#2093,.T.);
#2093=EDGE_LOOP('',(#6202));
#2094=FACE_BOUND('',#2095,.T.);
#2095=EDGE_LOOP('',(#6203));
#2096=FACE_BOUND('',#2097,.T.);
#2097=EDGE_LOOP('',(#6204));
#2098=FACE_BOUND('',#2099,.T.);
#2099=EDGE_LOOP('',(#6205));
#2100=FACE_BOUND('',#2101,.T.);
#2101=EDGE_LOOP('',(#6206));
#2102=FACE_BOUND('',#2103,.T.);
#2103=EDGE_LOOP('',(#6207));
#2104=FACE_BOUND('',#2105,.T.);
#2105=EDGE_LOOP('',(#6208));
#2106=FACE_BOUND('',#2107,.T.);
#2107=EDGE_LOOP('',(#6209));
#2108=FACE_BOUND('',#2109,.T.);
#2109=EDGE_LOOP('',(#6210));
#2110=FACE_BOUND('',#2111,.T.);
#2111=EDGE_LOOP('',(#6211));
#2112=FACE_BOUND('',#2113,.T.);
#2113=EDGE_LOOP('',(#6212));
#2114=FACE_BOUND('',#2115,.T.);
#2115=EDGE_LOOP('',(#6213));
#2116=FACE_BOUND('',#2117,.T.);
#2117=EDGE_LOOP('',(#6214));
#2118=FACE_BOUND('',#2119,.T.);
#2119=EDGE_LOOP('',(#6215));
#2120=FACE_BOUND('',#2121,.T.);
#2121=EDGE_LOOP('',(#6216));
#2122=FACE_BOUND('',#2123,.T.);
#2123=EDGE_LOOP('',(#6217));
#2124=FACE_BOUND('',#2125,.T.);
#2125=EDGE_LOOP('',(#6218));
#2126=FACE_BOUND('',#2127,.T.);
#2127=EDGE_LOOP('',(#6219));
#2128=FACE_BOUND('',#2129,.T.);
#2129=EDGE_LOOP('',(#6220));
#2130=FACE_BOUND('',#2131,.T.);
#2131=EDGE_LOOP('',(#6221));
#2132=FACE_BOUND('',#2133,.T.);
#2133=EDGE_LOOP('',(#6222));
#2134=FACE_BOUND('',#2135,.T.);
#2135=EDGE_LOOP('',(#6223));
#2136=FACE_BOUND('',#2137,.T.);
#2137=EDGE_LOOP('',(#6224));
#2138=FACE_BOUND('',#2139,.T.);
#2139=EDGE_LOOP('',(#6225));
#2140=FACE_BOUND('',#2141,.T.);
#2141=EDGE_LOOP('',(#6226));
#2142=FACE_BOUND('',#2143,.T.);
#2143=EDGE_LOOP('',(#6227));
#2144=FACE_BOUND('',#2145,.T.);
#2145=EDGE_LOOP('',(#6228));
#2146=FACE_BOUND('',#2147,.T.);
#2147=EDGE_LOOP('',(#6229));
#2148=FACE_BOUND('',#2149,.T.);
#2149=EDGE_LOOP('',(#6230));
#2150=FACE_BOUND('',#2151,.T.);
#2151=EDGE_LOOP('',(#6231));
#2152=FACE_BOUND('',#2153,.T.);
#2153=EDGE_LOOP('',(#6232));
#2154=FACE_BOUND('',#2155,.T.);
#2155=EDGE_LOOP('',(#6233));
#2156=FACE_BOUND('',#2157,.T.);
#2157=EDGE_LOOP('',(#6234));
#2158=FACE_BOUND('',#2159,.T.);
#2159=EDGE_LOOP('',(#6235));
#2160=FACE_BOUND('',#2161,.T.);
#2161=EDGE_LOOP('',(#6236));
#2162=FACE_BOUND('',#2163,.T.);
#2163=EDGE_LOOP('',(#6237));
#2164=FACE_BOUND('',#2165,.T.);
#2165=EDGE_LOOP('',(#6238));
#2166=FACE_BOUND('',#2167,.T.);
#2167=EDGE_LOOP('',(#6239));
#2168=FACE_BOUND('',#2169,.T.);
#2169=EDGE_LOOP('',(#6240));
#2170=FACE_BOUND('',#2171,.T.);
#2171=EDGE_LOOP('',(#6241));
#2172=FACE_BOUND('',#2173,.T.);
#2173=EDGE_LOOP('',(#6242));
#2174=FACE_BOUND('',#2175,.T.);
#2175=EDGE_LOOP('',(#6243));
#2176=FACE_BOUND('',#2177,.T.);
#2177=EDGE_LOOP('',(#6244));
#2178=FACE_BOUND('',#2179,.T.);
#2179=EDGE_LOOP('',(#6245));
#2180=FACE_BOUND('',#2181,.T.);
#2181=EDGE_LOOP('',(#6246));
#2182=FACE_BOUND('',#2183,.T.);
#2183=EDGE_LOOP('',(#6247));
#2184=FACE_BOUND('',#2185,.T.);
#2185=EDGE_LOOP('',(#6248));
#2186=FACE_BOUND('',#2187,.T.);
#2187=EDGE_LOOP('',(#6249));
#2188=FACE_BOUND('',#2189,.T.);
#2189=EDGE_LOOP('',(#6250));
#2190=FACE_BOUND('',#2191,.T.);
#2191=EDGE_LOOP('',(#6251));
#2192=FACE_BOUND('',#2193,.T.);
#2193=EDGE_LOOP('',(#6252));
#2194=FACE_BOUND('',#2195,.T.);
#2195=EDGE_LOOP('',(#6253));
#2196=FACE_BOUND('',#2197,.T.);
#2197=EDGE_LOOP('',(#6254));
#2198=FACE_BOUND('',#2199,.T.);
#2199=EDGE_LOOP('',(#6255));
#2200=FACE_BOUND('',#2201,.T.);
#2201=EDGE_LOOP('',(#6256));
#2202=FACE_BOUND('',#2203,.T.);
#2203=EDGE_LOOP('',(#6257));
#2204=FACE_BOUND('',#2205,.T.);
#2205=EDGE_LOOP('',(#6258));
#2206=FACE_BOUND('',#2207,.T.);
#2207=EDGE_LOOP('',(#6259));
#2208=FACE_BOUND('',#2209,.T.);
#2209=EDGE_LOOP('',(#6260));
#2210=FACE_BOUND('',#2211,.T.);
#2211=EDGE_LOOP('',(#6261));
#2212=FACE_BOUND('',#2213,.T.);
#2213=EDGE_LOOP('',(#6262));
#2214=FACE_BOUND('',#2215,.T.);
#2215=EDGE_LOOP('',(#6263));
#2216=FACE_BOUND('',#2217,.T.);
#2217=EDGE_LOOP('',(#6264));
#2218=FACE_BOUND('',#2219,.T.);
#2219=EDGE_LOOP('',(#6265));
#2220=FACE_BOUND('',#2221,.T.);
#2221=EDGE_LOOP('',(#6266));
#2222=FACE_BOUND('',#2223,.T.);
#2223=EDGE_LOOP('',(#6267));
#2224=FACE_BOUND('',#2225,.T.);
#2225=EDGE_LOOP('',(#6268));
#2226=FACE_BOUND('',#2227,.T.);
#2227=EDGE_LOOP('',(#6269));
#2228=FACE_BOUND('',#2229,.T.);
#2229=EDGE_LOOP('',(#6270));
#2230=FACE_BOUND('',#2231,.T.);
#2231=EDGE_LOOP('',(#6271));
#2232=FACE_BOUND('',#2233,.T.);
#2233=EDGE_LOOP('',(#6272));
#2234=FACE_BOUND('',#2235,.T.);
#2235=EDGE_LOOP('',(#6273));
#2236=FACE_BOUND('',#2237,.T.);
#2237=EDGE_LOOP('',(#6274));
#2238=FACE_BOUND('',#2239,.T.);
#2239=EDGE_LOOP('',(#6275));
#2240=FACE_BOUND('',#2241,.T.);
#2241=EDGE_LOOP('',(#6276));
#2242=FACE_BOUND('',#2243,.T.);
#2243=EDGE_LOOP('',(#6277));
#2244=FACE_BOUND('',#2245,.T.);
#2245=EDGE_LOOP('',(#6278));
#2246=FACE_BOUND('',#2247,.T.);
#2247=EDGE_LOOP('',(#6279));
#2248=FACE_BOUND('',#2249,.T.);
#2249=EDGE_LOOP('',(#6280));
#2250=FACE_BOUND('',#2251,.T.);
#2251=EDGE_LOOP('',(#6281));
#2252=FACE_BOUND('',#2253,.T.);
#2253=EDGE_LOOP('',(#6282));
#2254=FACE_BOUND('',#2255,.T.);
#2255=EDGE_LOOP('',(#6283));
#2256=FACE_BOUND('',#2257,.T.);
#2257=EDGE_LOOP('',(#6284));
#2258=FACE_BOUND('',#2259,.T.);
#2259=EDGE_LOOP('',(#6285));
#2260=FACE_BOUND('',#2261,.T.);
#2261=EDGE_LOOP('',(#6286));
#2262=FACE_BOUND('',#2263,.T.);
#2263=EDGE_LOOP('',(#6287));
#2264=FACE_BOUND('',#2265,.T.);
#2265=EDGE_LOOP('',(#6288));
#2266=FACE_BOUND('',#2267,.T.);
#2267=EDGE_LOOP('',(#6289));
#2268=FACE_BOUND('',#2269,.T.);
#2269=EDGE_LOOP('',(#6290));
#2270=FACE_BOUND('',#2271,.T.);
#2271=EDGE_LOOP('',(#6291));
#2272=FACE_BOUND('',#2273,.T.);
#2273=EDGE_LOOP('',(#6292));
#2274=FACE_BOUND('',#2275,.T.);
#2275=EDGE_LOOP('',(#6293));
#2276=FACE_BOUND('',#2277,.T.);
#2277=EDGE_LOOP('',(#6294));
#2278=FACE_BOUND('',#2279,.T.);
#2279=EDGE_LOOP('',(#6295));
#2280=FACE_BOUND('',#2281,.T.);
#2281=EDGE_LOOP('',(#6296));
#2282=FACE_BOUND('',#2283,.T.);
#2283=EDGE_LOOP('',(#6297));
#2284=FACE_BOUND('',#2285,.T.);
#2285=EDGE_LOOP('',(#6298));
#2286=FACE_BOUND('',#2287,.T.);
#2287=EDGE_LOOP('',(#6299));
#2288=FACE_BOUND('',#2289,.T.);
#2289=EDGE_LOOP('',(#6300));
#2290=FACE_BOUND('',#2291,.T.);
#2291=EDGE_LOOP('',(#6301));
#2292=FACE_BOUND('',#2293,.T.);
#2293=EDGE_LOOP('',(#6302));
#2294=FACE_BOUND('',#2295,.T.);
#2295=EDGE_LOOP('',(#6303));
#2296=FACE_BOUND('',#2297,.T.);
#2297=EDGE_LOOP('',(#6304));
#2298=FACE_BOUND('',#2299,.T.);
#2299=EDGE_LOOP('',(#6305));
#2300=FACE_BOUND('',#2301,.T.);
#2301=EDGE_LOOP('',(#6306));
#2302=FACE_BOUND('',#2303,.T.);
#2303=EDGE_LOOP('',(#6307));
#2304=FACE_BOUND('',#2305,.T.);
#2305=EDGE_LOOP('',(#6308));
#2306=FACE_BOUND('',#2307,.T.);
#2307=EDGE_LOOP('',(#6309));
#2308=FACE_BOUND('',#2309,.T.);
#2309=EDGE_LOOP('',(#6310));
#2310=FACE_BOUND('',#2311,.T.);
#2311=EDGE_LOOP('',(#6311));
#2312=FACE_BOUND('',#2313,.T.);
#2313=EDGE_LOOP('',(#6312));
#2314=FACE_BOUND('',#2315,.T.);
#2315=EDGE_LOOP('',(#6313));
#2316=FACE_BOUND('',#2317,.T.);
#2317=EDGE_LOOP('',(#6314));
#2318=FACE_BOUND('',#2319,.T.);
#2319=EDGE_LOOP('',(#6315));
#2320=FACE_BOUND('',#2321,.T.);
#2321=EDGE_LOOP('',(#6316));
#2322=FACE_BOUND('',#2323,.T.);
#2323=EDGE_LOOP('',(#6317));
#2324=FACE_BOUND('',#2325,.T.);
#2325=EDGE_LOOP('',(#6318));
#2326=FACE_BOUND('',#2327,.T.);
#2327=EDGE_LOOP('',(#6319));
#2328=FACE_BOUND('',#2329,.T.);
#2329=EDGE_LOOP('',(#6320));
#2330=FACE_BOUND('',#2331,.T.);
#2331=EDGE_LOOP('',(#6321));
#2332=FACE_BOUND('',#2333,.T.);
#2333=EDGE_LOOP('',(#6322));
#2334=FACE_BOUND('',#2335,.T.);
#2335=EDGE_LOOP('',(#6323));
#2336=FACE_BOUND('',#2337,.T.);
#2337=EDGE_LOOP('',(#6324));
#2338=FACE_BOUND('',#2339,.T.);
#2339=EDGE_LOOP('',(#6325));
#2340=FACE_BOUND('',#2341,.T.);
#2341=EDGE_LOOP('',(#6326));
#2342=FACE_BOUND('',#2343,.T.);
#2343=EDGE_LOOP('',(#6327));
#2344=FACE_BOUND('',#2345,.T.);
#2345=EDGE_LOOP('',(#6328));
#2346=FACE_BOUND('',#2347,.T.);
#2347=EDGE_LOOP('',(#6329));
#2348=FACE_BOUND('',#2349,.T.);
#2349=EDGE_LOOP('',(#6330));
#2350=FACE_BOUND('',#2351,.T.);
#2351=EDGE_LOOP('',(#6331));
#2352=FACE_BOUND('',#2353,.T.);
#2353=EDGE_LOOP('',(#6332));
#2354=FACE_BOUND('',#2355,.T.);
#2355=EDGE_LOOP('',(#6333));
#2356=FACE_BOUND('',#2357,.T.);
#2357=EDGE_LOOP('',(#6334));
#2358=FACE_BOUND('',#2359,.T.);
#2359=EDGE_LOOP('',(#6335));
#2360=FACE_BOUND('',#2361,.T.);
#2361=EDGE_LOOP('',(#6336));
#2362=FACE_BOUND('',#2363,.T.);
#2363=EDGE_LOOP('',(#6337));
#2364=FACE_BOUND('',#2365,.T.);
#2365=EDGE_LOOP('',(#6338));
#2366=FACE_BOUND('',#2367,.T.);
#2367=EDGE_LOOP('',(#6339));
#2368=FACE_BOUND('',#2369,.T.);
#2369=EDGE_LOOP('',(#6340));
#2370=FACE_BOUND('',#2371,.T.);
#2371=EDGE_LOOP('',(#6341));
#2372=FACE_BOUND('',#2373,.T.);
#2373=EDGE_LOOP('',(#6342));
#2374=FACE_BOUND('',#2375,.T.);
#2375=EDGE_LOOP('',(#6343));
#2376=FACE_BOUND('',#2377,.T.);
#2377=EDGE_LOOP('',(#6344));
#2378=FACE_BOUND('',#2379,.T.);
#2379=EDGE_LOOP('',(#6345));
#2380=FACE_BOUND('',#2381,.T.);
#2381=EDGE_LOOP('',(#6346));
#2382=FACE_BOUND('',#2383,.T.);
#2383=EDGE_LOOP('',(#6347));
#2384=FACE_BOUND('',#2385,.T.);
#2385=EDGE_LOOP('',(#6348));
#2386=FACE_BOUND('',#2387,.T.);
#2387=EDGE_LOOP('',(#6349));
#2388=FACE_BOUND('',#2389,.T.);
#2389=EDGE_LOOP('',(#6350));
#2390=FACE_BOUND('',#2391,.T.);
#2391=EDGE_LOOP('',(#6351));
#2392=FACE_BOUND('',#2393,.T.);
#2393=EDGE_LOOP('',(#6352));
#2394=FACE_BOUND('',#2395,.T.);
#2395=EDGE_LOOP('',(#6353));
#2396=FACE_BOUND('',#2397,.T.);
#2397=EDGE_LOOP('',(#6354));
#2398=FACE_BOUND('',#2399,.T.);
#2399=EDGE_LOOP('',(#6355));
#2400=FACE_BOUND('',#2401,.T.);
#2401=EDGE_LOOP('',(#6356));
#2402=FACE_BOUND('',#2403,.T.);
#2403=EDGE_LOOP('',(#6357));
#2404=FACE_BOUND('',#2405,.T.);
#2405=EDGE_LOOP('',(#6358));
#2406=FACE_BOUND('',#2407,.T.);
#2407=EDGE_LOOP('',(#6359));
#2408=FACE_BOUND('',#2409,.T.);
#2409=EDGE_LOOP('',(#6360));
#2410=FACE_BOUND('',#2411,.T.);
#2411=EDGE_LOOP('',(#6361));
#2412=FACE_BOUND('',#2413,.T.);
#2413=EDGE_LOOP('',(#6362));
#2414=FACE_BOUND('',#2415,.T.);
#2415=EDGE_LOOP('',(#6363));
#2416=FACE_BOUND('',#2417,.T.);
#2417=EDGE_LOOP('',(#6364,#6365,#6366,#6367,#6368,#6369,#6370,#6371,#6372,#6373,
#6374,#6375,#6376,#6377,#6378,#6379,#6380,#6381,#6382,#6383,#6384,#6385,#6386,#6387,
#6388,#6389,#6390,#6391,#6392,#6393,#6394,#6395,#6396,#6397,#6398,#6399,#6400,#6401,
#6402));
#2418=FACE_BOUND('',#2419,.T.);
#2419=EDGE_LOOP('',(#6403,#6404,#6405,#6406,#6407,#6408,#6409,#6410,#6411,#6412,
#6413,#6414,#6415,#6416,#6417,#6418,#6419,#6420,#6421,#6422,#6423,#6424,#6425,#6426,
#6427,#6428,#6429,#6430,#6431,#6432,#6433,#6434,#6435,#6436));
#2420=PLANE('',#2421);
#2421=AXIS2_PLACEMENT_3D('',#2422,#2423,#2424);
#2422=CARTESIAN_POINT('',(-2.,1.,-24.));
#2423=DIRECTION('',(7.06253680404605E-17,1.,0.));
#2424=DIRECTION('',(-1.,7.06253680404605E-17,0.));
#2425=FACE_BOUND('',#2426,.T.);
#2426=EDGE_LOOP('',(#6437,#6438,#6439,#6440,#6441,#6442,#6443,#6444));
#2427=PLANE('',#2428);
#2428=AXIS2_PLACEMENT_3D('',#2429,#2430,#2431);
#2429=CARTESIAN_POINT('',(-14.8530501641972,1.04900213436985E-15,5.09623328998623));
#2430=DIRECTION('',(0.854542210643253,-3.08148791101958E-33,0.519381950234066));
#2431=DIRECTION('',(0.519381950234066,-3.66815413888531E-17,-0.854542210643253));
#2432=FACE_BOUND('',#2433,.T.);
#2433=EDGE_LOOP('',(#6445,#6446,#6447,#6448,#6449,#6450,#6451,#6452,#6453,#6454,
#6455,#6456,#6457,#6458));
#2434=PLANE('',#2435);
#2435=AXIS2_PLACEMENT_3D('',#2436,#2437,#2438);
#2436=CARTESIAN_POINT('',(-14.3391331780473,1.01270655808077E-15,8.01080135033108));
#2437=DIRECTION('',(0.984807753012208,3.85185988877447E-34,-0.17364817766693));
#2438=DIRECTION('',(-0.17364817766693,1.22639664572823E-17,-0.984807753012208));
#2439=FACE_BOUND('',#2440,.T.);
#2440=EDGE_LOOP('',(#6459,#6460,#6461,#6462,#6463,#6464));
#2441=PLANE('',#2442);
#2442=AXIS2_PLACEMENT_3D('',#2443,#2444,#2445);
#2443=CARTESIAN_POINT('',(-13.4884701550838,9.52628169005563E-16,8.14223304086288));
#2444=DIRECTION('',(0.15269321843813,0.,-0.988273636723658));
#2445=DIRECTION('',(-0.988273636723658,6.97971893182927E-17,-0.15269321843813));
#2446=FACE_BOUND('',#2447,.T.);
#2447=EDGE_LOOP('',(#6465,#6466,#6467,#6468,#6469,#6470));
#2448=PLANE('',#2449);
#2449=AXIS2_PLACEMENT_3D('',#2450,#2451,#2452);
#2450=CARTESIAN_POINT('',(-13.7655939377063,9.72200138146038E-16,6.57058597069252));
#2451=DIRECTION('',(-0.984807753012208,3.85185988877447E-34,0.17364817766693));
#2452=DIRECTION('',(0.17364817766693,-1.22639664572823E-17,0.984807753012208));
#2453=FACE_BOUND('',#2454,.T.);
#2454=EDGE_LOOP('',(#6471,#6472,#6473,#6474,#6475,#6476,#6477,#6478));
#2455=PLANE('',#2456);
#2456=AXIS2_PLACEMENT_3D('',#2457,#2458,#2459);
#2457=CARTESIAN_POINT('',(-14.5179304951501,1.0253341844058E-15,5.23813761438079));
#2458=DIRECTION('',(-0.870782909063992,0.,0.491667698025863));
#2459=DIRECTION('',(0.491667698025863,-3.47242121266825E-17,0.870782909063992));
#2460=FACE_BOUND('',#2461,.T.);
#2461=EDGE_LOOP('',(#6479,#6480,#6481,#6482,#6483,#6484,#6485,#6486,#6487,#6488));
#2462=PLANE('',#2463);
#2463=AXIS2_PLACEMENT_3D('',#2464,#2465,#2466);
#2464=CARTESIAN_POINT('',(-12.342850522322,8.71718360807384E-16,5.57421466227751));
#2465=DIRECTION('',(0.152700459068322,1.54074395550979E-33,-0.988272517982932));
#2466=DIRECTION('',(-0.988272517982932,6.97971103068171E-17,-0.152700459068322));
#2467=FACE_BOUND('',#2468,.T.);
#2468=EDGE_LOOP('',(#6489,#6490,#6491,#6492));
#2469=PLANE('',#2470);
#2470=AXIS2_PLACEMENT_3D('',#2471,#2472,#2473);
#2471=CARTESIAN_POINT('',(-12.7373803734381,8.99582176745407E-16,6.73380501637663));
#2472=DIRECTION('',(0.946705759913473,-7.70371977754894E-34,0.322099680451027));
#2473=DIRECTION('',(0.322099680451027,-2.27484084775685E-17,-0.946705759913473));
#2474=FACE_BOUND('',#2475,.T.);
#2475=EDGE_LOOP('',(#6493,#6494,#6495,#6496,#6497,#6498,#6499,#6500));
#2476=PLANE('',#2477);
#2477=AXIS2_PLACEMENT_3D('',#2478,#2479,#2480);
#2478=CARTESIAN_POINT('',(-12.4610462654646,8.80065978667647E-16,8.30097361906701));
#2479=DIRECTION('',(0.984807753012208,0.,-0.173648177666929));
#2480=DIRECTION('',(-0.173648177666929,1.22639664572822E-17,-0.984807753012208));
#2481=FACE_BOUND('',#2482,.T.);
#2482=EDGE_LOOP('',(#6501,#6502,#6503,#6504));
#2483=PLANE('',#2484);
#2484=AXIS2_PLACEMENT_3D('',#2485,#2486,#2487);
#2485=CARTESIAN_POINT('',(-11.5965725608772,8.19012205119859E-16,8.43454584269289));
#2486=DIRECTION('',(0.152700714665646,1.54074395550979E-33,-0.988272478489916));
#2487=DIRECTION('',(-0.988272478489916,6.97971075176084E-17,-0.152700714665646));
#2488=FACE_BOUND('',#2489,.T.);
#2489=EDGE_LOOP('',(#6505,#6506,#6507,#6508,#6509,#6510,#6511,#6512,#6513,#6514,
#6515,#6516));
#2490=PLANE('',#2491);
#2491=AXIS2_PLACEMENT_3D('',#2492,#2493,#2494);
#2492=CARTESIAN_POINT('',(-12.1106331185001,8.55317921197056E-16,5.51916354806398));
#2493=DIRECTION('',(-0.984807753012208,0.,0.173648177666931));
#2494=DIRECTION('',(0.173648177666931,-1.22639664572822E-17,0.984807753012208));
#2495=FACE_BOUND('',#2496,.T.);
#2496=EDGE_LOOP('',(#6517,#6518,#6519,#6520,#6521,#6522,#6523,#6524,#6525,#6526));
#2497=PLANE('',#2498);
#2498=AXIS2_PLACEMENT_3D('',#2499,#2500,#2501);
#2499=CARTESIAN_POINT('',(-13.7294919010142,9.69650418517649E-16,3.50966755635745));
#2500=DIRECTION('',(-0.778735332089992,0.,0.62735259826886));
#2501=DIRECTION('',(0.62735259826886,-4.43070081438774E-17,0.778735332089992));
#2502=FACE_BOUND('',#2503,.T.);
#2503=EDGE_LOOP('',(#6527,#6528,#6529,#6530,#6531,#6532,#6533,#6534));
#2504=PLANE('',#2505);
#2505=AXIS2_PLACEMENT_3D('',#2506,#2507,#2508);
#2506=CARTESIAN_POINT('',(-11.4021208841638,8.05278983885888E-16,3.86926625359788));
#2507=DIRECTION('',(0.152696634910885,1.54074395550979E-33,-0.988273108855488));
#2508=DIRECTION('',(-0.988273108855488,6.97971520374089E-17,-0.152696634910885));
#2509=FACE_BOUND('',#2510,.T.);
#2510=EDGE_LOOP('',(#6535,#6536,#6537,#6538,#6539,#6540,#6541,#6542,#6543,#6544,
#6545,#6546,#6547,#6548,#6549,#6550,#6551,#6552,#6553,#6554));
#2511=PLANE('',#2512);
#2512=AXIS2_PLACEMENT_3D('',#2513,#2514,#2515);
#2513=CARTESIAN_POINT('',(-9.882932954905,6.97985777259362E-16,12.4850091373859));
#2514=DIRECTION('',(0.984807753012208,3.85185988877447E-34,-0.17364817766693));
#2515=DIRECTION('',(-0.17364817766693,1.22639664572822E-17,-0.984807753012208));
#2516=FACE_BOUND('',#2517,.T.);
#2517=EDGE_LOOP('',(#6555,#6556,#6557,#6558,#6559,#6560,#6561,#6562,#6563,#6564));
#2518=PLANE('',#2519);
#2519=AXIS2_PLACEMENT_3D('',#2520,#2521,#2522);
#2520=CARTESIAN_POINT('',(-11.3080421566,7.98634639126917E-16,10.7451091874735));
#2521=DIRECTION('',(-0.773618397203422,3.08148791101958E-33,0.633651777799454));
#2522=DIRECTION('',(0.633651777799454,-4.47518900165784E-17,0.773618397203422));
#2523=FACE_BOUND('',#2524,.T.);
#2524=EDGE_LOOP('',(#6565,#6566,#6567,#6568,#6569,#6570,#6571,#6572,#6573,#6574));
#2525=PLANE('',#2526);
#2526=AXIS2_PLACEMENT_3D('',#2527,#2528,#2529);
#2527=CARTESIAN_POINT('',(-13.6533284677388,9.64271348011349E-16,10.3827084682617));
#2528=DIRECTION('',(-0.152710609862724,0.,0.988270949504919));
#2529=DIRECTION('',(0.988270949504919,-6.97969995324803E-17,0.152710609862724));
#2530=FACE_BOUND('',#2531,.T.);
#2531=EDGE_LOOP('',(#6575,#6576,#6577,#6578));
#2532=PLANE('',#2533);
#2533=AXIS2_PLACEMENT_3D('',#2534,#2535,#2536);
#2534=CARTESIAN_POINT('',(-14.5312018479057,1.02627147857856E-15,11.7668113100999));
#2535=DIRECTION('',(0.844467288163109,-3.08148791101958E-33,0.535607131414851));
#2536=DIRECTION('',(0.535607131414851,-3.78274507812691E-17,-0.844467288163109));
#2537=FACE_BOUND('',#2538,.T.);
#2538=EDGE_LOOP('',(#6579,#6580,#6581,#6582,#6583,#6584,#6585,#6586,#6587,#6588,
#6589,#6590,#6591,#6592,#6593,#6594,#6595,#6596,#6597,#6598));
#2539=PLANE('',#2540);
#2540=AXIS2_PLACEMENT_3D('',#2541,#2542,#2543);
#2541=CARTESIAN_POINT('',(-16.0283364586008,1.13200716146501E-15,3.27613901094452));
#2542=DIRECTION('',(-0.984807753012208,0.,0.17364817766693));
#2543=DIRECTION('',(0.17364817766693,-1.22639664572822E-17,0.984807753012208));
#2544=FACE_BOUND('',#2545,.T.);
#2545=EDGE_LOOP('',(#6599,#6600,#6601,#6602,#6603,#6604,#6605,#6606));
#2546=PLANE('',#2547);
#2547=AXIS2_PLACEMENT_3D('',#2548,#2549,#2550);
#2548=CARTESIAN_POINT('',(-13.9426751155785,9.84706561506299E-16,3.59838780996803));
#2549=DIRECTION('',(0.152694927446336,0.,-0.988273372671832));
#2550=DIRECTION('',(-0.988273372671832,6.97971706695354E-17,-0.152694927446336));
#2551=FACE_BOUND('',#2552,.T.);
#2552=EDGE_LOOP('',(#6607,#6608,#6609,#6610,#6611,#6612,#6613,#6614,#6615,#6616,
#6617,#6618,#6619,#6620,#6621,#6622));
#2553=PLANE('',#2554);
#2554=AXIS2_PLACEMENT_3D('',#2555,#2556,#2557);
#2555=CARTESIAN_POINT('',(-13.792545008881,9.74103567466838E-16,15.9559424121969));
#2556=DIRECTION('',(-0.984807753012208,1.16624665837175E-15,0.17364817766693));
#2557=DIRECTION('',(0.17364817766693,-1.22639664572822E-17,0.984807753012208));
#2558=FACE_BOUND('',#2559,.T.);
#2559=EDGE_LOOP('',(#6623,#6624,#6625,#6626));
#2560=PLANE('',#2561);
#2561=AXIS2_PLACEMENT_3D('',#2562,#2563,#2564);
#2562=CARTESIAN_POINT('',(-12.794503130249,9.03616492468662E-16,21.6161191736995));
#2563=DIRECTION('',(0.843236897622639,0.,0.537542123454291));
#2564=DIRECTION('',(0.537542123454291,-3.79641103062098E-17,-0.843236897622639));
#2565=FACE_BOUND('',#2566,.T.);
#2566=EDGE_LOOP('',(#6627,#6628,#6629,#6630,#6631,#6632,#6633,#6634,#6635,#6636));
#2567=PLANE('',#2568);
#2568=AXIS2_PLACEMENT_3D('',#2569,#2570,#2571);
#2569=CARTESIAN_POINT('',(-11.9125730230334,8.41329854060598E-16,20.23264432572));
#2570=DIRECTION('',(-0.152709809215082,0.,0.988271073223077));
#2571=DIRECTION('',(0.988271073223077,-6.97970082701207E-17,0.152709809215082));
#2572=FACE_BOUND('',#2573,.T.);
#2573=EDGE_LOOP('',(#6637,#6638,#6639,#6640,#6641,#6642));
#2574=PLANE('',#2575);
#2575=AXIS2_PLACEMENT_3D('',#2576,#2577,#2578);
#2576=CARTESIAN_POINT('',(-9.57121411891264,6.75970519742257E-16,20.5944362280027));
#2577=DIRECTION('',(-0.77364316087818,0.,0.63362154289956));
#2578=DIRECTION('',(0.63362154289956,-4.47497546656458E-17,0.77364316087818));
#2579=FACE_BOUND('',#2580,.T.);
#2580=EDGE_LOOP('',(#6643,#6644,#6645,#6646,#6647,#6648,#6649,#6650,#6651,#6652,
#6653,#6654,#6655,#6656));
#2581=PLANE('',#2582);
#2582=AXIS2_PLACEMENT_3D('',#2583,#2584,#2585);
#2583=CARTESIAN_POINT('',(-8.14623423724836,5.75330791149465E-16,22.3343170009854));
#2584=DIRECTION('',(0.984807753012208,3.85185988877447E-34,-0.17364817766693));
#2585=DIRECTION('',(-0.17364817766693,1.22639664572822E-17,-0.984807753012208));
#2586=FACE_BOUND('',#2587,.T.);
#2587=EDGE_LOOP('',(#6657,#6658,#6659,#6660,#6661,#6662,#6663,#6664,#6665,#6666,
#6667,#6668));
#2588=SURFACE_OF_LINEAR_EXTRUSION('',#2589,#2590);
#2589=B_SPLINE_CURVE_WITH_KNOTS('',2,
(#6669,#6670,#6671),
.UNSPECIFIED.,.F.,.F.,
(3,3),
(0.,1.),
.UNSPECIFIED.);
#2590=VECTOR('',#2591,1.5);
#2591=DIRECTION('',(7.06253680404605E-17,1.,0.));
#2592=FACE_BOUND('',#2593,.T.);
#2593=EDGE_LOOP('',(#6672,#6673,#6674,#6675,#6676,#6677,#6678,#6679,#6680,#6681));
#2594=SURFACE_OF_LINEAR_EXTRUSION('',#2595,#2596);
#2595=B_SPLINE_CURVE_WITH_KNOTS('',2,
(#6682,#6683,#6684),
.UNSPECIFIED.,.F.,.F.,
(3,3),
(0.,1.),
.UNSPECIFIED.);
#2596=VECTOR('',#2597,1.5);
#2597=DIRECTION('',(7.06253680404605E-17,1.,0.));
#2598=FACE_BOUND('',#2599,.T.);
#2599=EDGE_LOOP('',(#6685,#6686,#6687,#6688,#6689,#6690,#6691,#6692));
#2600=SURFACE_OF_LINEAR_EXTRUSION('',#2601,#2602);
#2601=B_SPLINE_CURVE_WITH_KNOTS('',2,
(#6693,#6694,#6695),
.UNSPECIFIED.,.F.,.F.,
(3,3),
(0.,1.),
.UNSPECIFIED.);
#2602=VECTOR('',#2603,1.5);
#2603=DIRECTION('',(7.06253680404605E-17,1.,0.));
#2604=FACE_BOUND('',#2605,.T.);
#2605=EDGE_LOOP('',(#6696,#6697,#6698,#6699,#6700,#6701));
#2606=SURFACE_OF_LINEAR_EXTRUSION('',#2607,#2608);
#2607=B_SPLINE_CURVE_WITH_KNOTS('',2,
(#6702,#6703,#6704),
.UNSPECIFIED.,.F.,.F.,
(3,3),
(0.,1.),
.UNSPECIFIED.);
#2608=VECTOR('',#2609,1.5);
#2609=DIRECTION('',(7.06253680404605E-17,1.,0.));
#2610=FACE_BOUND('',#2611,.T.);
#2611=EDGE_LOOP('',(#6705,#6706,#6707,#6708,#6709,#6710));
#2612=SURFACE_OF_LINEAR_EXTRUSION('',#2613,#2614);
#2613=B_SPLINE_CURVE_WITH_KNOTS('',2,
(#6711,#6712,#6713),
.UNSPECIFIED.,.F.,.F.,
(3,3),
(0.,1.),
.UNSPECIFIED.);
#2614=VECTOR('',#2615,1.5);
#2615=DIRECTION('',(7.06253680404605E-17,1.,0.));
#2616=FACE_BOUND('',#2617,.T.);
#2617=EDGE_LOOP('',(#6714,#6715,#6716,#6717,#6718,#6719,#6720,#6721));
#2618=SURFACE_OF_LINEAR_EXTRUSION('',#2619,#2620);
#2619=B_SPLINE_CURVE_WITH_KNOTS('',2,
(#6722,#6723,#6724),
.UNSPECIFIED.,.F.,.F.,
(3,3),
(0.,1.),
.UNSPECIFIED.);
#2620=VECTOR('',#2621,1.5);
#2621=DIRECTION('',(7.06253680404605E-17,1.,0.));
#2622=FACE_BOUND('',#2623,.T.);
#2623=EDGE_LOOP('',(#6725,#6726,#6727,#6728,#6729,#6730));
#2624=SURFACE_OF_LINEAR_EXTRUSION('',#2625,#2626);
#2625=B_SPLINE_CURVE_WITH_KNOTS('',2,
(#6731,#6732,#6733),
.UNSPECIFIED.,.F.,.F.,
(3,3),
(0.,1.),
.UNSPECIFIED.);
#2626=VECTOR('',#2627,1.5);
#2627=DIRECTION('',(7.06253680404605E-17,1.,0.));
#2628=FACE_BOUND('',#2629,.T.);
#2629=EDGE_LOOP('',(#6734,#6735,#6736,#6737,#6738,#6739,#6740,#6741,#6742,#6743));
#2630=SURFACE_OF_LINEAR_EXTRUSION('',#2631,#2632);
#2631=B_SPLINE_CURVE_WITH_KNOTS('',2,
(#6744,#6745,#6746),
.UNSPECIFIED.,.F.,.F.,
(3,3),
(0.,1.),
.UNSPECIFIED.);
#2632=VECTOR('',#2633,1.5);
#2633=DIRECTION('',(7.06253680404605E-17,1.,0.));
#2634=FACE_BOUND('',#2635,.T.);
#2635=EDGE_LOOP('',(#6747,#6748,#6749,#6750,#6751,#6752));
#2636=PLANE('',#2637);
#2637=AXIS2_PLACEMENT_3D('',#2638,#2639,#2640);
#2638=CARTESIAN_POINT('',(-12.7209983084081,8.98425187373395E-16,16.8677285332357));
#2639=DIRECTION('',(-0.984807753012208,0.,0.173648177666931));
#2640=DIRECTION('',(0.173648177666931,-1.22639664572822E-17,0.984807753012208));
#2641=FACE_BOUND('',#2642,.T.);
#2642=EDGE_LOOP('',(#6753,#6754,#6755,#6756,#6757,#6758,#6759,#6760,#6761,#6762,
#6763,#6764));
#2643=PLANE('',#2644);
#2644=AXIS2_PLACEMENT_3D('',#2645,#2646,#2647);
#2645=CARTESIAN_POINT('',(-12.5444353603391,8.85955364183715E-16,17.8690667706375));
#2646=DIRECTION('',(-0.152696367338429,-1.54074395550979E-33,0.988273150197681));
#2647=DIRECTION('',(0.988273150197681,-6.97971549572165E-17,0.152696367338429));
#2648=FACE_BOUND('',#2649,.T.);
#2649=EDGE_LOOP('',(#6765,#6766,#6767,#6768,#6769,#6770));
#2650=PLANE('',#2651);
#2651=AXIS2_PLACEMENT_3D('',#2652,#2653,#2654);
#2652=CARTESIAN_POINT('',(-9.85987384322057,6.96357219009963E-16,18.2838537062924));
#2653=DIRECTION('',(0.984807753012208,0.,-0.17364817766693));
#2654=DIRECTION('',(-0.17364817766693,1.22639664572822E-17,-0.984807753012208));
#2655=FACE_BOUND('',#2656,.T.);
#2656=EDGE_LOOP('',(#6771,#6772,#6773,#6774));
#2657=PLANE('',#2658);
#2658=AXIS2_PLACEMENT_3D('',#2659,#2660,#2661);
#2659=CARTESIAN_POINT('',(0.,0.,-24.));
#2660=DIRECTION('',(0.,0.,1.));
#2661=DIRECTION('',(6.12323399573677E-17,1.,0.));
#2662=FACE_BOUND('',#2663,.T.);
#2663=EDGE_LOOP('',(#6775,#6776,#6777,#6778));
#2664=PLANE('',#2665);
#2665=AXIS2_PLACEMENT_3D('',#2666,#2667,#2668);
#2666=CARTESIAN_POINT('',(-2.,1.22464679914735E-16,-24.));
#2667=DIRECTION('',(1.,0.,0.));
#2668=DIRECTION('',(0.,1.,0.));
#2669=FACE_BOUND('',#2670,.T.);
#2670=EDGE_LOOP('',(#6779,#6780,#6781,#6782));
#2671=PLANE('',#2672);
#2672=AXIS2_PLACEMENT_3D('',#2673,#2674,#2675);
#2673=CARTESIAN_POINT('',(0.,0.,24.));
#2674=DIRECTION('',(0.,0.,1.));
#2675=DIRECTION('',(6.12323399573677E-17,1.,0.));
#2676=FACE_BOUND('',#2677,.T.);
#2677=EDGE_LOOP('',(#6783,#6784,#6785,#6786));
#2678=PLANE('',#2679);
#2679=AXIS2_PLACEMENT_3D('',#2680,#2681,#2682);
#2680=CARTESIAN_POINT('',(-17.7198901107195,1.,-24.));
#2681=DIRECTION('',(-1.,0.,0.));
#2682=DIRECTION('',(0.,-1.,0.));
#2683=FACE_OUTER_BOUND('',#2684,.T.);
#2684=EDGE_LOOP('',(#6787));
#2685=FACE_OUTER_BOUND('',#2686,.T.);
#2686=EDGE_LOOP('',(#6788));
#2687=CYLINDRICAL_SURFACE('',#2688,0.500000000000001);
#2688=AXIS2_PLACEMENT_3D('',#2689,#2690,#2691);
#2689=CARTESIAN_POINT('',(-9.10994511071945,7.5441552873547E-16,1.29903810567666));
#2690=DIRECTION('',(7.06253680404605E-17,1.,0.));
#2691=DIRECTION('',(6.12323399573677E-17,-4.32455654546769E-33,-1.));
#2692=FACE_OUTER_BOUND('',#2693,.T.);
#2693=EDGE_LOOP('',(#6789));
#2694=FACE_OUTER_BOUND('',#2695,.T.);
#2695=EDGE_LOOP('',(#6790));
#2696=CYLINDRICAL_SURFACE('',#2697,0.500000000000001);
#2697=AXIS2_PLACEMENT_3D('',#2698,#2699,#2700);
#2698=CARTESIAN_POINT('',(-9.10994511071945,7.5441552873547E-16,-1.29903810567666));
#2699=DIRECTION('',(7.06253680404605E-17,1.,0.));
#2700=DIRECTION('',(6.12323399573677E-17,-4.32455654546769E-33,-1.));
#2701=FACE_OUTER_BOUND('',#2702,.T.);
#2702=EDGE_LOOP('',(#6791));
#2703=FACE_OUTER_BOUND('',#2704,.T.);
#2704=EDGE_LOOP('',(#6792));
#2705=CYLINDRICAL_SURFACE('',#2706,0.500000000000001);
#2706=AXIS2_PLACEMENT_3D('',#2707,#2708,#2709);
#2707=CARTESIAN_POINT('',(-9.10994511071945,7.5441552873547E-16,3.89711431702997));
#2708=DIRECTION('',(7.06253680404605E-17,1.,0.));
#2709=DIRECTION('',(6.12323399573677E-17,-4.32455654546769E-33,-1.));
#2710=FACE_OUTER_BOUND('',#2711,.T.);
#2711=EDGE_LOOP('',(#6793));
#2712=FACE_OUTER_BOUND('',#2713,.T.);
#2713=EDGE_LOOP('',(#6794));
#2714=CYLINDRICAL_SURFACE('',#2715,0.500000000000001);
#2715=AXIS2_PLACEMENT_3D('',#2716,#2717,#2718);
#2716=CARTESIAN_POINT('',(-9.10994511071945,7.5441552873547E-16,6.49519052838328));
#2717=DIRECTION('',(7.06253680404605E-17,1.,0.));
#2718=DIRECTION('',(6.12323399573677E-17,-4.32455654546769E-33,-1.));
#2719=FACE_OUTER_BOUND('',#2720,.T.);
#2720=EDGE_LOOP('',(#6795));
#2721=FACE_OUTER_BOUND('',#2722,.T.);
#2722=EDGE_LOOP('',(#6796));
#2723=CYLINDRICAL_SURFACE('',#2724,0.500000000000001);
#2724=AXIS2_PLACEMENT_3D('',#2725,#2726,#2727);
#2725=CARTESIAN_POINT('',(-9.10994511071944,7.5441552873547E-16,-22.0836477965032));
#2726=DIRECTION('',(7.06253680404605E-17,1.,0.));
#2727=DIRECTION('',(6.12323399573677E-17,-4.32455654546769E-33,-1.));
#2728=FACE_OUTER_BOUND('',#2729,.T.);
#2729=EDGE_LOOP('',(#6797));
#2730=FACE_OUTER_BOUND('',#2731,.T.);
#2731=EDGE_LOOP('',(#6798));
#2732=CYLINDRICAL_SURFACE('',#2733,0.500000000000001);
#2733=AXIS2_PLACEMENT_3D('',#2734,#2735,#2736);
#2734=CARTESIAN_POINT('',(-9.10994511071945,7.54415528735471E-16,9.0932667397366));
#2735=DIRECTION('',(7.06253680404605E-17,1.,0.));
#2736=DIRECTION('',(6.12323399573677E-17,-4.32455654546769E-33,-1.));
#2737=FACE_OUTER_BOUND('',#2738,.T.);
#2738=EDGE_LOOP('',(#6799));
#2739=FACE_OUTER_BOUND('',#2740,.T.);
#2740=EDGE_LOOP('',(#6800));
#2741=CYLINDRICAL_SURFACE('',#2742,0.500000000000001);
#2742=AXIS2_PLACEMENT_3D('',#2743,#2744,#2745);
#2743=CARTESIAN_POINT('',(-9.10994511071945,7.54415528735471E-16,11.6913429510899));
#2744=DIRECTION('',(7.06253680404605E-17,1.,0.));
#2745=DIRECTION('',(6.12323399573677E-17,-4.32455654546769E-33,-1.));
#2746=FACE_OUTER_BOUND('',#2747,.T.);
#2747=EDGE_LOOP('',(#6801));
#2748=FACE_OUTER_BOUND('',#2749,.T.);
#2749=EDGE_LOOP('',(#6802));
#2750=CYLINDRICAL_SURFACE('',#2751,0.500000000000001);
#2751=AXIS2_PLACEMENT_3D('',#2752,#2753,#2754);
#2752=CARTESIAN_POINT('',(-9.10994511071945,7.54415528735471E-16,14.2894191624432));
#2753=DIRECTION('',(7.06253680404605E-17,1.,0.));
#2754=DIRECTION('',(6.12323399573677E-17,-4.32455654546769E-33,-1.));
#2755=FACE_OUTER_BOUND('',#2756,.T.);
#2756=EDGE_LOOP('',(#6803));
#2757=FACE_OUTER_BOUND('',#2758,.T.);
#2758=EDGE_LOOP('',(#6804));
#2759=CYLINDRICAL_SURFACE('',#2760,0.500000000000001);
#2760=AXIS2_PLACEMENT_3D('',#2761,#2762,#2763);
#2761=CARTESIAN_POINT('',(-8.35994511071945,7.01446502705125E-16,-7.79422863405994));
#2762=DIRECTION('',(7.06253680404605E-17,1.,0.));
#2763=DIRECTION('',(6.12323399573677E-17,-4.32455654546769E-33,-1.));
#2764=FACE_OUTER_BOUND('',#2765,.T.);
#2765=EDGE_LOOP('',(#6805));
#2766=FACE_OUTER_BOUND('',#2767,.T.);
#2767=EDGE_LOOP('',(#6806));
#2768=CYLINDRICAL_SURFACE('',#2769,0.500000000000001);
#2769=AXIS2_PLACEMENT_3D('',#2770,#2771,#2772);
#2770=CARTESIAN_POINT('',(-8.35994511071945,7.01446502705125E-16,8.34870328393461E-16));
#2771=DIRECTION('',(7.06253680404605E-17,1.,0.));
#2772=DIRECTION('',(6.12323399573677E-17,-4.32455654546769E-33,-1.));
#2773=FACE_OUTER_BOUND('',#2774,.T.);
#2774=EDGE_LOOP('',(#6807));
#2775=FACE_OUTER_BOUND('',#2776,.T.);
#2776=EDGE_LOOP('',(#6808));
#2777=CYLINDRICAL_SURFACE('',#2778,0.500000000000001);
#2778=AXIS2_PLACEMENT_3D('',#2779,#2780,#2781);
#2779=CARTESIAN_POINT('',(-8.35994511071945,7.01446502705125E-16,-2.59807621135331));
#2780=DIRECTION('',(7.06253680404605E-17,1.,0.));
#2781=DIRECTION('',(6.12323399573677E-17,-4.32455654546769E-33,-1.));
#2782=FACE_OUTER_BOUND('',#2783,.T.);
#2783=EDGE_LOOP('',(#6809));
#2784=FACE_OUTER_BOUND('',#2785,.T.);
#2785=EDGE_LOOP('',(#6810));
#2786=CYLINDRICAL_SURFACE('',#2787,0.500000000000001);
#2787=AXIS2_PLACEMENT_3D('',#2788,#2789,#2790);
#2788=CARTESIAN_POINT('',(-8.35994511071945,7.01446502705125E-16,-5.19615242270663));
#2789=DIRECTION('',(7.06253680404605E-17,1.,0.));
#2790=DIRECTION('',(6.12323399573677E-17,-4.32455654546769E-33,-1.));
#2791=FACE_OUTER_BOUND('',#2792,.T.);
#2792=EDGE_LOOP('',(#6811));
#2793=FACE_OUTER_BOUND('',#2794,.T.);
#2794=EDGE_LOOP('',(#6812));
#2795=CYLINDRICAL_SURFACE('',#2796,0.500000000000001);
#2796=AXIS2_PLACEMENT_3D('',#2797,#2798,#2799);
#2797=CARTESIAN_POINT('',(-8.35994511071945,7.01446502705125E-16,-10.3923048454133));
#2798=DIRECTION('',(7.06253680404605E-17,1.,0.));
#2799=DIRECTION('',(6.12323399573677E-17,-4.32455654546769E-33,-1.));
#2800=FACE_OUTER_BOUND('',#2801,.T.);
#2801=EDGE_LOOP('',(#6813));
#2802=FACE_OUTER_BOUND('',#2803,.T.);
#2803=EDGE_LOOP('',(#6814));
#2804=CYLINDRICAL_SURFACE('',#2805,0.500000000000001);
#2805=AXIS2_PLACEMENT_3D('',#2806,#2807,#2808);
#2806=CARTESIAN_POINT('',(-8.35994511071945,7.01446502705125E-16,-12.9903810567666));
#2807=DIRECTION('',(7.06253680404605E-17,1.,0.));
#2808=DIRECTION('',(6.12323399573677E-17,-4.32455654546769E-33,-1.));
#2809=FACE_OUTER_BOUND('',#2810,.T.);
#2810=EDGE_LOOP('',(#6815));
#2811=FACE_OUTER_BOUND('',#2812,.T.);
#2812=EDGE_LOOP('',(#6816));
#2813=CYLINDRICAL_SURFACE('',#2814,0.500000000000001);
#2814=AXIS2_PLACEMENT_3D('',#2815,#2816,#2817);
#2815=CARTESIAN_POINT('',(-8.35994511071945,7.01446502705125E-16,-15.5884572681199));
#2816=DIRECTION('',(7.06253680404605E-17,1.,0.));
#2817=DIRECTION('',(6.12323399573677E-17,-4.32455654546769E-33,-1.));
#2818=FACE_OUTER_BOUND('',#2819,.T.);
#2819=EDGE_LOOP('',(#6817));
#2820=FACE_OUTER_BOUND('',#2821,.T.);
#2821=EDGE_LOOP('',(#6818));
#2822=CYLINDRICAL_SURFACE('',#2823,0.500000000000001);
#2823=AXIS2_PLACEMENT_3D('',#2824,#2825,#2826);
#2824=CARTESIAN_POINT('',(-8.35994511071945,7.01446502705125E-16,2.59807621135331));
#2825=DIRECTION('',(7.06253680404605E-17,1.,0.));
#2826=DIRECTION('',(6.12323399573677E-17,-4.32455654546769E-33,-1.));
#2827=FACE_OUTER_BOUND('',#2828,.T.);
#2828=EDGE_LOOP('',(#6819));
#2829=FACE_OUTER_BOUND('',#2830,.T.);
#2830=EDGE_LOOP('',(#6820));
#2831=CYLINDRICAL_SURFACE('',#2832,0.500000000000001);
#2832=AXIS2_PLACEMENT_3D('',#2833,#2834,#2835);
#2833=CARTESIAN_POINT('',(-8.35994511071945,7.01446502705125E-16,5.19615242270663));
#2834=DIRECTION('',(7.06253680404605E-17,1.,0.));
#2835=DIRECTION('',(6.12323399573677E-17,-4.32455654546769E-33,-1.));
#2836=FACE_OUTER_BOUND('',#2837,.T.);
#2837=EDGE_LOOP('',(#6821));
#2838=FACE_OUTER_BOUND('',#2839,.T.);
#2839=EDGE_LOOP('',(#6822));
#2840=CYLINDRICAL_SURFACE('',#2841,0.500000000000001);
#2841=AXIS2_PLACEMENT_3D('',#2842,#2843,#2844);
#2842=CARTESIAN_POINT('',(-8.35994511071945,7.01446502705125E-16,12.9903810567666));
#2843=DIRECTION('',(7.06253680404605E-17,1.,0.));
#2844=DIRECTION('',(6.12323399573677E-17,-4.32455654546769E-33,-1.));
#2845=FACE_OUTER_BOUND('',#2846,.T.);
#2846=EDGE_LOOP('',(#6823));
#2847=FACE_OUTER_BOUND('',#2848,.T.);
#2848=EDGE_LOOP('',(#6824));
#2849=CYLINDRICAL_SURFACE('',#2850,0.500000000000001);
#2850=AXIS2_PLACEMENT_3D('',#2851,#2852,#2853);
#2851=CARTESIAN_POINT('',(-8.35994511071945,7.01446502705125E-16,15.5884572681199));
#2852=DIRECTION('',(7.06253680404605E-17,1.,0.));
#2853=DIRECTION('',(6.12323399573677E-17,-4.32455654546769E-33,-1.));
#2854=FACE_OUTER_BOUND('',#2855,.T.);
#2855=EDGE_LOOP('',(#6825));
#2856=FACE_OUTER_BOUND('',#2857,.T.);
#2857=EDGE_LOOP('',(#6826));
#2858=CYLINDRICAL_SURFACE('',#2859,0.500000000000001);
#2859=AXIS2_PLACEMENT_3D('',#2860,#2861,#2862);
#2860=CARTESIAN_POINT('',(-8.35994511071945,7.01446502705125E-16,18.1865334794732));
#2861=DIRECTION('',(7.06253680404605E-17,1.,0.));
#2862=DIRECTION('',(6.12323399573677E-17,-4.32455654546769E-33,-1.));
#2863=FACE_OUTER_BOUND('',#2864,.T.);
#2864=EDGE_LOOP('',(#6827));
#2865=FACE_OUTER_BOUND('',#2866,.T.);
#2866=EDGE_LOOP('',(#6828));
#2867=CYLINDRICAL_SURFACE('',#2868,0.500000000000001);
#2868=AXIS2_PLACEMENT_3D('',#2869,#2870,#2871);
#2869=CARTESIAN_POINT('',(-8.35994511071945,7.01446502705125E-16,7.79422863405994));
#2870=DIRECTION('',(7.06253680404605E-17,1.,0.));
#2871=DIRECTION('',(6.12323399573677E-17,-4.32455654546769E-33,-1.));
#2872=FACE_OUTER_BOUND('',#2873,.T.);
#2873=EDGE_LOOP('',(#6829));
#2874=FACE_OUTER_BOUND('',#2875,.T.);
#2875=EDGE_LOOP('',(#6830));
#2876=CYLINDRICAL_SURFACE('',#2877,0.500000000000001);
#2877=AXIS2_PLACEMENT_3D('',#2878,#2879,#2880);
#2878=CARTESIAN_POINT('',(-9.10994511071945,7.5441552873547E-16,-3.89711431702997));
#2879=DIRECTION('',(7.06253680404605E-17,1.,0.));
#2880=DIRECTION('',(6.12323399573677E-17,-4.32455654546769E-33,-1.));
#2881=FACE_OUTER_BOUND('',#2882,.T.);
#2882=EDGE_LOOP('',(#6831));
#2883=FACE_OUTER_BOUND('',#2884,.T.);
#2884=EDGE_LOOP('',(#6832));
#2885=CYLINDRICAL_SURFACE('',#2886,0.500000000000001);
#2886=AXIS2_PLACEMENT_3D('',#2887,#2888,#2889);
#2887=CARTESIAN_POINT('',(-9.10994511071945,7.5441552873547E-16,-6.49519052838329));
#2888=DIRECTION('',(7.06253680404605E-17,1.,0.));
#2889=DIRECTION('',(6.12323399573677E-17,-4.32455654546769E-33,-1.));
#2890=FACE_OUTER_BOUND('',#2891,.T.);
#2891=EDGE_LOOP('',(#6833));
#2892=FACE_OUTER_BOUND('',#2893,.T.);
#2893=EDGE_LOOP('',(#6834));
#2894=CYLINDRICAL_SURFACE('',#2895,0.5);
#2895=AXIS2_PLACEMENT_3D('',#2896,#2897,#2898);
#2896=CARTESIAN_POINT('',(-15.8599451107194,1.23113676300858E-15,-10.3923048454133));
#2897=DIRECTION('',(7.06253680404605E-17,1.,0.));
#2898=DIRECTION('',(6.12323399573677E-17,-4.32455654546769E-33,-1.));
#2899=FACE_OUTER_BOUND('',#2900,.T.);
#2900=EDGE_LOOP('',(#6835));
#2901=FACE_OUTER_BOUND('',#2902,.T.);
#2902=EDGE_LOOP('',(#6836));
#2903=CYLINDRICAL_SURFACE('',#2904,0.5);
#2904=AXIS2_PLACEMENT_3D('',#2905,#2906,#2907);
#2905=CARTESIAN_POINT('',(-15.8599451107194,1.23113676300858E-15,-12.9903810567666));
#2906=DIRECTION('',(7.06253680404605E-17,1.,0.));
#2907=DIRECTION('',(6.12323399573677E-17,-4.32455654546769E-33,-1.));
#2908=FACE_OUTER_BOUND('',#2909,.T.);
#2909=EDGE_LOOP('',(#6837));
#2910=FACE_OUTER_BOUND('',#2911,.T.);
#2911=EDGE_LOOP('',(#6838));
#2912=CYLINDRICAL_SURFACE('',#2913,0.5);
#2913=AXIS2_PLACEMENT_3D('',#2914,#2915,#2916);
#2914=CARTESIAN_POINT('',(-15.8599451107194,1.23113676300858E-15,-15.5884572681199));
#2915=DIRECTION('',(7.06253680404605E-17,1.,0.));
#2916=DIRECTION('',(6.12323399573677E-17,-4.32455654546769E-33,-1.));
#2917=FACE_OUTER_BOUND('',#2918,.T.);
#2918=EDGE_LOOP('',(#6839));
#2919=FACE_OUTER_BOUND('',#2920,.T.);
#2920=EDGE_LOOP('',(#6840));
#2921=CYLINDRICAL_SURFACE('',#2922,0.5);
#2922=AXIS2_PLACEMENT_3D('',#2923,#2924,#2925);
#2923=CARTESIAN_POINT('',(-7.60994511071945,6.48477476674779E-16,-19.4855715851499));
#2924=DIRECTION('',(7.06253680404605E-17,1.,0.));
#2925=DIRECTION('',(6.12323399573677E-17,-4.32455654546769E-33,-1.));
#2926=FACE_OUTER_BOUND('',#2927,.T.);
#2927=EDGE_LOOP('',(#6841));
#2928=FACE_OUTER_BOUND('',#2929,.T.);
#2929=EDGE_LOOP('',(#6842));
#2930=CYLINDRICAL_SURFACE('',#2931,0.5);
#2931=AXIS2_PLACEMENT_3D('',#2932,#2933,#2934);
#2932=CARTESIAN_POINT('',(-7.60994511071945,6.4847747667478E-16,9.0932667397366));
#2933=DIRECTION('',(7.06253680404605E-17,1.,0.));
#2934=DIRECTION('',(6.12323399573677E-17,-4.32455654546769E-33,-1.));
#2935=FACE_OUTER_BOUND('',#2936,.T.);
#2936=EDGE_LOOP('',(#6843));
#2937=FACE_OUTER_BOUND('',#2938,.T.);
#2938=EDGE_LOOP('',(#6844));
#2939=CYLINDRICAL_SURFACE('',#2940,0.500000000000001);
#2940=AXIS2_PLACEMENT_3D('',#2941,#2942,#2943);
#2941=CARTESIAN_POINT('',(-8.35994511071945,7.01446502705125E-16,-18.1865334794732));
#2942=DIRECTION('',(7.06253680404605E-17,1.,0.));
#2943=DIRECTION('',(6.12323399573677E-17,-4.32455654546769E-33,-1.));
#2944=FACE_OUTER_BOUND('',#2945,.T.);
#2945=EDGE_LOOP('',(#6845));
#2946=FACE_OUTER_BOUND('',#2947,.T.);
#2947=EDGE_LOOP('',(#6846));
#2948=CYLINDRICAL_SURFACE('',#2949,0.500000000000001);
#2949=AXIS2_PLACEMENT_3D('',#2950,#2951,#2952);
#2950=CARTESIAN_POINT('',(-8.35994511071945,7.01446502705125E-16,-20.7846096908265));
#2951=DIRECTION('',(7.06253680404605E-17,1.,0.));
#2952=DIRECTION('',(6.12323399573677E-17,-4.32455654546769E-33,-1.));
#2953=FACE_OUTER_BOUND('',#2954,.T.);
#2954=EDGE_LOOP('',(#6847));
#2955=FACE_OUTER_BOUND('',#2956,.T.);
#2956=EDGE_LOOP('',(#6848));
#2957=CYLINDRICAL_SURFACE('',#2958,0.5);
#2958=AXIS2_PLACEMENT_3D('',#2959,#2960,#2961);
#2959=CARTESIAN_POINT('',(-9.85994511071945,8.07384554765816E-16,7.79422863405994));
#2960=DIRECTION('',(7.06253680404605E-17,1.,0.));
#2961=DIRECTION('',(6.12323399573677E-17,-4.32455654546769E-33,-1.));
#2962=FACE_OUTER_BOUND('',#2963,.T.);
#2963=EDGE_LOOP('',(#6849));
#2964=FACE_OUTER_BOUND('',#2965,.T.);
#2965=EDGE_LOOP('',(#6850));
#2966=CYLINDRICAL_SURFACE('',#2967,0.5);
#2967=AXIS2_PLACEMENT_3D('',#2968,#2969,#2970);
#2968=CARTESIAN_POINT('',(-15.8599451107195,1.23113676300858E-15,7.79422863405994));
#2969=DIRECTION('',(7.06253680404605E-17,1.,0.));
#2970=DIRECTION('',(6.12323399573677E-17,-4.32455654546769E-33,-1.));
#2971=FACE_OUTER_BOUND('',#2972,.T.);
#2972=EDGE_LOOP('',(#6851));
#2973=FACE_OUTER_BOUND('',#2974,.T.);
#2974=EDGE_LOOP('',(#6852));
#2975=CYLINDRICAL_SURFACE('',#2976,0.500000000000001);
#2976=AXIS2_PLACEMENT_3D('',#2977,#2978,#2979);
#2977=CARTESIAN_POINT('',(-8.35994511071945,7.01446502705125E-16,10.3923048454133));
#2978=DIRECTION('',(7.06253680404605E-17,1.,0.));
#2979=DIRECTION('',(6.12323399573677E-17,-4.32455654546769E-33,-1.));
#2980=FACE_OUTER_BOUND('',#2981,.T.);
#2981=EDGE_LOOP('',(#6853));
#2982=FACE_OUTER_BOUND('',#2983,.T.);
#2983=EDGE_LOOP('',(#6854));
#2984=CYLINDRICAL_SURFACE('',#2985,0.5);
#2985=AXIS2_PLACEMENT_3D('',#2986,#2987,#2988);
#2986=CARTESIAN_POINT('',(-15.8599451107194,1.23113676300858E-15,-7.79422863405994));
#2987=DIRECTION('',(7.06253680404605E-17,1.,0.));
#2988=DIRECTION('',(6.12323399573677E-17,-4.32455654546768E-33,-1.));
#2989=FACE_OUTER_BOUND('',#2990,.T.);
#2990=EDGE_LOOP('',(#6855));
#2991=FACE_OUTER_BOUND('',#2992,.T.);
#2992=EDGE_LOOP('',(#6856));
#2993=CYLINDRICAL_SURFACE('',#2994,0.5);
#2994=AXIS2_PLACEMENT_3D('',#2995,#2996,#2997);
#2995=CARTESIAN_POINT('',(-6.10994511071945,5.42539424614089E-16,-3.89711431702997));
#2996=DIRECTION('',(7.06253680404605E-17,1.,0.));
#2997=DIRECTION('',(6.12323399573677E-17,-4.32455654546768E-33,-1.));
#2998=FACE_OUTER_BOUND('',#2999,.T.);
#2999=EDGE_LOOP('',(#6857));
#3000=FACE_OUTER_BOUND('',#3001,.T.);
#3001=EDGE_LOOP('',(#6858));
#3002=CYLINDRICAL_SURFACE('',#3003,0.5);
#3003=AXIS2_PLACEMENT_3D('',#3004,#3005,#3006);
#3004=CARTESIAN_POINT('',(-6.10994511071945,5.42539424614089E-16,3.89711431702997));
#3005=DIRECTION('',(7.06253680404605E-17,1.,0.));
#3006=DIRECTION('',(6.12323399573677E-17,-4.32455654546769E-33,-1.));
#3007=FACE_OUTER_BOUND('',#3008,.T.);
#3008=EDGE_LOOP('',(#6859));
#3009=FACE_OUTER_BOUND('',#3010,.T.);
#3010=EDGE_LOOP('',(#6860));
#3011=CYLINDRICAL_SURFACE('',#3012,0.5);
#3012=AXIS2_PLACEMENT_3D('',#3013,#3014,#3015);
#3013=CARTESIAN_POINT('',(-3.85994511071945,3.83632346523053E-16,-15.5884572681199));
#3014=DIRECTION('',(7.06253680404605E-17,1.,0.));
#3015=DIRECTION('',(6.12323399573677E-17,-4.32455654546769E-33,-1.));
#3016=FACE_OUTER_BOUND('',#3017,.T.);
#3017=EDGE_LOOP('',(#6861));
#3018=FACE_OUTER_BOUND('',#3019,.T.);
#3019=EDGE_LOOP('',(#6862));
#3020=CYLINDRICAL_SURFACE('',#3021,0.5);
#3021=AXIS2_PLACEMENT_3D('',#3022,#3023,#3024);
#3022=CARTESIAN_POINT('',(-3.85994511071945,3.83632346523053E-16,12.9903810567666));
#3023=DIRECTION('',(7.06253680404605E-17,1.,0.));
#3024=DIRECTION('',(6.12323399573677E-17,-4.32455654546769E-33,-1.));
#3025=FACE_OUTER_BOUND('',#3026,.T.);
#3026=EDGE_LOOP('',(#6863));
#3027=FACE_OUTER_BOUND('',#3028,.T.);
#3028=EDGE_LOOP('',(#6864));
#3029=CYLINDRICAL_SURFACE('',#3030,0.5);
#3030=AXIS2_PLACEMENT_3D('',#3031,#3032,#3033);
#3031=CARTESIAN_POINT('',(-9.85994511071945,8.07384554765816E-16,4.75052958564353E-16));
#3032=DIRECTION('',(7.06253680404605E-17,1.,0.));
#3033=DIRECTION('',(6.12323399573677E-17,-4.32455654546769E-33,-1.));
#3034=FACE_OUTER_BOUND('',#3035,.T.);
#3035=EDGE_LOOP('',(#6865));
#3036=FACE_OUTER_BOUND('',#3037,.T.);
#3037=EDGE_LOOP('',(#6866));
#3038=CYLINDRICAL_SURFACE('',#3039,0.5);
#3039=AXIS2_PLACEMENT_3D('',#3040,#3041,#3042);
#3040=CARTESIAN_POINT('',(-11.3599451107195,9.13322606826506E-16,4.48302496122791E-16));
#3041=DIRECTION('',(7.06253680404605E-17,1.,0.));
#3042=DIRECTION('',(6.12323399573677E-17,-4.32455654546769E-33,-1.));
#3043=FACE_OUTER_BOUND('',#3044,.T.);
#3044=EDGE_LOOP('',(#6867));
#3045=FACE_OUTER_BOUND('',#3046,.T.);
#3046=EDGE_LOOP('',(#6868));
#3047=CYLINDRICAL_SURFACE('',#3048,0.5);
#3048=AXIS2_PLACEMENT_3D('',#3049,#3050,#3051);
#3049=CARTESIAN_POINT('',(-6.85994511071945,5.95508450644434E-16,9.72643093297538E-16));
#3050=DIRECTION('',(7.06253680404605E-17,1.,0.));
#3051=DIRECTION('',(6.12323399573677E-17,-4.32455654546769E-33,-1.));
#3052=FACE_OUTER_BOUND('',#3053,.T.);
#3053=EDGE_LOOP('',(#6869));
#3054=FACE_OUTER_BOUND('',#3055,.T.);
#3055=EDGE_LOOP('',(#6870));
#3056=CYLINDRICAL_SURFACE('',#3057,0.5);
#3057=AXIS2_PLACEMENT_3D('',#3058,#3059,#3060);
#3058=CARTESIAN_POINT('',(-5.35994511071945,4.89570398583744E-16,1.22143816066413E-15));
#3059=DIRECTION('',(7.06253680404605E-17,1.,0.));
#3060=DIRECTION('',(6.12323399573677E-17,-4.32455654546769E-33,-1.));
#3061=FACE_OUTER_BOUND('',#3062,.T.);
#3062=EDGE_LOOP('',(#6871));
#3063=FACE_OUTER_BOUND('',#3064,.T.);
#3064=EDGE_LOOP('',(#6872));
#3065=CYLINDRICAL_SURFACE('',#3066,0.5);
#3066=AXIS2_PLACEMENT_3D('',#3067,#3068,#3069);
#3067=CARTESIAN_POINT('',(-3.85994511071945,3.83632346523053E-16,1.47023322803072E-15));
#3068=DIRECTION('',(7.06253680404605E-17,1.,0.));
#3069=DIRECTION('',(6.12323399573677E-17,-4.32455654546769E-33,-1.));
#3070=FACE_OUTER_BOUND('',#3071,.T.);
#3071=EDGE_LOOP('',(#6873));
#3072=FACE_OUTER_BOUND('',#3073,.T.);
#3073=EDGE_LOOP('',(#6874));
#3074=CYLINDRICAL_SURFACE('',#3075,0.5);
#3075=AXIS2_PLACEMENT_3D('',#3076,#3077,#3078);
#3076=CARTESIAN_POINT('',(-12.8599451107195,1.0192606588872E-15,1.99507428756198E-16));
#3077=DIRECTION('',(7.06253680404605E-17,1.,0.));
#3078=DIRECTION('',(6.12323399573677E-17,-4.32455654546769E-33,-1.));
#3079=FACE_OUTER_BOUND('',#3080,.T.);
#3080=EDGE_LOOP('',(#6875));
#3081=FACE_OUTER_BOUND('',#3082,.T.);
#3082=EDGE_LOOP('',(#6876));
#3083=CYLINDRICAL_SURFACE('',#3084,0.5);
#3084=AXIS2_PLACEMENT_3D('',#3085,#3086,#3087);
#3085=CARTESIAN_POINT('',(-14.3599451107195,1.12519871094789E-15,6.17346638521211E-17));
#3086=DIRECTION('',(7.06253680404605E-17,1.,0.));
#3087=DIRECTION('',(6.12323399573677E-17,-4.32455654546769E-33,-1.));
#3088=FACE_OUTER_BOUND('',#3089,.T.);
#3089=EDGE_LOOP('',(#6877));
#3090=FACE_OUTER_BOUND('',#3091,.T.);
#3091=EDGE_LOOP('',(#6878));
#3092=CYLINDRICAL_SURFACE('',#3093,0.5);
#3093=AXIS2_PLACEMENT_3D('',#3094,#3095,#3096);
#3094=CARTESIAN_POINT('',(-15.8599451107195,1.23113676300858E-15,-7.60381010519564E-17));
#3095=DIRECTION('',(7.06253680404605E-17,1.,0.));
#3096=DIRECTION('',(6.12323399573677E-17,-4.32455654546769E-33,-1.));
#3097=FACE_OUTER_BOUND('',#3098,.T.);
#3098=EDGE_LOOP('',(#6879));
#3099=FACE_OUTER_BOUND('',#3100,.T.);
#3100=EDGE_LOOP('',(#6880));
#3101=CYLINDRICAL_SURFACE('',#3102,0.5);
#3102=AXIS2_PLACEMENT_3D('',#3103,#3104,#3105);
#3103=CARTESIAN_POINT('',(-10.6099451107194,8.60353580796161E-16,1.29903810567666));
#3104=DIRECTION('',(7.06253680404605E-17,1.,0.));
#3105=DIRECTION('',(6.12323399573677E-17,-4.32455654546769E-33,-1.));
#3106=FACE_OUTER_BOUND('',#3107,.T.);
#3107=EDGE_LOOP('',(#6881));
#3108=FACE_OUTER_BOUND('',#3109,.T.);
#3109=EDGE_LOOP('',(#6882));
#3110=CYLINDRICAL_SURFACE('',#3111,0.5);
#3111=AXIS2_PLACEMENT_3D('',#3112,#3113,#3114);
#3112=CARTESIAN_POINT('',(-12.1099451107194,9.66291632856852E-16,1.29903810567666));
#3113=DIRECTION('',(7.06253680404605E-17,1.,0.));
#3114=DIRECTION('',(6.12323399573677E-17,-4.32455654546769E-33,-1.));
#3115=FACE_OUTER_BOUND('',#3116,.T.);
#3116=EDGE_LOOP('',(#6883));
#3117=FACE_OUTER_BOUND('',#3118,.T.);
#3118=EDGE_LOOP('',(#6884));
#3119=CYLINDRICAL_SURFACE('',#3120,0.5);
#3120=AXIS2_PLACEMENT_3D('',#3121,#3122,#3123);
#3121=CARTESIAN_POINT('',(-7.60994511071945,6.4847747667478E-16,1.29903810567666));
#3122=DIRECTION('',(7.06253680404605E-17,1.,0.));
#3123=DIRECTION('',(6.12323399573677E-17,-4.32455654546769E-33,-1.));
#3124=FACE_OUTER_BOUND('',#3125,.T.);
#3125=EDGE_LOOP('',(#6885));
#3126=FACE_OUTER_BOUND('',#3127,.T.);
#3127=EDGE_LOOP('',(#6886));
#3128=CYLINDRICAL_SURFACE('',#3129,0.5);
#3129=AXIS2_PLACEMENT_3D('',#3130,#3131,#3132);
#3130=CARTESIAN_POINT('',(-6.10994511071945,5.42539424614089E-16,1.29903810567666));
#3131=DIRECTION('',(7.06253680404605E-17,1.,0.));
#3132=DIRECTION('',(6.12323399573677E-17,-4.32455654546769E-33,-1.));
#3133=FACE_OUTER_BOUND('',#3134,.T.);
#3134=EDGE_LOOP('',(#6887));
#3135=FACE_OUTER_BOUND('',#3136,.T.);
#3136=EDGE_LOOP('',(#6888));
#3137=CYLINDRICAL_SURFACE('',#3138,0.5);
#3138=AXIS2_PLACEMENT_3D('',#3139,#3140,#3141);
#3139=CARTESIAN_POINT('',(-4.60994511071945,4.36601372553398E-16,1.29903810567666));
#3140=DIRECTION('',(7.06253680404605E-17,1.,0.));
#3141=DIRECTION('',(6.12323399573677E-17,-4.32455654546769E-33,-1.));
#3142=FACE_OUTER_BOUND('',#3143,.T.);
#3143=EDGE_LOOP('',(#6889));
#3144=FACE_OUTER_BOUND('',#3145,.T.);
#3145=EDGE_LOOP('',(#6890));
#3146=CYLINDRICAL_SURFACE('',#3147,0.5);
#3147=AXIS2_PLACEMENT_3D('',#3148,#3149,#3150);
#3148=CARTESIAN_POINT('',(-13.6099451107194,1.07222968491754E-15,1.29903810567666));
#3149=DIRECTION('',(7.06253680404605E-17,1.,0.));
#3150=DIRECTION('',(6.12323399573677E-17,-4.32455654546769E-33,-1.));
#3151=FACE_OUTER_BOUND('',#3152,.T.);
#3152=EDGE_LOOP('',(#6891));
#3153=FACE_OUTER_BOUND('',#3154,.T.);
#3154=EDGE_LOOP('',(#6892));
#3155=CYLINDRICAL_SURFACE('',#3156,0.5);
#3156=AXIS2_PLACEMENT_3D('',#3157,#3158,#3159);
#3157=CARTESIAN_POINT('',(-15.1099451107194,1.17816773697823E-15,1.29903810567666));
#3158=DIRECTION('',(7.06253680404605E-17,1.,0.));
#3159=DIRECTION('',(6.12323399573677E-17,-4.32455654546769E-33,-1.));
#3160=FACE_OUTER_BOUND('',#3161,.T.);
#3161=EDGE_LOOP('',(#6893));
#3162=FACE_OUTER_BOUND('',#3163,.T.);
#3163=EDGE_LOOP('',(#6894));
#3164=CYLINDRICAL_SURFACE('',#3165,0.5);
#3165=AXIS2_PLACEMENT_3D('',#3166,#3167,#3168);
#3166=CARTESIAN_POINT('',(-16.6099451107195,1.28410578903892E-15,1.29903810567666));
#3167=DIRECTION('',(7.06253680404605E-17,1.,0.));
#3168=DIRECTION('',(6.12323399573677E-17,-4.32455654546769E-33,-1.));
#3169=FACE_OUTER_BOUND('',#3170,.T.);
#3170=EDGE_LOOP('',(#6895));
#3171=FACE_OUTER_BOUND('',#3172,.T.);
#3172=EDGE_LOOP('',(#6896));
#3173=CYLINDRICAL_SURFACE('',#3174,0.5);
#3174=AXIS2_PLACEMENT_3D('',#3175,#3176,#3177);
#3175=CARTESIAN_POINT('',(-3.10994511071945,3.30663320492708E-16,1.29903810567666));
#3176=DIRECTION('',(7.06253680404605E-17,1.,0.));
#3177=DIRECTION('',(6.12323399573677E-17,-4.32455654546769E-33,-1.));
#3178=FACE_OUTER_BOUND('',#3179,.T.);
#3179=EDGE_LOOP('',(#6897));
#3180=FACE_OUTER_BOUND('',#3181,.T.);
#3181=EDGE_LOOP('',(#6898));
#3182=CYLINDRICAL_SURFACE('',#3183,0.5);
#3183=AXIS2_PLACEMENT_3D('',#3184,#3185,#3186);
#3184=CARTESIAN_POINT('',(-10.6099451107194,8.60353580796161E-16,-1.29903810567666));
#3185=DIRECTION('',(7.06253680404605E-17,1.,0.));
#3186=DIRECTION('',(6.12323399573677E-17,-4.32455654546769E-33,-1.));
#3187=FACE_OUTER_BOUND('',#3188,.T.);
#3188=EDGE_LOOP('',(#6899));
#3189=FACE_OUTER_BOUND('',#3190,.T.);
#3190=EDGE_LOOP('',(#6900));
#3191=CYLINDRICAL_SURFACE('',#3192,0.5);
#3192=AXIS2_PLACEMENT_3D('',#3193,#3194,#3195);
#3193=CARTESIAN_POINT('',(-12.1099451107194,9.66291632856852E-16,-1.29903810567666));
#3194=DIRECTION('',(7.06253680404605E-17,1.,0.));
#3195=DIRECTION('',(6.12323399573677E-17,-4.32455654546769E-33,-1.));
#3196=FACE_OUTER_BOUND('',#3197,.T.);
#3197=EDGE_LOOP('',(#6901));
#3198=FACE_OUTER_BOUND('',#3199,.T.);
#3199=EDGE_LOOP('',(#6902));
#3200=CYLINDRICAL_SURFACE('',#3201,0.5);
#3201=AXIS2_PLACEMENT_3D('',#3202,#3203,#3204);
#3202=CARTESIAN_POINT('',(-7.60994511071945,6.4847747667478E-16,-1.29903810567666));
#3203=DIRECTION('',(7.06253680404605E-17,1.,0.));
#3204=DIRECTION('',(6.12323399573677E-17,-4.32455654546769E-33,-1.));
#3205=FACE_OUTER_BOUND('',#3206,.T.);
#3206=EDGE_LOOP('',(#6903));
#3207=FACE_OUTER_BOUND('',#3208,.T.);
#3208=EDGE_LOOP('',(#6904));
#3209=CYLINDRICAL_SURFACE('',#3210,0.5);
#3210=AXIS2_PLACEMENT_3D('',#3211,#3212,#3213);
#3211=CARTESIAN_POINT('',(-6.10994511071945,5.42539424614089E-16,-1.29903810567666));
#3212=DIRECTION('',(7.06253680404605E-17,1.,0.));
#3213=DIRECTION('',(6.12323399573677E-17,-4.32455654546769E-33,-1.));
#3214=FACE_OUTER_BOUND('',#3215,.T.);
#3215=EDGE_LOOP('',(#6905));
#3216=FACE_OUTER_BOUND('',#3217,.T.);
#3217=EDGE_LOOP('',(#6906));
#3218=CYLINDRICAL_SURFACE('',#3219,0.5);
#3219=AXIS2_PLACEMENT_3D('',#3220,#3221,#3222);
#3220=CARTESIAN_POINT('',(-4.60994511071945,4.36601372553398E-16,-1.29903810567666));
#3221=DIRECTION('',(7.06253680404605E-17,1.,0.));
#3222=DIRECTION('',(6.12323399573677E-17,-4.32455654546769E-33,-1.));
#3223=FACE_OUTER_BOUND('',#3224,.T.);
#3224=EDGE_LOOP('',(#6907));
#3225=FACE_OUTER_BOUND('',#3226,.T.);
#3226=EDGE_LOOP('',(#6908));
#3227=CYLINDRICAL_SURFACE('',#3228,0.5);
#3228=AXIS2_PLACEMENT_3D('',#3229,#3230,#3231);
#3229=CARTESIAN_POINT('',(-13.6099451107194,1.07222968491754E-15,-1.29903810567666));
#3230=DIRECTION('',(7.06253680404605E-17,1.,0.));
#3231=DIRECTION('',(6.12323399573677E-17,-4.32455654546769E-33,-1.));
#3232=FACE_OUTER_BOUND('',#3233,.T.);
#3233=EDGE_LOOP('',(#6909));
#3234=FACE_OUTER_BOUND('',#3235,.T.);
#3235=EDGE_LOOP('',(#6910));
#3236=CYLINDRICAL_SURFACE('',#3237,0.5);
#3237=AXIS2_PLACEMENT_3D('',#3238,#3239,#3240);
#3238=CARTESIAN_POINT('',(-15.1099451107194,1.17816773697823E-15,-1.29903810567666));
#3239=DIRECTION('',(7.06253680404605E-17,1.,0.));
#3240=DIRECTION('',(6.12323399573677E-17,-4.32455654546769E-33,-1.));
#3241=FACE_OUTER_BOUND('',#3242,.T.);
#3242=EDGE_LOOP('',(#6911));
#3243=FACE_OUTER_BOUND('',#3244,.T.);
#3244=EDGE_LOOP('',(#6912));
#3245=CYLINDRICAL_SURFACE('',#3246,0.5);
#3246=AXIS2_PLACEMENT_3D('',#3247,#3248,#3249);
#3247=CARTESIAN_POINT('',(-16.6099451107195,1.28410578903892E-15,-1.29903810567666));
#3248=DIRECTION('',(7.06253680404605E-17,1.,0.));
#3249=DIRECTION('',(6.12323399573677E-17,-4.32455654546769E-33,-1.));
#3250=FACE_OUTER_BOUND('',#3251,.T.);
#3251=EDGE_LOOP('',(#6913));
#3252=FACE_OUTER_BOUND('',#3253,.T.);
#3253=EDGE_LOOP('',(#6914));
#3254=CYLINDRICAL_SURFACE('',#3255,0.5);
#3255=AXIS2_PLACEMENT_3D('',#3256,#3257,#3258);
#3256=CARTESIAN_POINT('',(-3.10994511071945,3.30663320492708E-16,-1.29903810567666));
#3257=DIRECTION('',(7.06253680404605E-17,1.,0.));
#3258=DIRECTION('',(6.12323399573677E-17,-4.32455654546769E-33,-1.));
#3259=FACE_OUTER_BOUND('',#3260,.T.);
#3260=EDGE_LOOP('',(#6915));
#3261=FACE_OUTER_BOUND('',#3262,.T.);
#3262=EDGE_LOOP('',(#6916));
#3263=CYLINDRICAL_SURFACE('',#3264,0.5);
#3264=AXIS2_PLACEMENT_3D('',#3265,#3266,#3267);
#3265=CARTESIAN_POINT('',(-10.6099451107194,8.60353580796161E-16,-3.89711431702997));
#3266=DIRECTION('',(7.06253680404605E-17,1.,0.));
#3267=DIRECTION('',(6.12323399573677E-17,-4.32455654546769E-33,-1.));
#3268=FACE_OUTER_BOUND('',#3269,.T.);
#3269=EDGE_LOOP('',(#6917));
#3270=FACE_OUTER_BOUND('',#3271,.T.);
#3271=EDGE_LOOP('',(#6918));
#3272=CYLINDRICAL_SURFACE('',#3273,0.5);
#3273=AXIS2_PLACEMENT_3D('',#3274,#3275,#3276);
#3274=CARTESIAN_POINT('',(-12.1099451107194,9.66291632856852E-16,-3.89711431702997));
#3275=DIRECTION('',(7.06253680404605E-17,1.,0.));
#3276=DIRECTION('',(6.12323399573677E-17,-4.32455654546769E-33,-1.));
#3277=FACE_OUTER_BOUND('',#3278,.T.);
#3278=EDGE_LOOP('',(#6919));
#3279=FACE_OUTER_BOUND('',#3280,.T.);
#3280=EDGE_LOOP('',(#6920));
#3281=CYLINDRICAL_SURFACE('',#3282,0.5);
#3282=AXIS2_PLACEMENT_3D('',#3283,#3284,#3285);
#3283=CARTESIAN_POINT('',(-4.60994511071945,4.36601372553398E-16,-3.89711431702997));
#3284=DIRECTION('',(7.06253680404605E-17,1.,0.));
#3285=DIRECTION('',(6.12323399573677E-17,-4.32455654546769E-33,-1.));
#3286=FACE_OUTER_BOUND('',#3287,.T.);
#3287=EDGE_LOOP('',(#6921));
#3288=FACE_OUTER_BOUND('',#3289,.T.);
#3289=EDGE_LOOP('',(#6922));
#3290=CYLINDRICAL_SURFACE('',#3291,0.5);
#3291=AXIS2_PLACEMENT_3D('',#3292,#3293,#3294);
#3292=CARTESIAN_POINT('',(-13.6099451107194,1.07222968491754E-15,-3.89711431702997));
#3293=DIRECTION('',(7.06253680404605E-17,1.,0.));
#3294=DIRECTION('',(6.12323399573677E-17,-4.32455654546769E-33,-1.));
#3295=FACE_OUTER_BOUND('',#3296,.T.);
#3296=EDGE_LOOP('',(#6923));
#3297=FACE_OUTER_BOUND('',#3298,.T.);
#3298=EDGE_LOOP('',(#6924));
#3299=CYLINDRICAL_SURFACE('',#3300,0.5);
#3300=AXIS2_PLACEMENT_3D('',#3301,#3302,#3303);
#3301=CARTESIAN_POINT('',(-15.1099451107194,1.17816773697823E-15,-3.89711431702997));
#3302=DIRECTION('',(7.06253680404605E-17,1.,0.));
#3303=DIRECTION('',(6.12323399573677E-17,-4.32455654546769E-33,-1.));
#3304=FACE_OUTER_BOUND('',#3305,.T.);
#3305=EDGE_LOOP('',(#6925));
#3306=FACE_OUTER_BOUND('',#3307,.T.);
#3307=EDGE_LOOP('',(#6926));
#3308=CYLINDRICAL_SURFACE('',#3309,0.5);
#3309=AXIS2_PLACEMENT_3D('',#3310,#3311,#3312);
#3310=CARTESIAN_POINT('',(-16.6099451107195,1.28410578903892E-15,-3.89711431702997));
#3311=DIRECTION('',(7.06253680404605E-17,1.,0.));
#3312=DIRECTION('',(6.12323399573677E-17,-4.32455654546769E-33,-1.));
#3313=FACE_OUTER_BOUND('',#3314,.T.);
#3314=EDGE_LOOP('',(#6927));
#3315=FACE_OUTER_BOUND('',#3316,.T.);
#3316=EDGE_LOOP('',(#6928));
#3317=CYLINDRICAL_SURFACE('',#3318,0.5);
#3318=AXIS2_PLACEMENT_3D('',#3319,#3320,#3321);
#3319=CARTESIAN_POINT('',(-3.10994511071945,3.30663320492707E-16,-3.89711431702997));
#3320=DIRECTION('',(7.06253680404605E-17,1.,0.));
#3321=DIRECTION('',(6.12323399573677E-17,-4.32455654546769E-33,-1.));
#3322=FACE_OUTER_BOUND('',#3323,.T.);
#3323=EDGE_LOOP('',(#6929));
#3324=FACE_OUTER_BOUND('',#3325,.T.);
#3325=EDGE_LOOP('',(#6930));
#3326=CYLINDRICAL_SURFACE('',#3327,0.5);
#3327=AXIS2_PLACEMENT_3D('',#3328,#3329,#3330);
#3328=CARTESIAN_POINT('',(-10.6099451107194,8.60353580796161E-16,-6.49519052838329));
#3329=DIRECTION('',(7.06253680404605E-17,1.,0.));
#3330=DIRECTION('',(6.12323399573677E-17,-4.32455654546769E-33,-1.));
#3331=FACE_OUTER_BOUND('',#3332,.T.);
#3332=EDGE_LOOP('',(#6931));
#3333=FACE_OUTER_BOUND('',#3334,.T.);
#3334=EDGE_LOOP('',(#6932));
#3335=CYLINDRICAL_SURFACE('',#3336,0.5);
#3336=AXIS2_PLACEMENT_3D('',#3337,#3338,#3339);
#3337=CARTESIAN_POINT('',(-12.1099451107194,9.66291632856852E-16,-6.49519052838329));
#3338=DIRECTION('',(7.06253680404605E-17,1.,0.));
#3339=DIRECTION('',(6.12323399573677E-17,-4.32455654546769E-33,-1.));
#3340=FACE_OUTER_BOUND('',#3341,.T.);
#3341=EDGE_LOOP('',(#6933));
#3342=FACE_OUTER_BOUND('',#3343,.T.);
#3343=EDGE_LOOP('',(#6934));
#3344=CYLINDRICAL_SURFACE('',#3345,0.5);
#3345=AXIS2_PLACEMENT_3D('',#3346,#3347,#3348);
#3346=CARTESIAN_POINT('',(-6.10994511071945,5.42539424614089E-16,-6.49519052838328));
#3347=DIRECTION('',(7.06253680404605E-17,1.,0.));
#3348=DIRECTION('',(6.12323399573677E-17,-4.32455654546769E-33,-1.));
#3349=FACE_OUTER_BOUND('',#3350,.T.);
#3350=EDGE_LOOP('',(#6935));
#3351=FACE_OUTER_BOUND('',#3352,.T.);
#3352=EDGE_LOOP('',(#6936));
#3353=CYLINDRICAL_SURFACE('',#3354,0.5);
#3354=AXIS2_PLACEMENT_3D('',#3355,#3356,#3357);
#3355=CARTESIAN_POINT('',(-4.60994511071945,4.36601372553398E-16,-6.49519052838328));
#3356=DIRECTION('',(7.06253680404605E-17,1.,0.));
#3357=DIRECTION('',(6.12323399573677E-17,-4.32455654546769E-33,-1.));
#3358=FACE_OUTER_BOUND('',#3359,.T.);
#3359=EDGE_LOOP('',(#6937));
#3360=FACE_OUTER_BOUND('',#3361,.T.);
#3361=EDGE_LOOP('',(#6938));
#3362=CYLINDRICAL_SURFACE('',#3363,0.5);
#3363=AXIS2_PLACEMENT_3D('',#3364,#3365,#3366);
#3364=CARTESIAN_POINT('',(-13.6099451107194,1.07222968491754E-15,-6.49519052838329));
#3365=DIRECTION('',(7.06253680404605E-17,1.,0.));
#3366=DIRECTION('',(6.12323399573677E-17,-4.32455654546769E-33,-1.));
#3367=FACE_OUTER_BOUND('',#3368,.T.);
#3368=EDGE_LOOP('',(#6939));
#3369=FACE_OUTER_BOUND('',#3370,.T.);
#3370=EDGE_LOOP('',(#6940));
#3371=CYLINDRICAL_SURFACE('',#3372,0.5);
#3372=AXIS2_PLACEMENT_3D('',#3373,#3374,#3375);
#3373=CARTESIAN_POINT('',(-15.1099451107194,1.17816773697823E-15,-6.49519052838329));
#3374=DIRECTION('',(7.06253680404605E-17,1.,0.));
#3375=DIRECTION('',(6.12323399573677E-17,-4.32455654546769E-33,-1.));
#3376=FACE_OUTER_BOUND('',#3377,.T.);
#3377=EDGE_LOOP('',(#6941));
#3378=FACE_OUTER_BOUND('',#3379,.T.);
#3379=EDGE_LOOP('',(#6942));
#3380=CYLINDRICAL_SURFACE('',#3381,0.5);
#3381=AXIS2_PLACEMENT_3D('',#3382,#3383,#3384);
#3382=CARTESIAN_POINT('',(-16.6099451107195,1.28410578903892E-15,-6.49519052838329));
#3383=DIRECTION('',(7.06253680404605E-17,1.,0.));
#3384=DIRECTION('',(6.12323399573677E-17,-4.32455654546769E-33,-1.));
#3385=FACE_OUTER_BOUND('',#3386,.T.);
#3386=EDGE_LOOP('',(#6943));
#3387=FACE_OUTER_BOUND('',#3388,.T.);
#3388=EDGE_LOOP('',(#6944));
#3389=CYLINDRICAL_SURFACE('',#3390,0.5);
#3390=AXIS2_PLACEMENT_3D('',#3391,#3392,#3393);
#3391=CARTESIAN_POINT('',(-3.10994511071945,3.30663320492707E-16,-6.49519052838328));
#3392=DIRECTION('',(7.06253680404605E-17,1.,0.));
#3393=DIRECTION('',(6.12323399573677E-17,-4.32455654546769E-33,-1.));
#3394=FACE_OUTER_BOUND('',#3395,.T.);
#3395=EDGE_LOOP('',(#6945));
#3396=FACE_OUTER_BOUND('',#3397,.T.);
#3397=EDGE_LOOP('',(#6946));
#3398=CYLINDRICAL_SURFACE('',#3399,0.5);
#3399=AXIS2_PLACEMENT_3D('',#3400,#3401,#3402);
#3400=CARTESIAN_POINT('',(-10.6099451107194,8.60353580796161E-16,-9.0932667397366));
#3401=DIRECTION('',(7.06253680404605E-17,1.,0.));
#3402=DIRECTION('',(6.12323399573677E-17,-4.32455654546769E-33,-1.));
#3403=FACE_OUTER_BOUND('',#3404,.T.);
#3404=EDGE_LOOP('',(#6947));
#3405=FACE_OUTER_BOUND('',#3406,.T.);
#3406=EDGE_LOOP('',(#6948));
#3407=CYLINDRICAL_SURFACE('',#3408,0.5);
#3408=AXIS2_PLACEMENT_3D('',#3409,#3410,#3411);
#3409=CARTESIAN_POINT('',(-12.1099451107194,9.66291632856852E-16,-9.0932667397366));
#3410=DIRECTION('',(7.06253680404605E-17,1.,0.));
#3411=DIRECTION('',(6.12323399573677E-17,-4.32455654546769E-33,-1.));
#3412=FACE_OUTER_BOUND('',#3413,.T.);
#3413=EDGE_LOOP('',(#6949));
#3414=FACE_OUTER_BOUND('',#3415,.T.);
#3415=EDGE_LOOP('',(#6950));
#3416=CYLINDRICAL_SURFACE('',#3417,0.500000000000001);
#3417=AXIS2_PLACEMENT_3D('',#3418,#3419,#3420);
#3418=CARTESIAN_POINT('',(-9.10994511071945,7.5441552873547E-16,-9.0932667397366));
#3419=DIRECTION('',(7.06253680404605E-17,1.,0.));
#3420=DIRECTION('',(6.12323399573677E-17,-4.32455654546769E-33,-1.));
#3421=FACE_OUTER_BOUND('',#3422,.T.);
#3422=EDGE_LOOP('',(#6951));
#3423=FACE_OUTER_BOUND('',#3424,.T.);
#3424=EDGE_LOOP('',(#6952));
#3425=CYLINDRICAL_SURFACE('',#3426,0.5);
#3426=AXIS2_PLACEMENT_3D('',#3427,#3428,#3429);
#3427=CARTESIAN_POINT('',(-7.60994511071945,6.48477476674779E-16,-9.0932667397366));
#3428=DIRECTION('',(7.06253680404605E-17,1.,0.));
#3429=DIRECTION('',(6.12323399573677E-17,-4.32455654546769E-33,-1.));
#3430=FACE_OUTER_BOUND('',#3431,.T.);
#3431=EDGE_LOOP('',(#6953));
#3432=FACE_OUTER_BOUND('',#3433,.T.);
#3433=EDGE_LOOP('',(#6954));
#3434=CYLINDRICAL_SURFACE('',#3435,0.5);
#3435=AXIS2_PLACEMENT_3D('',#3436,#3437,#3438);
#3436=CARTESIAN_POINT('',(-6.10994511071945,5.42539424614089E-16,-9.0932667397366));
#3437=DIRECTION('',(7.06253680404605E-17,1.,0.));
#3438=DIRECTION('',(6.12323399573677E-17,-4.32455654546769E-33,-1.));
#3439=FACE_OUTER_BOUND('',#3440,.T.);
#3440=EDGE_LOOP('',(#6955));
#3441=FACE_OUTER_BOUND('',#3442,.T.);
#3442=EDGE_LOOP('',(#6956));
#3443=CYLINDRICAL_SURFACE('',#3444,0.5);
#3444=AXIS2_PLACEMENT_3D('',#3445,#3446,#3447);
#3445=CARTESIAN_POINT('',(-4.60994511071945,4.36601372553398E-16,-9.0932667397366));
#3446=DIRECTION('',(7.06253680404605E-17,1.,0.));
#3447=DIRECTION('',(6.12323399573677E-17,-4.32455654546769E-33,-1.));
#3448=FACE_OUTER_BOUND('',#3449,.T.);
#3449=EDGE_LOOP('',(#6957));
#3450=FACE_OUTER_BOUND('',#3451,.T.);
#3451=EDGE_LOOP('',(#6958));
#3452=CYLINDRICAL_SURFACE('',#3453,0.5);
#3453=AXIS2_PLACEMENT_3D('',#3454,#3455,#3456);
#3454=CARTESIAN_POINT('',(-13.6099451107194,1.07222968491754E-15,-9.0932667397366));
#3455=DIRECTION('',(7.06253680404605E-17,1.,0.));
#3456=DIRECTION('',(6.12323399573677E-17,-4.32455654546769E-33,-1.));
#3457=FACE_OUTER_BOUND('',#3458,.T.);
#3458=EDGE_LOOP('',(#6959));
#3459=FACE_OUTER_BOUND('',#3460,.T.);
#3460=EDGE_LOOP('',(#6960));
#3461=CYLINDRICAL_SURFACE('',#3462,0.5);
#3462=AXIS2_PLACEMENT_3D('',#3463,#3464,#3465);
#3463=CARTESIAN_POINT('',(-15.1099451107194,1.17816773697823E-15,-9.0932667397366));
#3464=DIRECTION('',(7.06253680404605E-17,1.,0.));
#3465=DIRECTION('',(6.12323399573677E-17,-4.32455654546769E-33,-1.));
#3466=FACE_OUTER_BOUND('',#3467,.T.);
#3467=EDGE_LOOP('',(#6961));
#3468=FACE_OUTER_BOUND('',#3469,.T.);
#3469=EDGE_LOOP('',(#6962));
#3470=CYLINDRICAL_SURFACE('',#3471,0.5);
#3471=AXIS2_PLACEMENT_3D('',#3472,#3473,#3474);
#3472=CARTESIAN_POINT('',(-16.6099451107195,1.28410578903892E-15,-9.0932667397366));
#3473=DIRECTION('',(7.06253680404605E-17,1.,0.));
#3474=DIRECTION('',(6.12323399573677E-17,-4.32455654546769E-33,-1.));
#3475=FACE_OUTER_BOUND('',#3476,.T.);
#3476=EDGE_LOOP('',(#6963));
#3477=FACE_OUTER_BOUND('',#3478,.T.);
#3478=EDGE_LOOP('',(#6964));
#3479=CYLINDRICAL_SURFACE('',#3480,0.5);
#3480=AXIS2_PLACEMENT_3D('',#3481,#3482,#3483);
#3481=CARTESIAN_POINT('',(-3.10994511071945,3.30663320492707E-16,-9.0932667397366));
#3482=DIRECTION('',(7.06253680404605E-17,1.,0.));
#3483=DIRECTION('',(6.12323399573677E-17,-4.32455654546769E-33,-1.));
#3484=FACE_OUTER_BOUND('',#3485,.T.);
#3485=EDGE_LOOP('',(#6965));
#3486=FACE_OUTER_BOUND('',#3487,.T.);
#3487=EDGE_LOOP('',(#6966));
#3488=CYLINDRICAL_SURFACE('',#3489,0.5);
#3489=AXIS2_PLACEMENT_3D('',#3490,#3491,#3492);
#3490=CARTESIAN_POINT('',(-10.6099451107194,8.60353580796161E-16,-11.6913429510899));
#3491=DIRECTION('',(7.06253680404605E-17,1.,0.));
#3492=DIRECTION('',(6.12323399573677E-17,-4.32455654546769E-33,-1.));
#3493=FACE_OUTER_BOUND('',#3494,.T.);
#3494=EDGE_LOOP('',(#6967));
#3495=FACE_OUTER_BOUND('',#3496,.T.);
#3496=EDGE_LOOP('',(#6968));
#3497=CYLINDRICAL_SURFACE('',#3498,0.5);
#3498=AXIS2_PLACEMENT_3D('',#3499,#3500,#3501);
#3499=CARTESIAN_POINT('',(-12.1099451107194,9.66291632856852E-16,-11.6913429510899));
#3500=DIRECTION('',(7.06253680404605E-17,1.,0.));
#3501=DIRECTION('',(6.12323399573677E-17,-4.32455654546769E-33,-1.));
#3502=FACE_OUTER_BOUND('',#3503,.T.);
#3503=EDGE_LOOP('',(#6969));
#3504=FACE_OUTER_BOUND('',#3505,.T.);
#3505=EDGE_LOOP('',(#6970));
#3506=CYLINDRICAL_SURFACE('',#3507,0.500000000000001);
#3507=AXIS2_PLACEMENT_3D('',#3508,#3509,#3510);
#3508=CARTESIAN_POINT('',(-9.10994511071945,7.5441552873547E-16,-11.6913429510899));
#3509=DIRECTION('',(7.06253680404605E-17,1.,0.));
#3510=DIRECTION('',(6.12323399573677E-17,-4.32455654546769E-33,-1.));
#3511=FACE_OUTER_BOUND('',#3512,.T.);
#3512=EDGE_LOOP('',(#6971));
#3513=FACE_OUTER_BOUND('',#3514,.T.);
#3514=EDGE_LOOP('',(#6972));
#3515=CYLINDRICAL_SURFACE('',#3516,0.5);
#3516=AXIS2_PLACEMENT_3D('',#3517,#3518,#3519);
#3517=CARTESIAN_POINT('',(-7.60994511071945,6.48477476674779E-16,-11.6913429510899));
#3518=DIRECTION('',(7.06253680404605E-17,1.,0.));
#3519=DIRECTION('',(6.12323399573677E-17,-4.32455654546769E-33,-1.));
#3520=FACE_OUTER_BOUND('',#3521,.T.);
#3521=EDGE_LOOP('',(#6973));
#3522=FACE_OUTER_BOUND('',#3523,.T.);
#3523=EDGE_LOOP('',(#6974));
#3524=CYLINDRICAL_SURFACE('',#3525,0.5);
#3525=AXIS2_PLACEMENT_3D('',#3526,#3527,#3528);
#3526=CARTESIAN_POINT('',(-6.10994511071945,5.42539424614089E-16,-11.6913429510899));
#3527=DIRECTION('',(7.06253680404605E-17,1.,0.));
#3528=DIRECTION('',(6.12323399573677E-17,-4.32455654546769E-33,-1.));
#3529=FACE_OUTER_BOUND('',#3530,.T.);
#3530=EDGE_LOOP('',(#6975));
#3531=FACE_OUTER_BOUND('',#3532,.T.);
#3532=EDGE_LOOP('',(#6976));
#3533=CYLINDRICAL_SURFACE('',#3534,0.5);
#3534=AXIS2_PLACEMENT_3D('',#3535,#3536,#3537);
#3535=CARTESIAN_POINT('',(-4.60994511071945,4.36601372553398E-16,-11.6913429510899));
#3536=DIRECTION('',(7.06253680404605E-17,1.,0.));
#3537=DIRECTION('',(6.12323399573677E-17,-4.32455654546769E-33,-1.));
#3538=FACE_OUTER_BOUND('',#3539,.T.);
#3539=EDGE_LOOP('',(#6977));
#3540=FACE_OUTER_BOUND('',#3541,.T.);
#3541=EDGE_LOOP('',(#6978));
#3542=CYLINDRICAL_SURFACE('',#3543,0.5);
#3543=AXIS2_PLACEMENT_3D('',#3544,#3545,#3546);
#3544=CARTESIAN_POINT('',(-13.6099451107194,1.07222968491754E-15,-11.6913429510899));
#3545=DIRECTION('',(7.06253680404605E-17,1.,0.));
#3546=DIRECTION('',(6.12323399573677E-17,-4.32455654546769E-33,-1.));
#3547=FACE_OUTER_BOUND('',#3548,.T.);
#3548=EDGE_LOOP('',(#6979));
#3549=FACE_OUTER_BOUND('',#3550,.T.);
#3550=EDGE_LOOP('',(#6980));
#3551=CYLINDRICAL_SURFACE('',#3552,0.5);
#3552=AXIS2_PLACEMENT_3D('',#3553,#3554,#3555);
#3553=CARTESIAN_POINT('',(-15.1099451107194,1.17816773697823E-15,-11.6913429510899));
#3554=DIRECTION('',(7.06253680404605E-17,1.,0.));
#3555=DIRECTION('',(6.12323399573677E-17,-4.32455654546769E-33,-1.));
#3556=FACE_OUTER_BOUND('',#3557,.T.);
#3557=EDGE_LOOP('',(#6981));
#3558=FACE_OUTER_BOUND('',#3559,.T.);
#3559=EDGE_LOOP('',(#6982));
#3560=CYLINDRICAL_SURFACE('',#3561,0.5);
#3561=AXIS2_PLACEMENT_3D('',#3562,#3563,#3564);
#3562=CARTESIAN_POINT('',(-16.6099451107195,1.28410578903892E-15,-11.6913429510899));
#3563=DIRECTION('',(7.06253680404605E-17,1.,0.));
#3564=DIRECTION('',(6.12323399573677E-17,-4.32455654546769E-33,-1.));
#3565=FACE_OUTER_BOUND('',#3566,.T.);
#3566=EDGE_LOOP('',(#6983));
#3567=FACE_OUTER_BOUND('',#3568,.T.);
#3568=EDGE_LOOP('',(#6984));
#3569=CYLINDRICAL_SURFACE('',#3570,0.5);
#3570=AXIS2_PLACEMENT_3D('',#3571,#3572,#3573);
#3571=CARTESIAN_POINT('',(-3.10994511071945,3.30663320492707E-16,-11.6913429510899));
#3572=DIRECTION('',(7.06253680404605E-17,1.,0.));
#3573=DIRECTION('',(6.12323399573677E-17,-4.32455654546769E-33,-1.));
#3574=FACE_OUTER_BOUND('',#3575,.T.);
#3575=EDGE_LOOP('',(#6985));
#3576=FACE_OUTER_BOUND('',#3577,.T.);
#3577=EDGE_LOOP('',(#6986));
#3578=CYLINDRICAL_SURFACE('',#3579,0.5);
#3579=AXIS2_PLACEMENT_3D('',#3580,#3581,#3582);
#3580=CARTESIAN_POINT('',(-10.6099451107194,8.60353580796161E-16,-14.2894191624432));
#3581=DIRECTION('',(7.06253680404605E-17,1.,0.));
#3582=DIRECTION('',(6.12323399573677E-17,-4.32455654546769E-33,-1.));
#3583=FACE_OUTER_BOUND('',#3584,.T.);
#3584=EDGE_LOOP('',(#6987));
#3585=FACE_OUTER_BOUND('',#3586,.T.);
#3586=EDGE_LOOP('',(#6988));
#3587=CYLINDRICAL_SURFACE('',#3588,0.5);
#3588=AXIS2_PLACEMENT_3D('',#3589,#3590,#3591);
#3589=CARTESIAN_POINT('',(-12.1099451107194,9.66291632856852E-16,-14.2894191624432));
#3590=DIRECTION('',(7.06253680404605E-17,1.,0.));
#3591=DIRECTION('',(6.12323399573677E-17,-4.32455654546769E-33,-1.));
#3592=FACE_OUTER_BOUND('',#3593,.T.);
#3593=EDGE_LOOP('',(#6989));
#3594=FACE_OUTER_BOUND('',#3595,.T.);
#3595=EDGE_LOOP('',(#6990));
#3596=CYLINDRICAL_SURFACE('',#3597,0.500000000000001);
#3597=AXIS2_PLACEMENT_3D('',#3598,#3599,#3600);
#3598=CARTESIAN_POINT('',(-9.10994511071945,7.5441552873547E-16,-14.2894191624432));
#3599=DIRECTION('',(7.06253680404605E-17,1.,0.));
#3600=DIRECTION('',(6.12323399573677E-17,-4.32455654546769E-33,-1.));
#3601=FACE_OUTER_BOUND('',#3602,.T.);
#3602=EDGE_LOOP('',(#6991));
#3603=FACE_OUTER_BOUND('',#3604,.T.);
#3604=EDGE_LOOP('',(#6992));
#3605=CYLINDRICAL_SURFACE('',#3606,0.5);
#3606=AXIS2_PLACEMENT_3D('',#3607,#3608,#3609);
#3607=CARTESIAN_POINT('',(-7.60994511071945,6.48477476674779E-16,-14.2894191624432));
#3608=DIRECTION('',(7.06253680404605E-17,1.,0.));
#3609=DIRECTION('',(6.12323399573677E-17,-4.32455654546769E-33,-1.));
#3610=FACE_OUTER_BOUND('',#3611,.T.);
#3611=EDGE_LOOP('',(#6993));
#3612=FACE_OUTER_BOUND('',#3613,.T.);
#3613=EDGE_LOOP('',(#6994));
#3614=CYLINDRICAL_SURFACE('',#3615,0.5);
#3615=AXIS2_PLACEMENT_3D('',#3616,#3617,#3618);
#3616=CARTESIAN_POINT('',(-6.10994511071945,5.42539424614089E-16,-14.2894191624432));
#3617=DIRECTION('',(7.06253680404605E-17,1.,0.));
#3618=DIRECTION('',(6.12323399573677E-17,-4.32455654546769E-33,-1.));
#3619=FACE_OUTER_BOUND('',#3620,.T.);
#3620=EDGE_LOOP('',(#6995));
#3621=FACE_OUTER_BOUND('',#3622,.T.);
#3622=EDGE_LOOP('',(#6996));
#3623=CYLINDRICAL_SURFACE('',#3624,0.5);
#3624=AXIS2_PLACEMENT_3D('',#3625,#3626,#3627);
#3625=CARTESIAN_POINT('',(-4.60994511071945,4.36601372553398E-16,-14.2894191624432));
#3626=DIRECTION('',(7.06253680404605E-17,1.,0.));
#3627=DIRECTION('',(6.12323399573677E-17,-4.32455654546769E-33,-1.));
#3628=FACE_OUTER_BOUND('',#3629,.T.);
#3629=EDGE_LOOP('',(#6997));
#3630=FACE_OUTER_BOUND('',#3631,.T.);
#3631=EDGE_LOOP('',(#6998));
#3632=CYLINDRICAL_SURFACE('',#3633,0.5);
#3633=AXIS2_PLACEMENT_3D('',#3634,#3635,#3636);
#3634=CARTESIAN_POINT('',(-13.6099451107194,1.07222968491754E-15,-14.2894191624432));
#3635=DIRECTION('',(7.06253680404605E-17,1.,0.));
#3636=DIRECTION('',(6.12323399573677E-17,-4.32455654546769E-33,-1.));
#3637=FACE_OUTER_BOUND('',#3638,.T.);
#3638=EDGE_LOOP('',(#6999));
#3639=FACE_OUTER_BOUND('',#3640,.T.);
#3640=EDGE_LOOP('',(#7000));
#3641=CYLINDRICAL_SURFACE('',#3642,0.5);
#3642=AXIS2_PLACEMENT_3D('',#3643,#3644,#3645);
#3643=CARTESIAN_POINT('',(-15.1099451107194,1.17816773697823E-15,-14.2894191624432));
#3644=DIRECTION('',(7.06253680404605E-17,1.,0.));
#3645=DIRECTION('',(6.12323399573677E-17,-4.32455654546769E-33,-1.));
#3646=FACE_OUTER_BOUND('',#3647,.T.);
#3647=EDGE_LOOP('',(#7001));
#3648=FACE_OUTER_BOUND('',#3649,.T.);
#3649=EDGE_LOOP('',(#7002));
#3650=CYLINDRICAL_SURFACE('',#3651,0.5);
#3651=AXIS2_PLACEMENT_3D('',#3652,#3653,#3654);
#3652=CARTESIAN_POINT('',(-16.6099451107195,1.28410578903892E-15,-14.2894191624432));
#3653=DIRECTION('',(7.06253680404605E-17,1.,0.));
#3654=DIRECTION('',(6.12323399573677E-17,-4.32455654546769E-33,-1.));
#3655=FACE_OUTER_BOUND('',#3656,.T.);
#3656=EDGE_LOOP('',(#7003));
#3657=FACE_OUTER_BOUND('',#3658,.T.);
#3658=EDGE_LOOP('',(#7004));
#3659=CYLINDRICAL_SURFACE('',#3660,0.5);
#3660=AXIS2_PLACEMENT_3D('',#3661,#3662,#3663);
#3661=CARTESIAN_POINT('',(-3.10994511071945,3.30663320492707E-16,-14.2894191624432));
#3662=DIRECTION('',(7.06253680404605E-17,1.,0.));
#3663=DIRECTION('',(6.12323399573677E-17,-4.32455654546769E-33,-1.));
#3664=FACE_OUTER_BOUND('',#3665,.T.);
#3665=EDGE_LOOP('',(#7005));
#3666=FACE_OUTER_BOUND('',#3667,.T.);
#3667=EDGE_LOOP('',(#7006));
#3668=CYLINDRICAL_SURFACE('',#3669,0.5);
#3669=AXIS2_PLACEMENT_3D('',#3670,#3671,#3672);
#3670=CARTESIAN_POINT('',(-10.6099451107194,8.60353580796161E-16,-16.8874953737965));
#3671=DIRECTION('',(7.06253680404605E-17,1.,0.));
#3672=DIRECTION('',(6.12323399573677E-17,-4.32455654546769E-33,-1.));
#3673=FACE_OUTER_BOUND('',#3674,.T.);
#3674=EDGE_LOOP('',(#7007));
#3675=FACE_OUTER_BOUND('',#3676,.T.);
#3676=EDGE_LOOP('',(#7008));
#3677=CYLINDRICAL_SURFACE('',#3678,0.5);
#3678=AXIS2_PLACEMENT_3D('',#3679,#3680,#3681);
#3679=CARTESIAN_POINT('',(-12.1099451107194,9.66291632856852E-16,-16.8874953737965));
#3680=DIRECTION('',(7.06253680404605E-17,1.,0.));
#3681=DIRECTION('',(6.12323399573677E-17,-4.32455654546769E-33,-1.));
#3682=FACE_OUTER_BOUND('',#3683,.T.);
#3683=EDGE_LOOP('',(#7009));
#3684=FACE_OUTER_BOUND('',#3685,.T.);
#3685=EDGE_LOOP('',(#7010));
#3686=CYLINDRICAL_SURFACE('',#3687,0.500000000000001);
#3687=AXIS2_PLACEMENT_3D('',#3688,#3689,#3690);
#3688=CARTESIAN_POINT('',(-9.10994511071945,7.5441552873547E-16,-16.8874953737965));
#3689=DIRECTION('',(7.06253680404605E-17,1.,0.));
#3690=DIRECTION('',(6.12323399573677E-17,-4.32455654546769E-33,-1.));
#3691=FACE_OUTER_BOUND('',#3692,.T.);
#3692=EDGE_LOOP('',(#7011));
#3693=FACE_OUTER_BOUND('',#3694,.T.);
#3694=EDGE_LOOP('',(#7012));
#3695=CYLINDRICAL_SURFACE('',#3696,0.5);
#3696=AXIS2_PLACEMENT_3D('',#3697,#3698,#3699);
#3697=CARTESIAN_POINT('',(-7.60994511071945,6.48477476674779E-16,-16.8874953737965));
#3698=DIRECTION('',(7.06253680404605E-17,1.,0.));
#3699=DIRECTION('',(6.12323399573677E-17,-4.32455654546769E-33,-1.));
#3700=FACE_OUTER_BOUND('',#3701,.T.);
#3701=EDGE_LOOP('',(#7013));
#3702=FACE_OUTER_BOUND('',#3703,.T.);
#3703=EDGE_LOOP('',(#7014));
#3704=CYLINDRICAL_SURFACE('',#3705,0.5);
#3705=AXIS2_PLACEMENT_3D('',#3706,#3707,#3708);
#3706=CARTESIAN_POINT('',(-6.10994511071945,5.42539424614089E-16,-16.8874953737965));
#3707=DIRECTION('',(7.06253680404605E-17,1.,0.));
#3708=DIRECTION('',(6.12323399573677E-17,-4.32455654546769E-33,-1.));
#3709=FACE_OUTER_BOUND('',#3710,.T.);
#3710=EDGE_LOOP('',(#7015));
#3711=FACE_OUTER_BOUND('',#3712,.T.);
#3712=EDGE_LOOP('',(#7016));
#3713=CYLINDRICAL_SURFACE('',#3714,0.5);
#3714=AXIS2_PLACEMENT_3D('',#3715,#3716,#3717);
#3715=CARTESIAN_POINT('',(-4.60994511071945,4.36601372553398E-16,-16.8874953737965));
#3716=DIRECTION('',(7.06253680404605E-17,1.,0.));
#3717=DIRECTION('',(6.12323399573677E-17,-4.32455654546769E-33,-1.));
#3718=FACE_OUTER_BOUND('',#3719,.T.);
#3719=EDGE_LOOP('',(#7017));
#3720=FACE_OUTER_BOUND('',#3721,.T.);
#3721=EDGE_LOOP('',(#7018));
#3722=CYLINDRICAL_SURFACE('',#3723,0.5);
#3723=AXIS2_PLACEMENT_3D('',#3724,#3725,#3726);
#3724=CARTESIAN_POINT('',(-13.6099451107194,1.07222968491754E-15,-16.8874953737965));
#3725=DIRECTION('',(7.06253680404605E-17,1.,0.));
#3726=DIRECTION('',(6.12323399573677E-17,-4.32455654546769E-33,-1.));
#3727=FACE_OUTER_BOUND('',#3728,.T.);
#3728=EDGE_LOOP('',(#7019));
#3729=FACE_OUTER_BOUND('',#3730,.T.);
#3730=EDGE_LOOP('',(#7020));
#3731=CYLINDRICAL_SURFACE('',#3732,0.5);
#3732=AXIS2_PLACEMENT_3D('',#3733,#3734,#3735);
#3733=CARTESIAN_POINT('',(-15.1099451107194,1.17816773697823E-15,-16.8874953737965));
#3734=DIRECTION('',(7.06253680404605E-17,1.,0.));
#3735=DIRECTION('',(6.12323399573677E-17,-4.32455654546769E-33,-1.));
#3736=FACE_OUTER_BOUND('',#3737,.T.);
#3737=EDGE_LOOP('',(#7021));
#3738=FACE_OUTER_BOUND('',#3739,.T.);
#3739=EDGE_LOOP('',(#7022));
#3740=CYLINDRICAL_SURFACE('',#3741,0.5);
#3741=AXIS2_PLACEMENT_3D('',#3742,#3743,#3744);
#3742=CARTESIAN_POINT('',(-16.6099451107194,1.28410578903892E-15,-16.8874953737965));
#3743=DIRECTION('',(7.06253680404605E-17,1.,0.));
#3744=DIRECTION('',(6.12323399573677E-17,-4.32455654546769E-33,-1.));
#3745=FACE_OUTER_BOUND('',#3746,.T.);
#3746=EDGE_LOOP('',(#7023));
#3747=FACE_OUTER_BOUND('',#3748,.T.);
#3748=EDGE_LOOP('',(#7024));
#3749=CYLINDRICAL_SURFACE('',#3750,0.5);
#3750=AXIS2_PLACEMENT_3D('',#3751,#3752,#3753);
#3751=CARTESIAN_POINT('',(-3.10994511071945,3.30663320492707E-16,-16.8874953737965));
#3752=DIRECTION('',(7.06253680404605E-17,1.,0.));
#3753=DIRECTION('',(6.12323399573677E-17,-4.32455654546769E-33,-1.));
#3754=FACE_OUTER_BOUND('',#3755,.T.);
#3755=EDGE_LOOP('',(#7025));
#3756=FACE_OUTER_BOUND('',#3757,.T.);
#3757=EDGE_LOOP('',(#7026));
#3758=CYLINDRICAL_SURFACE('',#3759,0.5);
#3759=AXIS2_PLACEMENT_3D('',#3760,#3761,#3762);
#3760=CARTESIAN_POINT('',(-10.6099451107194,8.60353580796161E-16,-19.4855715851499));
#3761=DIRECTION('',(7.06253680404605E-17,1.,0.));
#3762=DIRECTION('',(6.12323399573677E-17,-4.32455654546769E-33,-1.));
#3763=FACE_OUTER_BOUND('',#3764,.T.);
#3764=EDGE_LOOP('',(#7027));
#3765=FACE_OUTER_BOUND('',#3766,.T.);
#3766=EDGE_LOOP('',(#7028));
#3767=CYLINDRICAL_SURFACE('',#3768,0.5);
#3768=AXIS2_PLACEMENT_3D('',#3769,#3770,#3771);
#3769=CARTESIAN_POINT('',(-12.1099451107194,9.66291632856852E-16,-19.4855715851499));
#3770=DIRECTION('',(7.06253680404605E-17,1.,0.));
#3771=DIRECTION('',(6.12323399573677E-17,-4.32455654546769E-33,-1.));
#3772=FACE_OUTER_BOUND('',#3773,.T.);
#3773=EDGE_LOOP('',(#7029));
#3774=FACE_OUTER_BOUND('',#3775,.T.);
#3775=EDGE_LOOP('',(#7030));
#3776=CYLINDRICAL_SURFACE('',#3777,0.500000000000001);
#3777=AXIS2_PLACEMENT_3D('',#3778,#3779,#3780);
#3778=CARTESIAN_POINT('',(-9.10994511071945,7.5441552873547E-16,-19.4855715851499));
#3779=DIRECTION('',(7.06253680404605E-17,1.,0.));
#3780=DIRECTION('',(6.12323399573677E-17,-4.32455654546769E-33,-1.));
#3781=FACE_OUTER_BOUND('',#3782,.T.);
#3782=EDGE_LOOP('',(#7031));
#3783=FACE_OUTER_BOUND('',#3784,.T.);
#3784=EDGE_LOOP('',(#7032));
#3785=CYLINDRICAL_SURFACE('',#3786,0.5);
#3786=AXIS2_PLACEMENT_3D('',#3787,#3788,#3789);
#3787=CARTESIAN_POINT('',(-6.10994511071945,5.42539424614089E-16,-19.4855715851499));
#3788=DIRECTION('',(7.06253680404605E-17,1.,0.));
#3789=DIRECTION('',(6.12323399573677E-17,-4.32455654546769E-33,-1.));
#3790=FACE_OUTER_BOUND('',#3791,.T.);
#3791=EDGE_LOOP('',(#7033));
#3792=FACE_OUTER_BOUND('',#3793,.T.);
#3793=EDGE_LOOP('',(#7034));
#3794=CYLINDRICAL_SURFACE('',#3795,0.5);
#3795=AXIS2_PLACEMENT_3D('',#3796,#3797,#3798);
#3796=CARTESIAN_POINT('',(-4.60994511071945,4.36601372553398E-16,-19.4855715851499));
#3797=DIRECTION('',(7.06253680404605E-17,1.,0.));
#3798=DIRECTION('',(6.12323399573677E-17,-4.32455654546769E-33,-1.));
#3799=FACE_OUTER_BOUND('',#3800,.T.);
#3800=EDGE_LOOP('',(#7035));
#3801=FACE_OUTER_BOUND('',#3802,.T.);
#3802=EDGE_LOOP('',(#7036));
#3803=CYLINDRICAL_SURFACE('',#3804,0.5);
#3804=AXIS2_PLACEMENT_3D('',#3805,#3806,#3807);
#3805=CARTESIAN_POINT('',(-13.6099451107194,1.07222968491754E-15,-19.4855715851499));
#3806=DIRECTION('',(7.06253680404605E-17,1.,0.));
#3807=DIRECTION('',(6.12323399573677E-17,-4.32455654546769E-33,-1.));
#3808=FACE_OUTER_BOUND('',#3809,.T.);
#3809=EDGE_LOOP('',(#7037));
#3810=FACE_OUTER_BOUND('',#3811,.T.);
#3811=EDGE_LOOP('',(#7038));
#3812=CYLINDRICAL_SURFACE('',#3813,0.5);
#3813=AXIS2_PLACEMENT_3D('',#3814,#3815,#3816);
#3814=CARTESIAN_POINT('',(-15.1099451107194,1.17816773697823E-15,-19.4855715851499));
#3815=DIRECTION('',(7.06253680404605E-17,1.,0.));
#3816=DIRECTION('',(6.12323399573677E-17,-4.32455654546769E-33,-1.));
#3817=FACE_OUTER_BOUND('',#3818,.T.);
#3818=EDGE_LOOP('',(#7039));
#3819=FACE_OUTER_BOUND('',#3820,.T.);
#3820=EDGE_LOOP('',(#7040));
#3821=CYLINDRICAL_SURFACE('',#3822,0.5);
#3822=AXIS2_PLACEMENT_3D('',#3823,#3824,#3825);
#3823=CARTESIAN_POINT('',(-16.6099451107194,1.28410578903892E-15,-19.4855715851499));
#3824=DIRECTION('',(7.06253680404605E-17,1.,0.));
#3825=DIRECTION('',(6.12323399573677E-17,-4.32455654546769E-33,-1.));
#3826=FACE_OUTER_BOUND('',#3827,.T.);
#3827=EDGE_LOOP('',(#7041));
#3828=FACE_OUTER_BOUND('',#3829,.T.);
#3829=EDGE_LOOP('',(#7042));
#3830=CYLINDRICAL_SURFACE('',#3831,0.5);
#3831=AXIS2_PLACEMENT_3D('',#3832,#3833,#3834);
#3832=CARTESIAN_POINT('',(-3.10994511071945,3.30663320492707E-16,-19.4855715851499));
#3833=DIRECTION('',(7.06253680404605E-17,1.,0.));
#3834=DIRECTION('',(6.12323399573677E-17,-4.32455654546769E-33,-1.));
#3835=FACE_OUTER_BOUND('',#3836,.T.);
#3836=EDGE_LOOP('',(#7043));
#3837=FACE_OUTER_BOUND('',#3838,.T.);
#3838=EDGE_LOOP('',(#7044));
#3839=CYLINDRICAL_SURFACE('',#3840,0.5);
#3840=AXIS2_PLACEMENT_3D('',#3841,#3842,#3843);
#3841=CARTESIAN_POINT('',(-10.6099451107194,8.60353580796161E-16,-22.0836477965032));
#3842=DIRECTION('',(7.06253680404605E-17,1.,0.));
#3843=DIRECTION('',(6.12323399573677E-17,-4.32455654546769E-33,-1.));
#3844=FACE_OUTER_BOUND('',#3845,.T.);
#3845=EDGE_LOOP('',(#7045));
#3846=FACE_OUTER_BOUND('',#3847,.T.);
#3847=EDGE_LOOP('',(#7046));
#3848=CYLINDRICAL_SURFACE('',#3849,0.5);
#3849=AXIS2_PLACEMENT_3D('',#3850,#3851,#3852);
#3850=CARTESIAN_POINT('',(-12.1099451107194,9.66291632856851E-16,-22.0836477965032));
#3851=DIRECTION('',(7.06253680404605E-17,1.,0.));
#3852=DIRECTION('',(6.12323399573677E-17,-4.32455654546769E-33,-1.));
#3853=FACE_OUTER_BOUND('',#3854,.T.);
#3854=EDGE_LOOP('',(#7047));
#3855=FACE_OUTER_BOUND('',#3856,.T.);
#3856=EDGE_LOOP('',(#7048));
#3857=CYLINDRICAL_SURFACE('',#3858,0.5);
#3858=AXIS2_PLACEMENT_3D('',#3859,#3860,#3861);
#3859=CARTESIAN_POINT('',(-7.60994511071944,6.48477476674779E-16,-22.0836477965032));
#3860=DIRECTION('',(7.06253680404605E-17,1.,0.));
#3861=DIRECTION('',(6.12323399573677E-17,-4.32455654546769E-33,-1.));
#3862=FACE_OUTER_BOUND('',#3863,.T.);
#3863=EDGE_LOOP('',(#7049));
#3864=FACE_OUTER_BOUND('',#3865,.T.);
#3865=EDGE_LOOP('',(#7050));
#3866=CYLINDRICAL_SURFACE('',#3867,0.5);
#3867=AXIS2_PLACEMENT_3D('',#3868,#3869,#3870);
#3868=CARTESIAN_POINT('',(-6.10994511071944,5.42539424614089E-16,-22.0836477965032));
#3869=DIRECTION('',(7.06253680404605E-17,1.,0.));
#3870=DIRECTION('',(6.12323399573677E-17,-4.32455654546769E-33,-1.));
#3871=FACE_OUTER_BOUND('',#3872,.T.);
#3872=EDGE_LOOP('',(#7051));
#3873=FACE_OUTER_BOUND('',#3874,.T.);
#3874=EDGE_LOOP('',(#7052));
#3875=CYLINDRICAL_SURFACE('',#3876,0.5);
#3876=AXIS2_PLACEMENT_3D('',#3877,#3878,#3879);
#3877=CARTESIAN_POINT('',(-4.60994511071944,4.36601372553398E-16,-22.0836477965032));
#3878=DIRECTION('',(7.06253680404605E-17,1.,0.));
#3879=DIRECTION('',(6.12323399573677E-17,-4.32455654546769E-33,-1.));
#3880=FACE_OUTER_BOUND('',#3881,.T.);
#3881=EDGE_LOOP('',(#7053));
#3882=FACE_OUTER_BOUND('',#3883,.T.);
#3883=EDGE_LOOP('',(#7054));
#3884=CYLINDRICAL_SURFACE('',#3885,0.5);
#3885=AXIS2_PLACEMENT_3D('',#3886,#3887,#3888);
#3886=CARTESIAN_POINT('',(-13.6099451107194,1.07222968491754E-15,-22.0836477965032));
#3887=DIRECTION('',(7.06253680404605E-17,1.,0.));
#3888=DIRECTION('',(6.12323399573677E-17,-4.32455654546769E-33,-1.));
#3889=FACE_OUTER_BOUND('',#3890,.T.);
#3890=EDGE_LOOP('',(#7055));
#3891=FACE_OUTER_BOUND('',#3892,.T.);
#3892=EDGE_LOOP('',(#7056));
#3893=CYLINDRICAL_SURFACE('',#3894,0.5);
#3894=AXIS2_PLACEMENT_3D('',#3895,#3896,#3897);
#3895=CARTESIAN_POINT('',(-15.1099451107194,1.17816773697823E-15,-22.0836477965032));
#3896=DIRECTION('',(7.06253680404605E-17,1.,0.));
#3897=DIRECTION('',(6.12323399573677E-17,-4.32455654546769E-33,-1.));
#3898=FACE_OUTER_BOUND('',#3899,.T.);
#3899=EDGE_LOOP('',(#7057));
#3900=FACE_OUTER_BOUND('',#3901,.T.);
#3901=EDGE_LOOP('',(#7058));
#3902=CYLINDRICAL_SURFACE('',#3903,0.5);
#3903=AXIS2_PLACEMENT_3D('',#3904,#3905,#3906);
#3904=CARTESIAN_POINT('',(-16.6099451107194,1.28410578903892E-15,-22.0836477965032));
#3905=DIRECTION('',(7.06253680404605E-17,1.,0.));
#3906=DIRECTION('',(6.12323399573677E-17,-4.32455654546769E-33,-1.));
#3907=FACE_OUTER_BOUND('',#3908,.T.);
#3908=EDGE_LOOP('',(#7059));
#3909=FACE_OUTER_BOUND('',#3910,.T.);
#3910=EDGE_LOOP('',(#7060));
#3911=CYLINDRICAL_SURFACE('',#3912,0.5);
#3912=AXIS2_PLACEMENT_3D('',#3913,#3914,#3915);
#3913=CARTESIAN_POINT('',(-3.10994511071945,3.30663320492707E-16,-22.0836477965032));
#3914=DIRECTION('',(7.06253680404605E-17,1.,0.));
#3915=DIRECTION('',(6.12323399573677E-17,-4.32455654546769E-33,-1.));
#3916=FACE_OUTER_BOUND('',#3917,.T.);
#3917=EDGE_LOOP('',(#7061));
#3918=FACE_OUTER_BOUND('',#3919,.T.);
#3919=EDGE_LOOP('',(#7062));
#3920=CYLINDRICAL_SURFACE('',#3921,0.5);
#3921=AXIS2_PLACEMENT_3D('',#3922,#3923,#3924);
#3922=CARTESIAN_POINT('',(-10.6099451107194,8.60353580796161E-16,3.89711431702997));
#3923=DIRECTION('',(7.06253680404605E-17,1.,0.));
#3924=DIRECTION('',(6.12323399573677E-17,-4.32455654546769E-33,-1.));
#3925=FACE_OUTER_BOUND('',#3926,.T.);
#3926=EDGE_LOOP('',(#7063));
#3927=FACE_OUTER_BOUND('',#3928,.T.);
#3928=EDGE_LOOP('',(#7064));
#3929=CYLINDRICAL_SURFACE('',#3930,0.5);
#3930=AXIS2_PLACEMENT_3D('',#3931,#3932,#3933);
#3931=CARTESIAN_POINT('',(-7.60994511071945,6.4847747667478E-16,3.89711431702997));
#3932=DIRECTION('',(7.06253680404605E-17,1.,0.));
#3933=DIRECTION('',(6.12323399573677E-17,-4.32455654546769E-33,-1.));
#3934=FACE_OUTER_BOUND('',#3935,.T.);
#3935=EDGE_LOOP('',(#7065));
#3936=FACE_OUTER_BOUND('',#3937,.T.);
#3937=EDGE_LOOP('',(#7066));
#3938=CYLINDRICAL_SURFACE('',#3939,0.5);
#3939=AXIS2_PLACEMENT_3D('',#3940,#3941,#3942);
#3940=CARTESIAN_POINT('',(-4.60994511071945,4.36601372553398E-16,3.89711431702997));
#3941=DIRECTION('',(7.06253680404605E-17,1.,0.));
#3942=DIRECTION('',(6.12323399573677E-17,-4.32455654546769E-33,-1.));
#3943=FACE_OUTER_BOUND('',#3944,.T.);
#3944=EDGE_LOOP('',(#7067));
#3945=FACE_OUTER_BOUND('',#3946,.T.);
#3946=EDGE_LOOP('',(#7068));
#3947=CYLINDRICAL_SURFACE('',#3948,0.5);
#3948=AXIS2_PLACEMENT_3D('',#3949,#3950,#3951);
#3949=CARTESIAN_POINT('',(-16.6099451107195,1.28410578903892E-15,3.89711431702997));
#3950=DIRECTION('',(7.06253680404605E-17,1.,0.));
#3951=DIRECTION('',(6.12323399573677E-17,-4.32455654546769E-33,-1.));
#3952=FACE_OUTER_BOUND('',#3953,.T.);
#3953=EDGE_LOOP('',(#7069));
#3954=FACE_OUTER_BOUND('',#3955,.T.);
#3955=EDGE_LOOP('',(#7070));
#3956=CYLINDRICAL_SURFACE('',#3957,0.5);
#3957=AXIS2_PLACEMENT_3D('',#3958,#3959,#3960);
#3958=CARTESIAN_POINT('',(-3.10994511071945,3.30663320492708E-16,3.89711431702997));
#3959=DIRECTION('',(7.06253680404605E-17,1.,0.));
#3960=DIRECTION('',(6.12323399573677E-17,-4.32455654546769E-33,-1.));
#3961=FACE_OUTER_BOUND('',#3962,.T.);
#3962=EDGE_LOOP('',(#7071));
#3963=FACE_OUTER_BOUND('',#3964,.T.);
#3964=EDGE_LOOP('',(#7072));
#3965=CYLINDRICAL_SURFACE('',#3966,0.5);
#3966=AXIS2_PLACEMENT_3D('',#3967,#3968,#3969);
#3967=CARTESIAN_POINT('',(-7.60994511071945,6.4847747667478E-16,6.49519052838328));
#3968=DIRECTION('',(7.06253680404605E-17,1.,0.));
#3969=DIRECTION('',(6.12323399573677E-17,-4.32455654546769E-33,-1.));
#3970=FACE_OUTER_BOUND('',#3971,.T.);
#3971=EDGE_LOOP('',(#7073));
#3972=FACE_OUTER_BOUND('',#3973,.T.);
#3973=EDGE_LOOP('',(#7074));
#3974=CYLINDRICAL_SURFACE('',#3975,0.5);
#3975=AXIS2_PLACEMENT_3D('',#3976,#3977,#3978);
#3976=CARTESIAN_POINT('',(-6.10994511071945,5.42539424614089E-16,6.49519052838328));
#3977=DIRECTION('',(7.06253680404605E-17,1.,0.));
#3978=DIRECTION('',(6.12323399573677E-17,-4.32455654546769E-33,-1.));
#3979=FACE_OUTER_BOUND('',#3980,.T.);
#3980=EDGE_LOOP('',(#7075));
#3981=FACE_OUTER_BOUND('',#3982,.T.);
#3982=EDGE_LOOP('',(#7076));
#3983=CYLINDRICAL_SURFACE('',#3984,0.5);
#3984=AXIS2_PLACEMENT_3D('',#3985,#3986,#3987);
#3985=CARTESIAN_POINT('',(-4.60994511071945,4.36601372553398E-16,6.49519052838328));
#3986=DIRECTION('',(7.06253680404605E-17,1.,0.));
#3987=DIRECTION('',(6.12323399573677E-17,-4.32455654546769E-33,-1.));
#3988=FACE_OUTER_BOUND('',#3989,.T.);
#3989=EDGE_LOOP('',(#7077));
#3990=FACE_OUTER_BOUND('',#3991,.T.);
#3991=EDGE_LOOP('',(#7078));
#3992=CYLINDRICAL_SURFACE('',#3993,0.5);
#3993=AXIS2_PLACEMENT_3D('',#3994,#3995,#3996);
#3994=CARTESIAN_POINT('',(-16.6099451107195,1.28410578903892E-15,6.49519052838328));
#3995=DIRECTION('',(7.06253680404605E-17,1.,0.));
#3996=DIRECTION('',(6.12323399573677E-17,-4.32455654546769E-33,-1.));
#3997=FACE_OUTER_BOUND('',#3998,.T.);
#3998=EDGE_LOOP('',(#7079));
#3999=FACE_OUTER_BOUND('',#4000,.T.);
#4000=EDGE_LOOP('',(#7080));
#4001=CYLINDRICAL_SURFACE('',#4002,0.5);
#4002=AXIS2_PLACEMENT_3D('',#4003,#4004,#4005);
#4003=CARTESIAN_POINT('',(-3.10994511071945,3.30663320492708E-16,6.49519052838328));
#4004=DIRECTION('',(7.06253680404605E-17,1.,0.));
#4005=DIRECTION('',(6.12323399573677E-17,-4.32455654546769E-33,-1.));
#4006=FACE_OUTER_BOUND('',#4007,.T.);
#4007=EDGE_LOOP('',(#7081));
#4008=FACE_OUTER_BOUND('',#4009,.T.);
#4009=EDGE_LOOP('',(#7082));
#4010=CYLINDRICAL_SURFACE('',#4011,0.5);
#4011=AXIS2_PLACEMENT_3D('',#4012,#4013,#4014);
#4012=CARTESIAN_POINT('',(-6.10994511071945,5.42539424614089E-16,9.0932667397366));
#4013=DIRECTION('',(7.06253680404605E-17,1.,0.));
#4014=DIRECTION('',(6.12323399573677E-17,-4.32455654546769E-33,-1.));
#4015=FACE_OUTER_BOUND('',#4016,.T.);
#4016=EDGE_LOOP('',(#7083));
#4017=FACE_OUTER_BOUND('',#4018,.T.);
#4018=EDGE_LOOP('',(#7084));
#4019=CYLINDRICAL_SURFACE('',#4020,0.5);
#4020=AXIS2_PLACEMENT_3D('',#4021,#4022,#4023);
#4021=CARTESIAN_POINT('',(-4.60994511071945,4.36601372553398E-16,9.0932667397366));
#4022=DIRECTION('',(7.06253680404605E-17,1.,0.));
#4023=DIRECTION('',(6.12323399573677E-17,-4.32455654546769E-33,-1.));
#4024=FACE_OUTER_BOUND('',#4025,.T.);
#4025=EDGE_LOOP('',(#7085));
#4026=FACE_OUTER_BOUND('',#4027,.T.);
#4027=EDGE_LOOP('',(#7086));
#4028=CYLINDRICAL_SURFACE('',#4029,0.5);
#4029=AXIS2_PLACEMENT_3D('',#4030,#4031,#4032);
#4030=CARTESIAN_POINT('',(-16.6099451107195,1.28410578903892E-15,9.09326673973659));
#4031=DIRECTION('',(7.06253680404605E-17,1.,0.));
#4032=DIRECTION('',(6.12323399573677E-17,-4.32455654546769E-33,-1.));
#4033=FACE_OUTER_BOUND('',#4034,.T.);
#4034=EDGE_LOOP('',(#7087));
#4035=FACE_OUTER_BOUND('',#4036,.T.);
#4036=EDGE_LOOP('',(#7088));
#4037=CYLINDRICAL_SURFACE('',#4038,0.5);
#4038=AXIS2_PLACEMENT_3D('',#4039,#4040,#4041);
#4039=CARTESIAN_POINT('',(-3.10994511071945,3.30663320492708E-16,9.0932667397366));
#4040=DIRECTION('',(7.06253680404605E-17,1.,0.));
#4041=DIRECTION('',(6.12323399573677E-17,-4.32455654546769E-33,-1.));
#4042=FACE_OUTER_BOUND('',#4043,.T.);
#4043=EDGE_LOOP('',(#7089));
#4044=FACE_OUTER_BOUND('',#4045,.T.);
#4045=EDGE_LOOP('',(#7090));
#4046=CYLINDRICAL_SURFACE('',#4047,0.5);
#4047=AXIS2_PLACEMENT_3D('',#4048,#4049,#4050);
#4048=CARTESIAN_POINT('',(-12.1099451107195,9.66291632856852E-16,11.6913429510899));
#4049=DIRECTION('',(7.06253680404605E-17,1.,0.));
#4050=DIRECTION('',(6.12323399573677E-17,-4.32455654546769E-33,-1.));
#4051=FACE_OUTER_BOUND('',#4052,.T.);
#4052=EDGE_LOOP('',(#7091));
#4053=FACE_OUTER_BOUND('',#4054,.T.);
#4054=EDGE_LOOP('',(#7092));
#4055=CYLINDRICAL_SURFACE('',#4056,0.5);
#4056=AXIS2_PLACEMENT_3D('',#4057,#4058,#4059);
#4057=CARTESIAN_POINT('',(-7.60994511071945,6.4847747667478E-16,11.6913429510899));
#4058=DIRECTION('',(7.06253680404605E-17,1.,0.));
#4059=DIRECTION('',(6.12323399573677E-17,-4.32455654546769E-33,-1.));
#4060=FACE_OUTER_BOUND('',#4061,.T.);
#4061=EDGE_LOOP('',(#7093));
#4062=FACE_OUTER_BOUND('',#4063,.T.);
#4063=EDGE_LOOP('',(#7094));
#4064=CYLINDRICAL_SURFACE('',#4065,0.5);
#4065=AXIS2_PLACEMENT_3D('',#4066,#4067,#4068);
#4066=CARTESIAN_POINT('',(-6.10994511071945,5.42539424614089E-16,11.6913429510899));
#4067=DIRECTION('',(7.06253680404605E-17,1.,0.));
#4068=DIRECTION('',(6.12323399573677E-17,-4.32455654546769E-33,-1.));
#4069=FACE_OUTER_BOUND('',#4070,.T.);
#4070=EDGE_LOOP('',(#7095));
#4071=FACE_OUTER_BOUND('',#4072,.T.);
#4072=EDGE_LOOP('',(#7096));
#4073=CYLINDRICAL_SURFACE('',#4074,0.5);
#4074=AXIS2_PLACEMENT_3D('',#4075,#4076,#4077);
#4075=CARTESIAN_POINT('',(-4.60994511071945,4.36601372553398E-16,11.6913429510899));
#4076=DIRECTION('',(7.06253680404605E-17,1.,0.));
#4077=DIRECTION('',(6.12323399573677E-17,-4.32455654546769E-33,-1.));
#4078=FACE_OUTER_BOUND('',#4079,.T.);
#4079=EDGE_LOOP('',(#7097));
#4080=FACE_OUTER_BOUND('',#4081,.T.);
#4081=EDGE_LOOP('',(#7098));
#4082=CYLINDRICAL_SURFACE('',#4083,0.5);
#4083=AXIS2_PLACEMENT_3D('',#4084,#4085,#4086);
#4084=CARTESIAN_POINT('',(-13.6099451107195,1.07222968491754E-15,11.6913429510899));
#4085=DIRECTION('',(7.06253680404605E-17,1.,0.));
#4086=DIRECTION('',(6.12323399573677E-17,-4.32455654546769E-33,-1.));
#4087=FACE_OUTER_BOUND('',#4088,.T.);
#4088=EDGE_LOOP('',(#7099));
#4089=FACE_OUTER_BOUND('',#4090,.T.);
#4090=EDGE_LOOP('',(#7100));
#4091=CYLINDRICAL_SURFACE('',#4092,0.5);
#4092=AXIS2_PLACEMENT_3D('',#4093,#4094,#4095);
#4093=CARTESIAN_POINT('',(-15.1099451107195,1.17816773697823E-15,11.6913429510899));
#4094=DIRECTION('',(7.06253680404605E-17,1.,0.));
#4095=DIRECTION('',(6.12323399573677E-17,-4.32455654546769E-33,-1.));
#4096=FACE_OUTER_BOUND('',#4097,.T.);
#4097=EDGE_LOOP('',(#7101));
#4098=FACE_OUTER_BOUND('',#4099,.T.);
#4099=EDGE_LOOP('',(#7102));
#4100=CYLINDRICAL_SURFACE('',#4101,0.5);
#4101=AXIS2_PLACEMENT_3D('',#4102,#4103,#4104);
#4102=CARTESIAN_POINT('',(-16.6099451107195,1.28410578903892E-15,11.6913429510899));
#4103=DIRECTION('',(7.06253680404605E-17,1.,0.));
#4104=DIRECTION('',(6.12323399573677E-17,-4.32455654546769E-33,-1.));
#4105=FACE_OUTER_BOUND('',#4106,.T.);
#4106=EDGE_LOOP('',(#7103));
#4107=FACE_OUTER_BOUND('',#4108,.T.);
#4108=EDGE_LOOP('',(#7104));
#4109=CYLINDRICAL_SURFACE('',#4110,0.5);
#4110=AXIS2_PLACEMENT_3D('',#4111,#4112,#4113);
#4111=CARTESIAN_POINT('',(-3.10994511071945,3.30663320492708E-16,11.6913429510899));
#4112=DIRECTION('',(7.06253680404605E-17,1.,0.));
#4113=DIRECTION('',(6.12323399573677E-17,-4.32455654546769E-33,-1.));
#4114=FACE_OUTER_BOUND('',#4115,.T.);
#4115=EDGE_LOOP('',(#7105));
#4116=FACE_OUTER_BOUND('',#4117,.T.);
#4117=EDGE_LOOP('',(#7106));
#4118=CYLINDRICAL_SURFACE('',#4119,0.5);
#4119=AXIS2_PLACEMENT_3D('',#4120,#4121,#4122);
#4120=CARTESIAN_POINT('',(-7.60994511071945,6.4847747667478E-16,14.2894191624432));
#4121=DIRECTION('',(7.06253680404605E-17,1.,0.));
#4122=DIRECTION('',(6.12323399573677E-17,-4.32455654546769E-33,-1.));
#4123=FACE_OUTER_BOUND('',#4124,.T.);
#4124=EDGE_LOOP('',(#7107));
#4125=FACE_OUTER_BOUND('',#4126,.T.);
#4126=EDGE_LOOP('',(#7108));
#4127=CYLINDRICAL_SURFACE('',#4128,0.5);
#4128=AXIS2_PLACEMENT_3D('',#4129,#4130,#4131);
#4129=CARTESIAN_POINT('',(-6.10994511071945,5.42539424614089E-16,14.2894191624432));
#4130=DIRECTION('',(7.06253680404605E-17,1.,0.));
#4131=DIRECTION('',(6.12323399573677E-17,-4.32455654546769E-33,-1.));
#4132=FACE_OUTER_BOUND('',#4133,.T.);
#4133=EDGE_LOOP('',(#7109));
#4134=FACE_OUTER_BOUND('',#4135,.T.);
#4135=EDGE_LOOP('',(#7110));
#4136=CYLINDRICAL_SURFACE('',#4137,0.5);
#4137=AXIS2_PLACEMENT_3D('',#4138,#4139,#4140);
#4138=CARTESIAN_POINT('',(-4.60994511071945,4.36601372553398E-16,14.2894191624432));
#4139=DIRECTION('',(7.06253680404605E-17,1.,0.));
#4140=DIRECTION('',(6.12323399573677E-17,-4.32455654546769E-33,-1.));
#4141=FACE_OUTER_BOUND('',#4142,.T.);
#4142=EDGE_LOOP('',(#7111));
#4143=FACE_OUTER_BOUND('',#4144,.T.);
#4144=EDGE_LOOP('',(#7112));
#4145=CYLINDRICAL_SURFACE('',#4146,0.5);
#4146=AXIS2_PLACEMENT_3D('',#4147,#4148,#4149);
#4147=CARTESIAN_POINT('',(-15.1099451107195,1.17816773697823E-15,14.2894191624432));
#4148=DIRECTION('',(7.06253680404605E-17,1.,0.));
#4149=DIRECTION('',(6.12323399573677E-17,-4.32455654546769E-33,-1.));
#4150=FACE_OUTER_BOUND('',#4151,.T.);
#4151=EDGE_LOOP('',(#7113));
#4152=FACE_OUTER_BOUND('',#4153,.T.);
#4153=EDGE_LOOP('',(#7114));
#4154=CYLINDRICAL_SURFACE('',#4155,0.5);
#4155=AXIS2_PLACEMENT_3D('',#4156,#4157,#4158);
#4156=CARTESIAN_POINT('',(-16.6099451107195,1.28410578903892E-15,14.2894191624432));
#4157=DIRECTION('',(7.06253680404605E-17,1.,0.));
#4158=DIRECTION('',(6.12323399573677E-17,-4.32455654546769E-33,-1.));
#4159=FACE_OUTER_BOUND('',#4160,.T.);
#4160=EDGE_LOOP('',(#7115));
#4161=FACE_OUTER_BOUND('',#4162,.T.);
#4162=EDGE_LOOP('',(#7116));
#4163=CYLINDRICAL_SURFACE('',#4164,0.5);
#4164=AXIS2_PLACEMENT_3D('',#4165,#4166,#4167);
#4165=CARTESIAN_POINT('',(-3.10994511071945,3.30663320492708E-16,14.2894191624432));
#4166=DIRECTION('',(7.06253680404605E-17,1.,0.));
#4167=DIRECTION('',(6.12323399573677E-17,-4.32455654546769E-33,-1.));
#4168=FACE_OUTER_BOUND('',#4169,.T.);
#4169=EDGE_LOOP('',(#7117));
#4170=FACE_OUTER_BOUND('',#4171,.T.);
#4171=EDGE_LOOP('',(#7118));
#4172=CYLINDRICAL_SURFACE('',#4173,0.5);
#4173=AXIS2_PLACEMENT_3D('',#4174,#4175,#4176);
#4174=CARTESIAN_POINT('',(-12.1099451107195,9.66291632856852E-16,16.8874953737965));
#4175=DIRECTION('',(7.06253680404605E-17,1.,0.));
#4176=DIRECTION('',(6.12323399573677E-17,-4.32455654546769E-33,-1.));
#4177=FACE_OUTER_BOUND('',#4178,.T.);
#4178=EDGE_LOOP('',(#7119));
#4179=FACE_OUTER_BOUND('',#4180,.T.);
#4180=EDGE_LOOP('',(#7120));
#4181=CYLINDRICAL_SURFACE('',#4182,0.5);
#4182=AXIS2_PLACEMENT_3D('',#4183,#4184,#4185);
#4183=CARTESIAN_POINT('',(-7.60994511071945,6.4847747667478E-16,16.8874953737965));
#4184=DIRECTION('',(7.06253680404605E-17,1.,0.));
#4185=DIRECTION('',(6.12323399573677E-17,-4.32455654546769E-33,-1.));
#4186=FACE_OUTER_BOUND('',#4187,.T.);
#4187=EDGE_LOOP('',(#7121));
#4188=FACE_OUTER_BOUND('',#4189,.T.);
#4189=EDGE_LOOP('',(#7122));
#4190=CYLINDRICAL_SURFACE('',#4191,0.5);
#4191=AXIS2_PLACEMENT_3D('',#4192,#4193,#4194);
#4192=CARTESIAN_POINT('',(-6.10994511071945,5.42539424614089E-16,16.8874953737965));
#4193=DIRECTION('',(7.06253680404605E-17,1.,0.));
#4194=DIRECTION('',(6.12323399573677E-17,-4.32455654546769E-33,-1.));
#4195=FACE_OUTER_BOUND('',#4196,.T.);
#4196=EDGE_LOOP('',(#7123));
#4197=FACE_OUTER_BOUND('',#4198,.T.);
#4198=EDGE_LOOP('',(#7124));
#4199=CYLINDRICAL_SURFACE('',#4200,0.5);
#4200=AXIS2_PLACEMENT_3D('',#4201,#4202,#4203);
#4201=CARTESIAN_POINT('',(-4.60994511071945,4.36601372553398E-16,16.8874953737965));
#4202=DIRECTION('',(7.06253680404605E-17,1.,0.));
#4203=DIRECTION('',(6.12323399573677E-17,-4.32455654546769E-33,-1.));
#4204=FACE_OUTER_BOUND('',#4205,.T.);
#4205=EDGE_LOOP('',(#7125));
#4206=FACE_OUTER_BOUND('',#4207,.T.);
#4207=EDGE_LOOP('',(#7126));
#4208=CYLINDRICAL_SURFACE('',#4209,0.5);
#4209=AXIS2_PLACEMENT_3D('',#4210,#4211,#4212);
#4210=CARTESIAN_POINT('',(-15.1099451107195,1.17816773697823E-15,16.8874953737965));
#4211=DIRECTION('',(7.06253680404605E-17,1.,0.));
#4212=DIRECTION('',(6.12323399573677E-17,-4.32455654546769E-33,-1.));
#4213=FACE_OUTER_BOUND('',#4214,.T.);
#4214=EDGE_LOOP('',(#7127));
#4215=FACE_OUTER_BOUND('',#4216,.T.);
#4216=EDGE_LOOP('',(#7128));
#4217=CYLINDRICAL_SURFACE('',#4218,0.5);
#4218=AXIS2_PLACEMENT_3D('',#4219,#4220,#4221);
#4219=CARTESIAN_POINT('',(-16.6099451107195,1.28410578903892E-15,16.8874953737965));
#4220=DIRECTION('',(7.06253680404605E-17,1.,0.));
#4221=DIRECTION('',(6.12323399573677E-17,-4.32455654546769E-33,-1.));
#4222=FACE_OUTER_BOUND('',#4223,.T.);
#4223=EDGE_LOOP('',(#7129));
#4224=FACE_OUTER_BOUND('',#4225,.T.);
#4225=EDGE_LOOP('',(#7130));
#4226=CYLINDRICAL_SURFACE('',#4227,0.5);
#4227=AXIS2_PLACEMENT_3D('',#4228,#4229,#4230);
#4228=CARTESIAN_POINT('',(-3.10994511071945,3.30663320492708E-16,16.8874953737965));
#4229=DIRECTION('',(7.06253680404605E-17,1.,0.));
#4230=DIRECTION('',(6.12323399573677E-17,-4.32455654546769E-33,-1.));
#4231=FACE_OUTER_BOUND('',#4232,.T.);
#4232=EDGE_LOOP('',(#7131));
#4233=FACE_OUTER_BOUND('',#4234,.T.);
#4234=EDGE_LOOP('',(#7132));
#4235=CYLINDRICAL_SURFACE('',#4236,0.5);
#4236=AXIS2_PLACEMENT_3D('',#4237,#4238,#4239);
#4237=CARTESIAN_POINT('',(-7.60994511071945,6.4847747667478E-16,19.4855715851498));
#4238=DIRECTION('',(7.06253680404605E-17,1.,0.));
#4239=DIRECTION('',(6.12323399573677E-17,-4.32455654546769E-33,-1.));
#4240=FACE_OUTER_BOUND('',#4241,.T.);
#4241=EDGE_LOOP('',(#7133));
#4242=FACE_OUTER_BOUND('',#4243,.T.);
#4243=EDGE_LOOP('',(#7134));
#4244=CYLINDRICAL_SURFACE('',#4245,0.5);
#4245=AXIS2_PLACEMENT_3D('',#4246,#4247,#4248);
#4246=CARTESIAN_POINT('',(-6.10994511071945,5.42539424614089E-16,19.4855715851498));
#4247=DIRECTION('',(7.06253680404605E-17,1.,0.));
#4248=DIRECTION('',(6.12323399573677E-17,-4.32455654546769E-33,-1.));
#4249=FACE_OUTER_BOUND('',#4250,.T.);
#4250=EDGE_LOOP('',(#7135));
#4251=FACE_OUTER_BOUND('',#4252,.T.);
#4252=EDGE_LOOP('',(#7136));
#4253=CYLINDRICAL_SURFACE('',#4254,0.5);
#4254=AXIS2_PLACEMENT_3D('',#4255,#4256,#4257);
#4255=CARTESIAN_POINT('',(-4.60994511071945,4.36601372553398E-16,19.4855715851498));
#4256=DIRECTION('',(7.06253680404605E-17,1.,0.));
#4257=DIRECTION('',(6.12323399573677E-17,-4.32455654546769E-33,-1.));
#4258=FACE_OUTER_BOUND('',#4259,.T.);
#4259=EDGE_LOOP('',(#7137));
#4260=FACE_OUTER_BOUND('',#4261,.T.);
#4261=EDGE_LOOP('',(#7138));
#4262=CYLINDRICAL_SURFACE('',#4263,0.5);
#4263=AXIS2_PLACEMENT_3D('',#4264,#4265,#4266);
#4264=CARTESIAN_POINT('',(-15.1099451107195,1.17816773697823E-15,19.4855715851498));
#4265=DIRECTION('',(7.06253680404605E-17,1.,0.));
#4266=DIRECTION('',(6.12323399573677E-17,-4.32455654546769E-33,-1.));
#4267=FACE_OUTER_BOUND('',#4268,.T.);
#4268=EDGE_LOOP('',(#7139));
#4269=FACE_OUTER_BOUND('',#4270,.T.);
#4270=EDGE_LOOP('',(#7140));
#4271=CYLINDRICAL_SURFACE('',#4272,0.5);
#4272=AXIS2_PLACEMENT_3D('',#4273,#4274,#4275);
#4273=CARTESIAN_POINT('',(-16.6099451107195,1.28410578903892E-15,19.4855715851498));
#4274=DIRECTION('',(7.06253680404605E-17,1.,0.));
#4275=DIRECTION('',(6.12323399573677E-17,-4.32455654546769E-33,-1.));
#4276=FACE_OUTER_BOUND('',#4277,.T.);
#4277=EDGE_LOOP('',(#7141));
#4278=FACE_OUTER_BOUND('',#4279,.T.);
#4279=EDGE_LOOP('',(#7142));
#4280=CYLINDRICAL_SURFACE('',#4281,0.5);
#4281=AXIS2_PLACEMENT_3D('',#4282,#4283,#4284);
#4282=CARTESIAN_POINT('',(-3.10994511071945,3.30663320492708E-16,19.4855715851498));
#4283=DIRECTION('',(7.06253680404605E-17,1.,0.));
#4284=DIRECTION('',(6.12323399573677E-17,-4.32455654546769E-33,-1.));
#4285=FACE_OUTER_BOUND('',#4286,.T.);
#4286=EDGE_LOOP('',(#7143));
#4287=FACE_OUTER_BOUND('',#4288,.T.);
#4288=EDGE_LOOP('',(#7144));
#4289=CYLINDRICAL_SURFACE('',#4290,0.5);
#4290=AXIS2_PLACEMENT_3D('',#4291,#4292,#4293);
#4291=CARTESIAN_POINT('',(-10.6099451107195,8.60353580796161E-16,22.0836477965032));
#4292=DIRECTION('',(7.06253680404605E-17,1.,0.));
#4293=DIRECTION('',(6.12323399573677E-17,-4.32455654546769E-33,-1.));
#4294=FACE_OUTER_BOUND('',#4295,.T.);
#4295=EDGE_LOOP('',(#7145));
#4296=FACE_OUTER_BOUND('',#4297,.T.);
#4297=EDGE_LOOP('',(#7146));
#4298=CYLINDRICAL_SURFACE('',#4299,0.5);
#4299=AXIS2_PLACEMENT_3D('',#4300,#4301,#4302);
#4300=CARTESIAN_POINT('',(-12.1099451107195,9.66291632856852E-16,22.0836477965032));
#4301=DIRECTION('',(7.06253680404605E-17,1.,0.));
#4302=DIRECTION('',(6.12323399573677E-17,-4.32455654546769E-33,-1.));
#4303=FACE_OUTER_BOUND('',#4304,.T.);
#4304=EDGE_LOOP('',(#7147));
#4305=FACE_OUTER_BOUND('',#4306,.T.);
#4306=EDGE_LOOP('',(#7148));
#4307=CYLINDRICAL_SURFACE('',#4308,0.500000000000001);
#4308=AXIS2_PLACEMENT_3D('',#4309,#4310,#4311);
#4309=CARTESIAN_POINT('',(-9.10994511071945,7.54415528735471E-16,22.0836477965032));
#4310=DIRECTION('',(7.06253680404605E-17,1.,0.));
#4311=DIRECTION('',(6.12323399573677E-17,-4.32455654546769E-33,-1.));
#4312=FACE_OUTER_BOUND('',#4313,.T.);
#4313=EDGE_LOOP('',(#7149));
#4314=FACE_OUTER_BOUND('',#4315,.T.);
#4315=EDGE_LOOP('',(#7150));
#4316=CYLINDRICAL_SURFACE('',#4317,0.5);
#4317=AXIS2_PLACEMENT_3D('',#4318,#4319,#4320);
#4318=CARTESIAN_POINT('',(-6.10994511071945,5.42539424614089E-16,22.0836477965032));
#4319=DIRECTION('',(7.06253680404605E-17,1.,0.));
#4320=DIRECTION('',(6.12323399573677E-17,-4.32455654546769E-33,-1.));
#4321=FACE_OUTER_BOUND('',#4322,.T.);
#4322=EDGE_LOOP('',(#7151));
#4323=FACE_OUTER_BOUND('',#4324,.T.);
#4324=EDGE_LOOP('',(#7152));
#4325=CYLINDRICAL_SURFACE('',#4326,0.5);
#4326=AXIS2_PLACEMENT_3D('',#4327,#4328,#4329);
#4327=CARTESIAN_POINT('',(-4.60994511071945,4.36601372553398E-16,22.0836477965032));
#4328=DIRECTION('',(7.06253680404605E-17,1.,0.));
#4329=DIRECTION('',(6.12323399573677E-17,-4.32455654546769E-33,-1.));
#4330=FACE_OUTER_BOUND('',#4331,.T.);
#4331=EDGE_LOOP('',(#7153));
#4332=FACE_OUTER_BOUND('',#4333,.T.);
#4333=EDGE_LOOP('',(#7154));
#4334=CYLINDRICAL_SURFACE('',#4335,0.5);
#4335=AXIS2_PLACEMENT_3D('',#4336,#4337,#4338);
#4336=CARTESIAN_POINT('',(-13.6099451107195,1.07222968491754E-15,22.0836477965032));
#4337=DIRECTION('',(7.06253680404605E-17,1.,0.));
#4338=DIRECTION('',(6.12323399573677E-17,-4.32455654546769E-33,-1.));
#4339=FACE_OUTER_BOUND('',#4340,.T.);
#4340=EDGE_LOOP('',(#7155));
#4341=FACE_OUTER_BOUND('',#4342,.T.);
#4342=EDGE_LOOP('',(#7156));
#4343=CYLINDRICAL_SURFACE('',#4344,0.5);
#4344=AXIS2_PLACEMENT_3D('',#4345,#4346,#4347);
#4345=CARTESIAN_POINT('',(-15.1099451107195,1.17816773697823E-15,22.0836477965032));
#4346=DIRECTION('',(7.06253680404605E-17,1.,0.));
#4347=DIRECTION('',(6.12323399573677E-17,-4.32455654546769E-33,-1.));
#4348=FACE_OUTER_BOUND('',#4349,.T.);
#4349=EDGE_LOOP('',(#7157));
#4350=FACE_OUTER_BOUND('',#4351,.T.);
#4351=EDGE_LOOP('',(#7158));
#4352=CYLINDRICAL_SURFACE('',#4353,0.5);
#4353=AXIS2_PLACEMENT_3D('',#4354,#4355,#4356);
#4354=CARTESIAN_POINT('',(-16.6099451107195,1.28410578903892E-15,22.0836477965032));
#4355=DIRECTION('',(7.06253680404605E-17,1.,0.));
#4356=DIRECTION('',(6.12323399573677E-17,-4.32455654546769E-33,-1.));
#4357=FACE_OUTER_BOUND('',#4358,.T.);
#4358=EDGE_LOOP('',(#7159));
#4359=FACE_OUTER_BOUND('',#4360,.T.);
#4360=EDGE_LOOP('',(#7160));
#4361=CYLINDRICAL_SURFACE('',#4362,0.5);
#4362=AXIS2_PLACEMENT_3D('',#4363,#4364,#4365);
#4363=CARTESIAN_POINT('',(-3.10994511071946,3.30663320492708E-16,22.0836477965032));
#4364=DIRECTION('',(7.06253680404605E-17,1.,0.));
#4365=DIRECTION('',(6.12323399573677E-17,-4.32455654546769E-33,-1.));
#4366=FACE_OUTER_BOUND('',#4367,.T.);
#4367=EDGE_LOOP('',(#7161));
#4368=FACE_OUTER_BOUND('',#4369,.T.);
#4369=EDGE_LOOP('',(#7162));
#4370=CYLINDRICAL_SURFACE('',#4371,0.5);
#4371=AXIS2_PLACEMENT_3D('',#4372,#4373,#4374);
#4372=CARTESIAN_POINT('',(-9.85994511071945,8.07384554765816E-16,-2.59807621135331));
#4373=DIRECTION('',(7.06253680404605E-17,1.,0.));
#4374=DIRECTION('',(6.12323399573677E-17,-4.32455654546769E-33,-1.));
#4375=FACE_OUTER_BOUND('',#4376,.T.);
#4376=EDGE_LOOP('',(#7163));
#4377=FACE_OUTER_BOUND('',#4378,.T.);
#4378=EDGE_LOOP('',(#7164));
#4379=CYLINDRICAL_SURFACE('',#4380,0.5);
#4380=AXIS2_PLACEMENT_3D('',#4381,#4382,#4383);
#4381=CARTESIAN_POINT('',(-11.3599451107195,9.13322606826506E-16,-2.59807621135331));
#4382=DIRECTION('',(7.06253680404605E-17,1.,0.));
#4383=DIRECTION('',(6.12323399573677E-17,-4.32455654546769E-33,-1.));
#4384=FACE_OUTER_BOUND('',#4385,.T.);
#4385=EDGE_LOOP('',(#7165));
#4386=FACE_OUTER_BOUND('',#4387,.T.);
#4387=EDGE_LOOP('',(#7166));
#4388=CYLINDRICAL_SURFACE('',#4389,0.5);
#4389=AXIS2_PLACEMENT_3D('',#4390,#4391,#4392);
#4390=CARTESIAN_POINT('',(-6.85994511071945,5.95508450644434E-16,-2.59807621135331));
#4391=DIRECTION('',(7.06253680404605E-17,1.,0.));
#4392=DIRECTION('',(6.12323399573677E-17,-4.32455654546769E-33,-1.));
#4393=FACE_OUTER_BOUND('',#4394,.T.);
#4394=EDGE_LOOP('',(#7167));
#4395=FACE_OUTER_BOUND('',#4396,.T.);
#4396=EDGE_LOOP('',(#7168));
#4397=CYLINDRICAL_SURFACE('',#4398,0.5);
#4398=AXIS2_PLACEMENT_3D('',#4399,#4400,#4401);
#4399=CARTESIAN_POINT('',(-5.35994511071945,4.89570398583744E-16,-2.59807621135331));
#4400=DIRECTION('',(7.06253680404605E-17,1.,0.));
#4401=DIRECTION('',(6.12323399573677E-17,-4.32455654546769E-33,-1.));
#4402=FACE_OUTER_BOUND('',#4403,.T.);
#4403=EDGE_LOOP('',(#7169));
#4404=FACE_OUTER_BOUND('',#4405,.T.);
#4405=EDGE_LOOP('',(#7170));
#4406=CYLINDRICAL_SURFACE('',#4407,0.5);
#4407=AXIS2_PLACEMENT_3D('',#4408,#4409,#4410);
#4408=CARTESIAN_POINT('',(-3.85994511071945,3.83632346523053E-16,-2.59807621135331));
#4409=DIRECTION('',(7.06253680404605E-17,1.,0.));
#4410=DIRECTION('',(6.12323399573677E-17,-4.32455654546769E-33,-1.));
#4411=FACE_OUTER_BOUND('',#4412,.T.);
#4412=EDGE_LOOP('',(#7171));
#4413=FACE_OUTER_BOUND('',#4414,.T.);
#4414=EDGE_LOOP('',(#7172));
#4415=CYLINDRICAL_SURFACE('',#4416,0.5);
#4416=AXIS2_PLACEMENT_3D('',#4417,#4418,#4419);
#4417=CARTESIAN_POINT('',(-12.8599451107195,1.0192606588872E-15,-2.59807621135331));
#4418=DIRECTION('',(7.06253680404605E-17,1.,0.));
#4419=DIRECTION('',(6.12323399573677E-17,-4.32455654546769E-33,-1.));
#4420=FACE_OUTER_BOUND('',#4421,.T.);
#4421=EDGE_LOOP('',(#7173));
#4422=FACE_OUTER_BOUND('',#4423,.T.);
#4423=EDGE_LOOP('',(#7174));
#4424=CYLINDRICAL_SURFACE('',#4425,0.5);
#4425=AXIS2_PLACEMENT_3D('',#4426,#4427,#4428);
#4426=CARTESIAN_POINT('',(-14.3599451107195,1.12519871094789E-15,-2.59807621135331));
#4427=DIRECTION('',(7.06253680404605E-17,1.,0.));
#4428=DIRECTION('',(6.12323399573677E-17,-4.32455654546769E-33,-1.));
#4429=FACE_OUTER_BOUND('',#4430,.T.);
#4430=EDGE_LOOP('',(#7175));
#4431=FACE_OUTER_BOUND('',#4432,.T.);
#4432=EDGE_LOOP('',(#7176));
#4433=CYLINDRICAL_SURFACE('',#4434,0.5);
#4434=AXIS2_PLACEMENT_3D('',#4435,#4436,#4437);
#4435=CARTESIAN_POINT('',(-15.8599451107195,1.23113676300858E-15,-2.59807621135331));
#4436=DIRECTION('',(7.06253680404605E-17,1.,0.));
#4437=DIRECTION('',(6.12323399573677E-17,-4.32455654546769E-33,-1.));
#4438=FACE_OUTER_BOUND('',#4439,.T.);
#4439=EDGE_LOOP('',(#7177));
#4440=FACE_OUTER_BOUND('',#4441,.T.);
#4441=EDGE_LOOP('',(#7178));
#4442=CYLINDRICAL_SURFACE('',#4443,0.5);
#4443=AXIS2_PLACEMENT_3D('',#4444,#4445,#4446);
#4444=CARTESIAN_POINT('',(-9.85994511071945,8.07384554765816E-16,-5.19615242270663));
#4445=DIRECTION('',(7.06253680404605E-17,1.,0.));
#4446=DIRECTION('',(6.12323399573677E-17,-4.32455654546769E-33,-1.));
#4447=FACE_OUTER_BOUND('',#4448,.T.);
#4448=EDGE_LOOP('',(#7179));
#4449=FACE_OUTER_BOUND('',#4450,.T.);
#4450=EDGE_LOOP('',(#7180));
#4451=CYLINDRICAL_SURFACE('',#4452,0.5);
#4452=AXIS2_PLACEMENT_3D('',#4453,#4454,#4455);
#4453=CARTESIAN_POINT('',(-11.3599451107195,9.13322606826506E-16,-5.19615242270663));
#4454=DIRECTION('',(7.06253680404605E-17,1.,0.));
#4455=DIRECTION('',(6.12323399573677E-17,-4.32455654546769E-33,-1.));
#4456=FACE_OUTER_BOUND('',#4457,.T.);
#4457=EDGE_LOOP('',(#7181));
#4458=FACE_OUTER_BOUND('',#4459,.T.);
#4459=EDGE_LOOP('',(#7182));
#4460=CYLINDRICAL_SURFACE('',#4461,0.5);
#4461=AXIS2_PLACEMENT_3D('',#4462,#4463,#4464);
#4462=CARTESIAN_POINT('',(-6.85994511071945,5.95508450644434E-16,-5.19615242270663));
#4463=DIRECTION('',(7.06253680404605E-17,1.,0.));
#4464=DIRECTION('',(6.12323399573677E-17,-4.32455654546769E-33,-1.));
#4465=FACE_OUTER_BOUND('',#4466,.T.);
#4466=EDGE_LOOP('',(#7183));
#4467=FACE_OUTER_BOUND('',#4468,.T.);
#4468=EDGE_LOOP('',(#7184));
#4469=CYLINDRICAL_SURFACE('',#4470,0.5);
#4470=AXIS2_PLACEMENT_3D('',#4471,#4472,#4473);
#4471=CARTESIAN_POINT('',(-5.35994511071945,4.89570398583744E-16,-5.19615242270663));
#4472=DIRECTION('',(7.06253680404605E-17,1.,0.));
#4473=DIRECTION('',(6.12323399573677E-17,-4.32455654546769E-33,-1.));
#4474=FACE_OUTER_BOUND('',#4475,.T.);
#4475=EDGE_LOOP('',(#7185));
#4476=FACE_OUTER_BOUND('',#4477,.T.);
#4477=EDGE_LOOP('',(#7186));
#4478=CYLINDRICAL_SURFACE('',#4479,0.5);
#4479=AXIS2_PLACEMENT_3D('',#4480,#4481,#4482);
#4480=CARTESIAN_POINT('',(-3.85994511071945,3.83632346523053E-16,-5.19615242270663));
#4481=DIRECTION('',(7.06253680404605E-17,1.,0.));
#4482=DIRECTION('',(6.12323399573677E-17,-4.32455654546769E-33,-1.));
#4483=FACE_OUTER_BOUND('',#4484,.T.);
#4484=EDGE_LOOP('',(#7187));
#4485=FACE_OUTER_BOUND('',#4486,.T.);
#4486=EDGE_LOOP('',(#7188));
#4487=CYLINDRICAL_SURFACE('',#4488,0.5);
#4488=AXIS2_PLACEMENT_3D('',#4489,#4490,#4491);
#4489=CARTESIAN_POINT('',(-12.8599451107195,1.0192606588872E-15,-5.19615242270663));
#4490=DIRECTION('',(7.06253680404605E-17,1.,0.));
#4491=DIRECTION('',(6.12323399573677E-17,-4.32455654546769E-33,-1.));
#4492=FACE_OUTER_BOUND('',#4493,.T.);
#4493=EDGE_LOOP('',(#7189));
#4494=FACE_OUTER_BOUND('',#4495,.T.);
#4495=EDGE_LOOP('',(#7190));
#4496=CYLINDRICAL_SURFACE('',#4497,0.5);
#4497=AXIS2_PLACEMENT_3D('',#4498,#4499,#4500);
#4498=CARTESIAN_POINT('',(-14.3599451107195,1.12519871094789E-15,-5.19615242270663));
#4499=DIRECTION('',(7.06253680404605E-17,1.,0.));
#4500=DIRECTION('',(6.12323399573677E-17,-4.32455654546769E-33,-1.));
#4501=FACE_OUTER_BOUND('',#4502,.T.);
#4502=EDGE_LOOP('',(#7191));
#4503=FACE_OUTER_BOUND('',#4504,.T.);
#4504=EDGE_LOOP('',(#7192));
#4505=CYLINDRICAL_SURFACE('',#4506,0.5);
#4506=AXIS2_PLACEMENT_3D('',#4507,#4508,#4509);
#4507=CARTESIAN_POINT('',(-15.8599451107195,1.23113676300858E-15,-5.19615242270663));
#4508=DIRECTION('',(7.06253680404605E-17,1.,0.));
#4509=DIRECTION('',(6.12323399573677E-17,-4.32455654546769E-33,-1.));
#4510=FACE_OUTER_BOUND('',#4511,.T.);
#4511=EDGE_LOOP('',(#7193));
#4512=FACE_OUTER_BOUND('',#4513,.T.);
#4513=EDGE_LOOP('',(#7194));
#4514=CYLINDRICAL_SURFACE('',#4515,0.5);
#4515=AXIS2_PLACEMENT_3D('',#4516,#4517,#4518);
#4516=CARTESIAN_POINT('',(-6.85994511071945,5.95508450644434E-16,-7.79422863405994));
#4517=DIRECTION('',(7.06253680404605E-17,1.,0.));
#4518=DIRECTION('',(6.12323399573677E-17,-4.32455654546769E-33,-1.));
#4519=FACE_OUTER_BOUND('',#4520,.T.);
#4520=EDGE_LOOP('',(#7195));
#4521=FACE_OUTER_BOUND('',#4522,.T.);
#4522=EDGE_LOOP('',(#7196));
#4523=CYLINDRICAL_SURFACE('',#4524,0.5);
#4524=AXIS2_PLACEMENT_3D('',#4525,#4526,#4527);
#4525=CARTESIAN_POINT('',(-5.35994511071945,4.89570398583743E-16,-7.79422863405994));
#4526=DIRECTION('',(7.06253680404605E-17,1.,0.));
#4527=DIRECTION('',(6.12323399573677E-17,-4.32455654546769E-33,-1.));
#4528=FACE_OUTER_BOUND('',#4529,.T.);
#4529=EDGE_LOOP('',(#7197));
#4530=FACE_OUTER_BOUND('',#4531,.T.);
#4531=EDGE_LOOP('',(#7198));
#4532=CYLINDRICAL_SURFACE('',#4533,0.5);
#4533=AXIS2_PLACEMENT_3D('',#4534,#4535,#4536);
#4534=CARTESIAN_POINT('',(-9.85994511071945,8.07384554765816E-16,-10.3923048454133));
#4535=DIRECTION('',(7.06253680404605E-17,1.,0.));
#4536=DIRECTION('',(6.12323399573677E-17,-4.32455654546769E-33,-1.));
#4537=FACE_OUTER_BOUND('',#4538,.T.);
#4538=EDGE_LOOP('',(#7199));
#4539=FACE_OUTER_BOUND('',#4540,.T.);
#4540=EDGE_LOOP('',(#7200));
#4541=CYLINDRICAL_SURFACE('',#4542,0.5);
#4542=AXIS2_PLACEMENT_3D('',#4543,#4544,#4545);
#4543=CARTESIAN_POINT('',(-11.3599451107194,9.13322606826506E-16,-10.3923048454133));
#4544=DIRECTION('',(7.06253680404605E-17,1.,0.));
#4545=DIRECTION('',(6.12323399573677E-17,-4.32455654546769E-33,-1.));
#4546=FACE_OUTER_BOUND('',#4547,.T.);
#4547=EDGE_LOOP('',(#7201));
#4548=FACE_OUTER_BOUND('',#4549,.T.);
#4549=EDGE_LOOP('',(#7202));
#4550=CYLINDRICAL_SURFACE('',#4551,0.5);
#4551=AXIS2_PLACEMENT_3D('',#4552,#4553,#4554);
#4552=CARTESIAN_POINT('',(-6.85994511071945,5.95508450644434E-16,-10.3923048454133));
#4553=DIRECTION('',(7.06253680404605E-17,1.,0.));
#4554=DIRECTION('',(6.12323399573677E-17,-4.32455654546769E-33,-1.));
#4555=FACE_OUTER_BOUND('',#4556,.T.);
#4556=EDGE_LOOP('',(#7203));
#4557=FACE_OUTER_BOUND('',#4558,.T.);
#4558=EDGE_LOOP('',(#7204));
#4559=CYLINDRICAL_SURFACE('',#4560,0.5);
#4560=AXIS2_PLACEMENT_3D('',#4561,#4562,#4563);
#4561=CARTESIAN_POINT('',(-5.35994511071945,4.89570398583743E-16,-10.3923048454133));
#4562=DIRECTION('',(7.06253680404605E-17,1.,0.));
#4563=DIRECTION('',(6.12323399573677E-17,-4.32455654546769E-33,-1.));
#4564=FACE_OUTER_BOUND('',#4565,.T.);
#4565=EDGE_LOOP('',(#7205));
#4566=FACE_OUTER_BOUND('',#4567,.T.);
#4567=EDGE_LOOP('',(#7206));
#4568=CYLINDRICAL_SURFACE('',#4569,0.5);
#4569=AXIS2_PLACEMENT_3D('',#4570,#4571,#4572);
#4570=CARTESIAN_POINT('',(-3.85994511071945,3.83632346523053E-16,-10.3923048454133));
#4571=DIRECTION('',(7.06253680404605E-17,1.,0.));
#4572=DIRECTION('',(6.12323399573677E-17,-4.32455654546769E-33,-1.));
#4573=FACE_OUTER_BOUND('',#4574,.T.);
#4574=EDGE_LOOP('',(#7207));
#4575=FACE_OUTER_BOUND('',#4576,.T.);
#4576=EDGE_LOOP('',(#7208));
#4577=CYLINDRICAL_SURFACE('',#4578,0.5);
#4578=AXIS2_PLACEMENT_3D('',#4579,#4580,#4581);
#4579=CARTESIAN_POINT('',(-12.8599451107194,1.0192606588872E-15,-10.3923048454133));
#4580=DIRECTION('',(7.06253680404605E-17,1.,0.));
#4581=DIRECTION('',(6.12323399573677E-17,-4.32455654546769E-33,-1.));
#4582=FACE_OUTER_BOUND('',#4583,.T.);
#4583=EDGE_LOOP('',(#7209));
#4584=FACE_OUTER_BOUND('',#4585,.T.);
#4585=EDGE_LOOP('',(#7210));
#4586=CYLINDRICAL_SURFACE('',#4587,0.5);
#4587=AXIS2_PLACEMENT_3D('',#4588,#4589,#4590);
#4588=CARTESIAN_POINT('',(-14.3599451107194,1.12519871094789E-15,-10.3923048454133));
#4589=DIRECTION('',(7.06253680404605E-17,1.,0.));
#4590=DIRECTION('',(6.12323399573677E-17,-4.32455654546769E-33,-1.));
#4591=FACE_OUTER_BOUND('',#4592,.T.);
#4592=EDGE_LOOP('',(#7211));
#4593=FACE_OUTER_BOUND('',#4594,.T.);
#4594=EDGE_LOOP('',(#7212));
#4595=CYLINDRICAL_SURFACE('',#4596,0.5);
#4596=AXIS2_PLACEMENT_3D('',#4597,#4598,#4599);
#4597=CARTESIAN_POINT('',(-9.85994511071945,8.07384554765816E-16,-12.9903810567666));
#4598=DIRECTION('',(7.06253680404605E-17,1.,0.));
#4599=DIRECTION('',(6.12323399573677E-17,-4.32455654546769E-33,-1.));
#4600=FACE_OUTER_BOUND('',#4601,.T.);
#4601=EDGE_LOOP('',(#7213));
#4602=FACE_OUTER_BOUND('',#4603,.T.);
#4603=EDGE_LOOP('',(#7214));
#4604=CYLINDRICAL_SURFACE('',#4605,0.5);
#4605=AXIS2_PLACEMENT_3D('',#4606,#4607,#4608);
#4606=CARTESIAN_POINT('',(-11.3599451107194,9.13322606826506E-16,-12.9903810567666));
#4607=DIRECTION('',(7.06253680404605E-17,1.,0.));
#4608=DIRECTION('',(6.12323399573677E-17,-4.32455654546769E-33,-1.));
#4609=FACE_OUTER_BOUND('',#4610,.T.);
#4610=EDGE_LOOP('',(#7215));
#4611=FACE_OUTER_BOUND('',#4612,.T.);
#4612=EDGE_LOOP('',(#7216));
#4613=CYLINDRICAL_SURFACE('',#4614,0.5);
#4614=AXIS2_PLACEMENT_3D('',#4615,#4616,#4617);
#4615=CARTESIAN_POINT('',(-6.85994511071945,5.95508450644434E-16,-12.9903810567666));
#4616=DIRECTION('',(7.06253680404605E-17,1.,0.));
#4617=DIRECTION('',(6.12323399573677E-17,-4.32455654546769E-33,-1.));
#4618=FACE_OUTER_BOUND('',#4619,.T.);
#4619=EDGE_LOOP('',(#7217));
#4620=FACE_OUTER_BOUND('',#4621,.T.);
#4621=EDGE_LOOP('',(#7218));
#4622=CYLINDRICAL_SURFACE('',#4623,0.5);
#4623=AXIS2_PLACEMENT_3D('',#4624,#4625,#4626);
#4624=CARTESIAN_POINT('',(-5.35994511071945,4.89570398583743E-16,-12.9903810567666));
#4625=DIRECTION('',(7.06253680404605E-17,1.,0.));
#4626=DIRECTION('',(6.12323399573677E-17,-4.32455654546769E-33,-1.));
#4627=FACE_OUTER_BOUND('',#4628,.T.);
#4628=EDGE_LOOP('',(#7219));
#4629=FACE_OUTER_BOUND('',#4630,.T.);
#4630=EDGE_LOOP('',(#7220));
#4631=CYLINDRICAL_SURFACE('',#4632,0.5);
#4632=AXIS2_PLACEMENT_3D('',#4633,#4634,#4635);
#4633=CARTESIAN_POINT('',(-3.85994511071945,3.83632346523053E-16,-12.9903810567666));
#4634=DIRECTION('',(7.06253680404605E-17,1.,0.));
#4635=DIRECTION('',(6.12323399573677E-17,-4.32455654546769E-33,-1.));
#4636=FACE_OUTER_BOUND('',#4637,.T.);
#4637=EDGE_LOOP('',(#7221));
#4638=FACE_OUTER_BOUND('',#4639,.T.);
#4639=EDGE_LOOP('',(#7222));
#4640=CYLINDRICAL_SURFACE('',#4641,0.5);
#4641=AXIS2_PLACEMENT_3D('',#4642,#4643,#4644);
#4642=CARTESIAN_POINT('',(-12.8599451107194,1.0192606588872E-15,-12.9903810567666));
#4643=DIRECTION('',(7.06253680404605E-17,1.,0.));
#4644=DIRECTION('',(6.12323399573677E-17,-4.32455654546769E-33,-1.));
#4645=FACE_OUTER_BOUND('',#4646,.T.);
#4646=EDGE_LOOP('',(#7223));
#4647=FACE_OUTER_BOUND('',#4648,.T.);
#4648=EDGE_LOOP('',(#7224));
#4649=CYLINDRICAL_SURFACE('',#4650,0.5);
#4650=AXIS2_PLACEMENT_3D('',#4651,#4652,#4653);
#4651=CARTESIAN_POINT('',(-14.3599451107194,1.12519871094789E-15,-12.9903810567666));
#4652=DIRECTION('',(7.06253680404605E-17,1.,0.));
#4653=DIRECTION('',(6.12323399573677E-17,-4.32455654546769E-33,-1.));
#4654=FACE_OUTER_BOUND('',#4655,.T.);
#4655=EDGE_LOOP('',(#7225));
#4656=FACE_OUTER_BOUND('',#4657,.T.);
#4657=EDGE_LOOP('',(#7226));
#4658=CYLINDRICAL_SURFACE('',#4659,0.5);
#4659=AXIS2_PLACEMENT_3D('',#4660,#4661,#4662);
#4660=CARTESIAN_POINT('',(-9.85994511071945,8.07384554765816E-16,-15.5884572681199));
#4661=DIRECTION('',(7.06253680404605E-17,1.,0.));
#4662=DIRECTION('',(6.12323399573677E-17,-4.32455654546769E-33,-1.));
#4663=FACE_OUTER_BOUND('',#4664,.T.);
#4664=EDGE_LOOP('',(#7227));
#4665=FACE_OUTER_BOUND('',#4666,.T.);
#4666=EDGE_LOOP('',(#7228));
#4667=CYLINDRICAL_SURFACE('',#4668,0.5);
#4668=AXIS2_PLACEMENT_3D('',#4669,#4670,#4671);
#4669=CARTESIAN_POINT('',(-11.3599451107194,9.13322606826506E-16,-15.5884572681199));
#4670=DIRECTION('',(7.06253680404605E-17,1.,0.));
#4671=DIRECTION('',(6.12323399573677E-17,-4.32455654546769E-33,-1.));
#4672=FACE_OUTER_BOUND('',#4673,.T.);
#4673=EDGE_LOOP('',(#7229));
#4674=FACE_OUTER_BOUND('',#4675,.T.);
#4675=EDGE_LOOP('',(#7230));
#4676=CYLINDRICAL_SURFACE('',#4677,0.5);
#4677=AXIS2_PLACEMENT_3D('',#4678,#4679,#4680);
#4678=CARTESIAN_POINT('',(-6.85994511071945,5.95508450644434E-16,-15.5884572681199));
#4679=DIRECTION('',(7.06253680404605E-17,1.,0.));
#4680=DIRECTION('',(6.12323399573677E-17,-4.32455654546769E-33,-1.));
#4681=FACE_OUTER_BOUND('',#4682,.T.);
#4682=EDGE_LOOP('',(#7231));
#4683=FACE_OUTER_BOUND('',#4684,.T.);
#4684=EDGE_LOOP('',(#7232));
#4685=CYLINDRICAL_SURFACE('',#4686,0.5);
#4686=AXIS2_PLACEMENT_3D('',#4687,#4688,#4689);
#4687=CARTESIAN_POINT('',(-5.35994511071945,4.89570398583743E-16,-15.5884572681199));
#4688=DIRECTION('',(7.06253680404605E-17,1.,0.));
#4689=DIRECTION('',(6.12323399573677E-17,-4.32455654546769E-33,-1.));
#4690=FACE_OUTER_BOUND('',#4691,.T.);
#4691=EDGE_LOOP('',(#7233));
#4692=FACE_OUTER_BOUND('',#4693,.T.);
#4693=EDGE_LOOP('',(#7234));
#4694=CYLINDRICAL_SURFACE('',#4695,0.5);
#4695=AXIS2_PLACEMENT_3D('',#4696,#4697,#4698);
#4696=CARTESIAN_POINT('',(-12.8599451107194,1.0192606588872E-15,-15.5884572681199));
#4697=DIRECTION('',(7.06253680404605E-17,1.,0.));
#4698=DIRECTION('',(6.12323399573677E-17,-4.32455654546769E-33,-1.));
#4699=FACE_OUTER_BOUND('',#4700,.T.);
#4700=EDGE_LOOP('',(#7235));
#4701=FACE_OUTER_BOUND('',#4702,.T.);
#4702=EDGE_LOOP('',(#7236));
#4703=CYLINDRICAL_SURFACE('',#4704,0.5);
#4704=AXIS2_PLACEMENT_3D('',#4705,#4706,#4707);
#4705=CARTESIAN_POINT('',(-14.3599451107194,1.12519871094789E-15,-15.5884572681199));
#4706=DIRECTION('',(7.06253680404605E-17,1.,0.));
#4707=DIRECTION('',(6.12323399573677E-17,-4.32455654546769E-33,-1.));
#4708=FACE_OUTER_BOUND('',#4709,.T.);
#4709=EDGE_LOOP('',(#7237));
#4710=FACE_OUTER_BOUND('',#4711,.T.);
#4711=EDGE_LOOP('',(#7238));
#4712=CYLINDRICAL_SURFACE('',#4713,0.5);
#4713=AXIS2_PLACEMENT_3D('',#4714,#4715,#4716);
#4714=CARTESIAN_POINT('',(-9.85994511071945,8.07384554765816E-16,-18.1865334794732));
#4715=DIRECTION('',(7.06253680404605E-17,1.,0.));
#4716=DIRECTION('',(6.12323399573677E-17,-4.32455654546769E-33,-1.));
#4717=FACE_OUTER_BOUND('',#4718,.T.);
#4718=EDGE_LOOP('',(#7239));
#4719=FACE_OUTER_BOUND('',#4720,.T.);
#4720=EDGE_LOOP('',(#7240));
#4721=CYLINDRICAL_SURFACE('',#4722,0.5);
#4722=AXIS2_PLACEMENT_3D('',#4723,#4724,#4725);
#4723=CARTESIAN_POINT('',(-11.3599451107194,9.13322606826506E-16,-18.1865334794732));
#4724=DIRECTION('',(7.06253680404605E-17,1.,0.));
#4725=DIRECTION('',(6.12323399573677E-17,-4.32455654546769E-33,-1.));
#4726=FACE_OUTER_BOUND('',#4727,.T.);
#4727=EDGE_LOOP('',(#7241));
#4728=FACE_OUTER_BOUND('',#4729,.T.);
#4729=EDGE_LOOP('',(#7242));
#4730=CYLINDRICAL_SURFACE('',#4731,0.5);
#4731=AXIS2_PLACEMENT_3D('',#4732,#4733,#4734);
#4732=CARTESIAN_POINT('',(-6.85994511071945,5.95508450644434E-16,-18.1865334794732));
#4733=DIRECTION('',(7.06253680404605E-17,1.,0.));
#4734=DIRECTION('',(6.12323399573677E-17,-4.32455654546769E-33,-1.));
#4735=FACE_OUTER_BOUND('',#4736,.T.);
#4736=EDGE_LOOP('',(#7243));
#4737=FACE_OUTER_BOUND('',#4738,.T.);
#4738=EDGE_LOOP('',(#7244));
#4739=CYLINDRICAL_SURFACE('',#4740,0.5);
#4740=AXIS2_PLACEMENT_3D('',#4741,#4742,#4743);
#4741=CARTESIAN_POINT('',(-5.35994511071945,4.89570398583743E-16,-18.1865334794732));
#4742=DIRECTION('',(7.06253680404605E-17,1.,0.));
#4743=DIRECTION('',(6.12323399573677E-17,-4.32455654546769E-33,-1.));
#4744=FACE_OUTER_BOUND('',#4745,.T.);
#4745=EDGE_LOOP('',(#7245));
#4746=FACE_OUTER_BOUND('',#4747,.T.);
#4747=EDGE_LOOP('',(#7246));
#4748=CYLINDRICAL_SURFACE('',#4749,0.5);
#4749=AXIS2_PLACEMENT_3D('',#4750,#4751,#4752);
#4750=CARTESIAN_POINT('',(-3.85994511071945,3.83632346523053E-16,-18.1865334794732));
#4751=DIRECTION('',(7.06253680404605E-17,1.,0.));
#4752=DIRECTION('',(6.12323399573677E-17,-4.32455654546769E-33,-1.));
#4753=FACE_OUTER_BOUND('',#4754,.T.);
#4754=EDGE_LOOP('',(#7247));
#4755=FACE_OUTER_BOUND('',#4756,.T.);
#4756=EDGE_LOOP('',(#7248));
#4757=CYLINDRICAL_SURFACE('',#4758,0.5);
#4758=AXIS2_PLACEMENT_3D('',#4759,#4760,#4761);
#4759=CARTESIAN_POINT('',(-12.8599451107194,1.0192606588872E-15,-18.1865334794732));
#4760=DIRECTION('',(7.06253680404605E-17,1.,0.));
#4761=DIRECTION('',(6.12323399573677E-17,-4.32455654546769E-33,-1.));
#4762=FACE_OUTER_BOUND('',#4763,.T.);
#4763=EDGE_LOOP('',(#7249));
#4764=FACE_OUTER_BOUND('',#4765,.T.);
#4765=EDGE_LOOP('',(#7250));
#4766=CYLINDRICAL_SURFACE('',#4767,0.5);
#4767=AXIS2_PLACEMENT_3D('',#4768,#4769,#4770);
#4768=CARTESIAN_POINT('',(-14.3599451107194,1.12519871094789E-15,-18.1865334794732));
#4769=DIRECTION('',(7.06253680404605E-17,1.,0.));
#4770=DIRECTION('',(6.12323399573677E-17,-4.32455654546769E-33,-1.));
#4771=FACE_OUTER_BOUND('',#4772,.T.);
#4772=EDGE_LOOP('',(#7251));
#4773=FACE_OUTER_BOUND('',#4774,.T.);
#4774=EDGE_LOOP('',(#7252));
#4775=CYLINDRICAL_SURFACE('',#4776,0.5);
#4776=AXIS2_PLACEMENT_3D('',#4777,#4778,#4779);
#4777=CARTESIAN_POINT('',(-15.8599451107194,1.23113676300858E-15,-18.1865334794732));
#4778=DIRECTION('',(7.06253680404605E-17,1.,0.));
#4779=DIRECTION('',(6.12323399573677E-17,-4.32455654546769E-33,-1.));
#4780=FACE_OUTER_BOUND('',#4781,.T.);
#4781=EDGE_LOOP('',(#7253));
#4782=FACE_OUTER_BOUND('',#4783,.T.);
#4783=EDGE_LOOP('',(#7254));
#4784=CYLINDRICAL_SURFACE('',#4785,0.5);
#4785=AXIS2_PLACEMENT_3D('',#4786,#4787,#4788);
#4786=CARTESIAN_POINT('',(-9.85994511071945,8.07384554765816E-16,-20.7846096908265));
#4787=DIRECTION('',(7.06253680404605E-17,1.,0.));
#4788=DIRECTION('',(6.12323399573677E-17,-4.32455654546769E-33,-1.));
#4789=FACE_OUTER_BOUND('',#4790,.T.);
#4790=EDGE_LOOP('',(#7255));
#4791=FACE_OUTER_BOUND('',#4792,.T.);
#4792=EDGE_LOOP('',(#7256));
#4793=CYLINDRICAL_SURFACE('',#4794,0.5);
#4794=AXIS2_PLACEMENT_3D('',#4795,#4796,#4797);
#4795=CARTESIAN_POINT('',(-11.3599451107194,9.13322606826506E-16,-20.7846096908265));
#4796=DIRECTION('',(7.06253680404605E-17,1.,0.));
#4797=DIRECTION('',(6.12323399573677E-17,-4.32455654546769E-33,-1.));
#4798=FACE_OUTER_BOUND('',#4799,.T.);
#4799=EDGE_LOOP('',(#7257));
#4800=FACE_OUTER_BOUND('',#4801,.T.);
#4801=EDGE_LOOP('',(#7258));
#4802=CYLINDRICAL_SURFACE('',#4803,0.5);
#4803=AXIS2_PLACEMENT_3D('',#4804,#4805,#4806);
#4804=CARTESIAN_POINT('',(-6.85994511071945,5.95508450644434E-16,-20.7846096908265));
#4805=DIRECTION('',(7.06253680404605E-17,1.,0.));
#4806=DIRECTION('',(6.12323399573677E-17,-4.32455654546769E-33,-1.));
#4807=FACE_OUTER_BOUND('',#4808,.T.);
#4808=EDGE_LOOP('',(#7259));
#4809=FACE_OUTER_BOUND('',#4810,.T.);
#4810=EDGE_LOOP('',(#7260));
#4811=CYLINDRICAL_SURFACE('',#4812,0.5);
#4812=AXIS2_PLACEMENT_3D('',#4813,#4814,#4815);
#4813=CARTESIAN_POINT('',(-5.35994511071945,4.89570398583743E-16,-20.7846096908265));
#4814=DIRECTION('',(7.06253680404605E-17,1.,0.));
#4815=DIRECTION('',(6.12323399573677E-17,-4.32455654546769E-33,-1.));
#4816=FACE_OUTER_BOUND('',#4817,.T.);
#4817=EDGE_LOOP('',(#7261));
#4818=FACE_OUTER_BOUND('',#4819,.T.);
#4819=EDGE_LOOP('',(#7262));
#4820=CYLINDRICAL_SURFACE('',#4821,0.5);
#4821=AXIS2_PLACEMENT_3D('',#4822,#4823,#4824);
#4822=CARTESIAN_POINT('',(-3.85994511071945,3.83632346523053E-16,-20.7846096908265));
#4823=DIRECTION('',(7.06253680404605E-17,1.,0.));
#4824=DIRECTION('',(6.12323399573677E-17,-4.32455654546769E-33,-1.));
#4825=FACE_OUTER_BOUND('',#4826,.T.);
#4826=EDGE_LOOP('',(#7263));
#4827=FACE_OUTER_BOUND('',#4828,.T.);
#4828=EDGE_LOOP('',(#7264));
#4829=CYLINDRICAL_SURFACE('',#4830,0.5);
#4830=AXIS2_PLACEMENT_3D('',#4831,#4832,#4833);
#4831=CARTESIAN_POINT('',(-12.8599451107194,1.0192606588872E-15,-20.7846096908265));
#4832=DIRECTION('',(7.06253680404605E-17,1.,0.));
#4833=DIRECTION('',(6.12323399573677E-17,-4.32455654546769E-33,-1.));
#4834=FACE_OUTER_BOUND('',#4835,.T.);
#4835=EDGE_LOOP('',(#7265));
#4836=FACE_OUTER_BOUND('',#4837,.T.);
#4837=EDGE_LOOP('',(#7266));
#4838=CYLINDRICAL_SURFACE('',#4839,0.5);
#4839=AXIS2_PLACEMENT_3D('',#4840,#4841,#4842);
#4840=CARTESIAN_POINT('',(-14.3599451107194,1.12519871094789E-15,-20.7846096908265));
#4841=DIRECTION('',(7.06253680404605E-17,1.,0.));
#4842=DIRECTION('',(6.12323399573677E-17,-4.32455654546769E-33,-1.));
#4843=FACE_OUTER_BOUND('',#4844,.T.);
#4844=EDGE_LOOP('',(#7267));
#4845=FACE_OUTER_BOUND('',#4846,.T.);
#4846=EDGE_LOOP('',(#7268));
#4847=CYLINDRICAL_SURFACE('',#4848,0.5);
#4848=AXIS2_PLACEMENT_3D('',#4849,#4850,#4851);
#4849=CARTESIAN_POINT('',(-15.8599451107194,1.23113676300858E-15,-20.7846096908265));
#4850=DIRECTION('',(7.06253680404605E-17,1.,0.));
#4851=DIRECTION('',(6.12323399573677E-17,-4.32455654546769E-33,-1.));
#4852=FACE_OUTER_BOUND('',#4853,.T.);
#4853=EDGE_LOOP('',(#7269));
#4854=FACE_OUTER_BOUND('',#4855,.T.);
#4855=EDGE_LOOP('',(#7270));
#4856=CYLINDRICAL_SURFACE('',#4857,0.5);
#4857=AXIS2_PLACEMENT_3D('',#4858,#4859,#4860);
#4858=CARTESIAN_POINT('',(-9.85994511071945,8.07384554765816E-16,2.59807621135331));
#4859=DIRECTION('',(7.06253680404605E-17,1.,0.));
#4860=DIRECTION('',(6.12323399573677E-17,-4.32455654546769E-33,-1.));
#4861=FACE_OUTER_BOUND('',#4862,.T.);
#4862=EDGE_LOOP('',(#7271));
#4863=FACE_OUTER_BOUND('',#4864,.T.);
#4864=EDGE_LOOP('',(#7272));
#4865=CYLINDRICAL_SURFACE('',#4866,0.5);
#4866=AXIS2_PLACEMENT_3D('',#4867,#4868,#4869);
#4867=CARTESIAN_POINT('',(-11.3599451107195,9.13322606826506E-16,2.59807621135331));
#4868=DIRECTION('',(7.06253680404605E-17,1.,0.));
#4869=DIRECTION('',(6.12323399573677E-17,-4.32455654546769E-33,-1.));
#4870=FACE_OUTER_BOUND('',#4871,.T.);
#4871=EDGE_LOOP('',(#7273));
#4872=FACE_OUTER_BOUND('',#4873,.T.);
#4873=EDGE_LOOP('',(#7274));
#4874=CYLINDRICAL_SURFACE('',#4875,0.5);
#4875=AXIS2_PLACEMENT_3D('',#4876,#4877,#4878);
#4876=CARTESIAN_POINT('',(-6.85994511071945,5.95508450644434E-16,2.59807621135331));
#4877=DIRECTION('',(7.06253680404605E-17,1.,0.));
#4878=DIRECTION('',(6.12323399573677E-17,-4.32455654546769E-33,-1.));
#4879=FACE_OUTER_BOUND('',#4880,.T.);
#4880=EDGE_LOOP('',(#7275));
#4881=FACE_OUTER_BOUND('',#4882,.T.);
#4882=EDGE_LOOP('',(#7276));
#4883=CYLINDRICAL_SURFACE('',#4884,0.5);
#4884=AXIS2_PLACEMENT_3D('',#4885,#4886,#4887);
#4885=CARTESIAN_POINT('',(-5.35994511071945,4.89570398583744E-16,2.59807621135331));
#4886=DIRECTION('',(7.06253680404605E-17,1.,0.));
#4887=DIRECTION('',(6.12323399573677E-17,-4.32455654546769E-33,-1.));
#4888=FACE_OUTER_BOUND('',#4889,.T.);
#4889=EDGE_LOOP('',(#7277));
#4890=FACE_OUTER_BOUND('',#4891,.T.);
#4891=EDGE_LOOP('',(#7278));
#4892=CYLINDRICAL_SURFACE('',#4893,0.5);
#4893=AXIS2_PLACEMENT_3D('',#4894,#4895,#4896);
#4894=CARTESIAN_POINT('',(-3.85994511071945,3.83632346523053E-16,2.59807621135332));
#4895=DIRECTION('',(7.06253680404605E-17,1.,0.));
#4896=DIRECTION('',(6.12323399573677E-17,-4.32455654546769E-33,-1.));
#4897=FACE_OUTER_BOUND('',#4898,.T.);
#4898=EDGE_LOOP('',(#7279));
#4899=FACE_OUTER_BOUND('',#4900,.T.);
#4900=EDGE_LOOP('',(#7280));
#4901=CYLINDRICAL_SURFACE('',#4902,0.5);
#4902=AXIS2_PLACEMENT_3D('',#4903,#4904,#4905);
#4903=CARTESIAN_POINT('',(-12.8599451107195,1.0192606588872E-15,2.59807621135331));
#4904=DIRECTION('',(7.06253680404605E-17,1.,0.));
#4905=DIRECTION('',(6.12323399573677E-17,-4.32455654546769E-33,-1.));
#4906=FACE_OUTER_BOUND('',#4907,.T.);
#4907=EDGE_LOOP('',(#7281));
#4908=FACE_OUTER_BOUND('',#4909,.T.);
#4909=EDGE_LOOP('',(#7282));
#4910=CYLINDRICAL_SURFACE('',#4911,0.5);
#4911=AXIS2_PLACEMENT_3D('',#4912,#4913,#4914);
#4912=CARTESIAN_POINT('',(-14.3599451107195,1.12519871094789E-15,2.59807621135331));
#4913=DIRECTION('',(7.06253680404605E-17,1.,0.));
#4914=DIRECTION('',(6.12323399573677E-17,-4.32455654546769E-33,-1.));
#4915=FACE_OUTER_BOUND('',#4916,.T.);
#4916=EDGE_LOOP('',(#7283));
#4917=FACE_OUTER_BOUND('',#4918,.T.);
#4918=EDGE_LOOP('',(#7284));
#4919=CYLINDRICAL_SURFACE('',#4920,0.5);
#4920=AXIS2_PLACEMENT_3D('',#4921,#4922,#4923);
#4921=CARTESIAN_POINT('',(-15.8599451107195,1.23113676300858E-15,2.59807621135331));
#4922=DIRECTION('',(7.06253680404605E-17,1.,0.));
#4923=DIRECTION('',(6.12323399573677E-17,-4.32455654546769E-33,-1.));
#4924=FACE_OUTER_BOUND('',#4925,.T.);
#4925=EDGE_LOOP('',(#7285));
#4926=FACE_OUTER_BOUND('',#4927,.T.);
#4927=EDGE_LOOP('',(#7286));
#4928=CYLINDRICAL_SURFACE('',#4929,0.5);
#4929=AXIS2_PLACEMENT_3D('',#4930,#4931,#4932);
#4930=CARTESIAN_POINT('',(-9.85994511071945,8.07384554765816E-16,5.19615242270663));
#4931=DIRECTION('',(7.06253680404605E-17,1.,0.));
#4932=DIRECTION('',(6.12323399573677E-17,-4.32455654546769E-33,-1.));
#4933=FACE_OUTER_BOUND('',#4934,.T.);
#4934=EDGE_LOOP('',(#7287));
#4935=FACE_OUTER_BOUND('',#4936,.T.);
#4936=EDGE_LOOP('',(#7288));
#4937=CYLINDRICAL_SURFACE('',#4938,0.5);
#4938=AXIS2_PLACEMENT_3D('',#4939,#4940,#4941);
#4939=CARTESIAN_POINT('',(-6.85994511071945,5.95508450644434E-16,5.19615242270663));
#4940=DIRECTION('',(7.06253680404605E-17,1.,0.));
#4941=DIRECTION('',(6.12323399573677E-17,-4.32455654546769E-33,-1.));
#4942=FACE_OUTER_BOUND('',#4943,.T.);
#4943=EDGE_LOOP('',(#7289));
#4944=FACE_OUTER_BOUND('',#4945,.T.);
#4945=EDGE_LOOP('',(#7290));
#4946=CYLINDRICAL_SURFACE('',#4947,0.5);
#4947=AXIS2_PLACEMENT_3D('',#4948,#4949,#4950);
#4948=CARTESIAN_POINT('',(-5.35994511071945,4.89570398583744E-16,5.19615242270663));
#4949=DIRECTION('',(7.06253680404605E-17,1.,0.));
#4950=DIRECTION('',(6.12323399573677E-17,-4.32455654546769E-33,-1.));
#4951=FACE_OUTER_BOUND('',#4952,.T.);
#4952=EDGE_LOOP('',(#7291));
#4953=FACE_OUTER_BOUND('',#4954,.T.);
#4954=EDGE_LOOP('',(#7292));
#4955=CYLINDRICAL_SURFACE('',#4956,0.5);
#4956=AXIS2_PLACEMENT_3D('',#4957,#4958,#4959);
#4957=CARTESIAN_POINT('',(-3.85994511071945,3.83632346523053E-16,5.19615242270663));
#4958=DIRECTION('',(7.06253680404605E-17,1.,0.));
#4959=DIRECTION('',(6.12323399573677E-17,-4.32455654546769E-33,-1.));
#4960=FACE_OUTER_BOUND('',#4961,.T.);
#4961=EDGE_LOOP('',(#7293));
#4962=FACE_OUTER_BOUND('',#4963,.T.);
#4963=EDGE_LOOP('',(#7294));
#4964=CYLINDRICAL_SURFACE('',#4965,0.5);
#4965=AXIS2_PLACEMENT_3D('',#4966,#4967,#4968);
#4966=CARTESIAN_POINT('',(-6.85994511071945,5.95508450644434E-16,7.79422863405994));
#4967=DIRECTION('',(7.06253680404605E-17,1.,0.));
#4968=DIRECTION('',(6.12323399573677E-17,-4.32455654546769E-33,-1.));
#4969=FACE_OUTER_BOUND('',#4970,.T.);
#4970=EDGE_LOOP('',(#7295));
#4971=FACE_OUTER_BOUND('',#4972,.T.);
#4972=EDGE_LOOP('',(#7296));
#4973=CYLINDRICAL_SURFACE('',#4974,0.5);
#4974=AXIS2_PLACEMENT_3D('',#4975,#4976,#4977);
#4975=CARTESIAN_POINT('',(-5.35994511071945,4.89570398583744E-16,7.79422863405994));
#4976=DIRECTION('',(7.06253680404605E-17,1.,0.));
#4977=DIRECTION('',(6.12323399573677E-17,-4.32455654546769E-33,-1.));
#4978=FACE_OUTER_BOUND('',#4979,.T.);
#4979=EDGE_LOOP('',(#7297));
#4980=FACE_OUTER_BOUND('',#4981,.T.);
#4981=EDGE_LOOP('',(#7298));
#4982=CYLINDRICAL_SURFACE('',#4983,0.5);
#4983=AXIS2_PLACEMENT_3D('',#4984,#4985,#4986);
#4984=CARTESIAN_POINT('',(-3.85994511071945,3.83632346523053E-16,7.79422863405994));
#4985=DIRECTION('',(7.06253680404605E-17,1.,0.));
#4986=DIRECTION('',(6.12323399573677E-17,-4.32455654546769E-33,-1.));
#4987=FACE_OUTER_BOUND('',#4988,.T.);
#4988=EDGE_LOOP('',(#7299));
#4989=FACE_OUTER_BOUND('',#4990,.T.);
#4990=EDGE_LOOP('',(#7300));
#4991=CYLINDRICAL_SURFACE('',#4992,0.5);
#4992=AXIS2_PLACEMENT_3D('',#4993,#4994,#4995);
#4993=CARTESIAN_POINT('',(-6.85994511071945,5.95508450644434E-16,10.3923048454133));
#4994=DIRECTION('',(7.06253680404605E-17,1.,0.));
#4995=DIRECTION('',(6.12323399573677E-17,-4.32455654546769E-33,-1.));
#4996=FACE_OUTER_BOUND('',#4997,.T.);
#4997=EDGE_LOOP('',(#7301));
#4998=FACE_OUTER_BOUND('',#4999,.T.);
#4999=EDGE_LOOP('',(#7302));
#5000=CYLINDRICAL_SURFACE('',#5001,0.5);
#5001=AXIS2_PLACEMENT_3D('',#5002,#5003,#5004);
#5002=CARTESIAN_POINT('',(-5.35994511071945,4.89570398583744E-16,10.3923048454133));
#5003=DIRECTION('',(7.06253680404605E-17,1.,0.));
#5004=DIRECTION('',(6.12323399573677E-17,-4.32455654546769E-33,-1.));
#5005=FACE_OUTER_BOUND('',#5006,.T.);
#5006=EDGE_LOOP('',(#7303));
#5007=FACE_OUTER_BOUND('',#5008,.T.);
#5008=EDGE_LOOP('',(#7304));
#5009=CYLINDRICAL_SURFACE('',#5010,0.5);
#5010=AXIS2_PLACEMENT_3D('',#5011,#5012,#5013);
#5011=CARTESIAN_POINT('',(-3.85994511071945,3.83632346523053E-16,10.3923048454133));
#5012=DIRECTION('',(7.06253680404605E-17,1.,0.));
#5013=DIRECTION('',(6.12323399573677E-17,-4.32455654546769E-33,-1.));
#5014=FACE_OUTER_BOUND('',#5015,.T.);
#5015=EDGE_LOOP('',(#7305));
#5016=FACE_OUTER_BOUND('',#5017,.T.);
#5017=EDGE_LOOP('',(#7306));
#5018=CYLINDRICAL_SURFACE('',#5019,0.5);
#5019=AXIS2_PLACEMENT_3D('',#5020,#5021,#5022);
#5020=CARTESIAN_POINT('',(-15.8599451107195,1.23113676300858E-15,10.3923048454133));
#5021=DIRECTION('',(7.06253680404605E-17,1.,0.));
#5022=DIRECTION('',(6.12323399573677E-17,-4.32455654546769E-33,-1.));
#5023=FACE_OUTER_BOUND('',#5024,.T.);
#5024=EDGE_LOOP('',(#7307));
#5025=FACE_OUTER_BOUND('',#5026,.T.);
#5026=EDGE_LOOP('',(#7308));
#5027=CYLINDRICAL_SURFACE('',#5028,0.5);
#5028=AXIS2_PLACEMENT_3D('',#5029,#5030,#5031);
#5029=CARTESIAN_POINT('',(-9.85994511071945,8.07384554765816E-16,12.9903810567666));
#5030=DIRECTION('',(7.06253680404605E-17,1.,0.));
#5031=DIRECTION('',(6.12323399573677E-17,-4.32455654546769E-33,-1.));
#5032=FACE_OUTER_BOUND('',#5033,.T.);
#5033=EDGE_LOOP('',(#7309));
#5034=FACE_OUTER_BOUND('',#5035,.T.);
#5035=EDGE_LOOP('',(#7310));
#5036=CYLINDRICAL_SURFACE('',#5037,0.5);
#5037=AXIS2_PLACEMENT_3D('',#5038,#5039,#5040);
#5038=CARTESIAN_POINT('',(-6.85994511071945,5.95508450644434E-16,12.9903810567666));
#5039=DIRECTION('',(7.06253680404605E-17,1.,0.));
#5040=DIRECTION('',(6.12323399573677E-17,-4.32455654546769E-33,-1.));
#5041=FACE_OUTER_BOUND('',#5042,.T.);
#5042=EDGE_LOOP('',(#7311));
#5043=FACE_OUTER_BOUND('',#5044,.T.);
#5044=EDGE_LOOP('',(#7312));
#5045=CYLINDRICAL_SURFACE('',#5046,0.5);
#5046=AXIS2_PLACEMENT_3D('',#5047,#5048,#5049);
#5047=CARTESIAN_POINT('',(-5.35994511071945,4.89570398583744E-16,12.9903810567666));
#5048=DIRECTION('',(7.06253680404605E-17,1.,0.));
#5049=DIRECTION('',(6.12323399573677E-17,-4.32455654546769E-33,-1.));
#5050=FACE_OUTER_BOUND('',#5051,.T.);
#5051=EDGE_LOOP('',(#7313));
#5052=FACE_OUTER_BOUND('',#5053,.T.);
#5053=EDGE_LOOP('',(#7314));
#5054=CYLINDRICAL_SURFACE('',#5055,0.5);
#5055=AXIS2_PLACEMENT_3D('',#5056,#5057,#5058);
#5056=CARTESIAN_POINT('',(-14.3599451107195,1.12519871094789E-15,12.9903810567666));
#5057=DIRECTION('',(7.06253680404605E-17,1.,0.));
#5058=DIRECTION('',(6.12323399573677E-17,-4.32455654546769E-33,-1.));
#5059=FACE_OUTER_BOUND('',#5060,.T.);
#5060=EDGE_LOOP('',(#7315));
#5061=FACE_OUTER_BOUND('',#5062,.T.);
#5062=EDGE_LOOP('',(#7316));
#5063=CYLINDRICAL_SURFACE('',#5064,0.5);
#5064=AXIS2_PLACEMENT_3D('',#5065,#5066,#5067);
#5065=CARTESIAN_POINT('',(-6.85994511071945,5.95508450644435E-16,15.5884572681199));
#5066=DIRECTION('',(7.06253680404605E-17,1.,0.));
#5067=DIRECTION('',(6.12323399573677E-17,-4.32455654546769E-33,-1.));
#5068=FACE_OUTER_BOUND('',#5069,.T.);
#5069=EDGE_LOOP('',(#7317));
#5070=FACE_OUTER_BOUND('',#5071,.T.);
#5071=EDGE_LOOP('',(#7318));
#5072=CYLINDRICAL_SURFACE('',#5073,0.5);
#5073=AXIS2_PLACEMENT_3D('',#5074,#5075,#5076);
#5074=CARTESIAN_POINT('',(-5.35994511071945,4.89570398583744E-16,15.5884572681199));
#5075=DIRECTION('',(7.06253680404605E-17,1.,0.));
#5076=DIRECTION('',(6.12323399573677E-17,-4.32455654546769E-33,-1.));
#5077=FACE_OUTER_BOUND('',#5078,.T.);
#5078=EDGE_LOOP('',(#7319));
#5079=FACE_OUTER_BOUND('',#5080,.T.);
#5080=EDGE_LOOP('',(#7320));
#5081=CYLINDRICAL_SURFACE('',#5082,0.5);
#5082=AXIS2_PLACEMENT_3D('',#5083,#5084,#5085);
#5083=CARTESIAN_POINT('',(-3.85994511071945,3.83632346523053E-16,15.5884572681199));
#5084=DIRECTION('',(7.06253680404605E-17,1.,0.));
#5085=DIRECTION('',(6.12323399573677E-17,-4.32455654546769E-33,-1.));
#5086=FACE_OUTER_BOUND('',#5087,.T.);
#5087=EDGE_LOOP('',(#7321));
#5088=FACE_OUTER_BOUND('',#5089,.T.);
#5089=EDGE_LOOP('',(#7322));
#5090=CYLINDRICAL_SURFACE('',#5091,0.5);
#5091=AXIS2_PLACEMENT_3D('',#5092,#5093,#5094);
#5092=CARTESIAN_POINT('',(-14.3599451107195,1.12519871094789E-15,15.5884572681199));
#5093=DIRECTION('',(7.06253680404605E-17,1.,0.));
#5094=DIRECTION('',(6.12323399573677E-17,-4.32455654546769E-33,-1.));
#5095=FACE_OUTER_BOUND('',#5096,.T.);
#5096=EDGE_LOOP('',(#7323));
#5097=FACE_OUTER_BOUND('',#5098,.T.);
#5098=EDGE_LOOP('',(#7324));
#5099=CYLINDRICAL_SURFACE('',#5100,0.5);
#5100=AXIS2_PLACEMENT_3D('',#5101,#5102,#5103);
#5101=CARTESIAN_POINT('',(-6.85994511071945,5.95508450644435E-16,18.1865334794732));
#5102=DIRECTION('',(7.06253680404605E-17,1.,0.));
#5103=DIRECTION('',(6.12323399573677E-17,-4.32455654546769E-33,-1.));
#5104=FACE_OUTER_BOUND('',#5105,.T.);
#5105=EDGE_LOOP('',(#7325));
#5106=FACE_OUTER_BOUND('',#5107,.T.);
#5107=EDGE_LOOP('',(#7326));
#5108=CYLINDRICAL_SURFACE('',#5109,0.5);
#5109=AXIS2_PLACEMENT_3D('',#5110,#5111,#5112);
#5110=CARTESIAN_POINT('',(-5.35994511071945,4.89570398583744E-16,18.1865334794732));
#5111=DIRECTION('',(7.06253680404605E-17,1.,0.));
#5112=DIRECTION('',(6.12323399573677E-17,-4.32455654546769E-33,-1.));
#5113=FACE_OUTER_BOUND('',#5114,.T.);
#5114=EDGE_LOOP('',(#7327));
#5115=FACE_OUTER_BOUND('',#5116,.T.);
#5116=EDGE_LOOP('',(#7328));
#5117=CYLINDRICAL_SURFACE('',#5118,0.5);
#5118=AXIS2_PLACEMENT_3D('',#5119,#5120,#5121);
#5119=CARTESIAN_POINT('',(-3.85994511071945,3.83632346523053E-16,18.1865334794732));
#5120=DIRECTION('',(7.06253680404605E-17,1.,0.));
#5121=DIRECTION('',(6.12323399573677E-17,-4.32455654546769E-33,-1.));
#5122=FACE_OUTER_BOUND('',#5123,.T.);
#5123=EDGE_LOOP('',(#7329));
#5124=FACE_OUTER_BOUND('',#5125,.T.);
#5125=EDGE_LOOP('',(#7330));
#5126=CYLINDRICAL_SURFACE('',#5127,0.5);
#5127=AXIS2_PLACEMENT_3D('',#5128,#5129,#5130);
#5128=CARTESIAN_POINT('',(-14.3599451107195,1.12519871094789E-15,18.1865334794732));
#5129=DIRECTION('',(7.06253680404605E-17,1.,0.));
#5130=DIRECTION('',(6.12323399573677E-17,-4.32455654546769E-33,-1.));
#5131=FACE_OUTER_BOUND('',#5132,.T.);
#5132=EDGE_LOOP('',(#7331));
#5133=FACE_OUTER_BOUND('',#5134,.T.);
#5134=EDGE_LOOP('',(#7332));
#5135=CYLINDRICAL_SURFACE('',#5136,0.5);
#5136=AXIS2_PLACEMENT_3D('',#5137,#5138,#5139);
#5137=CARTESIAN_POINT('',(-6.85994511071945,5.95508450644435E-16,20.7846096908265));
#5138=DIRECTION('',(7.06253680404605E-17,1.,0.));
#5139=DIRECTION('',(6.12323399573677E-17,-4.32455654546769E-33,-1.));
#5140=FACE_OUTER_BOUND('',#5141,.T.);
#5141=EDGE_LOOP('',(#7333));
#5142=FACE_OUTER_BOUND('',#5143,.T.);
#5143=EDGE_LOOP('',(#7334));
#5144=CYLINDRICAL_SURFACE('',#5145,0.5);
#5145=AXIS2_PLACEMENT_3D('',#5146,#5147,#5148);
#5146=CARTESIAN_POINT('',(-5.35994511071945,4.89570398583744E-16,20.7846096908265));
#5147=DIRECTION('',(7.06253680404605E-17,1.,0.));
#5148=DIRECTION('',(6.12323399573677E-17,-4.32455654546769E-33,-1.));
#5149=FACE_OUTER_BOUND('',#5150,.T.);
#5150=EDGE_LOOP('',(#7335));
#5151=FACE_OUTER_BOUND('',#5152,.T.);
#5152=EDGE_LOOP('',(#7336));
#5153=CYLINDRICAL_SURFACE('',#5154,0.5);
#5154=AXIS2_PLACEMENT_3D('',#5155,#5156,#5157);
#5155=CARTESIAN_POINT('',(-14.3599451107195,1.12519871094789E-15,20.7846096908265));
#5156=DIRECTION('',(7.06253680404605E-17,1.,0.));
#5157=DIRECTION('',(6.12323399573677E-17,-4.32455654546769E-33,-1.));
#5158=FACE_OUTER_BOUND('',#5159,.T.);
#5159=EDGE_LOOP('',(#7337));
#5160=FACE_OUTER_BOUND('',#5161,.T.);
#5161=EDGE_LOOP('',(#7338));
#5162=CYLINDRICAL_SURFACE('',#5163,0.5);
#5163=AXIS2_PLACEMENT_3D('',#5164,#5165,#5166);
#5164=CARTESIAN_POINT('',(-3.85994511071945,3.83632346523053E-16,-7.79422863405994));
#5165=DIRECTION('',(7.06253680404605E-17,1.,0.));
#5166=DIRECTION('',(6.12323399573677E-17,-4.32455654546769E-33,-1.));
#5167=FACE_OUTER_BOUND('',#5168,.T.);
#5168=EDGE_LOOP('',(#7339));
#5169=FACE_OUTER_BOUND('',#5170,.T.);
#5170=EDGE_LOOP('',(#7340));
#5171=CYLINDRICAL_SURFACE('',#5172,0.5);
#5172=AXIS2_PLACEMENT_3D('',#5173,#5174,#5175);
#5173=CARTESIAN_POINT('',(-3.85994511071945,3.83632346523053E-16,20.7846096908265));
#5174=DIRECTION('',(7.06253680404605E-17,1.,0.));
#5175=DIRECTION('',(6.12323399573677E-17,-4.32455654546769E-33,-1.));
#5176=FACE_OUTER_BOUND('',#5177,.T.);
#5177=EDGE_LOOP('',(#7341));
#5178=FACE_OUTER_BOUND('',#5179,.T.);
#5179=EDGE_LOOP('',(#7342));
#5180=CYLINDRICAL_SURFACE('',#5181,0.5);
#5181=AXIS2_PLACEMENT_3D('',#5182,#5183,#5184);
#5182=CARTESIAN_POINT('',(-7.60994511071945,6.48477476674779E-16,-3.89711431702997));
#5183=DIRECTION('',(7.06253680404605E-17,1.,0.));
#5184=DIRECTION('',(6.12323399573677E-17,-4.32455654546769E-33,-1.));
#5185=FACE_OUTER_BOUND('',#5186,.T.);
#5186=EDGE_LOOP('',(#7343));
#5187=FACE_OUTER_BOUND('',#5188,.T.);
#5188=EDGE_LOOP('',(#7344));
#5189=CYLINDRICAL_SURFACE('',#5190,0.5);
#5190=AXIS2_PLACEMENT_3D('',#5191,#5192,#5193);
#5191=CARTESIAN_POINT('',(-7.60994511071945,6.48477476674779E-16,-6.49519052838329));
#5192=DIRECTION('',(7.06253680404605E-17,1.,0.));
#5193=DIRECTION('',(6.12323399573677E-17,-4.32455654546769E-33,-1.));
#5194=FACE_OUTER_BOUND('',#5195,.T.);
#5195=EDGE_LOOP('',(#7345));
#5196=FACE_OUTER_BOUND('',#5197,.T.);
#5197=EDGE_LOOP('',(#7346));
#5198=CYLINDRICAL_SURFACE('',#5199,0.5);
#5199=AXIS2_PLACEMENT_3D('',#5200,#5201,#5202);
#5200=CARTESIAN_POINT('',(-7.60994511071945,6.4847747667478E-16,22.0836477965032));
#5201=DIRECTION('',(7.06253680404605E-17,1.,0.));
#5202=DIRECTION('',(6.12323399573677E-17,-4.32455654546769E-33,-1.));
#5203=FACE_OUTER_BOUND('',#5204,.T.);
#5204=EDGE_LOOP('',(#7347));
#5205=FACE_OUTER_BOUND('',#5206,.T.);
#5206=EDGE_LOOP('',(#7348));
#5207=CYLINDRICAL_SURFACE('',#5208,0.5);
#5208=AXIS2_PLACEMENT_3D('',#5209,#5210,#5211);
#5209=CARTESIAN_POINT('',(-9.85994511071945,8.07384554765816E-16,-7.79422863405994));
#5210=DIRECTION('',(7.06253680404605E-17,1.,0.));
#5211=DIRECTION('',(6.12323399573677E-17,-4.32455654546768E-33,-1.));
#5212=FACE_OUTER_BOUND('',#5213,.T.);
#5213=EDGE_LOOP('',(#7349));
#5214=FACE_OUTER_BOUND('',#5215,.T.);
#5215=EDGE_LOOP('',(#7350));
#5216=CYLINDRICAL_SURFACE('',#5217,0.5);
#5217=AXIS2_PLACEMENT_3D('',#5218,#5219,#5220);
#5218=CARTESIAN_POINT('',(-11.3599451107194,9.13322606826506E-16,-7.79422863405994));
#5219=DIRECTION('',(7.06253680404605E-17,1.,0.));
#5220=DIRECTION('',(6.12323399573677E-17,-4.32455654546768E-33,-1.));
#5221=FACE_OUTER_BOUND('',#5222,.T.);
#5222=EDGE_LOOP('',(#7351));
#5223=FACE_OUTER_BOUND('',#5224,.T.);
#5224=EDGE_LOOP('',(#7352));
#5225=CYLINDRICAL_SURFACE('',#5226,0.5);
#5226=AXIS2_PLACEMENT_3D('',#5227,#5228,#5229);
#5227=CARTESIAN_POINT('',(-12.8599451107194,1.0192606588872E-15,-7.79422863405994));
#5228=DIRECTION('',(7.06253680404605E-17,1.,0.));
#5229=DIRECTION('',(6.12323399573677E-17,-4.32455654546768E-33,-1.));
#5230=FACE_OUTER_BOUND('',#5231,.T.);
#5231=EDGE_LOOP('',(#7353));
#5232=FACE_OUTER_BOUND('',#5233,.T.);
#5233=EDGE_LOOP('',(#7354));
#5234=CYLINDRICAL_SURFACE('',#5235,0.5);
#5235=AXIS2_PLACEMENT_3D('',#5236,#5237,#5238);
#5236=CARTESIAN_POINT('',(-14.3599451107194,1.12519871094789E-15,-7.79422863405994));
#5237=DIRECTION('',(7.06253680404605E-17,1.,0.));
#5238=DIRECTION('',(6.12323399573677E-17,-4.32455654546768E-33,-1.));
#5239=FACE_OUTER_BOUND('',#5240,.T.);
#5240=EDGE_LOOP('',(#7355));
#5241=FACE_OUTER_BOUND('',#5242,.T.);
#5242=EDGE_LOOP('',(#7356));
#5243=CYLINDRICAL_SURFACE('',#5244,0.5);
#5244=AXIS2_PLACEMENT_3D('',#5245,#5246,#5247);
#5245=CARTESIAN_POINT('',(-15.8599451107195,1.23113676300858E-15,12.9903810567666));
#5246=DIRECTION('',(7.06253680404605E-17,1.,0.));
#5247=DIRECTION('',(6.12323399573677E-17,-4.32455654546769E-33,-1.));
#5248=FACE_OUTER_BOUND('',#5249,.T.);
#5249=EDGE_LOOP('',(#7357));
#5250=FACE_OUTER_BOUND('',#5251,.T.);
#5251=EDGE_LOOP('',(#7358));
#5252=CYLINDRICAL_SURFACE('',#5253,0.5);
#5253=AXIS2_PLACEMENT_3D('',#5254,#5255,#5256);
#5254=CARTESIAN_POINT('',(-15.8599451107195,1.23113676300858E-15,15.5884572681199));
#5255=DIRECTION('',(7.06253680404605E-17,1.,0.));
#5256=DIRECTION('',(6.12323399573677E-17,-4.32455654546769E-33,-1.));
#5257=FACE_OUTER_BOUND('',#5258,.T.);
#5258=EDGE_LOOP('',(#7359));
#5259=FACE_OUTER_BOUND('',#5260,.T.);
#5260=EDGE_LOOP('',(#7360));
#5261=CYLINDRICAL_SURFACE('',#5262,0.5);
#5262=AXIS2_PLACEMENT_3D('',#5263,#5264,#5265);
#5263=CARTESIAN_POINT('',(-15.8599451107195,1.23113676300858E-15,18.1865334794732));
#5264=DIRECTION('',(7.06253680404605E-17,1.,0.));
#5265=DIRECTION('',(6.12323399573677E-17,-4.32455654546769E-33,-1.));
#5266=FACE_OUTER_BOUND('',#5267,.T.);
#5267=EDGE_LOOP('',(#7361));
#5268=FACE_OUTER_BOUND('',#5269,.T.);
#5269=EDGE_LOOP('',(#7362));
#5270=CYLINDRICAL_SURFACE('',#5271,0.5);
#5271=AXIS2_PLACEMENT_3D('',#5272,#5273,#5274);
#5272=CARTESIAN_POINT('',(-15.8599451107195,1.23113676300858E-15,20.7846096908265));
#5273=DIRECTION('',(7.06253680404605E-17,1.,0.));
#5274=DIRECTION('',(6.12323399573677E-17,-4.32455654546769E-33,-1.));
#5275=FACE_BOUND('',#5276,.T.);
#5276=EDGE_LOOP('',(#7363,#7364,#7365,#7366,#7367,#7368,#7369,#7370,#7371,#7372,
#7373,#7374,#7375,#7376,#7377,#7378,#7379,#7380,#7381,#7382,#7383,#7384,#7385,#7386,
#7387,#7388));
#5277=PLANE('',#5278);
#5278=AXIS2_PLACEMENT_3D('',#5279,#5280,#5281);
#5279=CARTESIAN_POINT('',(1.05938052060691E-16,1.5,0.));
#5280=DIRECTION('',(7.06253680404605E-17,1.,0.));
#5281=DIRECTION('',(6.12323399573677E-17,-4.32455654546769E-33,-1.));
#5282=FACE_BOUND('',#5283,.T.);
#5283=EDGE_LOOP('',(#7389,#7390,#7391,#7392,#7393,#7394,#7395,#7396,#7397,#7398,
#7399,#7400));
#5284=FACE_BOUND('',#5285,.T.);
#5285=EDGE_LOOP('',(#7401,#7402,#7403,#7404,#7405,#7406));
#5286=PLANE('',#5287);
#5287=AXIS2_PLACEMENT_3D('',#5288,#5289,#5290);
#5288=CARTESIAN_POINT('',(1.05938052060691E-16,1.5,0.));
#5289=DIRECTION('',(7.06253680404605E-17,1.,0.));
#5290=DIRECTION('',(6.12323399573677E-17,-4.32455654546769E-33,-1.));
#5291=FACE_BOUND('',#5292,.T.);
#5292=EDGE_LOOP('',(#7407,#7408,#7409,#7410,#7411,#7412,#7413,#7414));
#5293=CYLINDRICAL_SURFACE('',#5294,0.22);
#5294=AXIS2_PLACEMENT_3D('',#5295,#5296,#5297);
#5295=CARTESIAN_POINT('',(-14.3017073842253,-0.879999999999999,3.76552536355962));
#5296=DIRECTION('',(0.,-1.,0.));
#5297=DIRECTION('',(0.152694927446338,0.,-0.988273372671832));
#5298=FACE_BOUND('',#5299,.T.);
#5299=EDGE_LOOP('',(#7415,#7416,#7417,#7418));
#5300=CYLINDRICAL_SURFACE('',#5301,0.22);
#5301=AXIS2_PLACEMENT_3D('',#5302,#5303,#5304);
#5302=CARTESIAN_POINT('',(-14.1034304620738,-0.879999999999999,5.52479371396837));
#5303=DIRECTION('',(0.,-1.,0.));
#5304=DIRECTION('',(-0.870782909063993,0.,0.491667698025862));
#5305=FACE_BOUND('',#5306,.T.);
#5306=EDGE_LOOP('',(#7419,#7420,#7421,#7422,#7423,#7424));
#5307=CYLINDRICAL_SURFACE('',#5308,0.22);
#5308=AXIS2_PLACEMENT_3D('',#5309,#5310,#5311);
#5309=CARTESIAN_POINT('',(-13.2019864962595,-0.879999999999999,3.81378217559606));
#5310=DIRECTION('',(0.,-1.,1.36223684003087E-16));
#5311=DIRECTION('',(-0.778735332089992,8.54602821050927E-17,0.627352598268861));
#5312=FACE_BOUND('',#5313,.T.);
#5313=EDGE_LOOP('',(#7425,#7426,#7427,#7428));
#5314=CYLINDRICAL_SURFACE('',#5315,0.22);
#5315=AXIS2_PLACEMENT_3D('',#5316,#5317,#5318);
#5316=CARTESIAN_POINT('',(-12.6355854741965,-0.76,5.75159411508392));
#5317=DIRECTION('',(0.,-1.,0.));
#5318=DIRECTION('',(0.152700459068327,0.,-0.988272517982931));
#5319=FACE_BOUND('',#5320,.T.);
#5320=EDGE_LOOP('',(#7429,#7430,#7431,#7432));
#5321=CYLINDRICAL_SURFACE('',#5322,0.22);
#5322=AXIS2_PLACEMENT_3D('',#5323,#5324,#5325);
#5323=CARTESIAN_POINT('',(-11.5914197594055,0.120000000000001,4.06262849025681));
#5324=DIRECTION('',(0.,-1.,3.92999300752268E-16));
#5325=DIRECTION('',(0.152696634910882,-3.88390640732477E-16,-0.988273108855489));
#5326=FACE_BOUND('',#5327,.T.);
#5327=EDGE_LOOP('',(#7433,#7434,#7435,#7436));
#5328=CYLINDRICAL_SURFACE('',#5329,0.22);
#5329=AXIS2_PLACEMENT_3D('',#5330,#5331,#5332);
#5330=CARTESIAN_POINT('',(-10.2456252768641,-0.76,11.6950082720361));
#5331=DIRECTION('',(0.,-1.,-5.657187386625E-16));
#5332=DIRECTION('',(0.984807753012209,9.82360280407744E-17,-0.173648177666925));
#5333=FACE_BOUND('',#5334,.T.);
#5334=EDGE_LOOP('',(#7437,#7438,#7439,#7440));
#5335=CYLINDRICAL_SURFACE('',#5336,0.22);
#5336=AXIS2_PLACEMENT_3D('',#5337,#5338,#5339);
#5337=CARTESIAN_POINT('',(-14.4130743331666,0.120000000000001,11.169816230545));
#5338=DIRECTION('',(0.,-1.,0.));
#5339=DIRECTION('',(0.844467288163109,0.,0.53560713141485));
#5340=FACE_BOUND('',#5341,.T.);
#5341=EDGE_LOOP('',(#7441,#7442,#7443,#7444));
#5342=CYLINDRICAL_SURFACE('',#5343,0.22);
#5343=AXIS2_PLACEMENT_3D('',#5344,#5345,#5346);
#5344=CARTESIAN_POINT('',(-15.7583345166831,0.12,3.54046660911227));
#5345=DIRECTION('',(0.,-1.,-3.92999300752267E-16));
#5346=DIRECTION('',(-0.984807753012208,-6.82436124000093E-17,0.173648177666931));
#5347=FACE_BOUND('',#5348,.T.);
#5348=EDGE_LOOP('',(#7445,#7446,#7447,#7448));
#5349=CYLINDRICAL_SURFACE('',#5350,0.22);
#5350=AXIS2_PLACEMENT_3D('',#5351,#5352,#5353);
#5351=CARTESIAN_POINT('',(-12.6760414444009,-0.760000000000001,21.0210192726795));
#5352=DIRECTION('',(-1.131437477325E-15,-1.,-1.131437477325E-15));
#5353=DIRECTION('',(0.843236897622637,-1.56226513235056E-15,0.537542123454294));
#5354=FACE_BOUND('',#5355,.T.);
#5355=EDGE_LOOP('',(#7449,#7450,#7451,#7452));
#5356=CYLINDRICAL_SURFACE('',#5357,0.22);
#5357=AXIS2_PLACEMENT_3D('',#5358,#5359,#5360);
#5358=CARTESIAN_POINT('',(-8.50893821505348,0.12,21.5442500320477));
#5359=DIRECTION('',(0.,-1.,0.));
#5360=DIRECTION('',(0.984807753012209,0.,-0.173648177666927));
#5361=FACE_BOUND('',#5362,.T.);
#5362=EDGE_LOOP('',(#7453,#7454,#7455,#7456));
#5363=CYLINDRICAL_SURFACE('',#5364,0.5);
#5364=AXIS2_PLACEMENT_3D('',#5365,#5366,#5367);
#5365=CARTESIAN_POINT('',(-2.5,0.5,-26.));
#5366=DIRECTION('',(0.,0.,-1.));
#5367=DIRECTION('',(0.,1.,0.));
#5368=FACE_BOUND('',#5369,.T.);
#5369=EDGE_LOOP('',(#7457,#7458,#7459,#7460));
#5370=CYLINDRICAL_SURFACE('',#5371,0.5);
#5371=AXIS2_PLACEMENT_3D('',#5372,#5373,#5374);
#5372=CARTESIAN_POINT('',(-2.3482570207732E-18,0.5,-23.5));
#5373=DIRECTION('',(1.,-7.3189552472615E-17,0.));
#5374=DIRECTION('',(1.23259516440783E-32,2.22044604925031E-16,-1.));
#5375=FACE_BOUND('',#5376,.T.);
#5376=EDGE_LOOP('',(#7461,#7462,#7463,#7464));
#5377=CYLINDRICAL_SURFACE('',#5378,0.5);
#5378=AXIS2_PLACEMENT_3D('',#5379,#5380,#5381);
#5379=CARTESIAN_POINT('',(-17.2198901107195,0.500000000000001,-26.));
#5380=DIRECTION('',(0.,0.,-1.));
#5381=DIRECTION('',(-1.,0.,0.));
#5382=FACE_BOUND('',#5383,.T.);
#5383=EDGE_LOOP('',(#7465,#7466,#7467,#7468));
#5384=CYLINDRICAL_SURFACE('',#5385,0.5);
#5385=AXIS2_PLACEMENT_3D('',#5386,#5387,#5388);
#5386=CARTESIAN_POINT('',(-2.3482570207732E-18,0.5,23.5));
#5387=DIRECTION('',(-1.,7.3189552472615E-17,0.));
#5388=DIRECTION('',(1.23259516440783E-32,2.22044604925031E-16,1.));
#5389=FACE_BOUND('',#5390,.T.);
#5390=EDGE_LOOP('',(#7469,#7470,#7471,#7472));
#5391=CYLINDRICAL_SURFACE('',#5392,0.5);
#5392=AXIS2_PLACEMENT_3D('',#5393,#5394,#5395);
#5393=CARTESIAN_POINT('',(-2.5,-2.,-23.5));
#5394=DIRECTION('',(0.,-1.,0.));
#5395=DIRECTION('',(0.,0.,-1.));
#5396=FACE_BOUND('',#5397,.T.);
#5397=EDGE_LOOP('',(#7473,#7474,#7475));
#5398=SPHERICAL_SURFACE('',#5399,0.5);
#5399=AXIS2_PLACEMENT_3D('',#5400,#5401,#5402);
#5400=CARTESIAN_POINT('',(-2.5,0.5,-23.5));
#5401=DIRECTION('',(0.,-1.,0.));
#5402=DIRECTION('',(8.88178419700125E-16,0.,-1.));
#5403=FACE_BOUND('',#5404,.T.);
#5404=EDGE_LOOP('',(#7476,#7477,#7478));
#5405=SPHERICAL_SURFACE('',#5406,0.5);
#5406=AXIS2_PLACEMENT_3D('',#5407,#5408,#5409);
#5407=CARTESIAN_POINT('',(-17.2198901107195,0.500000000000001,-23.5));
#5408=DIRECTION('',(0.,-1.,0.));
#5409=DIRECTION('',(-1.,0.,0.));
#5410=FACE_BOUND('',#5411,.T.);
#5411=EDGE_LOOP('',(#7479,#7480,#7481,#7482));
#5412=CYLINDRICAL_SURFACE('',#5413,0.5);
#5413=AXIS2_PLACEMENT_3D('',#5414,#5415,#5416);
#5414=CARTESIAN_POINT('',(-17.2198901107195,2.5,-23.5));
#5415=DIRECTION('',(0.,1.,0.));
#5416=DIRECTION('',(7.105427357601E-15,0.,-1.));
#5417=FACE_BOUND('',#5418,.T.);
#5418=EDGE_LOOP('',(#7483,#7484,#7485,#7486));
#5419=CYLINDRICAL_SURFACE('',#5420,0.5);
#5420=AXIS2_PLACEMENT_3D('',#5421,#5422,#5423);
#5421=CARTESIAN_POINT('',(-2.5,-2.,23.5));
#5422=DIRECTION('',(0.,1.,0.));
#5423=DIRECTION('',(0.,0.,1.));
#5424=FACE_BOUND('',#5425,.T.);
#5425=EDGE_LOOP('',(#7487,#7488,#7489));
#5426=SPHERICAL_SURFACE('',#5427,0.5);
#5427=AXIS2_PLACEMENT_3D('',#5428,#5429,#5430);
#5428=CARTESIAN_POINT('',(-2.5,0.5,23.5));
#5429=DIRECTION('',(0.,-1.,0.));
#5430=DIRECTION('',(1.,0.,0.));
#5431=FACE_BOUND('',#5432,.T.);
#5432=EDGE_LOOP('',(#7490,#7491,#7492));
#5433=SPHERICAL_SURFACE('',#5434,0.5);
#5434=AXIS2_PLACEMENT_3D('',#5435,#5436,#5437);
#5435=CARTESIAN_POINT('',(-17.2198901107195,0.500000000000001,23.5));
#5436=DIRECTION('',(0.,-1.,0.));
#5437=DIRECTION('',(0.,0.,1.));
#5438=FACE_BOUND('',#5439,.T.);
#5439=EDGE_LOOP('',(#7493,#7494,#7495,#7496));
#5440=CYLINDRICAL_SURFACE('',#5441,0.5);
#5441=AXIS2_PLACEMENT_3D('',#5442,#5443,#5444);
#5442=CARTESIAN_POINT('',(-17.2198901107195,2.5,23.5));
#5443=DIRECTION('',(0.,-1.,0.));
#5444=DIRECTION('',(7.105427357601E-15,0.,1.));
#5445=ORIENTED_EDGE('',*,*,#7497,.F.);
#5446=ORIENTED_EDGE('',*,*,#7498,.F.);
#5447=ORIENTED_EDGE('',*,*,#7499,.F.);
#5448=ORIENTED_EDGE('',*,*,#7500,.T.);
#5449=ORIENTED_EDGE('',*,*,#7501,.F.);
#5450=ORIENTED_EDGE('',*,*,#7502,.T.);
#5451=ORIENTED_EDGE('',*,*,#7503,.F.);
#5452=ORIENTED_EDGE('',*,*,#7504,.F.);
#5453=ORIENTED_EDGE('',*,*,#7505,.F.);
#5454=ORIENTED_EDGE('',*,*,#7506,.T.);
#5455=ORIENTED_EDGE('',*,*,#7507,.F.);
#5456=ORIENTED_EDGE('',*,*,#7508,.T.);
#5457=ORIENTED_EDGE('',*,*,#7509,.F.);
#5458=ORIENTED_EDGE('',*,*,#7510,.T.);
#5459=ORIENTED_EDGE('',*,*,#7511,.T.);
#5460=ORIENTED_EDGE('',*,*,#7512,.T.);
#5461=ORIENTED_EDGE('',*,*,#7513,.T.);
#5462=ORIENTED_EDGE('',*,*,#7514,.T.);
#5463=ORIENTED_EDGE('',*,*,#7515,.T.);
#5464=ORIENTED_EDGE('',*,*,#7516,.T.);
#5465=ORIENTED_EDGE('',*,*,#7517,.T.);
#5466=ORIENTED_EDGE('',*,*,#7518,.T.);
#5467=ORIENTED_EDGE('',*,*,#7519,.T.);
#5468=ORIENTED_EDGE('',*,*,#7520,.T.);
#5469=ORIENTED_EDGE('',*,*,#7521,.T.);
#5470=ORIENTED_EDGE('',*,*,#7522,.T.);
#5471=ORIENTED_EDGE('',*,*,#7523,.T.);
#5472=ORIENTED_EDGE('',*,*,#7524,.T.);
#5473=ORIENTED_EDGE('',*,*,#7525,.F.);
#5474=ORIENTED_EDGE('',*,*,#7526,.T.);
#5475=ORIENTED_EDGE('',*,*,#7527,.T.);
#5476=ORIENTED_EDGE('',*,*,#7528,.T.);
#5477=ORIENTED_EDGE('',*,*,#7529,.F.);
#5478=ORIENTED_EDGE('',*,*,#7530,.T.);
#5479=ORIENTED_EDGE('',*,*,#7531,.F.);
#5480=ORIENTED_EDGE('',*,*,#7532,.F.);
#5481=ORIENTED_EDGE('',*,*,#7533,.T.);
#5482=ORIENTED_EDGE('',*,*,#7534,.T.);
#5483=ORIENTED_EDGE('',*,*,#7535,.T.);
#5484=ORIENTED_EDGE('',*,*,#7536,.T.);
#5485=ORIENTED_EDGE('',*,*,#7537,.T.);
#5486=ORIENTED_EDGE('',*,*,#7538,.T.);
#5487=ORIENTED_EDGE('',*,*,#7539,.T.);
#5488=ORIENTED_EDGE('',*,*,#7540,.T.);
#5489=ORIENTED_EDGE('',*,*,#7541,.T.);
#5490=ORIENTED_EDGE('',*,*,#7542,.T.);
#5491=ORIENTED_EDGE('',*,*,#7543,.T.);
#5492=ORIENTED_EDGE('',*,*,#7544,.T.);
#5493=ORIENTED_EDGE('',*,*,#7545,.T.);
#5494=ORIENTED_EDGE('',*,*,#7546,.T.);
#5495=ORIENTED_EDGE('',*,*,#7547,.T.);
#5496=ORIENTED_EDGE('',*,*,#7548,.T.);
#5497=ORIENTED_EDGE('',*,*,#7549,.T.);
#5498=ORIENTED_EDGE('',*,*,#7550,.T.);
#5499=ORIENTED_EDGE('',*,*,#7551,.T.);
#5500=ORIENTED_EDGE('',*,*,#7552,.T.);
#5501=ORIENTED_EDGE('',*,*,#7553,.T.);
#5502=ORIENTED_EDGE('',*,*,#7554,.T.);
#5503=ORIENTED_EDGE('',*,*,#7555,.F.);
#5504=ORIENTED_EDGE('',*,*,#7556,.T.);
#5505=ORIENTED_EDGE('',*,*,#7557,.T.);
#5506=ORIENTED_EDGE('',*,*,#7558,.F.);
#5507=ORIENTED_EDGE('',*,*,#7559,.T.);
#5508=ORIENTED_EDGE('',*,*,#7560,.T.);
#5509=ORIENTED_EDGE('',*,*,#7561,.F.);
#5510=ORIENTED_EDGE('',*,*,#7562,.T.);
#5511=ORIENTED_EDGE('',*,*,#7563,.T.);
#5512=ORIENTED_EDGE('',*,*,#7564,.T.);
#5513=ORIENTED_EDGE('',*,*,#7565,.T.);
#5514=ORIENTED_EDGE('',*,*,#7566,.F.);
#5515=ORIENTED_EDGE('',*,*,#7567,.T.);
#5516=ORIENTED_EDGE('',*,*,#7568,.F.);
#5517=ORIENTED_EDGE('',*,*,#7569,.T.);
#5518=ORIENTED_EDGE('',*,*,#7570,.T.);
#5519=ORIENTED_EDGE('',*,*,#7571,.T.);
#5520=ORIENTED_EDGE('',*,*,#7572,.T.);
#5521=ORIENTED_EDGE('',*,*,#7573,.F.);
#5522=ORIENTED_EDGE('',*,*,#7574,.F.);
#5523=ORIENTED_EDGE('',*,*,#7575,.F.);
#5524=ORIENTED_EDGE('',*,*,#7576,.T.);
#5525=ORIENTED_EDGE('',*,*,#7577,.T.);
#5526=ORIENTED_EDGE('',*,*,#7578,.T.);
#5527=ORIENTED_EDGE('',*,*,#7579,.T.);
#5528=ORIENTED_EDGE('',*,*,#7580,.T.);
#5529=ORIENTED_EDGE('',*,*,#7581,.F.);
#5530=ORIENTED_EDGE('',*,*,#7582,.T.);
#5531=ORIENTED_EDGE('',*,*,#7583,.F.);
#5532=ORIENTED_EDGE('',*,*,#7584,.T.);
#5533=ORIENTED_EDGE('',*,*,#7585,.F.);
#5534=ORIENTED_EDGE('',*,*,#7586,.T.);
#5535=ORIENTED_EDGE('',*,*,#7587,.T.);
#5536=ORIENTED_EDGE('',*,*,#7588,.T.);
#5537=ORIENTED_EDGE('',*,*,#7589,.T.);
#5538=ORIENTED_EDGE('',*,*,#7590,.F.);
#5539=ORIENTED_EDGE('',*,*,#7591,.T.);
#5540=ORIENTED_EDGE('',*,*,#7592,.T.);
#5541=ORIENTED_EDGE('',*,*,#7593,.T.);
#5542=ORIENTED_EDGE('',*,*,#7594,.T.);
#5543=ORIENTED_EDGE('',*,*,#7595,.T.);
#5544=ORIENTED_EDGE('',*,*,#7596,.T.);
#5545=ORIENTED_EDGE('',*,*,#7597,.T.);
#5546=ORIENTED_EDGE('',*,*,#7598,.T.);
#5547=ORIENTED_EDGE('',*,*,#7599,.T.);
#5548=ORIENTED_EDGE('',*,*,#7600,.T.);
#5549=ORIENTED_EDGE('',*,*,#7601,.T.);
#5550=ORIENTED_EDGE('',*,*,#7602,.T.);
#5551=ORIENTED_EDGE('',*,*,#7603,.T.);
#5552=ORIENTED_EDGE('',*,*,#7604,.T.);
#5553=ORIENTED_EDGE('',*,*,#7605,.T.);
#5554=ORIENTED_EDGE('',*,*,#7606,.T.);
#5555=ORIENTED_EDGE('',*,*,#7607,.T.);
#5556=ORIENTED_EDGE('',*,*,#7608,.T.);
#5557=ORIENTED_EDGE('',*,*,#7609,.T.);
#5558=ORIENTED_EDGE('',*,*,#7610,.T.);
#5559=ORIENTED_EDGE('',*,*,#7611,.T.);
#5560=ORIENTED_EDGE('',*,*,#7612,.T.);
#5561=ORIENTED_EDGE('',*,*,#7613,.T.);
#5562=ORIENTED_EDGE('',*,*,#7614,.T.);
#5563=ORIENTED_EDGE('',*,*,#7615,.T.);
#5564=ORIENTED_EDGE('',*,*,#7616,.T.);
#5565=ORIENTED_EDGE('',*,*,#7617,.T.);
#5566=ORIENTED_EDGE('',*,*,#7618,.T.);
#5567=ORIENTED_EDGE('',*,*,#7619,.T.);
#5568=ORIENTED_EDGE('',*,*,#7620,.T.);
#5569=ORIENTED_EDGE('',*,*,#7621,.T.);
#5570=ORIENTED_EDGE('',*,*,#7622,.T.);
#5571=ORIENTED_EDGE('',*,*,#7623,.T.);
#5572=ORIENTED_EDGE('',*,*,#7624,.T.);
#5573=ORIENTED_EDGE('',*,*,#7625,.T.);
#5574=ORIENTED_EDGE('',*,*,#7626,.T.);
#5575=ORIENTED_EDGE('',*,*,#7627,.T.);
#5576=ORIENTED_EDGE('',*,*,#7628,.T.);
#5577=ORIENTED_EDGE('',*,*,#7629,.T.);
#5578=ORIENTED_EDGE('',*,*,#7630,.T.);
#5579=ORIENTED_EDGE('',*,*,#7631,.T.);
#5580=ORIENTED_EDGE('',*,*,#7632,.T.);
#5581=ORIENTED_EDGE('',*,*,#7633,.T.);
#5582=ORIENTED_EDGE('',*,*,#7634,.T.);
#5583=ORIENTED_EDGE('',*,*,#7635,.T.);
#5584=ORIENTED_EDGE('',*,*,#7636,.T.);
#5585=ORIENTED_EDGE('',*,*,#7637,.T.);
#5586=ORIENTED_EDGE('',*,*,#7638,.T.);
#5587=ORIENTED_EDGE('',*,*,#7639,.T.);
#5588=ORIENTED_EDGE('',*,*,#7640,.T.);
#5589=ORIENTED_EDGE('',*,*,#7641,.T.);
#5590=ORIENTED_EDGE('',*,*,#7642,.T.);
#5591=ORIENTED_EDGE('',*,*,#7643,.T.);
#5592=ORIENTED_EDGE('',*,*,#7644,.T.);
#5593=ORIENTED_EDGE('',*,*,#7645,.T.);
#5594=ORIENTED_EDGE('',*,*,#7646,.T.);
#5595=ORIENTED_EDGE('',*,*,#7647,.T.);
#5596=ORIENTED_EDGE('',*,*,#7648,.T.);
#5597=ORIENTED_EDGE('',*,*,#7649,.T.);
#5598=ORIENTED_EDGE('',*,*,#7650,.T.);
#5599=ORIENTED_EDGE('',*,*,#7651,.T.);
#5600=ORIENTED_EDGE('',*,*,#7652,.T.);
#5601=ORIENTED_EDGE('',*,*,#7653,.T.);
#5602=ORIENTED_EDGE('',*,*,#7654,.T.);
#5603=ORIENTED_EDGE('',*,*,#7655,.T.);
#5604=ORIENTED_EDGE('',*,*,#7656,.T.);
#5605=ORIENTED_EDGE('',*,*,#7657,.T.);
#5606=ORIENTED_EDGE('',*,*,#7658,.T.);
#5607=ORIENTED_EDGE('',*,*,#7659,.T.);
#5608=ORIENTED_EDGE('',*,*,#7660,.T.);
#5609=ORIENTED_EDGE('',*,*,#7661,.T.);
#5610=ORIENTED_EDGE('',*,*,#7662,.T.);
#5611=ORIENTED_EDGE('',*,*,#7663,.T.);
#5612=ORIENTED_EDGE('',*,*,#7664,.T.);
#5613=ORIENTED_EDGE('',*,*,#7665,.T.);
#5614=ORIENTED_EDGE('',*,*,#7666,.T.);
#5615=ORIENTED_EDGE('',*,*,#7667,.F.);
#5616=ORIENTED_EDGE('',*,*,#7668,.T.);
#5617=ORIENTED_EDGE('',*,*,#7669,.T.);
#5618=ORIENTED_EDGE('',*,*,#7670,.T.);
#5619=ORIENTED_EDGE('',*,*,#7671,.T.);
#5620=ORIENTED_EDGE('',*,*,#7672,.F.);
#5621=ORIENTED_EDGE('',*,*,#7673,.T.);
#5622=ORIENTED_EDGE('',*,*,#7674,.T.);
#5623=ORIENTED_EDGE('',*,*,#7675,.T.);
#5624=ORIENTED_EDGE('',*,*,#7676,.T.);
#5625=ORIENTED_EDGE('',*,*,#7677,.F.);
#5626=ORIENTED_EDGE('',*,*,#7678,.T.);
#5627=ORIENTED_EDGE('',*,*,#7679,.T.);
#5628=ORIENTED_EDGE('',*,*,#7680,.T.);
#5629=ORIENTED_EDGE('',*,*,#7681,.F.);
#5630=ORIENTED_EDGE('',*,*,#7682,.F.);
#5631=ORIENTED_EDGE('',*,*,#7683,.T.);
#5632=ORIENTED_EDGE('',*,*,#7684,.T.);
#5633=ORIENTED_EDGE('',*,*,#7685,.T.);
#5634=ORIENTED_EDGE('',*,*,#7686,.T.);
#5635=ORIENTED_EDGE('',*,*,#7687,.T.);
#5636=ORIENTED_EDGE('',*,*,#7688,.T.);
#5637=ORIENTED_EDGE('',*,*,#7689,.T.);
#5638=ORIENTED_EDGE('',*,*,#7690,.T.);
#5639=ORIENTED_EDGE('',*,*,#7691,.F.);
#5640=ORIENTED_EDGE('',*,*,#7692,.F.);
#5641=ORIENTED_EDGE('',*,*,#7693,.T.);
#5642=ORIENTED_EDGE('',*,*,#7694,.T.);
#5643=ORIENTED_EDGE('',*,*,#7695,.T.);
#5644=ORIENTED_EDGE('',*,*,#7696,.T.);
#5645=ORIENTED_EDGE('',*,*,#7697,.F.);
#5646=ORIENTED_EDGE('',*,*,#7698,.F.);
#5647=ORIENTED_EDGE('',*,*,#7699,.T.);
#5648=ORIENTED_EDGE('',*,*,#7700,.T.);
#5649=ORIENTED_EDGE('',*,*,#7701,.T.);
#5650=ORIENTED_EDGE('',*,*,#7702,.T.);
#5651=ORIENTED_EDGE('',*,*,#7703,.T.);
#5652=ORIENTED_EDGE('',*,*,#7704,.T.);
#5653=ORIENTED_EDGE('',*,*,#7705,.T.);
#5654=ORIENTED_EDGE('',*,*,#7706,.T.);
#5655=ORIENTED_EDGE('',*,*,#7707,.T.);
#5656=ORIENTED_EDGE('',*,*,#7708,.F.);
#5657=ORIENTED_EDGE('',*,*,#7709,.T.);
#5658=ORIENTED_EDGE('',*,*,#7710,.T.);
#5659=ORIENTED_EDGE('',*,*,#7711,.T.);
#5660=ORIENTED_EDGE('',*,*,#7712,.F.);
#5661=ORIENTED_EDGE('',*,*,#7713,.T.);
#5662=ORIENTED_EDGE('',*,*,#7714,.T.);
#5663=ORIENTED_EDGE('',*,*,#7715,.T.);
#5664=ORIENTED_EDGE('',*,*,#7716,.F.);
#5665=ORIENTED_EDGE('',*,*,#7717,.T.);
#5666=ORIENTED_EDGE('',*,*,#7718,.T.);
#5667=ORIENTED_EDGE('',*,*,#7719,.T.);
#5668=ORIENTED_EDGE('',*,*,#7720,.F.);
#5669=ORIENTED_EDGE('',*,*,#7721,.T.);
#5670=ORIENTED_EDGE('',*,*,#7722,.F.);
#5671=ORIENTED_EDGE('',*,*,#7723,.T.);
#5672=ORIENTED_EDGE('',*,*,#7724,.F.);
#5673=ORIENTED_EDGE('',*,*,#7725,.F.);
#5674=ORIENTED_EDGE('',*,*,#7726,.T.);
#5675=ORIENTED_EDGE('',*,*,#7727,.T.);
#5676=ORIENTED_EDGE('',*,*,#7728,.T.);
#5677=ORIENTED_EDGE('',*,*,#7729,.T.);
#5678=ORIENTED_EDGE('',*,*,#7730,.F.);
#5679=ORIENTED_EDGE('',*,*,#7731,.F.);
#5680=ORIENTED_EDGE('',*,*,#7732,.T.);
#5681=ORIENTED_EDGE('',*,*,#7733,.T.);
#5682=ORIENTED_EDGE('',*,*,#7734,.T.);
#5683=ORIENTED_EDGE('',*,*,#7735,.F.);
#5684=ORIENTED_EDGE('',*,*,#7736,.T.);
#5685=ORIENTED_EDGE('',*,*,#7737,.T.);
#5686=ORIENTED_EDGE('',*,*,#7738,.T.);
#5687=ORIENTED_EDGE('',*,*,#7739,.F.);
#5688=ORIENTED_EDGE('',*,*,#7740,.T.);
#5689=ORIENTED_EDGE('',*,*,#7741,.T.);
#5690=ORIENTED_EDGE('',*,*,#7742,.T.);
#5691=ORIENTED_EDGE('',*,*,#7743,.T.);
#5692=ORIENTED_EDGE('',*,*,#7744,.T.);
#5693=ORIENTED_EDGE('',*,*,#7745,.T.);
#5694=ORIENTED_EDGE('',*,*,#7746,.T.);
#5695=ORIENTED_EDGE('',*,*,#7747,.T.);
#5696=ORIENTED_EDGE('',*,*,#7748,.T.);
#5697=ORIENTED_EDGE('',*,*,#7749,.T.);
#5698=ORIENTED_EDGE('',*,*,#7750,.T.);
#5699=ORIENTED_EDGE('',*,*,#7751,.T.);
#5700=ORIENTED_EDGE('',*,*,#7752,.T.);
#5701=ORIENTED_EDGE('',*,*,#7753,.T.);
#5702=ORIENTED_EDGE('',*,*,#7754,.T.);
#5703=ORIENTED_EDGE('',*,*,#7755,.T.);
#5704=ORIENTED_EDGE('',*,*,#7756,.T.);
#5705=ORIENTED_EDGE('',*,*,#7757,.T.);
#5706=ORIENTED_EDGE('',*,*,#7758,.T.);
#5707=ORIENTED_EDGE('',*,*,#7759,.T.);
#5708=ORIENTED_EDGE('',*,*,#7760,.T.);
#5709=ORIENTED_EDGE('',*,*,#7761,.T.);
#5710=ORIENTED_EDGE('',*,*,#7762,.T.);
#5711=ORIENTED_EDGE('',*,*,#7763,.T.);
#5712=ORIENTED_EDGE('',*,*,#7764,.T.);
#5713=ORIENTED_EDGE('',*,*,#7765,.T.);
#5714=ORIENTED_EDGE('',*,*,#7766,.T.);
#5715=ORIENTED_EDGE('',*,*,#7767,.T.);
#5716=ORIENTED_EDGE('',*,*,#7768,.T.);
#5717=ORIENTED_EDGE('',*,*,#7769,.T.);
#5718=ORIENTED_EDGE('',*,*,#7770,.T.);
#5719=ORIENTED_EDGE('',*,*,#7771,.T.);
#5720=ORIENTED_EDGE('',*,*,#7772,.T.);
#5721=ORIENTED_EDGE('',*,*,#7773,.T.);
#5722=ORIENTED_EDGE('',*,*,#7774,.T.);
#5723=ORIENTED_EDGE('',*,*,#7775,.T.);
#5724=ORIENTED_EDGE('',*,*,#7776,.T.);
#5725=ORIENTED_EDGE('',*,*,#7777,.T.);
#5726=ORIENTED_EDGE('',*,*,#7778,.T.);
#5727=ORIENTED_EDGE('',*,*,#7779,.T.);
#5728=ORIENTED_EDGE('',*,*,#7780,.T.);
#5729=ORIENTED_EDGE('',*,*,#7781,.T.);
#5730=ORIENTED_EDGE('',*,*,#7782,.T.);
#5731=ORIENTED_EDGE('',*,*,#7783,.T.);
#5732=ORIENTED_EDGE('',*,*,#7784,.T.);
#5733=ORIENTED_EDGE('',*,*,#7785,.T.);
#5734=ORIENTED_EDGE('',*,*,#7786,.T.);
#5735=ORIENTED_EDGE('',*,*,#7787,.T.);
#5736=ORIENTED_EDGE('',*,*,#7788,.T.);
#5737=ORIENTED_EDGE('',*,*,#7789,.T.);
#5738=ORIENTED_EDGE('',*,*,#7790,.T.);
#5739=ORIENTED_EDGE('',*,*,#7791,.T.);
#5740=ORIENTED_EDGE('',*,*,#7792,.T.);
#5741=ORIENTED_EDGE('',*,*,#7793,.T.);
#5742=ORIENTED_EDGE('',*,*,#7794,.T.);
#5743=ORIENTED_EDGE('',*,*,#7795,.T.);
#5744=ORIENTED_EDGE('',*,*,#7796,.T.);
#5745=ORIENTED_EDGE('',*,*,#7797,.T.);
#5746=ORIENTED_EDGE('',*,*,#7798,.T.);
#5747=ORIENTED_EDGE('',*,*,#7799,.T.);
#5748=ORIENTED_EDGE('',*,*,#7800,.T.);
#5749=ORIENTED_EDGE('',*,*,#7801,.T.);
#5750=ORIENTED_EDGE('',*,*,#7802,.T.);
#5751=ORIENTED_EDGE('',*,*,#7803,.T.);
#5752=ORIENTED_EDGE('',*,*,#7804,.T.);
#5753=ORIENTED_EDGE('',*,*,#7805,.T.);
#5754=ORIENTED_EDGE('',*,*,#7806,.T.);
#5755=ORIENTED_EDGE('',*,*,#7807,.T.);
#5756=ORIENTED_EDGE('',*,*,#7808,.T.);
#5757=ORIENTED_EDGE('',*,*,#7809,.T.);
#5758=ORIENTED_EDGE('',*,*,#7810,.T.);
#5759=ORIENTED_EDGE('',*,*,#7811,.T.);
#5760=ORIENTED_EDGE('',*,*,#7812,.T.);
#5761=ORIENTED_EDGE('',*,*,#7813,.T.);
#5762=ORIENTED_EDGE('',*,*,#7814,.T.);
#5763=ORIENTED_EDGE('',*,*,#7815,.T.);
#5764=ORIENTED_EDGE('',*,*,#7816,.T.);
#5765=ORIENTED_EDGE('',*,*,#7817,.T.);
#5766=ORIENTED_EDGE('',*,*,#7818,.T.);
#5767=ORIENTED_EDGE('',*,*,#7819,.T.);
#5768=ORIENTED_EDGE('',*,*,#7820,.T.);
#5769=ORIENTED_EDGE('',*,*,#7821,.T.);
#5770=ORIENTED_EDGE('',*,*,#7822,.T.);
#5771=ORIENTED_EDGE('',*,*,#7823,.T.);
#5772=ORIENTED_EDGE('',*,*,#7824,.T.);
#5773=ORIENTED_EDGE('',*,*,#7825,.T.);
#5774=ORIENTED_EDGE('',*,*,#7826,.T.);
#5775=ORIENTED_EDGE('',*,*,#7827,.T.);
#5776=ORIENTED_EDGE('',*,*,#7828,.T.);
#5777=ORIENTED_EDGE('',*,*,#7829,.T.);
#5778=ORIENTED_EDGE('',*,*,#7830,.T.);
#5779=ORIENTED_EDGE('',*,*,#7831,.T.);
#5780=ORIENTED_EDGE('',*,*,#7832,.T.);
#5781=ORIENTED_EDGE('',*,*,#7833,.T.);
#5782=ORIENTED_EDGE('',*,*,#7834,.T.);
#5783=ORIENTED_EDGE('',*,*,#7835,.T.);
#5784=ORIENTED_EDGE('',*,*,#7836,.T.);
#5785=ORIENTED_EDGE('',*,*,#7837,.T.);
#5786=ORIENTED_EDGE('',*,*,#7838,.T.);
#5787=ORIENTED_EDGE('',*,*,#7839,.T.);
#5788=ORIENTED_EDGE('',*,*,#7840,.T.);
#5789=ORIENTED_EDGE('',*,*,#7841,.T.);
#5790=ORIENTED_EDGE('',*,*,#7842,.T.);
#5791=ORIENTED_EDGE('',*,*,#7843,.T.);
#5792=ORIENTED_EDGE('',*,*,#7844,.T.);
#5793=ORIENTED_EDGE('',*,*,#7845,.T.);
#5794=ORIENTED_EDGE('',*,*,#7846,.T.);
#5795=ORIENTED_EDGE('',*,*,#7847,.T.);
#5796=ORIENTED_EDGE('',*,*,#7848,.F.);
#5797=ORIENTED_EDGE('',*,*,#7849,.F.);
#5798=ORIENTED_EDGE('',*,*,#7850,.T.);
#5799=ORIENTED_EDGE('',*,*,#7851,.T.);
#5800=ORIENTED_EDGE('',*,*,#7852,.F.);
#5801=ORIENTED_EDGE('',*,*,#7853,.T.);
#5802=ORIENTED_EDGE('',*,*,#7854,.F.);
#5803=ORIENTED_EDGE('',*,*,#7855,.T.);
#5804=ORIENTED_EDGE('',*,*,#7856,.T.);
#5805=ORIENTED_EDGE('',*,*,#7857,.T.);
#5806=ORIENTED_EDGE('',*,*,#7858,.T.);
#5807=ORIENTED_EDGE('',*,*,#7859,.T.);
#5808=ORIENTED_EDGE('',*,*,#7860,.T.);
#5809=ORIENTED_EDGE('',*,*,#7861,.T.);
#5810=ORIENTED_EDGE('',*,*,#7862,.T.);
#5811=ORIENTED_EDGE('',*,*,#7863,.T.);
#5812=ORIENTED_EDGE('',*,*,#7864,.T.);
#5813=ORIENTED_EDGE('',*,*,#7865,.T.);
#5814=ORIENTED_EDGE('',*,*,#7866,.F.);
#5815=ORIENTED_EDGE('',*,*,#7867,.T.);
#5816=ORIENTED_EDGE('',*,*,#7868,.T.);
#5817=ORIENTED_EDGE('',*,*,#7869,.T.);
#5818=ORIENTED_EDGE('',*,*,#7870,.T.);
#5819=ORIENTED_EDGE('',*,*,#7871,.T.);
#5820=ORIENTED_EDGE('',*,*,#7872,.T.);
#5821=ORIENTED_EDGE('',*,*,#7873,.T.);
#5822=ORIENTED_EDGE('',*,*,#7874,.T.);
#5823=ORIENTED_EDGE('',*,*,#7875,.T.);
#5824=ORIENTED_EDGE('',*,*,#7876,.T.);
#5825=ORIENTED_EDGE('',*,*,#7877,.T.);
#5826=ORIENTED_EDGE('',*,*,#7878,.T.);
#5827=ORIENTED_EDGE('',*,*,#7879,.T.);
#5828=ORIENTED_EDGE('',*,*,#7880,.T.);
#5829=ORIENTED_EDGE('',*,*,#7881,.T.);
#5830=ORIENTED_EDGE('',*,*,#7882,.T.);
#5831=ORIENTED_EDGE('',*,*,#7883,.T.);
#5832=ORIENTED_EDGE('',*,*,#7884,.T.);
#5833=ORIENTED_EDGE('',*,*,#7885,.T.);
#5834=ORIENTED_EDGE('',*,*,#7886,.T.);
#5835=ORIENTED_EDGE('',*,*,#7887,.T.);
#5836=ORIENTED_EDGE('',*,*,#7888,.F.);
#5837=ORIENTED_EDGE('',*,*,#7889,.F.);
#5838=ORIENTED_EDGE('',*,*,#7890,.T.);
#5839=ORIENTED_EDGE('',*,*,#7891,.F.);
#5840=ORIENTED_EDGE('',*,*,#7892,.T.);
#5841=ORIENTED_EDGE('',*,*,#7893,.F.);
#5842=ORIENTED_EDGE('',*,*,#7894,.T.);
#5843=ORIENTED_EDGE('',*,*,#7895,.F.);
#5844=ORIENTED_EDGE('',*,*,#7896,.F.);
#5845=ORIENTED_EDGE('',*,*,#7897,.F.);
#5846=ORIENTED_EDGE('',*,*,#7898,.F.);
#5847=ORIENTED_EDGE('',*,*,#7867,.F.);
#5848=ORIENTED_EDGE('',*,*,#7899,.F.);
#5849=ORIENTED_EDGE('',*,*,#7900,.F.);
#5850=ORIENTED_EDGE('',*,*,#7901,.F.);
#5851=ORIENTED_EDGE('',*,*,#7853,.F.);
#5852=ORIENTED_EDGE('',*,*,#7902,.F.);
#5853=ORIENTED_EDGE('',*,*,#7903,.F.);
#5854=ORIENTED_EDGE('',*,*,#7904,.F.);
#5855=ORIENTED_EDGE('',*,*,#7851,.F.);
#5856=ORIENTED_EDGE('',*,*,#7905,.F.);
#5857=ORIENTED_EDGE('',*,*,#7906,.F.);
#5858=ORIENTED_EDGE('',*,*,#7907,.F.);
#5859=ORIENTED_EDGE('',*,*,#7850,.F.);
#5860=ORIENTED_EDGE('',*,*,#7908,.F.);
#5861=ORIENTED_EDGE('',*,*,#7909,.F.);
#5862=ORIENTED_EDGE('',*,*,#7910,.F.);
#5863=ORIENTED_EDGE('',*,*,#7740,.F.);
#5864=ORIENTED_EDGE('',*,*,#7911,.F.);
#5865=ORIENTED_EDGE('',*,*,#7912,.F.);
#5866=ORIENTED_EDGE('',*,*,#7913,.F.);
#5867=ORIENTED_EDGE('',*,*,#7506,.F.);
#5868=ORIENTED_EDGE('',*,*,#7914,.F.);
#5869=ORIENTED_EDGE('',*,*,#7915,.F.);
#5870=ORIENTED_EDGE('',*,*,#7916,.F.);
#5871=ORIENTED_EDGE('',*,*,#7508,.F.);
#5872=ORIENTED_EDGE('',*,*,#7917,.F.);
#5873=ORIENTED_EDGE('',*,*,#7918,.F.);
#5874=ORIENTED_EDGE('',*,*,#7919,.F.);
#5875=ORIENTED_EDGE('',*,*,#7736,.F.);
#5876=ORIENTED_EDGE('',*,*,#7920,.F.);
#5877=ORIENTED_EDGE('',*,*,#7921,.F.);
#5878=ORIENTED_EDGE('',*,*,#7922,.F.);
#5879=ORIENTED_EDGE('',*,*,#7732,.F.);
#5880=ORIENTED_EDGE('',*,*,#7923,.F.);
#5881=ORIENTED_EDGE('',*,*,#7924,.F.);
#5882=ORIENTED_EDGE('',*,*,#7925,.F.);
#5883=ORIENTED_EDGE('',*,*,#7729,.F.);
#5884=ORIENTED_EDGE('',*,*,#7926,.F.);
#5885=ORIENTED_EDGE('',*,*,#7927,.F.);
#5886=ORIENTED_EDGE('',*,*,#7928,.F.);
#5887=ORIENTED_EDGE('',*,*,#7723,.F.);
#5888=ORIENTED_EDGE('',*,*,#7929,.F.);
#5889=ORIENTED_EDGE('',*,*,#7930,.F.);
#5890=ORIENTED_EDGE('',*,*,#7931,.F.);
#5891=ORIENTED_EDGE('',*,*,#7721,.F.);
#5892=ORIENTED_EDGE('',*,*,#7932,.F.);
#5893=ORIENTED_EDGE('',*,*,#7933,.F.);
#5894=ORIENTED_EDGE('',*,*,#7934,.F.);
#5895=ORIENTED_EDGE('',*,*,#7719,.F.);
#5896=ORIENTED_EDGE('',*,*,#7935,.F.);
#5897=ORIENTED_EDGE('',*,*,#7936,.F.);
#5898=ORIENTED_EDGE('',*,*,#7937,.F.);
#5899=ORIENTED_EDGE('',*,*,#7715,.F.);
#5900=ORIENTED_EDGE('',*,*,#7938,.F.);
#5901=ORIENTED_EDGE('',*,*,#7939,.F.);
#5902=ORIENTED_EDGE('',*,*,#7940,.F.);
#5903=ORIENTED_EDGE('',*,*,#7711,.F.);
#5904=ORIENTED_EDGE('',*,*,#7941,.F.);
#5905=ORIENTED_EDGE('',*,*,#7942,.F.);
#5906=ORIENTED_EDGE('',*,*,#7943,.F.);
#5907=ORIENTED_EDGE('',*,*,#7707,.F.);
#5908=ORIENTED_EDGE('',*,*,#7944,.F.);
#5909=ORIENTED_EDGE('',*,*,#7696,.F.);
#5910=ORIENTED_EDGE('',*,*,#7945,.F.);
#5911=ORIENTED_EDGE('',*,*,#7946,.F.);
#5912=ORIENTED_EDGE('',*,*,#7947,.F.);
#5913=ORIENTED_EDGE('',*,*,#7690,.F.);
#5914=ORIENTED_EDGE('',*,*,#7948,.F.);
#5915=ORIENTED_EDGE('',*,*,#7949,.F.);
#5916=ORIENTED_EDGE('',*,*,#7950,.F.);
#5917=ORIENTED_EDGE('',*,*,#7685,.F.);
#5918=ORIENTED_EDGE('',*,*,#7951,.F.);
#5919=ORIENTED_EDGE('',*,*,#7952,.F.);
#5920=ORIENTED_EDGE('',*,*,#7953,.F.);
#5921=ORIENTED_EDGE('',*,*,#7683,.F.);
#5922=ORIENTED_EDGE('',*,*,#7954,.F.);
#5923=ORIENTED_EDGE('',*,*,#7955,.F.);
#5924=ORIENTED_EDGE('',*,*,#7956,.F.);
#5925=ORIENTED_EDGE('',*,*,#7957,.F.);
#5926=ORIENTED_EDGE('',*,*,#7958,.F.);
#5927=ORIENTED_EDGE('',*,*,#7676,.F.);
#5928=ORIENTED_EDGE('',*,*,#7959,.F.);
#5929=ORIENTED_EDGE('',*,*,#7960,.F.);
#5930=ORIENTED_EDGE('',*,*,#7961,.F.);
#5931=ORIENTED_EDGE('',*,*,#7671,.F.);
#5932=ORIENTED_EDGE('',*,*,#7962,.F.);
#5933=ORIENTED_EDGE('',*,*,#7963,.F.);
#5934=ORIENTED_EDGE('',*,*,#7964,.F.);
#5935=ORIENTED_EDGE('',*,*,#7666,.F.);
#5936=ORIENTED_EDGE('',*,*,#7965,.F.);
#5937=ORIENTED_EDGE('',*,*,#7966,.F.);
#5938=ORIENTED_EDGE('',*,*,#7967,.F.);
#5939=ORIENTED_EDGE('',*,*,#7589,.F.);
#5940=ORIENTED_EDGE('',*,*,#7968,.F.);
#5941=ORIENTED_EDGE('',*,*,#7969,.F.);
#5942=ORIENTED_EDGE('',*,*,#7970,.F.);
#5943=ORIENTED_EDGE('',*,*,#7582,.F.);
#5944=ORIENTED_EDGE('',*,*,#7971,.F.);
#5945=ORIENTED_EDGE('',*,*,#7584,.F.);
#5946=ORIENTED_EDGE('',*,*,#7972,.F.);
#5947=ORIENTED_EDGE('',*,*,#7973,.F.);
#5948=ORIENTED_EDGE('',*,*,#7974,.F.);
#5949=ORIENTED_EDGE('',*,*,#7975,.F.);
#5950=ORIENTED_EDGE('',*,*,#7976,.F.);
#5951=ORIENTED_EDGE('',*,*,#7890,.F.);
#5952=ORIENTED_EDGE('',*,*,#7977,.F.);
#5953=ORIENTED_EDGE('',*,*,#7894,.F.);
#5954=ORIENTED_EDGE('',*,*,#7978,.F.);
#5955=ORIENTED_EDGE('',*,*,#7979,.F.);
#5956=ORIENTED_EDGE('',*,*,#7980,.F.);
#5957=ORIENTED_EDGE('',*,*,#7892,.F.);
#5958=ORIENTED_EDGE('',*,*,#7981,.F.);
#5959=ORIENTED_EDGE('',*,*,#7982,.F.);
#5960=ORIENTED_EDGE('',*,*,#7983,.F.);
#5961=ORIENTED_EDGE('',*,*,#7984,.F.);
#5962=ORIENTED_EDGE('',*,*,#7985,.F.);
#5963=ORIENTED_EDGE('',*,*,#7580,.F.);
#5964=ORIENTED_EDGE('',*,*,#7986,.F.);
#5965=ORIENTED_EDGE('',*,*,#7987,.F.);
#5966=ORIENTED_EDGE('',*,*,#7988,.F.);
#5967=ORIENTED_EDGE('',*,*,#7576,.F.);
#5968=ORIENTED_EDGE('',*,*,#7989,.F.);
#5969=ORIENTED_EDGE('',*,*,#7990,.F.);
#5970=ORIENTED_EDGE('',*,*,#7991,.F.);
#5971=ORIENTED_EDGE('',*,*,#7572,.F.);
#5972=ORIENTED_EDGE('',*,*,#7992,.F.);
#5973=ORIENTED_EDGE('',*,*,#7993,.F.);
#5974=ORIENTED_EDGE('',*,*,#7994,.F.);
#5975=ORIENTED_EDGE('',*,*,#7567,.F.);
#5976=ORIENTED_EDGE('',*,*,#7995,.F.);
#5977=ORIENTED_EDGE('',*,*,#7996,.F.);
#5978=ORIENTED_EDGE('',*,*,#7997,.F.);
#5979=ORIENTED_EDGE('',*,*,#7565,.F.);
#5980=ORIENTED_EDGE('',*,*,#7998,.F.);
#5981=ORIENTED_EDGE('',*,*,#7562,.F.);
#5982=ORIENTED_EDGE('',*,*,#7999,.F.);
#5983=ORIENTED_EDGE('',*,*,#8000,.F.);
#5984=ORIENTED_EDGE('',*,*,#8001,.F.);
#5985=ORIENTED_EDGE('',*,*,#7557,.F.);
#5986=ORIENTED_EDGE('',*,*,#8002,.F.);
#5987=ORIENTED_EDGE('',*,*,#8003,.F.);
#5988=ORIENTED_EDGE('',*,*,#8004,.F.);
#5989=ORIENTED_EDGE('',*,*,#8005,.F.);
#5990=ORIENTED_EDGE('',*,*,#8006,.F.);
#5991=ORIENTED_EDGE('',*,*,#7554,.F.);
#5992=ORIENTED_EDGE('',*,*,#8007,.F.);
#5993=ORIENTED_EDGE('',*,*,#8008,.F.);
#5994=ORIENTED_EDGE('',*,*,#8009,.F.);
#5995=ORIENTED_EDGE('',*,*,#7551,.F.);
#5996=ORIENTED_EDGE('',*,*,#8010,.F.);
#5997=ORIENTED_EDGE('',*,*,#8011,.F.);
#5998=ORIENTED_EDGE('',*,*,#8012,.F.);
#5999=ORIENTED_EDGE('',*,*,#7546,.F.);
#6000=ORIENTED_EDGE('',*,*,#8013,.F.);
#6001=ORIENTED_EDGE('',*,*,#8014,.F.);
#6002=ORIENTED_EDGE('',*,*,#8015,.F.);
#6003=ORIENTED_EDGE('',*,*,#7542,.F.);
#6004=ORIENTED_EDGE('',*,*,#8016,.F.);
#6005=ORIENTED_EDGE('',*,*,#7541,.F.);
#6006=ORIENTED_EDGE('',*,*,#8017,.F.);
#6007=ORIENTED_EDGE('',*,*,#8018,.F.);
#6008=ORIENTED_EDGE('',*,*,#8019,.F.);
#6009=ORIENTED_EDGE('',*,*,#8020,.F.);
#6010=ORIENTED_EDGE('',*,*,#8021,.F.);
#6011=ORIENTED_EDGE('',*,*,#7534,.F.);
#6012=ORIENTED_EDGE('',*,*,#8022,.F.);
#6013=ORIENTED_EDGE('',*,*,#7530,.F.);
#6014=ORIENTED_EDGE('',*,*,#8023,.F.);
#6015=ORIENTED_EDGE('',*,*,#8024,.F.);
#6016=ORIENTED_EDGE('',*,*,#8025,.F.);
#6017=ORIENTED_EDGE('',*,*,#8026,.F.);
#6018=ORIENTED_EDGE('',*,*,#8027,.F.);
#6019=ORIENTED_EDGE('',*,*,#7528,.F.);
#6020=ORIENTED_EDGE('',*,*,#8028,.F.);
#6021=ORIENTED_EDGE('',*,*,#8029,.F.);
#6022=ORIENTED_EDGE('',*,*,#8030,.F.);
#6023=ORIENTED_EDGE('',*,*,#7524,.F.);
#6024=ORIENTED_EDGE('',*,*,#8031,.F.);
#6025=ORIENTED_EDGE('',*,*,#8032,.F.);
#6026=ORIENTED_EDGE('',*,*,#7952,.T.);
#6027=ORIENTED_EDGE('',*,*,#8033,.F.);
#6028=ORIENTED_EDGE('',*,*,#8034,.F.);
#6029=ORIENTED_EDGE('',*,*,#8008,.T.);
#6030=ORIENTED_EDGE('',*,*,#8035,.F.);
#6031=ORIENTED_EDGE('',*,*,#8011,.T.);
#6032=ORIENTED_EDGE('',*,*,#8036,.F.);
#6033=ORIENTED_EDGE('',*,*,#8037,.F.);
#6034=ORIENTED_EDGE('',*,*,#8020,.T.);
#6035=ORIENTED_EDGE('',*,*,#8038,.F.);
#6036=ORIENTED_EDGE('',*,*,#8018,.T.);
#6037=ORIENTED_EDGE('',*,*,#8039,.F.);
#6038=ORIENTED_EDGE('',*,*,#8014,.T.);
#6039=ORIENTED_EDGE('',*,*,#8040,.T.);
#6040=ORIENTED_EDGE('',*,*,#8041,.F.);
#6041=ORIENTED_EDGE('',*,*,#8042,.F.);
#6042=ORIENTED_EDGE('',*,*,#7975,.T.);
#6043=ORIENTED_EDGE('',*,*,#8043,.F.);
#6044=ORIENTED_EDGE('',*,*,#7969,.T.);
#6045=ORIENTED_EDGE('',*,*,#8044,.F.);
#6046=ORIENTED_EDGE('',*,*,#7915,.T.);
#6047=ORIENTED_EDGE('',*,*,#8045,.F.);
#6048=ORIENTED_EDGE('',*,*,#8046,.F.);
#6049=ORIENTED_EDGE('',*,*,#8047,.F.);
#6050=ORIENTED_EDGE('',*,*,#7903,.T.);
#6051=ORIENTED_EDGE('',*,*,#8048,.F.);
#6052=ORIENTED_EDGE('',*,*,#8049,.F.);
#6053=ORIENTED_EDGE('',*,*,#8050,.F.);
#6054=ORIENTED_EDGE('',*,*,#7900,.T.);
#6055=ORIENTED_EDGE('',*,*,#8051,.F.);
#6056=ORIENTED_EDGE('',*,*,#7924,.T.);
#6057=ORIENTED_EDGE('',*,*,#8052,.F.);
#6058=ORIENTED_EDGE('',*,*,#8053,.F.);
#6059=ORIENTED_EDGE('',*,*,#7973,.T.);
#6060=ORIENTED_EDGE('',*,*,#8054,.F.);
#6061=ORIENTED_EDGE('',*,*,#8055,.F.);
#6062=ORIENTED_EDGE('',*,*,#7979,.T.);
#6063=ORIENTED_EDGE('',*,*,#8056,.F.);
#6064=ORIENTED_EDGE('',*,*,#7933,.T.);
#6065=ORIENTED_EDGE('',*,*,#8057,.F.);
#6066=ORIENTED_EDGE('',*,*,#7906,.T.);
#6067=ORIENTED_EDGE('',*,*,#8058,.F.);
#6068=ORIENTED_EDGE('',*,*,#8059,.F.);
#6069=ORIENTED_EDGE('',*,*,#7927,.T.);
#6070=ORIENTED_EDGE('',*,*,#8060,.F.);
#6071=ORIENTED_EDGE('',*,*,#7982,.T.);
#6072=ORIENTED_EDGE('',*,*,#8061,.F.);
#6073=ORIENTED_EDGE('',*,*,#8062,.F.);
#6074=ORIENTED_EDGE('',*,*,#8063,.T.);
#6075=ORIENTED_EDGE('',*,*,#8064,.T.);
#6076=ORIENTED_EDGE('',*,*,#8065,.F.);
#6077=ORIENTED_EDGE('',*,*,#8066,.T.);
#6078=ORIENTED_EDGE('',*,*,#8067,.T.);
#6079=ORIENTED_EDGE('',*,*,#8068,.T.);
#6080=ORIENTED_EDGE('',*,*,#8069,.T.);
#6081=ORIENTED_EDGE('',*,*,#8070,.T.);
#6082=ORIENTED_EDGE('',*,*,#8071,.T.);
#6083=ORIENTED_EDGE('',*,*,#8072,.T.);
#6084=ORIENTED_EDGE('',*,*,#8073,.T.);
#6085=ORIENTED_EDGE('',*,*,#8074,.T.);
#6086=ORIENTED_EDGE('',*,*,#8075,.T.);
#6087=ORIENTED_EDGE('',*,*,#8076,.T.);
#6088=ORIENTED_EDGE('',*,*,#8077,.T.);
#6089=ORIENTED_EDGE('',*,*,#8078,.T.);
#6090=ORIENTED_EDGE('',*,*,#8079,.T.);
#6091=ORIENTED_EDGE('',*,*,#8080,.T.);
#6092=ORIENTED_EDGE('',*,*,#8081,.T.);
#6093=ORIENTED_EDGE('',*,*,#8082,.T.);
#6094=ORIENTED_EDGE('',*,*,#8083,.T.);
#6095=ORIENTED_EDGE('',*,*,#8084,.T.);
#6096=ORIENTED_EDGE('',*,*,#8085,.T.);
#6097=ORIENTED_EDGE('',*,*,#8086,.T.);
#6098=ORIENTED_EDGE('',*,*,#8087,.T.);
#6099=ORIENTED_EDGE('',*,*,#8088,.T.);
#6100=ORIENTED_EDGE('',*,*,#8089,.T.);
#6101=ORIENTED_EDGE('',*,*,#8090,.T.);
#6102=ORIENTED_EDGE('',*,*,#8091,.T.);
#6103=ORIENTED_EDGE('',*,*,#8092,.T.);
#6104=ORIENTED_EDGE('',*,*,#8093,.T.);
#6105=ORIENTED_EDGE('',*,*,#8094,.T.);
#6106=ORIENTED_EDGE('',*,*,#8095,.T.);
#6107=ORIENTED_EDGE('',*,*,#8096,.T.);
#6108=ORIENTED_EDGE('',*,*,#8097,.T.);
#6109=ORIENTED_EDGE('',*,*,#8098,.T.);
#6110=ORIENTED_EDGE('',*,*,#8099,.T.);
#6111=ORIENTED_EDGE('',*,*,#8100,.T.);
#6112=ORIENTED_EDGE('',*,*,#8101,.T.);
#6113=ORIENTED_EDGE('',*,*,#8102,.T.);
#6114=ORIENTED_EDGE('',*,*,#8103,.T.);
#6115=ORIENTED_EDGE('',*,*,#8104,.T.);
#6116=ORIENTED_EDGE('',*,*,#8105,.T.);
#6117=ORIENTED_EDGE('',*,*,#8106,.T.);
#6118=ORIENTED_EDGE('',*,*,#8107,.T.);
#6119=ORIENTED_EDGE('',*,*,#8108,.T.);
#6120=ORIENTED_EDGE('',*,*,#8109,.T.);
#6121=ORIENTED_EDGE('',*,*,#8110,.T.);
#6122=ORIENTED_EDGE('',*,*,#8111,.T.);
#6123=ORIENTED_EDGE('',*,*,#8112,.T.);
#6124=ORIENTED_EDGE('',*,*,#8113,.T.);
#6125=ORIENTED_EDGE('',*,*,#8114,.T.);
#6126=ORIENTED_EDGE('',*,*,#8115,.T.);
#6127=ORIENTED_EDGE('',*,*,#8116,.T.);
#6128=ORIENTED_EDGE('',*,*,#8117,.T.);
#6129=ORIENTED_EDGE('',*,*,#8118,.T.);
#6130=ORIENTED_EDGE('',*,*,#8119,.T.);
#6131=ORIENTED_EDGE('',*,*,#8120,.T.);
#6132=ORIENTED_EDGE('',*,*,#8121,.T.);
#6133=ORIENTED_EDGE('',*,*,#8122,.T.);
#6134=ORIENTED_EDGE('',*,*,#8123,.T.);
#6135=ORIENTED_EDGE('',*,*,#8124,.T.);
#6136=ORIENTED_EDGE('',*,*,#8125,.T.);
#6137=ORIENTED_EDGE('',*,*,#8126,.T.);
#6138=ORIENTED_EDGE('',*,*,#8127,.T.);
#6139=ORIENTED_EDGE('',*,*,#8128,.T.);
#6140=ORIENTED_EDGE('',*,*,#8129,.T.);
#6141=ORIENTED_EDGE('',*,*,#8130,.T.);
#6142=ORIENTED_EDGE('',*,*,#8131,.T.);
#6143=ORIENTED_EDGE('',*,*,#8132,.T.);
#6144=ORIENTED_EDGE('',*,*,#8133,.T.);
#6145=ORIENTED_EDGE('',*,*,#8134,.T.);
#6146=ORIENTED_EDGE('',*,*,#8135,.T.);
#6147=ORIENTED_EDGE('',*,*,#8136,.T.);
#6148=ORIENTED_EDGE('',*,*,#8137,.T.);
#6149=ORIENTED_EDGE('',*,*,#8138,.T.);
#6150=ORIENTED_EDGE('',*,*,#8139,.T.);
#6151=ORIENTED_EDGE('',*,*,#8140,.T.);
#6152=ORIENTED_EDGE('',*,*,#8141,.T.);
#6153=ORIENTED_EDGE('',*,*,#8142,.T.);
#6154=ORIENTED_EDGE('',*,*,#8143,.T.);
#6155=ORIENTED_EDGE('',*,*,#8144,.T.);
#6156=ORIENTED_EDGE('',*,*,#8145,.T.);
#6157=ORIENTED_EDGE('',*,*,#8146,.T.);
#6158=ORIENTED_EDGE('',*,*,#8147,.T.);
#6159=ORIENTED_EDGE('',*,*,#8148,.T.);
#6160=ORIENTED_EDGE('',*,*,#8149,.T.);
#6161=ORIENTED_EDGE('',*,*,#8150,.T.);
#6162=ORIENTED_EDGE('',*,*,#8151,.T.);
#6163=ORIENTED_EDGE('',*,*,#8152,.T.);
#6164=ORIENTED_EDGE('',*,*,#8153,.T.);
#6165=ORIENTED_EDGE('',*,*,#8154,.T.);
#6166=ORIENTED_EDGE('',*,*,#8155,.T.);
#6167=ORIENTED_EDGE('',*,*,#8156,.T.);
#6168=ORIENTED_EDGE('',*,*,#8157,.T.);
#6169=ORIENTED_EDGE('',*,*,#8158,.T.);
#6170=ORIENTED_EDGE('',*,*,#8159,.T.);
#6171=ORIENTED_EDGE('',*,*,#8160,.T.);
#6172=ORIENTED_EDGE('',*,*,#8161,.T.);
#6173=ORIENTED_EDGE('',*,*,#8162,.T.);
#6174=ORIENTED_EDGE('',*,*,#8163,.T.);
#6175=ORIENTED_EDGE('',*,*,#8164,.T.);
#6176=ORIENTED_EDGE('',*,*,#8165,.T.);
#6177=ORIENTED_EDGE('',*,*,#8166,.T.);
#6178=ORIENTED_EDGE('',*,*,#8167,.T.);
#6179=ORIENTED_EDGE('',*,*,#8168,.T.);
#6180=ORIENTED_EDGE('',*,*,#8169,.T.);
#6181=ORIENTED_EDGE('',*,*,#8170,.T.);
#6182=ORIENTED_EDGE('',*,*,#8171,.T.);
#6183=ORIENTED_EDGE('',*,*,#8172,.T.);
#6184=ORIENTED_EDGE('',*,*,#8173,.T.);
#6185=ORIENTED_EDGE('',*,*,#8174,.T.);
#6186=ORIENTED_EDGE('',*,*,#8175,.T.);
#6187=ORIENTED_EDGE('',*,*,#8176,.T.);
#6188=ORIENTED_EDGE('',*,*,#8177,.T.);
#6189=ORIENTED_EDGE('',*,*,#8178,.T.);
#6190=ORIENTED_EDGE('',*,*,#8179,.T.);
#6191=ORIENTED_EDGE('',*,*,#8180,.T.);
#6192=ORIENTED_EDGE('',*,*,#8181,.T.);
#6193=ORIENTED_EDGE('',*,*,#8182,.T.);
#6194=ORIENTED_EDGE('',*,*,#8183,.T.);
#6195=ORIENTED_EDGE('',*,*,#8184,.T.);
#6196=ORIENTED_EDGE('',*,*,#8185,.T.);
#6197=ORIENTED_EDGE('',*,*,#8186,.T.);
#6198=ORIENTED_EDGE('',*,*,#8187,.T.);
#6199=ORIENTED_EDGE('',*,*,#8188,.T.);
#6200=ORIENTED_EDGE('',*,*,#8189,.T.);
#6201=ORIENTED_EDGE('',*,*,#8190,.T.);
#6202=ORIENTED_EDGE('',*,*,#8191,.T.);
#6203=ORIENTED_EDGE('',*,*,#8192,.T.);
#6204=ORIENTED_EDGE('',*,*,#8193,.T.);
#6205=ORIENTED_EDGE('',*,*,#8194,.T.);
#6206=ORIENTED_EDGE('',*,*,#8195,.T.);
#6207=ORIENTED_EDGE('',*,*,#8196,.T.);
#6208=ORIENTED_EDGE('',*,*,#8197,.T.);
#6209=ORIENTED_EDGE('',*,*,#8198,.T.);
#6210=ORIENTED_EDGE('',*,*,#8199,.T.);
#6211=ORIENTED_EDGE('',*,*,#8200,.T.);
#6212=ORIENTED_EDGE('',*,*,#8201,.T.);
#6213=ORIENTED_EDGE('',*,*,#8202,.T.);
#6214=ORIENTED_EDGE('',*,*,#8203,.T.);
#6215=ORIENTED_EDGE('',*,*,#8204,.T.);
#6216=ORIENTED_EDGE('',*,*,#8205,.T.);
#6217=ORIENTED_EDGE('',*,*,#8206,.T.);
#6218=ORIENTED_EDGE('',*,*,#8207,.T.);
#6219=ORIENTED_EDGE('',*,*,#8208,.T.);
#6220=ORIENTED_EDGE('',*,*,#8209,.T.);
#6221=ORIENTED_EDGE('',*,*,#8210,.T.);
#6222=ORIENTED_EDGE('',*,*,#8211,.T.);
#6223=ORIENTED_EDGE('',*,*,#8212,.T.);
#6224=ORIENTED_EDGE('',*,*,#8213,.T.);
#6225=ORIENTED_EDGE('',*,*,#8214,.T.);
#6226=ORIENTED_EDGE('',*,*,#8215,.T.);
#6227=ORIENTED_EDGE('',*,*,#8216,.T.);
#6228=ORIENTED_EDGE('',*,*,#8217,.T.);
#6229=ORIENTED_EDGE('',*,*,#8218,.T.);
#6230=ORIENTED_EDGE('',*,*,#8219,.T.);
#6231=ORIENTED_EDGE('',*,*,#8220,.T.);
#6232=ORIENTED_EDGE('',*,*,#8221,.T.);
#6233=ORIENTED_EDGE('',*,*,#8222,.T.);
#6234=ORIENTED_EDGE('',*,*,#8223,.T.);
#6235=ORIENTED_EDGE('',*,*,#8224,.T.);
#6236=ORIENTED_EDGE('',*,*,#8225,.T.);
#6237=ORIENTED_EDGE('',*,*,#8226,.T.);
#6238=ORIENTED_EDGE('',*,*,#8227,.T.);
#6239=ORIENTED_EDGE('',*,*,#8228,.T.);
#6240=ORIENTED_EDGE('',*,*,#8229,.T.);
#6241=ORIENTED_EDGE('',*,*,#8230,.T.);
#6242=ORIENTED_EDGE('',*,*,#8231,.T.);
#6243=ORIENTED_EDGE('',*,*,#8232,.T.);
#6244=ORIENTED_EDGE('',*,*,#8233,.T.);
#6245=ORIENTED_EDGE('',*,*,#8234,.T.);
#6246=ORIENTED_EDGE('',*,*,#8235,.T.);
#6247=ORIENTED_EDGE('',*,*,#8236,.T.);
#6248=ORIENTED_EDGE('',*,*,#8237,.T.);
#6249=ORIENTED_EDGE('',*,*,#8238,.T.);
#6250=ORIENTED_EDGE('',*,*,#8239,.T.);
#6251=ORIENTED_EDGE('',*,*,#8240,.T.);
#6252=ORIENTED_EDGE('',*,*,#8241,.T.);
#6253=ORIENTED_EDGE('',*,*,#8242,.T.);
#6254=ORIENTED_EDGE('',*,*,#8243,.T.);
#6255=ORIENTED_EDGE('',*,*,#8244,.T.);
#6256=ORIENTED_EDGE('',*,*,#8245,.T.);
#6257=ORIENTED_EDGE('',*,*,#8246,.T.);
#6258=ORIENTED_EDGE('',*,*,#8247,.T.);
#6259=ORIENTED_EDGE('',*,*,#8248,.T.);
#6260=ORIENTED_EDGE('',*,*,#8249,.T.);
#6261=ORIENTED_EDGE('',*,*,#8250,.T.);
#6262=ORIENTED_EDGE('',*,*,#8251,.T.);
#6263=ORIENTED_EDGE('',*,*,#8252,.T.);
#6264=ORIENTED_EDGE('',*,*,#8253,.T.);
#6265=ORIENTED_EDGE('',*,*,#8254,.T.);
#6266=ORIENTED_EDGE('',*,*,#8255,.T.);
#6267=ORIENTED_EDGE('',*,*,#8256,.T.);
#6268=ORIENTED_EDGE('',*,*,#8257,.T.);
#6269=ORIENTED_EDGE('',*,*,#8258,.T.);
#6270=ORIENTED_EDGE('',*,*,#8259,.T.);
#6271=ORIENTED_EDGE('',*,*,#8260,.T.);
#6272=ORIENTED_EDGE('',*,*,#8261,.T.);
#6273=ORIENTED_EDGE('',*,*,#8262,.T.);
#6274=ORIENTED_EDGE('',*,*,#8263,.T.);
#6275=ORIENTED_EDGE('',*,*,#8264,.T.);
#6276=ORIENTED_EDGE('',*,*,#8265,.T.);
#6277=ORIENTED_EDGE('',*,*,#8266,.T.);
#6278=ORIENTED_EDGE('',*,*,#8267,.T.);
#6279=ORIENTED_EDGE('',*,*,#8268,.T.);
#6280=ORIENTED_EDGE('',*,*,#8269,.T.);
#6281=ORIENTED_EDGE('',*,*,#8270,.T.);
#6282=ORIENTED_EDGE('',*,*,#8271,.T.);
#6283=ORIENTED_EDGE('',*,*,#8272,.T.);
#6284=ORIENTED_EDGE('',*,*,#8273,.T.);
#6285=ORIENTED_EDGE('',*,*,#8274,.T.);
#6286=ORIENTED_EDGE('',*,*,#8275,.T.);
#6287=ORIENTED_EDGE('',*,*,#8276,.T.);
#6288=ORIENTED_EDGE('',*,*,#8277,.T.);
#6289=ORIENTED_EDGE('',*,*,#8278,.T.);
#6290=ORIENTED_EDGE('',*,*,#8279,.T.);
#6291=ORIENTED_EDGE('',*,*,#8280,.T.);
#6292=ORIENTED_EDGE('',*,*,#8281,.T.);
#6293=ORIENTED_EDGE('',*,*,#8282,.T.);
#6294=ORIENTED_EDGE('',*,*,#8283,.T.);
#6295=ORIENTED_EDGE('',*,*,#8284,.T.);
#6296=ORIENTED_EDGE('',*,*,#8285,.T.);
#6297=ORIENTED_EDGE('',*,*,#8286,.T.);
#6298=ORIENTED_EDGE('',*,*,#8287,.T.);
#6299=ORIENTED_EDGE('',*,*,#8288,.T.);
#6300=ORIENTED_EDGE('',*,*,#8289,.T.);
#6301=ORIENTED_EDGE('',*,*,#8290,.T.);
#6302=ORIENTED_EDGE('',*,*,#8291,.T.);
#6303=ORIENTED_EDGE('',*,*,#8292,.T.);
#6304=ORIENTED_EDGE('',*,*,#8293,.T.);
#6305=ORIENTED_EDGE('',*,*,#8294,.T.);
#6306=ORIENTED_EDGE('',*,*,#8295,.T.);
#6307=ORIENTED_EDGE('',*,*,#8296,.T.);
#6308=ORIENTED_EDGE('',*,*,#8297,.T.);
#6309=ORIENTED_EDGE('',*,*,#8298,.T.);
#6310=ORIENTED_EDGE('',*,*,#8299,.T.);
#6311=ORIENTED_EDGE('',*,*,#8300,.T.);
#6312=ORIENTED_EDGE('',*,*,#8301,.T.);
#6313=ORIENTED_EDGE('',*,*,#8302,.T.);
#6314=ORIENTED_EDGE('',*,*,#8303,.T.);
#6315=ORIENTED_EDGE('',*,*,#8304,.T.);
#6316=ORIENTED_EDGE('',*,*,#8305,.T.);
#6317=ORIENTED_EDGE('',*,*,#8306,.T.);
#6318=ORIENTED_EDGE('',*,*,#8307,.T.);
#6319=ORIENTED_EDGE('',*,*,#8308,.T.);
#6320=ORIENTED_EDGE('',*,*,#8309,.T.);
#6321=ORIENTED_EDGE('',*,*,#8310,.T.);
#6322=ORIENTED_EDGE('',*,*,#8311,.T.);
#6323=ORIENTED_EDGE('',*,*,#8312,.T.);
#6324=ORIENTED_EDGE('',*,*,#8313,.T.);
#6325=ORIENTED_EDGE('',*,*,#8314,.T.);
#6326=ORIENTED_EDGE('',*,*,#8315,.T.);
#6327=ORIENTED_EDGE('',*,*,#8316,.T.);
#6328=ORIENTED_EDGE('',*,*,#8317,.T.);
#6329=ORIENTED_EDGE('',*,*,#8318,.T.);
#6330=ORIENTED_EDGE('',*,*,#8319,.T.);
#6331=ORIENTED_EDGE('',*,*,#8320,.T.);
#6332=ORIENTED_EDGE('',*,*,#8321,.T.);
#6333=ORIENTED_EDGE('',*,*,#8322,.T.);
#6334=ORIENTED_EDGE('',*,*,#8323,.T.);
#6335=ORIENTED_EDGE('',*,*,#8324,.T.);
#6336=ORIENTED_EDGE('',*,*,#8325,.T.);
#6337=ORIENTED_EDGE('',*,*,#8326,.T.);
#6338=ORIENTED_EDGE('',*,*,#8327,.T.);
#6339=ORIENTED_EDGE('',*,*,#8328,.T.);
#6340=ORIENTED_EDGE('',*,*,#8329,.T.);
#6341=ORIENTED_EDGE('',*,*,#8330,.T.);
#6342=ORIENTED_EDGE('',*,*,#8331,.T.);
#6343=ORIENTED_EDGE('',*,*,#8332,.T.);
#6344=ORIENTED_EDGE('',*,*,#8333,.T.);
#6345=ORIENTED_EDGE('',*,*,#8334,.T.);
#6346=ORIENTED_EDGE('',*,*,#8335,.T.);
#6347=ORIENTED_EDGE('',*,*,#8336,.T.);
#6348=ORIENTED_EDGE('',*,*,#8337,.T.);
#6349=ORIENTED_EDGE('',*,*,#8338,.T.);
#6350=ORIENTED_EDGE('',*,*,#8339,.T.);
#6351=ORIENTED_EDGE('',*,*,#8340,.T.);
#6352=ORIENTED_EDGE('',*,*,#8341,.T.);
#6353=ORIENTED_EDGE('',*,*,#8342,.T.);
#6354=ORIENTED_EDGE('',*,*,#8343,.T.);
#6355=ORIENTED_EDGE('',*,*,#8344,.T.);
#6356=ORIENTED_EDGE('',*,*,#8345,.T.);
#6357=ORIENTED_EDGE('',*,*,#8346,.T.);
#6358=ORIENTED_EDGE('',*,*,#8347,.T.);
#6359=ORIENTED_EDGE('',*,*,#8348,.T.);
#6360=ORIENTED_EDGE('',*,*,#8349,.T.);
#6361=ORIENTED_EDGE('',*,*,#8350,.T.);
#6362=ORIENTED_EDGE('',*,*,#8351,.T.);
#6363=ORIENTED_EDGE('',*,*,#8352,.T.);
#6364=ORIENTED_EDGE('',*,*,#8353,.F.);
#6365=ORIENTED_EDGE('',*,*,#8354,.F.);
#6366=ORIENTED_EDGE('',*,*,#7918,.T.);
#6367=ORIENTED_EDGE('',*,*,#8355,.F.);
#6368=ORIENTED_EDGE('',*,*,#8356,.F.);
#6369=ORIENTED_EDGE('',*,*,#7912,.T.);
#6370=ORIENTED_EDGE('',*,*,#8357,.F.);
#6371=ORIENTED_EDGE('',*,*,#8358,.F.);
#6372=ORIENTED_EDGE('',*,*,#7909,.T.);
#6373=ORIENTED_EDGE('',*,*,#8359,.F.);
#6374=ORIENTED_EDGE('',*,*,#8360,.F.);
#6375=ORIENTED_EDGE('',*,*,#8361,.F.);
#6376=ORIENTED_EDGE('',*,*,#7966,.T.);
#6377=ORIENTED_EDGE('',*,*,#8362,.F.);
#6378=ORIENTED_EDGE('',*,*,#7921,.T.);
#6379=ORIENTED_EDGE('',*,*,#8363,.F.);
#6380=ORIENTED_EDGE('',*,*,#7936,.T.);
#6381=ORIENTED_EDGE('',*,*,#8364,.F.);
#6382=ORIENTED_EDGE('',*,*,#7987,.T.);
#6383=ORIENTED_EDGE('',*,*,#8365,.F.);
#6384=ORIENTED_EDGE('',*,*,#8366,.F.);
#6385=ORIENTED_EDGE('',*,*,#8367,.F.);
#6386=ORIENTED_EDGE('',*,*,#7942,.T.);
#6387=ORIENTED_EDGE('',*,*,#8368,.F.);
#6388=ORIENTED_EDGE('',*,*,#7990,.T.);
#6389=ORIENTED_EDGE('',*,*,#8369,.F.);
#6390=ORIENTED_EDGE('',*,*,#7993,.T.);
#6391=ORIENTED_EDGE('',*,*,#8370,.F.);
#6392=ORIENTED_EDGE('',*,*,#8371,.F.);
#6393=ORIENTED_EDGE('',*,*,#8372,.F.);
#6394=ORIENTED_EDGE('',*,*,#8373,.F.);
#6395=ORIENTED_EDGE('',*,*,#7996,.T.);
#6396=ORIENTED_EDGE('',*,*,#8374,.F.);
#6397=ORIENTED_EDGE('',*,*,#7939,.T.);
#6398=ORIENTED_EDGE('',*,*,#8375,.F.);
#6399=ORIENTED_EDGE('',*,*,#7930,.T.);
#6400=ORIENTED_EDGE('',*,*,#8376,.F.);
#6401=ORIENTED_EDGE('',*,*,#7984,.T.);
#6402=ORIENTED_EDGE('',*,*,#8377,.F.);
#6403=ORIENTED_EDGE('',*,*,#8378,.F.);
#6404=ORIENTED_EDGE('',*,*,#8379,.F.);
#6405=ORIENTED_EDGE('',*,*,#8024,.T.);
#6406=ORIENTED_EDGE('',*,*,#8380,.F.);
#6407=ORIENTED_EDGE('',*,*,#8026,.T.);
#6408=ORIENTED_EDGE('',*,*,#8381,.F.);
#6409=ORIENTED_EDGE('',*,*,#8382,.F.);
#6410=ORIENTED_EDGE('',*,*,#8383,.F.);
#6411=ORIENTED_EDGE('',*,*,#8384,.F.);
#6412=ORIENTED_EDGE('',*,*,#8029,.T.);
#6413=ORIENTED_EDGE('',*,*,#8385,.F.);
#6414=ORIENTED_EDGE('',*,*,#7963,.T.);
#6415=ORIENTED_EDGE('',*,*,#8386,.F.);
#6416=ORIENTED_EDGE('',*,*,#7957,.T.);
#6417=ORIENTED_EDGE('',*,*,#8387,.F.);
#6418=ORIENTED_EDGE('',*,*,#8388,.F.);
#6419=ORIENTED_EDGE('',*,*,#7949,.T.);
#6420=ORIENTED_EDGE('',*,*,#8389,.F.);
#6421=ORIENTED_EDGE('',*,*,#8390,.F.);
#6422=ORIENTED_EDGE('',*,*,#8003,.T.);
#6423=ORIENTED_EDGE('',*,*,#8391,.F.);
#6424=ORIENTED_EDGE('',*,*,#8392,.F.);
#6425=ORIENTED_EDGE('',*,*,#8000,.T.);
#6426=ORIENTED_EDGE('',*,*,#8393,.F.);
#6427=ORIENTED_EDGE('',*,*,#7946,.T.);
#6428=ORIENTED_EDGE('',*,*,#8394,.F.);
#6429=ORIENTED_EDGE('',*,*,#8005,.T.);
#6430=ORIENTED_EDGE('',*,*,#8395,.F.);
#6431=ORIENTED_EDGE('',*,*,#7955,.T.);
#6432=ORIENTED_EDGE('',*,*,#8396,.F.);
#6433=ORIENTED_EDGE('',*,*,#7960,.T.);
#6434=ORIENTED_EDGE('',*,*,#8397,.F.);
#6435=ORIENTED_EDGE('',*,*,#7897,.T.);
#6436=ORIENTED_EDGE('',*,*,#8398,.F.);
#6437=ORIENTED_EDGE('',*,*,#8399,.T.);
#6438=ORIENTED_EDGE('',*,*,#8400,.F.);
#6439=ORIENTED_EDGE('',*,*,#8401,.F.);
#6440=ORIENTED_EDGE('',*,*,#8061,.T.);
#6441=ORIENTED_EDGE('',*,*,#7981,.T.);
#6442=ORIENTED_EDGE('',*,*,#7891,.T.);
#6443=ORIENTED_EDGE('',*,*,#7976,.T.);
#6444=ORIENTED_EDGE('',*,*,#8042,.T.);
#6445=ORIENTED_EDGE('',*,*,#8057,.T.);
#6446=ORIENTED_EDGE('',*,*,#7932,.T.);
#6447=ORIENTED_EDGE('',*,*,#7720,.T.);
#6448=ORIENTED_EDGE('',*,*,#7934,.T.);
#6449=ORIENTED_EDGE('',*,*,#8056,.T.);
#6450=ORIENTED_EDGE('',*,*,#7978,.T.);
#6451=ORIENTED_EDGE('',*,*,#7893,.T.);
#6452=ORIENTED_EDGE('',*,*,#7980,.T.);
#6453=ORIENTED_EDGE('',*,*,#8060,.T.);
#6454=ORIENTED_EDGE('',*,*,#8401,.T.);
#6455=ORIENTED_EDGE('',*,*,#8402,.F.);
#6456=ORIENTED_EDGE('',*,*,#8403,.F.);
#6457=ORIENTED_EDGE('',*,*,#7848,.T.);
#6458=ORIENTED_EDGE('',*,*,#7907,.T.);
#6459=ORIENTED_EDGE('',*,*,#8058,.T.);
#6460=ORIENTED_EDGE('',*,*,#7905,.T.);
#6461=ORIENTED_EDGE('',*,*,#7849,.T.);
#6462=ORIENTED_EDGE('',*,*,#8403,.T.);
#6463=ORIENTED_EDGE('',*,*,#8404,.F.);
#6464=ORIENTED_EDGE('',*,*,#8405,.F.);
#6465=ORIENTED_EDGE('',*,*,#8059,.T.);
#6466=ORIENTED_EDGE('',*,*,#8405,.T.);
#6467=ORIENTED_EDGE('',*,*,#8406,.F.);
#6468=ORIENTED_EDGE('',*,*,#8407,.F.);
#6469=ORIENTED_EDGE('',*,*,#7724,.T.);
#6470=ORIENTED_EDGE('',*,*,#7928,.T.);
#6471=ORIENTED_EDGE('',*,*,#8408,.F.);
#6472=ORIENTED_EDGE('',*,*,#7895,.T.);
#6473=ORIENTED_EDGE('',*,*,#7977,.T.);
#6474=ORIENTED_EDGE('',*,*,#8055,.T.);
#6475=ORIENTED_EDGE('',*,*,#7926,.T.);
#6476=ORIENTED_EDGE('',*,*,#7725,.T.);
#6477=ORIENTED_EDGE('',*,*,#8407,.T.);
#6478=ORIENTED_EDGE('',*,*,#8409,.F.);
#6479=ORIENTED_EDGE('',*,*,#8410,.F.);
#6480=ORIENTED_EDGE('',*,*,#8054,.T.);
#6481=ORIENTED_EDGE('',*,*,#7972,.T.);
#6482=ORIENTED_EDGE('',*,*,#7583,.T.);
#6483=ORIENTED_EDGE('',*,*,#7970,.T.);
#6484=ORIENTED_EDGE('',*,*,#8043,.T.);
#6485=ORIENTED_EDGE('',*,*,#7974,.T.);
#6486=ORIENTED_EDGE('',*,*,#7889,.T.);
#6487=ORIENTED_EDGE('',*,*,#8411,.T.);
#6488=ORIENTED_EDGE('',*,*,#8412,.F.);
#6489=ORIENTED_EDGE('',*,*,#8413,.T.);
#6490=ORIENTED_EDGE('',*,*,#8414,.F.);
#6491=ORIENTED_EDGE('',*,*,#8415,.F.);
#6492=ORIENTED_EDGE('',*,*,#8046,.T.);
#6493=ORIENTED_EDGE('',*,*,#8048,.T.);
#6494=ORIENTED_EDGE('',*,*,#7902,.T.);
#6495=ORIENTED_EDGE('',*,*,#7852,.T.);
#6496=ORIENTED_EDGE('',*,*,#7904,.T.);
#6497=ORIENTED_EDGE('',*,*,#8047,.T.);
#6498=ORIENTED_EDGE('',*,*,#8415,.T.);
#6499=ORIENTED_EDGE('',*,*,#8416,.F.);
#6500=ORIENTED_EDGE('',*,*,#8417,.F.);
#6501=ORIENTED_EDGE('',*,*,#8049,.T.);
#6502=ORIENTED_EDGE('',*,*,#8417,.T.);
#6503=ORIENTED_EDGE('',*,*,#8418,.F.);
#6504=ORIENTED_EDGE('',*,*,#8419,.F.);
#6505=ORIENTED_EDGE('',*,*,#8052,.T.);
#6506=ORIENTED_EDGE('',*,*,#7923,.T.);
#6507=ORIENTED_EDGE('',*,*,#7730,.T.);
#6508=ORIENTED_EDGE('',*,*,#7925,.T.);
#6509=ORIENTED_EDGE('',*,*,#8051,.T.);
#6510=ORIENTED_EDGE('',*,*,#7899,.T.);
#6511=ORIENTED_EDGE('',*,*,#7854,.T.);
#6512=ORIENTED_EDGE('',*,*,#7901,.T.);
#6513=ORIENTED_EDGE('',*,*,#8050,.T.);
#6514=ORIENTED_EDGE('',*,*,#8419,.T.);
#6515=ORIENTED_EDGE('',*,*,#8420,.F.);
#6516=ORIENTED_EDGE('',*,*,#8421,.F.);
#6517=ORIENTED_EDGE('',*,*,#8422,.F.);
#6518=ORIENTED_EDGE('',*,*,#7509,.T.);
#6519=ORIENTED_EDGE('',*,*,#7916,.T.);
#6520=ORIENTED_EDGE('',*,*,#8044,.T.);
#6521=ORIENTED_EDGE('',*,*,#7968,.T.);
#6522=ORIENTED_EDGE('',*,*,#7585,.T.);
#6523=ORIENTED_EDGE('',*,*,#7971,.T.);
#6524=ORIENTED_EDGE('',*,*,#8053,.T.);
#6525=ORIENTED_EDGE('',*,*,#8421,.T.);
#6526=ORIENTED_EDGE('',*,*,#8423,.F.);
#6527=ORIENTED_EDGE('',*,*,#8424,.F.);
#6528=ORIENTED_EDGE('',*,*,#8359,.T.);
#6529=ORIENTED_EDGE('',*,*,#7908,.T.);
#6530=ORIENTED_EDGE('',*,*,#7739,.T.);
#6531=ORIENTED_EDGE('',*,*,#7910,.T.);
#6532=ORIENTED_EDGE('',*,*,#8358,.T.);
#6533=ORIENTED_EDGE('',*,*,#8425,.T.);
#6534=ORIENTED_EDGE('',*,*,#8426,.F.);
#6535=ORIENTED_EDGE('',*,*,#8427,.F.);
#6536=ORIENTED_EDGE('',*,*,#8365,.T.);
#6537=ORIENTED_EDGE('',*,*,#7986,.T.);
#6538=ORIENTED_EDGE('',*,*,#7575,.T.);
#6539=ORIENTED_EDGE('',*,*,#7988,.T.);
#6540=ORIENTED_EDGE('',*,*,#8364,.T.);
#6541=ORIENTED_EDGE('',*,*,#7935,.T.);
#6542=ORIENTED_EDGE('',*,*,#7716,.T.);
#6543=ORIENTED_EDGE('',*,*,#7937,.T.);
#6544=ORIENTED_EDGE('',*,*,#8363,.T.);
#6545=ORIENTED_EDGE('',*,*,#7920,.T.);
#6546=ORIENTED_EDGE('',*,*,#7731,.T.);
#6547=ORIENTED_EDGE('',*,*,#7922,.T.);
#6548=ORIENTED_EDGE('',*,*,#8362,.T.);
#6549=ORIENTED_EDGE('',*,*,#7965,.T.);
#6550=ORIENTED_EDGE('',*,*,#7590,.T.);
#6551=ORIENTED_EDGE('',*,*,#7967,.T.);
#6552=ORIENTED_EDGE('',*,*,#8361,.T.);
#6553=ORIENTED_EDGE('',*,*,#8428,.T.);
#6554=ORIENTED_EDGE('',*,*,#8429,.F.);
#6555=ORIENTED_EDGE('',*,*,#8430,.T.);
#6556=ORIENTED_EDGE('',*,*,#8431,.F.);
#6557=ORIENTED_EDGE('',*,*,#8432,.F.);
#6558=ORIENTED_EDGE('',*,*,#7573,.T.);
#6559=ORIENTED_EDGE('',*,*,#7991,.T.);
#6560=ORIENTED_EDGE('',*,*,#8368,.T.);
#6561=ORIENTED_EDGE('',*,*,#7941,.T.);
#6562=ORIENTED_EDGE('',*,*,#7708,.T.);
#6563=ORIENTED_EDGE('',*,*,#7943,.T.);
#6564=ORIENTED_EDGE('',*,*,#8367,.T.);
#6565=ORIENTED_EDGE('',*,*,#8370,.T.);
#6566=ORIENTED_EDGE('',*,*,#7992,.T.);
#6567=ORIENTED_EDGE('',*,*,#7568,.T.);
#6568=ORIENTED_EDGE('',*,*,#7994,.T.);
#6569=ORIENTED_EDGE('',*,*,#8369,.T.);
#6570=ORIENTED_EDGE('',*,*,#7989,.T.);
#6571=ORIENTED_EDGE('',*,*,#7574,.T.);
#6572=ORIENTED_EDGE('',*,*,#8432,.T.);
#6573=ORIENTED_EDGE('',*,*,#8433,.F.);
#6574=ORIENTED_EDGE('',*,*,#8434,.F.);
#6575=ORIENTED_EDGE('',*,*,#8435,.F.);
#6576=ORIENTED_EDGE('',*,*,#8371,.T.);
#6577=ORIENTED_EDGE('',*,*,#8434,.T.);
#6578=ORIENTED_EDGE('',*,*,#8436,.F.);
#6579=ORIENTED_EDGE('',*,*,#8437,.F.);
#6580=ORIENTED_EDGE('',*,*,#8377,.T.);
#6581=ORIENTED_EDGE('',*,*,#7983,.T.);
#6582=ORIENTED_EDGE('',*,*,#7581,.T.);
#6583=ORIENTED_EDGE('',*,*,#7985,.T.);
#6584=ORIENTED_EDGE('',*,*,#8376,.T.);
#6585=ORIENTED_EDGE('',*,*,#7929,.T.);
#6586=ORIENTED_EDGE('',*,*,#7722,.T.);
#6587=ORIENTED_EDGE('',*,*,#7931,.T.);
#6588=ORIENTED_EDGE('',*,*,#8375,.T.);
#6589=ORIENTED_EDGE('',*,*,#7938,.T.);
#6590=ORIENTED_EDGE('',*,*,#7712,.T.);
#6591=ORIENTED_EDGE('',*,*,#7940,.T.);
#6592=ORIENTED_EDGE('',*,*,#8374,.T.);
#6593=ORIENTED_EDGE('',*,*,#7995,.T.);
#6594=ORIENTED_EDGE('',*,*,#7566,.T.);
#6595=ORIENTED_EDGE('',*,*,#7997,.T.);
#6596=ORIENTED_EDGE('',*,*,#8373,.T.);
#6597=ORIENTED_EDGE('',*,*,#8438,.T.);
#6598=ORIENTED_EDGE('',*,*,#8439,.F.);
#6599=ORIENTED_EDGE('',*,*,#8440,.T.);
#6600=ORIENTED_EDGE('',*,*,#8441,.F.);
#6601=ORIENTED_EDGE('',*,*,#8442,.F.);
#6602=ORIENTED_EDGE('',*,*,#8355,.T.);
#6603=ORIENTED_EDGE('',*,*,#7917,.T.);
#6604=ORIENTED_EDGE('',*,*,#7735,.T.);
#6605=ORIENTED_EDGE('',*,*,#7919,.T.);
#6606=ORIENTED_EDGE('',*,*,#8354,.T.);
#6607=ORIENTED_EDGE('',*,*,#8443,.T.);
#6608=ORIENTED_EDGE('',*,*,#8444,.F.);
#6609=ORIENTED_EDGE('',*,*,#8445,.F.);
#6610=ORIENTED_EDGE('',*,*,#8387,.T.);
#6611=ORIENTED_EDGE('',*,*,#7956,.T.);
#6612=ORIENTED_EDGE('',*,*,#7677,.T.);
#6613=ORIENTED_EDGE('',*,*,#7958,.T.);
#6614=ORIENTED_EDGE('',*,*,#8386,.T.);
#6615=ORIENTED_EDGE('',*,*,#7962,.T.);
#6616=ORIENTED_EDGE('',*,*,#7667,.T.);
#6617=ORIENTED_EDGE('',*,*,#7964,.T.);
#6618=ORIENTED_EDGE('',*,*,#8385,.T.);
#6619=ORIENTED_EDGE('',*,*,#8028,.T.);
#6620=ORIENTED_EDGE('',*,*,#7525,.T.);
#6621=ORIENTED_EDGE('',*,*,#8030,.T.);
#6622=ORIENTED_EDGE('',*,*,#8384,.T.);
#6623=ORIENTED_EDGE('',*,*,#8446,.F.);
#6624=ORIENTED_EDGE('',*,*,#8382,.T.);
#6625=ORIENTED_EDGE('',*,*,#8447,.T.);
#6626=ORIENTED_EDGE('',*,*,#8448,.F.);
#6627=ORIENTED_EDGE('',*,*,#8381,.T.);
#6628=ORIENTED_EDGE('',*,*,#8025,.T.);
#6629=ORIENTED_EDGE('',*,*,#7529,.T.);
#6630=ORIENTED_EDGE('',*,*,#8027,.T.);
#6631=ORIENTED_EDGE('',*,*,#8380,.T.);
#6632=ORIENTED_EDGE('',*,*,#8023,.T.);
#6633=ORIENTED_EDGE('',*,*,#7532,.T.);
#6634=ORIENTED_EDGE('',*,*,#8449,.T.);
#6635=ORIENTED_EDGE('',*,*,#8450,.F.);
#6636=ORIENTED_EDGE('',*,*,#8447,.F.);
#6637=ORIENTED_EDGE('',*,*,#8451,.T.);
#6638=ORIENTED_EDGE('',*,*,#8452,.F.);
#6639=ORIENTED_EDGE('',*,*,#8449,.F.);
#6640=ORIENTED_EDGE('',*,*,#7531,.T.);
#6641=ORIENTED_EDGE('',*,*,#8022,.T.);
#6642=ORIENTED_EDGE('',*,*,#8379,.T.);
#6643=ORIENTED_EDGE('',*,*,#8453,.F.);
#6644=ORIENTED_EDGE('',*,*,#8398,.T.);
#6645=ORIENTED_EDGE('',*,*,#7896,.T.);
#6646=ORIENTED_EDGE('',*,*,#7866,.T.);
#6647=ORIENTED_EDGE('',*,*,#7898,.T.);
#6648=ORIENTED_EDGE('',*,*,#8397,.T.);
#6649=ORIENTED_EDGE('',*,*,#7959,.T.);
#6650=ORIENTED_EDGE('',*,*,#7672,.T.);
#6651=ORIENTED_EDGE('',*,*,#7961,.T.);
#6652=ORIENTED_EDGE('',*,*,#8396,.T.);
#6653=ORIENTED_EDGE('',*,*,#7954,.T.);
#6654=ORIENTED_EDGE('',*,*,#7682,.T.);
#6655=ORIENTED_EDGE('',*,*,#8454,.T.);
#6656=ORIENTED_EDGE('',*,*,#8455,.F.);
#6657=ORIENTED_EDGE('',*,*,#8395,.T.);
#6658=ORIENTED_EDGE('',*,*,#8004,.T.);
#6659=ORIENTED_EDGE('',*,*,#7555,.T.);
#6660=ORIENTED_EDGE('',*,*,#8006,.T.);
#6661=ORIENTED_EDGE('',*,*,#8394,.T.);
#6662=ORIENTED_EDGE('',*,*,#7945,.T.);
#6663=ORIENTED_EDGE('',*,*,#7698,.T.);
#6664=ORIENTED_EDGE('',*,*,#8456,.T.);
#6665=ORIENTED_EDGE('',*,*,#8457,.F.);
#6666=ORIENTED_EDGE('',*,*,#8454,.F.);
#6667=ORIENTED_EDGE('',*,*,#7681,.T.);
#6668=ORIENTED_EDGE('',*,*,#7953,.T.);
#6669=CARTESIAN_POINT('',(-9.1184323884465,6.43992643386089E-16,16.8207073010294));
#6670=CARTESIAN_POINT('',(-9.41351756594702,6.64833142650348E-16,15.1471960986321));
#6671=CARTESIAN_POINT('',(-10.2230524956485,7.22006845002121E-16,13.9888869009769));
#6672=ORIENTED_EDGE('',*,*,#8393,.T.);
#6673=ORIENTED_EDGE('',*,*,#7999,.T.);
#6674=ORIENTED_EDGE('',*,*,#7561,.T.);
#6675=ORIENTED_EDGE('',*,*,#7998,.T.);
#6676=ORIENTED_EDGE('',*,*,#8392,.T.);
#6677=ORIENTED_EDGE('',*,*,#8458,.T.);
#6678=ORIENTED_EDGE('',*,*,#8459,.F.);
#6679=ORIENTED_EDGE('',*,*,#8456,.F.);
#6680=ORIENTED_EDGE('',*,*,#7697,.T.);
#6681=ORIENTED_EDGE('',*,*,#7944,.T.);
#6682=CARTESIAN_POINT('',(-10.2230524956485,7.22006845002121E-16,13.9888869009769));
#6683=CARTESIAN_POINT('',(-11.0325874183392,7.79180546858763E-16,12.8305777430812));
#6684=CARTESIAN_POINT('',(-12.0425318266291,8.50508242394636E-16,12.6745481142709));
#6685=ORIENTED_EDGE('',*,*,#8391,.T.);
#6686=ORIENTED_EDGE('',*,*,#8002,.T.);
#6687=ORIENTED_EDGE('',*,*,#7558,.T.);
#6688=ORIENTED_EDGE('',*,*,#8001,.T.);
#6689=ORIENTED_EDGE('',*,*,#8390,.T.);
#6690=ORIENTED_EDGE('',*,*,#8460,.T.);
#6691=ORIENTED_EDGE('',*,*,#8461,.F.);
#6692=ORIENTED_EDGE('',*,*,#8458,.F.);
#6693=CARTESIAN_POINT('',(-12.0425318266291,8.50508242394636E-16,12.6745481142709));
#6694=CARTESIAN_POINT('',(-12.9811023059618,9.16795127929423E-16,12.5295255096946));
#6695=CARTESIAN_POINT('',(-13.5696205541569,9.5835944580673E-16,13.4491150770996));
#6696=ORIENTED_EDGE('',*,*,#8389,.T.);
#6697=ORIENTED_EDGE('',*,*,#7948,.T.);
#6698=ORIENTED_EDGE('',*,*,#7692,.T.);
#6699=ORIENTED_EDGE('',*,*,#8462,.T.);
#6700=ORIENTED_EDGE('',*,*,#8463,.F.);
#6701=ORIENTED_EDGE('',*,*,#8460,.F.);
#6702=CARTESIAN_POINT('',(-13.5696205541569,9.5835944580673E-16,13.4491150770996));
#6703=CARTESIAN_POINT('',(-13.8664009328773,9.79319669281044E-16,13.9227037148234));
#6704=CARTESIAN_POINT('',(-13.9145239746028,9.82718376814131E-16,14.4569748523523));
#6705=ORIENTED_EDGE('',*,*,#8388,.T.);
#6706=ORIENTED_EDGE('',*,*,#8445,.T.);
#6707=ORIENTED_EDGE('',*,*,#8464,.F.);
#6708=ORIENTED_EDGE('',*,*,#8462,.F.);
#6709=ORIENTED_EDGE('',*,*,#7691,.T.);
#6710=ORIENTED_EDGE('',*,*,#7947,.T.);
#6711=CARTESIAN_POINT('',(-13.9145239746028,9.82718376814131E-16,14.4569748523523));
#6712=CARTESIAN_POINT('',(-13.9626470233389,9.86117084842348E-16,14.9912459501216));
#6713=CARTESIAN_POINT('',(-13.792545008881,9.74103567466838E-16,15.9559424121969));
#6714=ORIENTED_EDGE('',*,*,#8032,.T.);
#6715=ORIENTED_EDGE('',*,*,#8465,.T.);
#6716=ORIENTED_EDGE('',*,*,#8466,.F.);
#6717=ORIENTED_EDGE('',*,*,#8467,.F.);
#6718=ORIENTED_EDGE('',*,*,#8033,.T.);
#6719=ORIENTED_EDGE('',*,*,#7951,.T.);
#6720=ORIENTED_EDGE('',*,*,#7686,.F.);
#6721=ORIENTED_EDGE('',*,*,#7950,.T.);
#6722=CARTESIAN_POINT('',(-10.0325889440153,7.08555286569738E-16,17.3043376951817));
#6723=CARTESIAN_POINT('',(-10.2235095231102,7.22039122734813E-16,16.2215732859699));
#6724=CARTESIAN_POINT('',(-10.524046161614,7.43264633438788E-16,15.8436946036954));
#6725=ORIENTED_EDGE('',*,*,#8034,.T.);
#6726=ORIENTED_EDGE('',*,*,#8467,.T.);
#6727=ORIENTED_EDGE('',*,*,#8468,.F.);
#6728=ORIENTED_EDGE('',*,*,#8469,.F.);
#6729=ORIENTED_EDGE('',*,*,#7552,.F.);
#6730=ORIENTED_EDGE('',*,*,#8009,.T.);
#6731=CARTESIAN_POINT('',(-10.524046161614,7.43264633438788E-16,15.8436946036954));
#6732=CARTESIAN_POINT('',(-10.8245828071285,7.64490144637894E-16,15.4658158816614));
#6733=CARTESIAN_POINT('',(-11.5633522964341,8.16666011717161E-16,15.3516377431578));
#6734=ORIENTED_EDGE('',*,*,#8035,.T.);
#6735=ORIENTED_EDGE('',*,*,#8007,.T.);
#6736=ORIENTED_EDGE('',*,*,#7553,.F.);
#6737=ORIENTED_EDGE('',*,*,#8469,.T.);
#6738=ORIENTED_EDGE('',*,*,#8470,.F.);
#6739=ORIENTED_EDGE('',*,*,#8471,.F.);
#6740=ORIENTED_EDGE('',*,*,#8036,.T.);
#6741=ORIENTED_EDGE('',*,*,#8010,.T.);
#6742=ORIENTED_EDGE('',*,*,#7547,.F.);
#6743=ORIENTED_EDGE('',*,*,#8012,.T.);
#6744=CARTESIAN_POINT('',(-11.5633522964341,8.16666011717161E-16,15.3516377431578));
#6745=CARTESIAN_POINT('',(-13.0282300363303,9.20123541231606E-16,15.1253308202609));
#6746=CARTESIAN_POINT('',(-12.7209983084081,8.98425187373395E-16,16.8677285332357));
#6747=ORIENTED_EDGE('',*,*,#8037,.T.);
#6748=ORIENTED_EDGE('',*,*,#8471,.T.);
#6749=ORIENTED_EDGE('',*,*,#8472,.F.);
#6750=ORIENTED_EDGE('',*,*,#8473,.F.);
#6751=ORIENTED_EDGE('',*,*,#7535,.F.);
#6752=ORIENTED_EDGE('',*,*,#8021,.T.);
#6753=ORIENTED_EDGE('',*,*,#8038,.T.);
#6754=ORIENTED_EDGE('',*,*,#8019,.T.);
#6755=ORIENTED_EDGE('',*,*,#7536,.F.);
#6756=ORIENTED_EDGE('',*,*,#8473,.T.);
#6757=ORIENTED_EDGE('',*,*,#8474,.F.);
#6758=ORIENTED_EDGE('',*,*,#8475,.F.);
#6759=ORIENTED_EDGE('',*,*,#7543,.F.);
#6760=ORIENTED_EDGE('',*,*,#8015,.T.);
#6761=ORIENTED_EDGE('',*,*,#8039,.T.);
#6762=ORIENTED_EDGE('',*,*,#8017,.T.);
#6763=ORIENTED_EDGE('',*,*,#7540,.F.);
#6764=ORIENTED_EDGE('',*,*,#8016,.T.);
#6765=ORIENTED_EDGE('',*,*,#8031,.T.);
#6766=ORIENTED_EDGE('',*,*,#8013,.T.);
#6767=ORIENTED_EDGE('',*,*,#7544,.F.);
#6768=ORIENTED_EDGE('',*,*,#8475,.T.);
#6769=ORIENTED_EDGE('',*,*,#8476,.F.);
#6770=ORIENTED_EDGE('',*,*,#8465,.F.);
#6771=ORIENTED_EDGE('',*,*,#8477,.F.);
#6772=ORIENTED_EDGE('',*,*,#8478,.F.);
#6773=ORIENTED_EDGE('',*,*,#8479,.F.);
#6774=ORIENTED_EDGE('',*,*,#7500,.F.);
#6775=ORIENTED_EDGE('',*,*,#8480,.F.);
#6776=ORIENTED_EDGE('',*,*,#7502,.F.);
#6777=ORIENTED_EDGE('',*,*,#8481,.T.);
#6778=ORIENTED_EDGE('',*,*,#8482,.T.);
#6779=ORIENTED_EDGE('',*,*,#8483,.T.);
#6780=ORIENTED_EDGE('',*,*,#7504,.T.);
#6781=ORIENTED_EDGE('',*,*,#8484,.T.);
#6782=ORIENTED_EDGE('',*,*,#8485,.T.);
#6783=ORIENTED_EDGE('',*,*,#8486,.F.);
#6784=ORIENTED_EDGE('',*,*,#8487,.F.);
#6785=ORIENTED_EDGE('',*,*,#8488,.T.);
#6786=ORIENTED_EDGE('',*,*,#7498,.T.);
#6787=ORIENTED_EDGE('',*,*,#8066,.F.);
#6788=ORIENTED_EDGE('',*,*,#7887,.F.);
#6789=ORIENTED_EDGE('',*,*,#8067,.F.);
#6790=ORIENTED_EDGE('',*,*,#7886,.F.);
#6791=ORIENTED_EDGE('',*,*,#8068,.F.);
#6792=ORIENTED_EDGE('',*,*,#7885,.F.);
#6793=ORIENTED_EDGE('',*,*,#8069,.F.);
#6794=ORIENTED_EDGE('',*,*,#7884,.F.);
#6795=ORIENTED_EDGE('',*,*,#8070,.F.);
#6796=ORIENTED_EDGE('',*,*,#7883,.F.);
#6797=ORIENTED_EDGE('',*,*,#8071,.F.);
#6798=ORIENTED_EDGE('',*,*,#7882,.F.);
#6799=ORIENTED_EDGE('',*,*,#8072,.F.);
#6800=ORIENTED_EDGE('',*,*,#7881,.F.);
#6801=ORIENTED_EDGE('',*,*,#8073,.F.);
#6802=ORIENTED_EDGE('',*,*,#7880,.F.);
#6803=ORIENTED_EDGE('',*,*,#8074,.F.);
#6804=ORIENTED_EDGE('',*,*,#7879,.F.);
#6805=ORIENTED_EDGE('',*,*,#8075,.F.);
#6806=ORIENTED_EDGE('',*,*,#7878,.F.);
#6807=ORIENTED_EDGE('',*,*,#8076,.F.);
#6808=ORIENTED_EDGE('',*,*,#7877,.F.);
#6809=ORIENTED_EDGE('',*,*,#8077,.F.);
#6810=ORIENTED_EDGE('',*,*,#7876,.F.);
#6811=ORIENTED_EDGE('',*,*,#8078,.F.);
#6812=ORIENTED_EDGE('',*,*,#7875,.F.);
#6813=ORIENTED_EDGE('',*,*,#8079,.F.);
#6814=ORIENTED_EDGE('',*,*,#7874,.F.);
#6815=ORIENTED_EDGE('',*,*,#8080,.F.);
#6816=ORIENTED_EDGE('',*,*,#7873,.F.);
#6817=ORIENTED_EDGE('',*,*,#8081,.F.);
#6818=ORIENTED_EDGE('',*,*,#7872,.F.);
#6819=ORIENTED_EDGE('',*,*,#8082,.F.);
#6820=ORIENTED_EDGE('',*,*,#7871,.F.);
#6821=ORIENTED_EDGE('',*,*,#8083,.F.);
#6822=ORIENTED_EDGE('',*,*,#7870,.F.);
#6823=ORIENTED_EDGE('',*,*,#8084,.F.);
#6824=ORIENTED_EDGE('',*,*,#7869,.F.);
#6825=ORIENTED_EDGE('',*,*,#8085,.F.);
#6826=ORIENTED_EDGE('',*,*,#7868,.F.);
#6827=ORIENTED_EDGE('',*,*,#8086,.F.);
#6828=ORIENTED_EDGE('',*,*,#7865,.F.);
#6829=ORIENTED_EDGE('',*,*,#8087,.F.);
#6830=ORIENTED_EDGE('',*,*,#7864,.F.);
#6831=ORIENTED_EDGE('',*,*,#8088,.F.);
#6832=ORIENTED_EDGE('',*,*,#7863,.F.);
#6833=ORIENTED_EDGE('',*,*,#8089,.F.);
#6834=ORIENTED_EDGE('',*,*,#7862,.F.);
#6835=ORIENTED_EDGE('',*,*,#8090,.F.);
#6836=ORIENTED_EDGE('',*,*,#7861,.F.);
#6837=ORIENTED_EDGE('',*,*,#8091,.F.);
#6838=ORIENTED_EDGE('',*,*,#7860,.F.);
#6839=ORIENTED_EDGE('',*,*,#8092,.F.);
#6840=ORIENTED_EDGE('',*,*,#7859,.F.);
#6841=ORIENTED_EDGE('',*,*,#8093,.F.);
#6842=ORIENTED_EDGE('',*,*,#7858,.F.);
#6843=ORIENTED_EDGE('',*,*,#8094,.F.);
#6844=ORIENTED_EDGE('',*,*,#7857,.F.);
#6845=ORIENTED_EDGE('',*,*,#8095,.F.);
#6846=ORIENTED_EDGE('',*,*,#7856,.F.);
#6847=ORIENTED_EDGE('',*,*,#8096,.F.);
#6848=ORIENTED_EDGE('',*,*,#7855,.F.);
#6849=ORIENTED_EDGE('',*,*,#8097,.F.);
#6850=ORIENTED_EDGE('',*,*,#7847,.F.);
#6851=ORIENTED_EDGE('',*,*,#8098,.F.);
#6852=ORIENTED_EDGE('',*,*,#7846,.F.);
#6853=ORIENTED_EDGE('',*,*,#8099,.F.);
#6854=ORIENTED_EDGE('',*,*,#7845,.F.);
#6855=ORIENTED_EDGE('',*,*,#8100,.F.);
#6856=ORIENTED_EDGE('',*,*,#7844,.F.);
#6857=ORIENTED_EDGE('',*,*,#8101,.F.);
#6858=ORIENTED_EDGE('',*,*,#7843,.F.);
#6859=ORIENTED_EDGE('',*,*,#8102,.F.);
#6860=ORIENTED_EDGE('',*,*,#7842,.F.);
#6861=ORIENTED_EDGE('',*,*,#8103,.F.);
#6862=ORIENTED_EDGE('',*,*,#7841,.F.);
#6863=ORIENTED_EDGE('',*,*,#8104,.F.);
#6864=ORIENTED_EDGE('',*,*,#7840,.F.);
#6865=ORIENTED_EDGE('',*,*,#8105,.F.);
#6866=ORIENTED_EDGE('',*,*,#7839,.F.);
#6867=ORIENTED_EDGE('',*,*,#8106,.F.);
#6868=ORIENTED_EDGE('',*,*,#7838,.F.);
#6869=ORIENTED_EDGE('',*,*,#8107,.F.);
#6870=ORIENTED_EDGE('',*,*,#7837,.F.);
#6871=ORIENTED_EDGE('',*,*,#8108,.F.);
#6872=ORIENTED_EDGE('',*,*,#7836,.F.);
#6873=ORIENTED_EDGE('',*,*,#8109,.F.);
#6874=ORIENTED_EDGE('',*,*,#7835,.F.);
#6875=ORIENTED_EDGE('',*,*,#8110,.F.);
#6876=ORIENTED_EDGE('',*,*,#7834,.F.);
#6877=ORIENTED_EDGE('',*,*,#8111,.F.);
#6878=ORIENTED_EDGE('',*,*,#7833,.F.);
#6879=ORIENTED_EDGE('',*,*,#8112,.F.);
#6880=ORIENTED_EDGE('',*,*,#7832,.F.);
#6881=ORIENTED_EDGE('',*,*,#8113,.F.);
#6882=ORIENTED_EDGE('',*,*,#7831,.F.);
#6883=ORIENTED_EDGE('',*,*,#8114,.F.);
#6884=ORIENTED_EDGE('',*,*,#7830,.F.);
#6885=ORIENTED_EDGE('',*,*,#8115,.F.);
#6886=ORIENTED_EDGE('',*,*,#7829,.F.);
#6887=ORIENTED_EDGE('',*,*,#8116,.F.);
#6888=ORIENTED_EDGE('',*,*,#7828,.F.);
#6889=ORIENTED_EDGE('',*,*,#8117,.F.);
#6890=ORIENTED_EDGE('',*,*,#7827,.F.);
#6891=ORIENTED_EDGE('',*,*,#8118,.F.);
#6892=ORIENTED_EDGE('',*,*,#7826,.F.);
#6893=ORIENTED_EDGE('',*,*,#8119,.F.);
#6894=ORIENTED_EDGE('',*,*,#7825,.F.);
#6895=ORIENTED_EDGE('',*,*,#8120,.F.);
#6896=ORIENTED_EDGE('',*,*,#7824,.F.);
#6897=ORIENTED_EDGE('',*,*,#8121,.F.);
#6898=ORIENTED_EDGE('',*,*,#7823,.F.);
#6899=ORIENTED_EDGE('',*,*,#8122,.F.);
#6900=ORIENTED_EDGE('',*,*,#7822,.F.);
#6901=ORIENTED_EDGE('',*,*,#8123,.F.);
#6902=ORIENTED_EDGE('',*,*,#7821,.F.);
#6903=ORIENTED_EDGE('',*,*,#8124,.F.);
#6904=ORIENTED_EDGE('',*,*,#7820,.F.);
#6905=ORIENTED_EDGE('',*,*,#8125,.F.);
#6906=ORIENTED_EDGE('',*,*,#7819,.F.);
#6907=ORIENTED_EDGE('',*,*,#8126,.F.);
#6908=ORIENTED_EDGE('',*,*,#7818,.F.);
#6909=ORIENTED_EDGE('',*,*,#8127,.F.);
#6910=ORIENTED_EDGE('',*,*,#7817,.F.);
#6911=ORIENTED_EDGE('',*,*,#8128,.F.);
#6912=ORIENTED_EDGE('',*,*,#7816,.F.);
#6913=ORIENTED_EDGE('',*,*,#8129,.F.);
#6914=ORIENTED_EDGE('',*,*,#7815,.F.);
#6915=ORIENTED_EDGE('',*,*,#8130,.F.);
#6916=ORIENTED_EDGE('',*,*,#7814,.F.);
#6917=ORIENTED_EDGE('',*,*,#8131,.F.);
#6918=ORIENTED_EDGE('',*,*,#7813,.F.);
#6919=ORIENTED_EDGE('',*,*,#8132,.F.);
#6920=ORIENTED_EDGE('',*,*,#7812,.F.);
#6921=ORIENTED_EDGE('',*,*,#8133,.F.);
#6922=ORIENTED_EDGE('',*,*,#7811,.F.);
#6923=ORIENTED_EDGE('',*,*,#8134,.F.);
#6924=ORIENTED_EDGE('',*,*,#7810,.F.);
#6925=ORIENTED_EDGE('',*,*,#8135,.F.);
#6926=ORIENTED_EDGE('',*,*,#7809,.F.);
#6927=ORIENTED_EDGE('',*,*,#8136,.F.);
#6928=ORIENTED_EDGE('',*,*,#7808,.F.);
#6929=ORIENTED_EDGE('',*,*,#8137,.F.);
#6930=ORIENTED_EDGE('',*,*,#7807,.F.);
#6931=ORIENTED_EDGE('',*,*,#8138,.F.);
#6932=ORIENTED_EDGE('',*,*,#7806,.F.);
#6933=ORIENTED_EDGE('',*,*,#8139,.F.);
#6934=ORIENTED_EDGE('',*,*,#7805,.F.);
#6935=ORIENTED_EDGE('',*,*,#8140,.F.);
#6936=ORIENTED_EDGE('',*,*,#7804,.F.);
#6937=ORIENTED_EDGE('',*,*,#8141,.F.);
#6938=ORIENTED_EDGE('',*,*,#7803,.F.);
#6939=ORIENTED_EDGE('',*,*,#8142,.F.);
#6940=ORIENTED_EDGE('',*,*,#7802,.F.);
#6941=ORIENTED_EDGE('',*,*,#8143,.F.);
#6942=ORIENTED_EDGE('',*,*,#7801,.F.);
#6943=ORIENTED_EDGE('',*,*,#8144,.F.);
#6944=ORIENTED_EDGE('',*,*,#7800,.F.);
#6945=ORIENTED_EDGE('',*,*,#8145,.F.);
#6946=ORIENTED_EDGE('',*,*,#7799,.F.);
#6947=ORIENTED_EDGE('',*,*,#8146,.F.);
#6948=ORIENTED_EDGE('',*,*,#7798,.F.);
#6949=ORIENTED_EDGE('',*,*,#8147,.F.);
#6950=ORIENTED_EDGE('',*,*,#7797,.F.);
#6951=ORIENTED_EDGE('',*,*,#8148,.F.);
#6952=ORIENTED_EDGE('',*,*,#7796,.F.);
#6953=ORIENTED_EDGE('',*,*,#8149,.F.);
#6954=ORIENTED_EDGE('',*,*,#7795,.F.);
#6955=ORIENTED_EDGE('',*,*,#8150,.F.);
#6956=ORIENTED_EDGE('',*,*,#7794,.F.);
#6957=ORIENTED_EDGE('',*,*,#8151,.F.);
#6958=ORIENTED_EDGE('',*,*,#7793,.F.);
#6959=ORIENTED_EDGE('',*,*,#8152,.F.);
#6960=ORIENTED_EDGE('',*,*,#7792,.F.);
#6961=ORIENTED_EDGE('',*,*,#8153,.F.);
#6962=ORIENTED_EDGE('',*,*,#7791,.F.);
#6963=ORIENTED_EDGE('',*,*,#8154,.F.);
#6964=ORIENTED_EDGE('',*,*,#7790,.F.);
#6965=ORIENTED_EDGE('',*,*,#8155,.F.);
#6966=ORIENTED_EDGE('',*,*,#7789,.F.);
#6967=ORIENTED_EDGE('',*,*,#8156,.F.);
#6968=ORIENTED_EDGE('',*,*,#7788,.F.);
#6969=ORIENTED_EDGE('',*,*,#8157,.F.);
#6970=ORIENTED_EDGE('',*,*,#7787,.F.);
#6971=ORIENTED_EDGE('',*,*,#8158,.F.);
#6972=ORIENTED_EDGE('',*,*,#7786,.F.);
#6973=ORIENTED_EDGE('',*,*,#8159,.F.);
#6974=ORIENTED_EDGE('',*,*,#7785,.F.);
#6975=ORIENTED_EDGE('',*,*,#8160,.F.);
#6976=ORIENTED_EDGE('',*,*,#7784,.F.);
#6977=ORIENTED_EDGE('',*,*,#8161,.F.);
#6978=ORIENTED_EDGE('',*,*,#7783,.F.);
#6979=ORIENTED_EDGE('',*,*,#8162,.F.);
#6980=ORIENTED_EDGE('',*,*,#7782,.F.);
#6981=ORIENTED_EDGE('',*,*,#8163,.F.);
#6982=ORIENTED_EDGE('',*,*,#7781,.F.);
#6983=ORIENTED_EDGE('',*,*,#8164,.F.);
#6984=ORIENTED_EDGE('',*,*,#7780,.F.);
#6985=ORIENTED_EDGE('',*,*,#8165,.F.);
#6986=ORIENTED_EDGE('',*,*,#7779,.F.);
#6987=ORIENTED_EDGE('',*,*,#8166,.F.);
#6988=ORIENTED_EDGE('',*,*,#7778,.F.);
#6989=ORIENTED_EDGE('',*,*,#8167,.F.);
#6990=ORIENTED_EDGE('',*,*,#7777,.F.);
#6991=ORIENTED_EDGE('',*,*,#8168,.F.);
#6992=ORIENTED_EDGE('',*,*,#7776,.F.);
#6993=ORIENTED_EDGE('',*,*,#8169,.F.);
#6994=ORIENTED_EDGE('',*,*,#7775,.F.);
#6995=ORIENTED_EDGE('',*,*,#8170,.F.);
#6996=ORIENTED_EDGE('',*,*,#7774,.F.);
#6997=ORIENTED_EDGE('',*,*,#8171,.F.);
#6998=ORIENTED_EDGE('',*,*,#7773,.F.);
#6999=ORIENTED_EDGE('',*,*,#8172,.F.);
#7000=ORIENTED_EDGE('',*,*,#7772,.F.);
#7001=ORIENTED_EDGE('',*,*,#8173,.F.);
#7002=ORIENTED_EDGE('',*,*,#7771,.F.);
#7003=ORIENTED_EDGE('',*,*,#8174,.F.);
#7004=ORIENTED_EDGE('',*,*,#7770,.F.);
#7005=ORIENTED_EDGE('',*,*,#8175,.F.);
#7006=ORIENTED_EDGE('',*,*,#7769,.F.);
#7007=ORIENTED_EDGE('',*,*,#8176,.F.);
#7008=ORIENTED_EDGE('',*,*,#7768,.F.);
#7009=ORIENTED_EDGE('',*,*,#8177,.F.);
#7010=ORIENTED_EDGE('',*,*,#7767,.F.);
#7011=ORIENTED_EDGE('',*,*,#8178,.F.);
#7012=ORIENTED_EDGE('',*,*,#7766,.F.);
#7013=ORIENTED_EDGE('',*,*,#8179,.F.);
#7014=ORIENTED_EDGE('',*,*,#7765,.F.);
#7015=ORIENTED_EDGE('',*,*,#8180,.F.);
#7016=ORIENTED_EDGE('',*,*,#7764,.F.);
#7017=ORIENTED_EDGE('',*,*,#8181,.F.);
#7018=ORIENTED_EDGE('',*,*,#7763,.F.);
#7019=ORIENTED_EDGE('',*,*,#8182,.F.);
#7020=ORIENTED_EDGE('',*,*,#7762,.F.);
#7021=ORIENTED_EDGE('',*,*,#8183,.F.);
#7022=ORIENTED_EDGE('',*,*,#7761,.F.);
#7023=ORIENTED_EDGE('',*,*,#8184,.F.);
#7024=ORIENTED_EDGE('',*,*,#7760,.F.);
#7025=ORIENTED_EDGE('',*,*,#8185,.F.);
#7026=ORIENTED_EDGE('',*,*,#7759,.F.);
#7027=ORIENTED_EDGE('',*,*,#8186,.F.);
#7028=ORIENTED_EDGE('',*,*,#7758,.F.);
#7029=ORIENTED_EDGE('',*,*,#8187,.F.);
#7030=ORIENTED_EDGE('',*,*,#7757,.F.);
#7031=ORIENTED_EDGE('',*,*,#8188,.F.);
#7032=ORIENTED_EDGE('',*,*,#7756,.F.);
#7033=ORIENTED_EDGE('',*,*,#8189,.F.);
#7034=ORIENTED_EDGE('',*,*,#7755,.F.);
#7035=ORIENTED_EDGE('',*,*,#8190,.F.);
#7036=ORIENTED_EDGE('',*,*,#7754,.F.);
#7037=ORIENTED_EDGE('',*,*,#8191,.F.);
#7038=ORIENTED_EDGE('',*,*,#7753,.F.);
#7039=ORIENTED_EDGE('',*,*,#8192,.F.);
#7040=ORIENTED_EDGE('',*,*,#7752,.F.);
#7041=ORIENTED_EDGE('',*,*,#8193,.F.);
#7042=ORIENTED_EDGE('',*,*,#7751,.F.);
#7043=ORIENTED_EDGE('',*,*,#8194,.F.);
#7044=ORIENTED_EDGE('',*,*,#7750,.F.);
#7045=ORIENTED_EDGE('',*,*,#8195,.F.);
#7046=ORIENTED_EDGE('',*,*,#7749,.F.);
#7047=ORIENTED_EDGE('',*,*,#8196,.F.);
#7048=ORIENTED_EDGE('',*,*,#7748,.F.);
#7049=ORIENTED_EDGE('',*,*,#8197,.F.);
#7050=ORIENTED_EDGE('',*,*,#7747,.F.);
#7051=ORIENTED_EDGE('',*,*,#8198,.F.);
#7052=ORIENTED_EDGE('',*,*,#7746,.F.);
#7053=ORIENTED_EDGE('',*,*,#8199,.F.);
#7054=ORIENTED_EDGE('',*,*,#7745,.F.);
#7055=ORIENTED_EDGE('',*,*,#8200,.F.);
#7056=ORIENTED_EDGE('',*,*,#7744,.F.);
#7057=ORIENTED_EDGE('',*,*,#8201,.F.);
#7058=ORIENTED_EDGE('',*,*,#7743,.F.);
#7059=ORIENTED_EDGE('',*,*,#8202,.F.);
#7060=ORIENTED_EDGE('',*,*,#7742,.F.);
#7061=ORIENTED_EDGE('',*,*,#8203,.F.);
#7062=ORIENTED_EDGE('',*,*,#7741,.F.);
#7063=ORIENTED_EDGE('',*,*,#8204,.F.);
#7064=ORIENTED_EDGE('',*,*,#7738,.F.);
#7065=ORIENTED_EDGE('',*,*,#8205,.F.);
#7066=ORIENTED_EDGE('',*,*,#7737,.F.);
#7067=ORIENTED_EDGE('',*,*,#8206,.F.);
#7068=ORIENTED_EDGE('',*,*,#7734,.F.);
#7069=ORIENTED_EDGE('',*,*,#8207,.F.);
#7070=ORIENTED_EDGE('',*,*,#7733,.F.);
#7071=ORIENTED_EDGE('',*,*,#8208,.F.);
#7072=ORIENTED_EDGE('',*,*,#7728,.F.);
#7073=ORIENTED_EDGE('',*,*,#8209,.F.);
#7074=ORIENTED_EDGE('',*,*,#7727,.F.);
#7075=ORIENTED_EDGE('',*,*,#8210,.F.);
#7076=ORIENTED_EDGE('',*,*,#7726,.F.);
#7077=ORIENTED_EDGE('',*,*,#8211,.F.);
#7078=ORIENTED_EDGE('',*,*,#7718,.F.);
#7079=ORIENTED_EDGE('',*,*,#8212,.F.);
#7080=ORIENTED_EDGE('',*,*,#7717,.F.);
#7081=ORIENTED_EDGE('',*,*,#8213,.F.);
#7082=ORIENTED_EDGE('',*,*,#7714,.F.);
#7083=ORIENTED_EDGE('',*,*,#8214,.F.);
#7084=ORIENTED_EDGE('',*,*,#7713,.F.);
#7085=ORIENTED_EDGE('',*,*,#8215,.F.);
#7086=ORIENTED_EDGE('',*,*,#7710,.F.);
#7087=ORIENTED_EDGE('',*,*,#8216,.F.);
#7088=ORIENTED_EDGE('',*,*,#7709,.F.);
#7089=ORIENTED_EDGE('',*,*,#8217,.F.);
#7090=ORIENTED_EDGE('',*,*,#7706,.F.);
#7091=ORIENTED_EDGE('',*,*,#8218,.F.);
#7092=ORIENTED_EDGE('',*,*,#7705,.F.);
#7093=ORIENTED_EDGE('',*,*,#8219,.F.);
#7094=ORIENTED_EDGE('',*,*,#7704,.F.);
#7095=ORIENTED_EDGE('',*,*,#8220,.F.);
#7096=ORIENTED_EDGE('',*,*,#7703,.F.);
#7097=ORIENTED_EDGE('',*,*,#8221,.F.);
#7098=ORIENTED_EDGE('',*,*,#7702,.F.);
#7099=ORIENTED_EDGE('',*,*,#8222,.F.);
#7100=ORIENTED_EDGE('',*,*,#7701,.F.);
#7101=ORIENTED_EDGE('',*,*,#8223,.F.);
#7102=ORIENTED_EDGE('',*,*,#7700,.F.);
#7103=ORIENTED_EDGE('',*,*,#8224,.F.);
#7104=ORIENTED_EDGE('',*,*,#7699,.F.);
#7105=ORIENTED_EDGE('',*,*,#8225,.F.);
#7106=ORIENTED_EDGE('',*,*,#7695,.F.);
#7107=ORIENTED_EDGE('',*,*,#8226,.F.);
#7108=ORIENTED_EDGE('',*,*,#7694,.F.);
#7109=ORIENTED_EDGE('',*,*,#8227,.F.);
#7110=ORIENTED_EDGE('',*,*,#7693,.F.);
#7111=ORIENTED_EDGE('',*,*,#8228,.F.);
#7112=ORIENTED_EDGE('',*,*,#7689,.F.);
#7113=ORIENTED_EDGE('',*,*,#8229,.F.);
#7114=ORIENTED_EDGE('',*,*,#7688,.F.);
#7115=ORIENTED_EDGE('',*,*,#8230,.F.);
#7116=ORIENTED_EDGE('',*,*,#7687,.F.);
#7117=ORIENTED_EDGE('',*,*,#8040,.F.);
#7118=ORIENTED_EDGE('',*,*,#7684,.F.);
#7119=ORIENTED_EDGE('',*,*,#8231,.F.);
#7120=ORIENTED_EDGE('',*,*,#7680,.F.);
#7121=ORIENTED_EDGE('',*,*,#8232,.F.);
#7122=ORIENTED_EDGE('',*,*,#7679,.F.);
#7123=ORIENTED_EDGE('',*,*,#8233,.F.);
#7124=ORIENTED_EDGE('',*,*,#7678,.F.);
#7125=ORIENTED_EDGE('',*,*,#8234,.F.);
#7126=ORIENTED_EDGE('',*,*,#7675,.F.);
#7127=ORIENTED_EDGE('',*,*,#8235,.F.);
#7128=ORIENTED_EDGE('',*,*,#7674,.F.);
#7129=ORIENTED_EDGE('',*,*,#8236,.F.);
#7130=ORIENTED_EDGE('',*,*,#7673,.F.);
#7131=ORIENTED_EDGE('',*,*,#8237,.F.);
#7132=ORIENTED_EDGE('',*,*,#7670,.F.);
#7133=ORIENTED_EDGE('',*,*,#8238,.F.);
#7134=ORIENTED_EDGE('',*,*,#7669,.F.);
#7135=ORIENTED_EDGE('',*,*,#8239,.F.);
#7136=ORIENTED_EDGE('',*,*,#7668,.F.);
#7137=ORIENTED_EDGE('',*,*,#8240,.F.);
#7138=ORIENTED_EDGE('',*,*,#7665,.F.);
#7139=ORIENTED_EDGE('',*,*,#8241,.F.);
#7140=ORIENTED_EDGE('',*,*,#7664,.F.);
#7141=ORIENTED_EDGE('',*,*,#8242,.F.);
#7142=ORIENTED_EDGE('',*,*,#7663,.F.);
#7143=ORIENTED_EDGE('',*,*,#8243,.F.);
#7144=ORIENTED_EDGE('',*,*,#7662,.F.);
#7145=ORIENTED_EDGE('',*,*,#8244,.F.);
#7146=ORIENTED_EDGE('',*,*,#7661,.F.);
#7147=ORIENTED_EDGE('',*,*,#8245,.F.);
#7148=ORIENTED_EDGE('',*,*,#7660,.F.);
#7149=ORIENTED_EDGE('',*,*,#8246,.F.);
#7150=ORIENTED_EDGE('',*,*,#7659,.F.);
#7151=ORIENTED_EDGE('',*,*,#8247,.F.);
#7152=ORIENTED_EDGE('',*,*,#7658,.F.);
#7153=ORIENTED_EDGE('',*,*,#8248,.F.);
#7154=ORIENTED_EDGE('',*,*,#7657,.F.);
#7155=ORIENTED_EDGE('',*,*,#8249,.F.);
#7156=ORIENTED_EDGE('',*,*,#7656,.F.);
#7157=ORIENTED_EDGE('',*,*,#8250,.F.);
#7158=ORIENTED_EDGE('',*,*,#7655,.F.);
#7159=ORIENTED_EDGE('',*,*,#8251,.F.);
#7160=ORIENTED_EDGE('',*,*,#7654,.F.);
#7161=ORIENTED_EDGE('',*,*,#8252,.F.);
#7162=ORIENTED_EDGE('',*,*,#7653,.F.);
#7163=ORIENTED_EDGE('',*,*,#8253,.F.);
#7164=ORIENTED_EDGE('',*,*,#7652,.F.);
#7165=ORIENTED_EDGE('',*,*,#8254,.F.);
#7166=ORIENTED_EDGE('',*,*,#7651,.F.);
#7167=ORIENTED_EDGE('',*,*,#8255,.F.);
#7168=ORIENTED_EDGE('',*,*,#7650,.F.);
#7169=ORIENTED_EDGE('',*,*,#8256,.F.);
#7170=ORIENTED_EDGE('',*,*,#7649,.F.);
#7171=ORIENTED_EDGE('',*,*,#8257,.F.);
#7172=ORIENTED_EDGE('',*,*,#7648,.F.);
#7173=ORIENTED_EDGE('',*,*,#8258,.F.);
#7174=ORIENTED_EDGE('',*,*,#7647,.F.);
#7175=ORIENTED_EDGE('',*,*,#8259,.F.);
#7176=ORIENTED_EDGE('',*,*,#7646,.F.);
#7177=ORIENTED_EDGE('',*,*,#8260,.F.);
#7178=ORIENTED_EDGE('',*,*,#7645,.F.);
#7179=ORIENTED_EDGE('',*,*,#8261,.F.);
#7180=ORIENTED_EDGE('',*,*,#7644,.F.);
#7181=ORIENTED_EDGE('',*,*,#8262,.F.);
#7182=ORIENTED_EDGE('',*,*,#7643,.F.);
#7183=ORIENTED_EDGE('',*,*,#8263,.F.);
#7184=ORIENTED_EDGE('',*,*,#7642,.F.);
#7185=ORIENTED_EDGE('',*,*,#8264,.F.);
#7186=ORIENTED_EDGE('',*,*,#7641,.F.);
#7187=ORIENTED_EDGE('',*,*,#8265,.F.);
#7188=ORIENTED_EDGE('',*,*,#7640,.F.);
#7189=ORIENTED_EDGE('',*,*,#8266,.F.);
#7190=ORIENTED_EDGE('',*,*,#7639,.F.);
#7191=ORIENTED_EDGE('',*,*,#8267,.F.);
#7192=ORIENTED_EDGE('',*,*,#7638,.F.);
#7193=ORIENTED_EDGE('',*,*,#8268,.F.);
#7194=ORIENTED_EDGE('',*,*,#7637,.F.);
#7195=ORIENTED_EDGE('',*,*,#8269,.F.);
#7196=ORIENTED_EDGE('',*,*,#7636,.F.);
#7197=ORIENTED_EDGE('',*,*,#8270,.F.);
#7198=ORIENTED_EDGE('',*,*,#7635,.F.);
#7199=ORIENTED_EDGE('',*,*,#8271,.F.);
#7200=ORIENTED_EDGE('',*,*,#7634,.F.);
#7201=ORIENTED_EDGE('',*,*,#8272,.F.);
#7202=ORIENTED_EDGE('',*,*,#7633,.F.);
#7203=ORIENTED_EDGE('',*,*,#8273,.F.);
#7204=ORIENTED_EDGE('',*,*,#7632,.F.);
#7205=ORIENTED_EDGE('',*,*,#8274,.F.);
#7206=ORIENTED_EDGE('',*,*,#7631,.F.);
#7207=ORIENTED_EDGE('',*,*,#8275,.F.);
#7208=ORIENTED_EDGE('',*,*,#7630,.F.);
#7209=ORIENTED_EDGE('',*,*,#8276,.F.);
#7210=ORIENTED_EDGE('',*,*,#7629,.F.);
#7211=ORIENTED_EDGE('',*,*,#8277,.F.);
#7212=ORIENTED_EDGE('',*,*,#7628,.F.);
#7213=ORIENTED_EDGE('',*,*,#8278,.F.);
#7214=ORIENTED_EDGE('',*,*,#7627,.F.);
#7215=ORIENTED_EDGE('',*,*,#8279,.F.);
#7216=ORIENTED_EDGE('',*,*,#7626,.F.);
#7217=ORIENTED_EDGE('',*,*,#8280,.F.);
#7218=ORIENTED_EDGE('',*,*,#7625,.F.);
#7219=ORIENTED_EDGE('',*,*,#8281,.F.);
#7220=ORIENTED_EDGE('',*,*,#7624,.F.);
#7221=ORIENTED_EDGE('',*,*,#8282,.F.);
#7222=ORIENTED_EDGE('',*,*,#7623,.F.);
#7223=ORIENTED_EDGE('',*,*,#8283,.F.);
#7224=ORIENTED_EDGE('',*,*,#7622,.F.);
#7225=ORIENTED_EDGE('',*,*,#8284,.F.);
#7226=ORIENTED_EDGE('',*,*,#7621,.F.);
#7227=ORIENTED_EDGE('',*,*,#8285,.F.);
#7228=ORIENTED_EDGE('',*,*,#7620,.F.);
#7229=ORIENTED_EDGE('',*,*,#8286,.F.);
#7230=ORIENTED_EDGE('',*,*,#7619,.F.);
#7231=ORIENTED_EDGE('',*,*,#8287,.F.);
#7232=ORIENTED_EDGE('',*,*,#7618,.F.);
#7233=ORIENTED_EDGE('',*,*,#8288,.F.);
#7234=ORIENTED_EDGE('',*,*,#7617,.F.);
#7235=ORIENTED_EDGE('',*,*,#8289,.F.);
#7236=ORIENTED_EDGE('',*,*,#7616,.F.);
#7237=ORIENTED_EDGE('',*,*,#8290,.F.);
#7238=ORIENTED_EDGE('',*,*,#7615,.F.);
#7239=ORIENTED_EDGE('',*,*,#8291,.F.);
#7240=ORIENTED_EDGE('',*,*,#7614,.F.);
#7241=ORIENTED_EDGE('',*,*,#8292,.F.);
#7242=ORIENTED_EDGE('',*,*,#7613,.F.);
#7243=ORIENTED_EDGE('',*,*,#8293,.F.);
#7244=ORIENTED_EDGE('',*,*,#7612,.F.);
#7245=ORIENTED_EDGE('',*,*,#8294,.F.);
#7246=ORIENTED_EDGE('',*,*,#7611,.F.);
#7247=ORIENTED_EDGE('',*,*,#8295,.F.);
#7248=ORIENTED_EDGE('',*,*,#7610,.F.);
#7249=ORIENTED_EDGE('',*,*,#8296,.F.);
#7250=ORIENTED_EDGE('',*,*,#7609,.F.);
#7251=ORIENTED_EDGE('',*,*,#8297,.F.);
#7252=ORIENTED_EDGE('',*,*,#7608,.F.);
#7253=ORIENTED_EDGE('',*,*,#8298,.F.);
#7254=ORIENTED_EDGE('',*,*,#7607,.F.);
#7255=ORIENTED_EDGE('',*,*,#8299,.F.);
#7256=ORIENTED_EDGE('',*,*,#7606,.F.);
#7257=ORIENTED_EDGE('',*,*,#8300,.F.);
#7258=ORIENTED_EDGE('',*,*,#7605,.F.);
#7259=ORIENTED_EDGE('',*,*,#8301,.F.);
#7260=ORIENTED_EDGE('',*,*,#7604,.F.);
#7261=ORIENTED_EDGE('',*,*,#8302,.F.);
#7262=ORIENTED_EDGE('',*,*,#7603,.F.);
#7263=ORIENTED_EDGE('',*,*,#8303,.F.);
#7264=ORIENTED_EDGE('',*,*,#7602,.F.);
#7265=ORIENTED_EDGE('',*,*,#8304,.F.);
#7266=ORIENTED_EDGE('',*,*,#7601,.F.);
#7267=ORIENTED_EDGE('',*,*,#8305,.F.);
#7268=ORIENTED_EDGE('',*,*,#7600,.F.);
#7269=ORIENTED_EDGE('',*,*,#8306,.F.);
#7270=ORIENTED_EDGE('',*,*,#7599,.F.);
#7271=ORIENTED_EDGE('',*,*,#8307,.F.);
#7272=ORIENTED_EDGE('',*,*,#7598,.F.);
#7273=ORIENTED_EDGE('',*,*,#8308,.F.);
#7274=ORIENTED_EDGE('',*,*,#7597,.F.);
#7275=ORIENTED_EDGE('',*,*,#8309,.F.);
#7276=ORIENTED_EDGE('',*,*,#7596,.F.);
#7277=ORIENTED_EDGE('',*,*,#8310,.F.);
#7278=ORIENTED_EDGE('',*,*,#7595,.F.);
#7279=ORIENTED_EDGE('',*,*,#8311,.F.);
#7280=ORIENTED_EDGE('',*,*,#7594,.F.);
#7281=ORIENTED_EDGE('',*,*,#8312,.F.);
#7282=ORIENTED_EDGE('',*,*,#7593,.F.);
#7283=ORIENTED_EDGE('',*,*,#8313,.F.);
#7284=ORIENTED_EDGE('',*,*,#7592,.F.);
#7285=ORIENTED_EDGE('',*,*,#8314,.F.);
#7286=ORIENTED_EDGE('',*,*,#7591,.F.);
#7287=ORIENTED_EDGE('',*,*,#8315,.F.);
#7288=ORIENTED_EDGE('',*,*,#7588,.F.);
#7289=ORIENTED_EDGE('',*,*,#8316,.F.);
#7290=ORIENTED_EDGE('',*,*,#7587,.F.);
#7291=ORIENTED_EDGE('',*,*,#8317,.F.);
#7292=ORIENTED_EDGE('',*,*,#7586,.F.);
#7293=ORIENTED_EDGE('',*,*,#8318,.F.);
#7294=ORIENTED_EDGE('',*,*,#7579,.F.);
#7295=ORIENTED_EDGE('',*,*,#8319,.F.);
#7296=ORIENTED_EDGE('',*,*,#7578,.F.);
#7297=ORIENTED_EDGE('',*,*,#8320,.F.);
#7298=ORIENTED_EDGE('',*,*,#7577,.F.);
#7299=ORIENTED_EDGE('',*,*,#8321,.F.);
#7300=ORIENTED_EDGE('',*,*,#7571,.F.);
#7301=ORIENTED_EDGE('',*,*,#8322,.F.);
#7302=ORIENTED_EDGE('',*,*,#7570,.F.);
#7303=ORIENTED_EDGE('',*,*,#8323,.F.);
#7304=ORIENTED_EDGE('',*,*,#7569,.F.);
#7305=ORIENTED_EDGE('',*,*,#8324,.F.);
#7306=ORIENTED_EDGE('',*,*,#7564,.F.);
#7307=ORIENTED_EDGE('',*,*,#8325,.F.);
#7308=ORIENTED_EDGE('',*,*,#7563,.F.);
#7309=ORIENTED_EDGE('',*,*,#8326,.F.);
#7310=ORIENTED_EDGE('',*,*,#7560,.F.);
#7311=ORIENTED_EDGE('',*,*,#8327,.F.);
#7312=ORIENTED_EDGE('',*,*,#7559,.F.);
#7313=ORIENTED_EDGE('',*,*,#8328,.F.);
#7314=ORIENTED_EDGE('',*,*,#7556,.F.);
#7315=ORIENTED_EDGE('',*,*,#8329,.F.);
#7316=ORIENTED_EDGE('',*,*,#7550,.F.);
#7317=ORIENTED_EDGE('',*,*,#8330,.F.);
#7318=ORIENTED_EDGE('',*,*,#7549,.F.);
#7319=ORIENTED_EDGE('',*,*,#8331,.F.);
#7320=ORIENTED_EDGE('',*,*,#7548,.F.);
#7321=ORIENTED_EDGE('',*,*,#8332,.F.);
#7322=ORIENTED_EDGE('',*,*,#7545,.F.);
#7323=ORIENTED_EDGE('',*,*,#8333,.F.);
#7324=ORIENTED_EDGE('',*,*,#7539,.F.);
#7325=ORIENTED_EDGE('',*,*,#8334,.F.);
#7326=ORIENTED_EDGE('',*,*,#7538,.F.);
#7327=ORIENTED_EDGE('',*,*,#8335,.F.);
#7328=ORIENTED_EDGE('',*,*,#7537,.F.);
#7329=ORIENTED_EDGE('',*,*,#8336,.F.);
#7330=ORIENTED_EDGE('',*,*,#7533,.F.);
#7331=ORIENTED_EDGE('',*,*,#8337,.F.);
#7332=ORIENTED_EDGE('',*,*,#7527,.F.);
#7333=ORIENTED_EDGE('',*,*,#8338,.F.);
#7334=ORIENTED_EDGE('',*,*,#7526,.F.);
#7335=ORIENTED_EDGE('',*,*,#8339,.F.);
#7336=ORIENTED_EDGE('',*,*,#7523,.F.);
#7337=ORIENTED_EDGE('',*,*,#8340,.F.);
#7338=ORIENTED_EDGE('',*,*,#7522,.F.);
#7339=ORIENTED_EDGE('',*,*,#8341,.F.);
#7340=ORIENTED_EDGE('',*,*,#7521,.F.);
#7341=ORIENTED_EDGE('',*,*,#8342,.F.);
#7342=ORIENTED_EDGE('',*,*,#7520,.F.);
#7343=ORIENTED_EDGE('',*,*,#8343,.F.);
#7344=ORIENTED_EDGE('',*,*,#7519,.F.);
#7345=ORIENTED_EDGE('',*,*,#8344,.F.);
#7346=ORIENTED_EDGE('',*,*,#7518,.F.);
#7347=ORIENTED_EDGE('',*,*,#8345,.F.);
#7348=ORIENTED_EDGE('',*,*,#7517,.F.);
#7349=ORIENTED_EDGE('',*,*,#8346,.F.);
#7350=ORIENTED_EDGE('',*,*,#7516,.F.);
#7351=ORIENTED_EDGE('',*,*,#8347,.F.);
#7352=ORIENTED_EDGE('',*,*,#7515,.F.);
#7353=ORIENTED_EDGE('',*,*,#8348,.F.);
#7354=ORIENTED_EDGE('',*,*,#7514,.F.);
#7355=ORIENTED_EDGE('',*,*,#8349,.F.);
#7356=ORIENTED_EDGE('',*,*,#7513,.F.);
#7357=ORIENTED_EDGE('',*,*,#8350,.F.);
#7358=ORIENTED_EDGE('',*,*,#7512,.F.);
#7359=ORIENTED_EDGE('',*,*,#8351,.F.);
#7360=ORIENTED_EDGE('',*,*,#7511,.F.);
#7361=ORIENTED_EDGE('',*,*,#8352,.F.);
#7362=ORIENTED_EDGE('',*,*,#7510,.F.);
#7363=ORIENTED_EDGE('',*,*,#8489,.F.);
#7364=ORIENTED_EDGE('',*,*,#8439,.T.);
#7365=ORIENTED_EDGE('',*,*,#8490,.F.);
#7366=ORIENTED_EDGE('',*,*,#8436,.T.);
#7367=ORIENTED_EDGE('',*,*,#8433,.T.);
#7368=ORIENTED_EDGE('',*,*,#8431,.T.);
#7369=ORIENTED_EDGE('',*,*,#8491,.F.);
#7370=ORIENTED_EDGE('',*,*,#8429,.T.);
#7371=ORIENTED_EDGE('',*,*,#8492,.F.);
#7372=ORIENTED_EDGE('',*,*,#8426,.T.);
#7373=ORIENTED_EDGE('',*,*,#8493,.F.);
#7374=ORIENTED_EDGE('',*,*,#8423,.T.);
#7375=ORIENTED_EDGE('',*,*,#8420,.T.);
#7376=ORIENTED_EDGE('',*,*,#8418,.T.);
#7377=ORIENTED_EDGE('',*,*,#8416,.T.);
#7378=ORIENTED_EDGE('',*,*,#8414,.T.);
#7379=ORIENTED_EDGE('',*,*,#8494,.F.);
#7380=ORIENTED_EDGE('',*,*,#8412,.T.);
#7381=ORIENTED_EDGE('',*,*,#8495,.F.);
#7382=ORIENTED_EDGE('',*,*,#8409,.T.);
#7383=ORIENTED_EDGE('',*,*,#8406,.T.);
#7384=ORIENTED_EDGE('',*,*,#8404,.T.);
#7385=ORIENTED_EDGE('',*,*,#8402,.T.);
#7386=ORIENTED_EDGE('',*,*,#8400,.T.);
#7387=ORIENTED_EDGE('',*,*,#8496,.F.);
#7388=ORIENTED_EDGE('',*,*,#8441,.T.);
#7389=ORIENTED_EDGE('',*,*,#8497,.F.);
#7390=ORIENTED_EDGE('',*,*,#8455,.T.);
#7391=ORIENTED_EDGE('',*,*,#8457,.T.);
#7392=ORIENTED_EDGE('',*,*,#8459,.T.);
#7393=ORIENTED_EDGE('',*,*,#8461,.T.);
#7394=ORIENTED_EDGE('',*,*,#8463,.T.);
#7395=ORIENTED_EDGE('',*,*,#8464,.T.);
#7396=ORIENTED_EDGE('',*,*,#8444,.T.);
#7397=ORIENTED_EDGE('',*,*,#8498,.F.);
#7398=ORIENTED_EDGE('',*,*,#8448,.T.);
#7399=ORIENTED_EDGE('',*,*,#8450,.T.);
#7400=ORIENTED_EDGE('',*,*,#8452,.T.);
#7401=ORIENTED_EDGE('',*,*,#8466,.T.);
#7402=ORIENTED_EDGE('',*,*,#8476,.T.);
#7403=ORIENTED_EDGE('',*,*,#8474,.T.);
#7404=ORIENTED_EDGE('',*,*,#8472,.T.);
#7405=ORIENTED_EDGE('',*,*,#8470,.T.);
#7406=ORIENTED_EDGE('',*,*,#8468,.T.);
#7407=ORIENTED_EDGE('',*,*,#8399,.F.);
#7408=ORIENTED_EDGE('',*,*,#8041,.T.);
#7409=ORIENTED_EDGE('',*,*,#7914,.T.);
#7410=ORIENTED_EDGE('',*,*,#7507,.T.);
#7411=ORIENTED_EDGE('',*,*,#7913,.T.);
#7412=ORIENTED_EDGE('',*,*,#8356,.T.);
#7413=ORIENTED_EDGE('',*,*,#8442,.T.);
#7414=ORIENTED_EDGE('',*,*,#8496,.T.);
#7415=ORIENTED_EDGE('',*,*,#8411,.F.);
#7416=ORIENTED_EDGE('',*,*,#7888,.T.);
#7417=ORIENTED_EDGE('',*,*,#8408,.T.);
#7418=ORIENTED_EDGE('',*,*,#8495,.T.);
#7419=ORIENTED_EDGE('',*,*,#8425,.F.);
#7420=ORIENTED_EDGE('',*,*,#8357,.T.);
#7421=ORIENTED_EDGE('',*,*,#7911,.T.);
#7422=ORIENTED_EDGE('',*,*,#7505,.T.);
#7423=ORIENTED_EDGE('',*,*,#8422,.T.);
#7424=ORIENTED_EDGE('',*,*,#8493,.T.);
#7425=ORIENTED_EDGE('',*,*,#8413,.F.);
#7426=ORIENTED_EDGE('',*,*,#8045,.T.);
#7427=ORIENTED_EDGE('',*,*,#8410,.T.);
#7428=ORIENTED_EDGE('',*,*,#8494,.T.);
#7429=ORIENTED_EDGE('',*,*,#8428,.F.);
#7430=ORIENTED_EDGE('',*,*,#8360,.T.);
#7431=ORIENTED_EDGE('',*,*,#8424,.T.);
#7432=ORIENTED_EDGE('',*,*,#8492,.T.);
#7433=ORIENTED_EDGE('',*,*,#8430,.F.);
#7434=ORIENTED_EDGE('',*,*,#8366,.T.);
#7435=ORIENTED_EDGE('',*,*,#8427,.T.);
#7436=ORIENTED_EDGE('',*,*,#8491,.T.);
#7437=ORIENTED_EDGE('',*,*,#8438,.F.);
#7438=ORIENTED_EDGE('',*,*,#8372,.T.);
#7439=ORIENTED_EDGE('',*,*,#8435,.T.);
#7440=ORIENTED_EDGE('',*,*,#8490,.T.);
#7441=ORIENTED_EDGE('',*,*,#8440,.F.);
#7442=ORIENTED_EDGE('',*,*,#8353,.T.);
#7443=ORIENTED_EDGE('',*,*,#8437,.T.);
#7444=ORIENTED_EDGE('',*,*,#8489,.T.);
#7445=ORIENTED_EDGE('',*,*,#8443,.F.);
#7446=ORIENTED_EDGE('',*,*,#8383,.T.);
#7447=ORIENTED_EDGE('',*,*,#8446,.T.);
#7448=ORIENTED_EDGE('',*,*,#8498,.T.);
#7449=ORIENTED_EDGE('',*,*,#8451,.F.);
#7450=ORIENTED_EDGE('',*,*,#8378,.T.);
#7451=ORIENTED_EDGE('',*,*,#8453,.T.);
#7452=ORIENTED_EDGE('',*,*,#8497,.T.);
#7453=ORIENTED_EDGE('',*,*,#8499,.F.);
#7454=ORIENTED_EDGE('',*,*,#8482,.F.);
#7455=ORIENTED_EDGE('',*,*,#8500,.T.);
#7456=ORIENTED_EDGE('',*,*,#8062,.T.);
#7457=ORIENTED_EDGE('',*,*,#8501,.T.);
#7458=ORIENTED_EDGE('',*,*,#8063,.F.);
#7459=ORIENTED_EDGE('',*,*,#8502,.F.);
#7460=ORIENTED_EDGE('',*,*,#8478,.T.);
#7461=ORIENTED_EDGE('',*,*,#8503,.T.);
#7462=ORIENTED_EDGE('',*,*,#8064,.F.);
#7463=ORIENTED_EDGE('',*,*,#8504,.F.);
#7464=ORIENTED_EDGE('',*,*,#8487,.T.);
#7465=ORIENTED_EDGE('',*,*,#8505,.F.);
#7466=ORIENTED_EDGE('',*,*,#8485,.F.);
#7467=ORIENTED_EDGE('',*,*,#8506,.T.);
#7468=ORIENTED_EDGE('',*,*,#8065,.T.);
#7469=ORIENTED_EDGE('',*,*,#8481,.F.);
#7470=ORIENTED_EDGE('',*,*,#7501,.T.);
#7471=ORIENTED_EDGE('',*,*,#8479,.T.);
#7472=ORIENTED_EDGE('',*,*,#8507,.T.);
#7473=ORIENTED_EDGE('',*,*,#8507,.F.);
#7474=ORIENTED_EDGE('',*,*,#8502,.T.);
#7475=ORIENTED_EDGE('',*,*,#8500,.F.);
#7476=ORIENTED_EDGE('',*,*,#8501,.F.);
#7477=ORIENTED_EDGE('',*,*,#8508,.T.);
#7478=ORIENTED_EDGE('',*,*,#8504,.T.);
#7479=ORIENTED_EDGE('',*,*,#8488,.F.);
#7480=ORIENTED_EDGE('',*,*,#8508,.F.);
#7481=ORIENTED_EDGE('',*,*,#8477,.T.);
#7482=ORIENTED_EDGE('',*,*,#7499,.T.);
#7483=ORIENTED_EDGE('',*,*,#8480,.T.);
#7484=ORIENTED_EDGE('',*,*,#8509,.T.);
#7485=ORIENTED_EDGE('',*,*,#8484,.F.);
#7486=ORIENTED_EDGE('',*,*,#7503,.T.);
#7487=ORIENTED_EDGE('',*,*,#8499,.T.);
#7488=ORIENTED_EDGE('',*,*,#8506,.F.);
#7489=ORIENTED_EDGE('',*,*,#8509,.F.);
#7490=ORIENTED_EDGE('',*,*,#8503,.F.);
#7491=ORIENTED_EDGE('',*,*,#8510,.T.);
#7492=ORIENTED_EDGE('',*,*,#8505,.T.);
#7493=ORIENTED_EDGE('',*,*,#8486,.T.);
#7494=ORIENTED_EDGE('',*,*,#7497,.T.);
#7495=ORIENTED_EDGE('',*,*,#8483,.F.);
#7496=ORIENTED_EDGE('',*,*,#8510,.F.);
#7497=EDGE_CURVE('',#8511,#8512,#8513,.F.);
#7498=EDGE_CURVE('',#8514,#8511,#8515,.T.);
#7499=EDGE_CURVE('',#8516,#8514,#8517,.F.);
#7500=EDGE_CURVE('',#8516,#8518,#8519,.T.);
#7501=EDGE_CURVE('',#8520,#8518,#8521,.F.);
#7502=EDGE_CURVE('',#8520,#8522,#8523,.T.);
#7503=EDGE_CURVE('',#8524,#8522,#8525,.F.);
#7504=EDGE_CURVE('',#8512,#8524,#8526,.T.);
#7505=EDGE_CURVE('',#8527,#8528,#8529,.F.);
#7506=EDGE_CURVE('',#8527,#8530,#8531,.T.);
#7507=EDGE_CURVE('',#8532,#8530,#8533,.F.);
#7508=EDGE_CURVE('',#8532,#8534,#8535,.T.);
#7509=EDGE_CURVE('',#8528,#8534,#8536,.T.);
#7510=EDGE_CURVE('',#8537,#8537,#8538,.T.);
#7511=EDGE_CURVE('',#8539,#8539,#8540,.T.);
#7512=EDGE_CURVE('',#8541,#8541,#8542,.T.);
#7513=EDGE_CURVE('',#8543,#8543,#8544,.T.);
#7514=EDGE_CURVE('',#8545,#8545,#8546,.T.);
#7515=EDGE_CURVE('',#8547,#8547,#8548,.T.);
#7516=EDGE_CURVE('',#8549,#8549,#8550,.T.);
#7517=EDGE_CURVE('',#8551,#8551,#8552,.T.);
#7518=EDGE_CURVE('',#8553,#8553,#8554,.T.);
#7519=EDGE_CURVE('',#8555,#8555,#8556,.T.);
#7520=EDGE_CURVE('',#8557,#8557,#8558,.T.);
#7521=EDGE_CURVE('',#8559,#8559,#8560,.T.);
#7522=EDGE_CURVE('',#8561,#8561,#8562,.T.);
#7523=EDGE_CURVE('',#8563,#8563,#8564,.T.);
#7524=EDGE_CURVE('',#8565,#8566,#8567,.T.);
#7525=EDGE_CURVE('',#8565,#8566,#8568,.T.);
#7526=EDGE_CURVE('',#8569,#8569,#8570,.T.);
#7527=EDGE_CURVE('',#8571,#8571,#8572,.T.);
#7528=EDGE_CURVE('',#8573,#8574,#8575,.T.);
#7529=EDGE_CURVE('',#8573,#8574,#8576,.T.);
#7530=EDGE_CURVE('',#8577,#8578,#8579,.T.);
#7531=EDGE_CURVE('',#8580,#8578,#8581,.T.);
#7532=EDGE_CURVE('',#8577,#8580,#8582,.T.);
#7533=EDGE_CURVE('',#8583,#8583,#8584,.T.);
#7534=EDGE_CURVE('',#8585,#8586,#8587,.T.);
#7535=EDGE_CURVE('',#8586,#8588,#8589,.T.);
#7536=EDGE_CURVE('',#8588,#8585,#8590,.T.);
#7537=EDGE_CURVE('',#8591,#8591,#8592,.T.);
#7538=EDGE_CURVE('',#8593,#8593,#8594,.T.);
#7539=EDGE_CURVE('',#8595,#8595,#8596,.T.);
#7540=EDGE_CURVE('',#8597,#8598,#8599,.T.);
#7541=EDGE_CURVE('',#8598,#8597,#8600,.T.);
#7542=EDGE_CURVE('',#8601,#8602,#8603,.T.);
#7543=EDGE_CURVE('',#8602,#8604,#8605,.T.);
#7544=EDGE_CURVE('',#8604,#8601,#8606,.T.);
#7545=EDGE_CURVE('',#8607,#8607,#8608,.T.);
#7546=EDGE_CURVE('',#8609,#8610,#8611,.T.);
#7547=EDGE_CURVE('',#8610,#8609,#8612,.T.);
#7548=EDGE_CURVE('',#8613,#8613,#8614,.T.);
#7549=EDGE_CURVE('',#8615,#8615,#8616,.T.);
#7550=EDGE_CURVE('',#8617,#8617,#8618,.T.);
#7551=EDGE_CURVE('',#8619,#8620,#8621,.T.);
#7552=EDGE_CURVE('',#8620,#8622,#8623,.T.);
#7553=EDGE_CURVE('',#8622,#8619,#8624,.T.);
#7554=EDGE_CURVE('',#8625,#8626,#8627,.T.);
#7555=EDGE_CURVE('',#8625,#8626,#8628,.T.);
#7556=EDGE_CURVE('',#8629,#8629,#8630,.T.);
#7557=EDGE_CURVE('',#8631,#8632,#8633,.T.);
#7558=EDGE_CURVE('',#8631,#8632,#8634,.T.);
#7559=EDGE_CURVE('',#8635,#8635,#8636,.T.);
#7560=EDGE_CURVE('',#8637,#8637,#8638,.T.);
#7561=EDGE_CURVE('',#8639,#8640,#8641,.T.);
#7562=EDGE_CURVE('',#8639,#8640,#8642,.T.);
#7563=EDGE_CURVE('',#8643,#8643,#8644,.T.);
#7564=EDGE_CURVE('',#8645,#8645,#8646,.T.);
#7565=EDGE_CURVE('',#8647,#8648,#8649,.T.);
#7566=EDGE_CURVE('',#8647,#8648,#8650,.T.);
#7567=EDGE_CURVE('',#8651,#8652,#8653,.T.);
#7568=EDGE_CURVE('',#8651,#8652,#8654,.T.);
#7569=EDGE_CURVE('',#8655,#8655,#8656,.T.);
#7570=EDGE_CURVE('',#8657,#8657,#8658,.T.);
#7571=EDGE_CURVE('',#8659,#8659,#8660,.T.);
#7572=EDGE_CURVE('',#8661,#8662,#8663,.T.);
#7573=EDGE_CURVE('',#8664,#8662,#8665,.T.);
#7574=EDGE_CURVE('',#8661,#8664,#8666,.T.);
#7575=EDGE_CURVE('',#8667,#8668,#8669,.T.);
#7576=EDGE_CURVE('',#8667,#8668,#8670,.T.);
#7577=EDGE_CURVE('',#8671,#8671,#8672,.T.);
#7578=EDGE_CURVE('',#8673,#8673,#8674,.T.);
#7579=EDGE_CURVE('',#8675,#8675,#8676,.T.);
#7580=EDGE_CURVE('',#8677,#8678,#8679,.T.);
#7581=EDGE_CURVE('',#8677,#8678,#8680,.T.);
#7582=EDGE_CURVE('',#8681,#8682,#8683,.T.);
#7583=EDGE_CURVE('',#8684,#8682,#8685,.T.);
#7584=EDGE_CURVE('',#8684,#8686,#8687,.T.);
#7585=EDGE_CURVE('',#8681,#8686,#8688,.T.);
#7586=EDGE_CURVE('',#8689,#8689,#8690,.T.);
#7587=EDGE_CURVE('',#8691,#8691,#8692,.T.);
#7588=EDGE_CURVE('',#8693,#8693,#8694,.T.);
#7589=EDGE_CURVE('',#8695,#8696,#8697,.T.);
#7590=EDGE_CURVE('',#8695,#8696,#8698,.T.);
#7591=EDGE_CURVE('',#8699,#8699,#8700,.T.);
#7592=EDGE_CURVE('',#8701,#8701,#8702,.T.);
#7593=EDGE_CURVE('',#8703,#8703,#8704,.T.);
#7594=EDGE_CURVE('',#8705,#8705,#8706,.T.);
#7595=EDGE_CURVE('',#8707,#8707,#8708,.T.);
#7596=EDGE_CURVE('',#8709,#8709,#8710,.T.);
#7597=EDGE_CURVE('',#8711,#8711,#8712,.T.);
#7598=EDGE_CURVE('',#8713,#8713,#8714,.T.);
#7599=EDGE_CURVE('',#8715,#8715,#8716,.T.);
#7600=EDGE_CURVE('',#8717,#8717,#8718,.T.);
#7601=EDGE_CURVE('',#8719,#8719,#8720,.T.);
#7602=EDGE_CURVE('',#8721,#8721,#8722,.T.);
#7603=EDGE_CURVE('',#8723,#8723,#8724,.T.);
#7604=EDGE_CURVE('',#8725,#8725,#8726,.T.);
#7605=EDGE_CURVE('',#8727,#8727,#8728,.T.);
#7606=EDGE_CURVE('',#8729,#8729,#8730,.T.);
#7607=EDGE_CURVE('',#8731,#8731,#8732,.T.);
#7608=EDGE_CURVE('',#8733,#8733,#8734,.T.);
#7609=EDGE_CURVE('',#8735,#8735,#8736,.T.);
#7610=EDGE_CURVE('',#8737,#8737,#8738,.T.);
#7611=EDGE_CURVE('',#8739,#8739,#8740,.T.);
#7612=EDGE_CURVE('',#8741,#8741,#8742,.T.);
#7613=EDGE_CURVE('',#8743,#8743,#8744,.T.);
#7614=EDGE_CURVE('',#8745,#8745,#8746,.T.);
#7615=EDGE_CURVE('',#8747,#8747,#8748,.T.);
#7616=EDGE_CURVE('',#8749,#8749,#8750,.T.);
#7617=EDGE_CURVE('',#8751,#8751,#8752,.T.);
#7618=EDGE_CURVE('',#8753,#8753,#8754,.T.);
#7619=EDGE_CURVE('',#8755,#8755,#8756,.T.);
#7620=EDGE_CURVE('',#8757,#8757,#8758,.T.);
#7621=EDGE_CURVE('',#8759,#8759,#8760,.T.);
#7622=EDGE_CURVE('',#8761,#8761,#8762,.T.);
#7623=EDGE_CURVE('',#8763,#8763,#8764,.T.);
#7624=EDGE_CURVE('',#8765,#8765,#8766,.T.);
#7625=EDGE_CURVE('',#8767,#8767,#8768,.T.);
#7626=EDGE_CURVE('',#8769,#8769,#8770,.T.);
#7627=EDGE_CURVE('',#8771,#8771,#8772,.T.);
#7628=EDGE_CURVE('',#8773,#8773,#8774,.T.);
#7629=EDGE_CURVE('',#8775,#8775,#8776,.T.);
#7630=EDGE_CURVE('',#8777,#8777,#8778,.T.);
#7631=EDGE_CURVE('',#8779,#8779,#8780,.T.);
#7632=EDGE_CURVE('',#8781,#8781,#8782,.T.);
#7633=EDGE_CURVE('',#8783,#8783,#8784,.T.);
#7634=EDGE_CURVE('',#8785,#8785,#8786,.T.);
#7635=EDGE_CURVE('',#8787,#8787,#8788,.T.);
#7636=EDGE_CURVE('',#8789,#8789,#8790,.T.);
#7637=EDGE_CURVE('',#8791,#8791,#8792,.T.);
#7638=EDGE_CURVE('',#8793,#8793,#8794,.T.);
#7639=EDGE_CURVE('',#8795,#8795,#8796,.T.);
#7640=EDGE_CURVE('',#8797,#8797,#8798,.T.);
#7641=EDGE_CURVE('',#8799,#8799,#8800,.T.);
#7642=EDGE_CURVE('',#8801,#8801,#8802,.T.);
#7643=EDGE_CURVE('',#8803,#8803,#8804,.T.);
#7644=EDGE_CURVE('',#8805,#8805,#8806,.T.);
#7645=EDGE_CURVE('',#8807,#8807,#8808,.T.);
#7646=EDGE_CURVE('',#8809,#8809,#8810,.T.);
#7647=EDGE_CURVE('',#8811,#8811,#8812,.T.);
#7648=EDGE_CURVE('',#8813,#8813,#8814,.T.);
#7649=EDGE_CURVE('',#8815,#8815,#8816,.T.);
#7650=EDGE_CURVE('',#8817,#8817,#8818,.T.);
#7651=EDGE_CURVE('',#8819,#8819,#8820,.T.);
#7652=EDGE_CURVE('',#8821,#8821,#8822,.T.);
#7653=EDGE_CURVE('',#8823,#8823,#8824,.T.);
#7654=EDGE_CURVE('',#8825,#8825,#8826,.T.);
#7655=EDGE_CURVE('',#8827,#8827,#8828,.T.);
#7656=EDGE_CURVE('',#8829,#8829,#8830,.T.);
#7657=EDGE_CURVE('',#8831,#8831,#8832,.T.);
#7658=EDGE_CURVE('',#8833,#8833,#8834,.T.);
#7659=EDGE_CURVE('',#8835,#8835,#8836,.T.);
#7660=EDGE_CURVE('',#8837,#8837,#8838,.T.);
#7661=EDGE_CURVE('',#8839,#8839,#8840,.T.);
#7662=EDGE_CURVE('',#8841,#8841,#8842,.T.);
#7663=EDGE_CURVE('',#8843,#8843,#8844,.T.);
#7664=EDGE_CURVE('',#8845,#8845,#8846,.T.);
#7665=EDGE_CURVE('',#8847,#8847,#8848,.T.);
#7666=EDGE_CURVE('',#8849,#8850,#8851,.T.);
#7667=EDGE_CURVE('',#8849,#8850,#8852,.T.);
#7668=EDGE_CURVE('',#8853,#8853,#8854,.T.);
#7669=EDGE_CURVE('',#8855,#8855,#8856,.T.);
#7670=EDGE_CURVE('',#8857,#8857,#8858,.T.);
#7671=EDGE_CURVE('',#8859,#8860,#8861,.T.);
#7672=EDGE_CURVE('',#8859,#8860,#8862,.T.);
#7673=EDGE_CURVE('',#8863,#8863,#8864,.T.);
#7674=EDGE_CURVE('',#8865,#8865,#8866,.T.);
#7675=EDGE_CURVE('',#8867,#8867,#8868,.T.);
#7676=EDGE_CURVE('',#8869,#8870,#8871,.T.);
#7677=EDGE_CURVE('',#8869,#8870,#8872,.T.);
#7678=EDGE_CURVE('',#8873,#8873,#8874,.T.);
#7679=EDGE_CURVE('',#8875,#8875,#8876,.T.);
#7680=EDGE_CURVE('',#8877,#8877,#8878,.T.);
#7681=EDGE_CURVE('',#8879,#8880,#8881,.T.);
#7682=EDGE_CURVE('',#8882,#8879,#8883,.T.);
#7683=EDGE_CURVE('',#8882,#8880,#8884,.T.);
#7684=EDGE_CURVE('',#8885,#8885,#8886,.T.);
#7685=EDGE_CURVE('',#8887,#8888,#8889,.T.);
#7686=EDGE_CURVE('',#8888,#8887,#8890,.T.);
#7687=EDGE_CURVE('',#8891,#8891,#8892,.T.);
#7688=EDGE_CURVE('',#8893,#8893,#8894,.T.);
#7689=EDGE_CURVE('',#8895,#8895,#8896,.T.);
#7690=EDGE_CURVE('',#8897,#8898,#8899,.T.);
#7691=EDGE_CURVE('',#8900,#8898,#8901,.T.);
#7692=EDGE_CURVE('',#8897,#8900,#8902,.T.);
#7693=EDGE_CURVE('',#8903,#8903,#8904,.T.);
#7694=EDGE_CURVE('',#8905,#8905,#8906,.T.);
#7695=EDGE_CURVE('',#8907,#8907,#8908,.T.);
#7696=EDGE_CURVE('',#8909,#8910,#8911,.T.);
#7697=EDGE_CURVE('',#8912,#8910,#8913,.T.);
#7698=EDGE_CURVE('',#8909,#8912,#8914,.T.);
#7699=EDGE_CURVE('',#8915,#8915,#8916,.T.);
#7700=EDGE_CURVE('',#8917,#8917,#8918,.T.);
#7701=EDGE_CURVE('',#8919,#8919,#8920,.T.);
#7702=EDGE_CURVE('',#8921,#8921,#8922,.T.);
#7703=EDGE_CURVE('',#8923,#8923,#8924,.T.);
#7704=EDGE_CURVE('',#8925,#8925,#8926,.T.);
#7705=EDGE_CURVE('',#8927,#8927,#8928,.T.);
#7706=EDGE_CURVE('',#8929,#8929,#8930,.T.);
#7707=EDGE_CURVE('',#8931,#8932,#8933,.T.);
#7708=EDGE_CURVE('',#8931,#8932,#8934,.T.);
#7709=EDGE_CURVE('',#8935,#8935,#8936,.T.);
#7710=EDGE_CURVE('',#8937,#8937,#8938,.T.);
#7711=EDGE_CURVE('',#8939,#8940,#8941,.T.);
#7712=EDGE_CURVE('',#8939,#8940,#8942,.T.);
#7713=EDGE_CURVE('',#8943,#8943,#8944,.T.);
#7714=EDGE_CURVE('',#8945,#8945,#8946,.T.);
#7715=EDGE_CURVE('',#8947,#8948,#8949,.T.);
#7716=EDGE_CURVE('',#8947,#8948,#8950,.T.);
#7717=EDGE_CURVE('',#8951,#8951,#8952,.T.);
#7718=EDGE_CURVE('',#8953,#8953,#8954,.T.);
#7719=EDGE_CURVE('',#8955,#8956,#8957,.T.);
#7720=EDGE_CURVE('',#8955,#8956,#8958,.T.);
#7721=EDGE_CURVE('',#8959,#8960,#8961,.T.);
#7722=EDGE_CURVE('',#8959,#8960,#8962,.T.);
#7723=EDGE_CURVE('',#8963,#8964,#8965,.T.);
#7724=EDGE_CURVE('',#8966,#8964,#8967,.T.);
#7725=EDGE_CURVE('',#8963,#8966,#8968,.T.);
#7726=EDGE_CURVE('',#8969,#8969,#8970,.T.);
#7727=EDGE_CURVE('',#8971,#8971,#8972,.T.);
#7728=EDGE_CURVE('',#8973,#8973,#8974,.T.);
#7729=EDGE_CURVE('',#8975,#8976,#8977,.T.);
#7730=EDGE_CURVE('',#8975,#8976,#8978,.T.);
#7731=EDGE_CURVE('',#8979,#8980,#8981,.T.);
#7732=EDGE_CURVE('',#8979,#8980,#8982,.T.);
#7733=EDGE_CURVE('',#8983,#8983,#8984,.T.);
#7734=EDGE_CURVE('',#8985,#8985,#8986,.T.);
#7735=EDGE_CURVE('',#8987,#8988,#8989,.T.);
#7736=EDGE_CURVE('',#8987,#8988,#8990,.T.);
#7737=EDGE_CURVE('',#8991,#8991,#8992,.T.);
#7738=EDGE_CURVE('',#8993,#8993,#8994,.T.);
#7739=EDGE_CURVE('',#8995,#8996,#8997,.T.);
#7740=EDGE_CURVE('',#8995,#8996,#8998,.T.);
#7741=EDGE_CURVE('',#8999,#8999,#9000,.T.);
#7742=EDGE_CURVE('',#9001,#9001,#9002,.T.);
#7743=EDGE_CURVE('',#9003,#9003,#9004,.T.);
#7744=EDGE_CURVE('',#9005,#9005,#9006,.T.);
#7745=EDGE_CURVE('',#9007,#9007,#9008,.T.);
#7746=EDGE_CURVE('',#9009,#9009,#9010,.T.);
#7747=EDGE_CURVE('',#9011,#9011,#9012,.T.);
#7748=EDGE_CURVE('',#9013,#9013,#9014,.T.);
#7749=EDGE_CURVE('',#9015,#9015,#9016,.T.);
#7750=EDGE_CURVE('',#9017,#9017,#9018,.T.);
#7751=EDGE_CURVE('',#9019,#9019,#9020,.T.);
#7752=EDGE_CURVE('',#9021,#9021,#9022,.T.);
#7753=EDGE_CURVE('',#9023,#9023,#9024,.T.);
#7754=EDGE_CURVE('',#9025,#9025,#9026,.T.);
#7755=EDGE_CURVE('',#9027,#9027,#9028,.T.);
#7756=EDGE_CURVE('',#9029,#9029,#9030,.T.);
#7757=EDGE_CURVE('',#9031,#9031,#9032,.T.);
#7758=EDGE_CURVE('',#9033,#9033,#9034,.T.);
#7759=EDGE_CURVE('',#9035,#9035,#9036,.T.);
#7760=EDGE_CURVE('',#9037,#9037,#9038,.T.);
#7761=EDGE_CURVE('',#9039,#9039,#9040,.T.);
#7762=EDGE_CURVE('',#9041,#9041,#9042,.T.);
#7763=EDGE_CURVE('',#9043,#9043,#9044,.T.);
#7764=EDGE_CURVE('',#9045,#9045,#9046,.T.);
#7765=EDGE_CURVE('',#9047,#9047,#9048,.T.);
#7766=EDGE_CURVE('',#9049,#9049,#9050,.T.);
#7767=EDGE_CURVE('',#9051,#9051,#9052,.T.);
#7768=EDGE_CURVE('',#9053,#9053,#9054,.T.);
#7769=EDGE_CURVE('',#9055,#9055,#9056,.T.);
#7770=EDGE_CURVE('',#9057,#9057,#9058,.T.);
#7771=EDGE_CURVE('',#9059,#9059,#9060,.T.);
#7772=EDGE_CURVE('',#9061,#9061,#9062,.T.);
#7773=EDGE_CURVE('',#9063,#9063,#9064,.T.);
#7774=EDGE_CURVE('',#9065,#9065,#9066,.T.);
#7775=EDGE_CURVE('',#9067,#9067,#9068,.T.);
#7776=EDGE_CURVE('',#9069,#9069,#9070,.T.);
#7777=EDGE_CURVE('',#9071,#9071,#9072,.T.);
#7778=EDGE_CURVE('',#9073,#9073,#9074,.T.);
#7779=EDGE_CURVE('',#9075,#9075,#9076,.T.);
#7780=EDGE_CURVE('',#9077,#9077,#9078,.T.);
#7781=EDGE_CURVE('',#9079,#9079,#9080,.T.);
#7782=EDGE_CURVE('',#9081,#9081,#9082,.T.);
#7783=EDGE_CURVE('',#9083,#9083,#9084,.T.);
#7784=EDGE_CURVE('',#9085,#9085,#9086,.T.);
#7785=EDGE_CURVE('',#9087,#9087,#9088,.T.);
#7786=EDGE_CURVE('',#9089,#9089,#9090,.T.);
#7787=EDGE_CURVE('',#9091,#9091,#9092,.T.);
#7788=EDGE_CURVE('',#9093,#9093,#9094,.T.);
#7789=EDGE_CURVE('',#9095,#9095,#9096,.T.);
#7790=EDGE_CURVE('',#9097,#9097,#9098,.T.);
#7791=EDGE_CURVE('',#9099,#9099,#9100,.T.);
#7792=EDGE_CURVE('',#9101,#9101,#9102,.T.);
#7793=EDGE_CURVE('',#9103,#9103,#9104,.T.);
#7794=EDGE_CURVE('',#9105,#9105,#9106,.T.);
#7795=EDGE_CURVE('',#9107,#9107,#9108,.T.);
#7796=EDGE_CURVE('',#9109,#9109,#9110,.T.);
#7797=EDGE_CURVE('',#9111,#9111,#9112,.T.);
#7798=EDGE_CURVE('',#9113,#9113,#9114,.T.);
#7799=EDGE_CURVE('',#9115,#9115,#9116,.T.);
#7800=EDGE_CURVE('',#9117,#9117,#9118,.T.);
#7801=EDGE_CURVE('',#9119,#9119,#9120,.T.);
#7802=EDGE_CURVE('',#9121,#9121,#9122,.T.);
#7803=EDGE_CURVE('',#9123,#9123,#9124,.T.);
#7804=EDGE_CURVE('',#9125,#9125,#9126,.T.);
#7805=EDGE_CURVE('',#9127,#9127,#9128,.T.);
#7806=EDGE_CURVE('',#9129,#9129,#9130,.T.);
#7807=EDGE_CURVE('',#9131,#9131,#9132,.T.);
#7808=EDGE_CURVE('',#9133,#9133,#9134,.T.);
#7809=EDGE_CURVE('',#9135,#9135,#9136,.T.);
#7810=EDGE_CURVE('',#9137,#9137,#9138,.T.);
#7811=EDGE_CURVE('',#9139,#9139,#9140,.T.);
#7812=EDGE_CURVE('',#9141,#9141,#9142,.T.);
#7813=EDGE_CURVE('',#9143,#9143,#9144,.T.);
#7814=EDGE_CURVE('',#9145,#9145,#9146,.T.);
#7815=EDGE_CURVE('',#9147,#9147,#9148,.T.);
#7816=EDGE_CURVE('',#9149,#9149,#9150,.T.);
#7817=EDGE_CURVE('',#9151,#9151,#9152,.T.);
#7818=EDGE_CURVE('',#9153,#9153,#9154,.T.);
#7819=EDGE_CURVE('',#9155,#9155,#9156,.T.);
#7820=EDGE_CURVE('',#9157,#9157,#9158,.T.);
#7821=EDGE_CURVE('',#9159,#9159,#9160,.T.);
#7822=EDGE_CURVE('',#9161,#9161,#9162,.T.);
#7823=EDGE_CURVE('',#9163,#9163,#9164,.T.);
#7824=EDGE_CURVE('',#9165,#9165,#9166,.T.);
#7825=EDGE_CURVE('',#9167,#9167,#9168,.T.);
#7826=EDGE_CURVE('',#9169,#9169,#9170,.T.);
#7827=EDGE_CURVE('',#9171,#9171,#9172,.T.);
#7828=EDGE_CURVE('',#9173,#9173,#9174,.T.);
#7829=EDGE_CURVE('',#9175,#9175,#9176,.T.);
#7830=EDGE_CURVE('',#9177,#9177,#9178,.T.);
#7831=EDGE_CURVE('',#9179,#9179,#9180,.T.);
#7832=EDGE_CURVE('',#9181,#9181,#9182,.T.);
#7833=EDGE_CURVE('',#9183,#9183,#9184,.T.);
#7834=EDGE_CURVE('',#9185,#9185,#9186,.T.);
#7835=EDGE_CURVE('',#9187,#9187,#9188,.T.);
#7836=EDGE_CURVE('',#9189,#9189,#9190,.T.);
#7837=EDGE_CURVE('',#9191,#9191,#9192,.T.);
#7838=EDGE_CURVE('',#9193,#9193,#9194,.T.);
#7839=EDGE_CURVE('',#9195,#9195,#9196,.T.);
#7840=EDGE_CURVE('',#9197,#9197,#9198,.T.);
#7841=EDGE_CURVE('',#9199,#9199,#9200,.T.);
#7842=EDGE_CURVE('',#9201,#9201,#9202,.T.);
#7843=EDGE_CURVE('',#9203,#9203,#9204,.T.);
#7844=EDGE_CURVE('',#9205,#9205,#9206,.T.);
#7845=EDGE_CURVE('',#9207,#9207,#9208,.T.);
#7846=EDGE_CURVE('',#9209,#9209,#9210,.T.);
#7847=EDGE_CURVE('',#9211,#9211,#9212,.T.);
#7848=EDGE_CURVE('',#9213,#9214,#9215,.T.);
#7849=EDGE_CURVE('',#9216,#9213,#9217,.T.);
#7850=EDGE_CURVE('',#9216,#9214,#9218,.T.);
#7851=EDGE_CURVE('',#9219,#9220,#9221,.T.);
#7852=EDGE_CURVE('',#9219,#9220,#9222,.T.);
#7853=EDGE_CURVE('',#9223,#9224,#9225,.T.);
#7854=EDGE_CURVE('',#9223,#9224,#9226,.T.);
#7855=EDGE_CURVE('',#9227,#9227,#9228,.T.);
#7856=EDGE_CURVE('',#9229,#9229,#9230,.T.);
#7857=EDGE_CURVE('',#9231,#9231,#9232,.T.);
#7858=EDGE_CURVE('',#9233,#9233,#9234,.T.);
#7859=EDGE_CURVE('',#9235,#9235,#9236,.T.);
#7860=EDGE_CURVE('',#9237,#9237,#9238,.T.);
#7861=EDGE_CURVE('',#9239,#9239,#9240,.T.);
#7862=EDGE_CURVE('',#9241,#9241,#9242,.T.);
#7863=EDGE_CURVE('',#9243,#9243,#9244,.T.);
#7864=EDGE_CURVE('',#9245,#9245,#9246,.T.);
#7865=EDGE_CURVE('',#9247,#9247,#9248,.T.);
#7866=EDGE_CURVE('',#9249,#9250,#9251,.T.);
#7867=EDGE_CURVE('',#9249,#9250,#9252,.T.);
#7868=EDGE_CURVE('',#9253,#9253,#9254,.T.);
#7869=EDGE_CURVE('',#9255,#9255,#9256,.T.);
#7870=EDGE_CURVE('',#9257,#9257,#9258,.T.);
#7871=EDGE_CURVE('',#9259,#9259,#9260,.T.);
#7872=EDGE_CURVE('',#9261,#9261,#9262,.T.);
#7873=EDGE_CURVE('',#9263,#9263,#9264,.T.);
#7874=EDGE_CURVE('',#9265,#9265,#9266,.T.);
#7875=EDGE_CURVE('',#9267,#9267,#9268,.T.);
#7876=EDGE_CURVE('',#9269,#9269,#9270,.T.);
#7877=EDGE_CURVE('',#9271,#9271,#9272,.T.);
#7878=EDGE_CURVE('',#9273,#9273,#9274,.T.);
#7879=EDGE_CURVE('',#9275,#9275,#9276,.T.);
#7880=EDGE_CURVE('',#9277,#9277,#9278,.T.);
#7881=EDGE_CURVE('',#9279,#9279,#9280,.T.);
#7882=EDGE_CURVE('',#9281,#9281,#9282,.T.);
#7883=EDGE_CURVE('',#9283,#9283,#9284,.T.);
#7884=EDGE_CURVE('',#9285,#9285,#9286,.T.);
#7885=EDGE_CURVE('',#9287,#9287,#9288,.T.);
#7886=EDGE_CURVE('',#9289,#9289,#9290,.T.);
#7887=EDGE_CURVE('',#9291,#9291,#9292,.T.);
#7888=EDGE_CURVE('',#9293,#9294,#9295,.F.);
#7889=EDGE_CURVE('',#9296,#9293,#9297,.T.);
#7890=EDGE_CURVE('',#9296,#9298,#9299,.T.);
#7891=EDGE_CURVE('',#9300,#9298,#9301,.T.);
#7892=EDGE_CURVE('',#9300,#9302,#9303,.T.);
#7893=EDGE_CURVE('',#9304,#9302,#9305,.T.);
#7894=EDGE_CURVE('',#9304,#9306,#9307,.T.);
#7895=EDGE_CURVE('',#9294,#9306,#9308,.T.);
#7896=EDGE_CURVE('',#9309,#9249,#9310,.F.);
#7897=EDGE_CURVE('',#9311,#9309,#9312,.F.);
#7898=EDGE_CURVE('',#9250,#9311,#9313,.T.);
#7899=EDGE_CURVE('',#9314,#9223,#9315,.F.);
#7900=EDGE_CURVE('',#9316,#9314,#9317,.F.);
#7901=EDGE_CURVE('',#9224,#9316,#9318,.T.);
#7902=EDGE_CURVE('',#9319,#9219,#9320,.F.);
#7903=EDGE_CURVE('',#9321,#9319,#9322,.F.);
#7904=EDGE_CURVE('',#9220,#9321,#9323,.T.);
#7905=EDGE_CURVE('',#9324,#9216,#9325,.F.);
#7906=EDGE_CURVE('',#9326,#9324,#9327,.F.);
#7907=EDGE_CURVE('',#9214,#9326,#9328,.T.);
#7908=EDGE_CURVE('',#9329,#8995,#9330,.F.);
#7909=EDGE_CURVE('',#9331,#9329,#9332,.F.);
#7910=EDGE_CURVE('',#8996,#9331,#9333,.T.);
#7911=EDGE_CURVE('',#9334,#8527,#9335,.F.);
#7912=EDGE_CURVE('',#9336,#9334,#9337,.F.);
#7913=EDGE_CURVE('',#8530,#9336,#9338,.F.);
#7914=EDGE_CURVE('',#9339,#8532,#9340,.F.);
#7915=EDGE_CURVE('',#9341,#9339,#9342,.F.);
#7916=EDGE_CURVE('',#8534,#9341,#9343,.T.);
#7917=EDGE_CURVE('',#9344,#8987,#9345,.F.);
#7918=EDGE_CURVE('',#9346,#9344,#9347,.F.);
#7919=EDGE_CURVE('',#8988,#9346,#9348,.T.);
#7920=EDGE_CURVE('',#9349,#8979,#9350,.F.);
#7921=EDGE_CURVE('',#9351,#9349,#9352,.F.);
#7922=EDGE_CURVE('',#8980,#9351,#9353,.T.);
#7923=EDGE_CURVE('',#9354,#8975,#9355,.F.);
#7924=EDGE_CURVE('',#9356,#9354,#9357,.F.);
#7925=EDGE_CURVE('',#8976,#9356,#9358,.T.);
#7926=EDGE_CURVE('',#9359,#8963,#9360,.F.);
#7927=EDGE_CURVE('',#9361,#9359,#9362,.F.);
#7928=EDGE_CURVE('',#8964,#9361,#9363,.T.);
#7929=EDGE_CURVE('',#9364,#8959,#9365,.F.);
#7930=EDGE_CURVE('',#9366,#9364,#9367,.F.);
#7931=EDGE_CURVE('',#8960,#9366,#9368,.T.);
#7932=EDGE_CURVE('',#9369,#8955,#9370,.F.);
#7933=EDGE_CURVE('',#9371,#9369,#9372,.F.);
#7934=EDGE_CURVE('',#8956,#9371,#9373,.T.);
#7935=EDGE_CURVE('',#9374,#8947,#9375,.F.);
#7936=EDGE_CURVE('',#9376,#9374,#9377,.F.);
#7937=EDGE_CURVE('',#8948,#9376,#9378,.T.);
#7938=EDGE_CURVE('',#9379,#8939,#9380,.F.);
#7939=EDGE_CURVE('',#9381,#9379,#9382,.F.);
#7940=EDGE_CURVE('',#8940,#9381,#9383,.T.);
#7941=EDGE_CURVE('',#9384,#8931,#9385,.F.);
#7942=EDGE_CURVE('',#9386,#9384,#9387,.F.);
#7943=EDGE_CURVE('',#8932,#9386,#9388,.T.);
#7944=EDGE_CURVE('',#8910,#9389,#9390,.T.);
#7945=EDGE_CURVE('',#9391,#8909,#9392,.F.);
#7946=EDGE_CURVE('',#9389,#9391,#9393,.F.);
#7947=EDGE_CURVE('',#8898,#9394,#9395,.T.);
#7948=EDGE_CURVE('',#9396,#8897,#9397,.F.);
#7949=EDGE_CURVE('',#9394,#9396,#9398,.F.);
#7950=EDGE_CURVE('',#8888,#9399,#9400,.T.);
#7951=EDGE_CURVE('',#9401,#8887,#9402,.F.);
#7952=EDGE_CURVE('',#9399,#9401,#9403,.F.);
#7953=EDGE_CURVE('',#8880,#9404,#9405,.T.);
#7954=EDGE_CURVE('',#9406,#8882,#9407,.F.);
#7955=EDGE_CURVE('',#9404,#9406,#9408,.F.);
#7956=EDGE_CURVE('',#9409,#8869,#9410,.F.);
#7957=EDGE_CURVE('',#9411,#9409,#9412,.F.);
#7958=EDGE_CURVE('',#8870,#9411,#9413,.T.);
#7959=EDGE_CURVE('',#9414,#8859,#9415,.F.);
#7960=EDGE_CURVE('',#9416,#9414,#9417,.F.);
#7961=EDGE_CURVE('',#8860,#9416,#9418,.T.);
#7962=EDGE_CURVE('',#9419,#8849,#9420,.F.);
#7963=EDGE_CURVE('',#9421,#9419,#9422,.F.);
#7964=EDGE_CURVE('',#8850,#9421,#9423,.T.);
#7965=EDGE_CURVE('',#9424,#8695,#9425,.F.);
#7966=EDGE_CURVE('',#9426,#9424,#9427,.F.);
#7967=EDGE_CURVE('',#8696,#9426,#9428,.T.);
#7968=EDGE_CURVE('',#9429,#8681,#9430,.F.);
#7969=EDGE_CURVE('',#9431,#9429,#9432,.F.);
#7970=EDGE_CURVE('',#8682,#9431,#9433,.T.);
#7971=EDGE_CURVE('',#8686,#9434,#9435,.T.);
#7972=EDGE_CURVE('',#9436,#8684,#9437,.F.);
#7973=EDGE_CURVE('',#9434,#9436,#9438,.F.);
#7974=EDGE_CURVE('',#9439,#9296,#9440,.F.);
#7975=EDGE_CURVE('',#9441,#9439,#9442,.F.);
#7976=EDGE_CURVE('',#9298,#9441,#9443,.T.);
#7977=EDGE_CURVE('',#9306,#9444,#9445,.T.);
#7978=EDGE_CURVE('',#9446,#9304,#9447,.F.);
#7979=EDGE_CURVE('',#9444,#9446,#9448,.F.);
#7980=EDGE_CURVE('',#9302,#9449,#9450,.T.);
#7981=EDGE_CURVE('',#9451,#9300,#9452,.F.);
#7982=EDGE_CURVE('',#9449,#9451,#9453,.F.);
#7983=EDGE_CURVE('',#9454,#8677,#9455,.F.);
#7984=EDGE_CURVE('',#9456,#9454,#9457,.F.);
#7985=EDGE_CURVE('',#8678,#9456,#9458,.T.);
#7986=EDGE_CURVE('',#9459,#8667,#9460,.F.);
#7987=EDGE_CURVE('',#9461,#9459,#9462,.F.);
#7988=EDGE_CURVE('',#8668,#9461,#9463,.T.);
#7989=EDGE_CURVE('',#9464,#8661,#9465,.F.);
#7990=EDGE_CURVE('',#9466,#9464,#9467,.F.);
#7991=EDGE_CURVE('',#8662,#9466,#9468,.T.);
#7992=EDGE_CURVE('',#9469,#8651,#9470,.F.);
#7993=EDGE_CURVE('',#9471,#9469,#9472,.F.);
#7994=EDGE_CURVE('',#8652,#9471,#9473,.T.);
#7995=EDGE_CURVE('',#9474,#8647,#9475,.F.);
#7996=EDGE_CURVE('',#9476,#9474,#9477,.F.);
#7997=EDGE_CURVE('',#8648,#9476,#9478,.T.);
#7998=EDGE_CURVE('',#8640,#9479,#9480,.T.);
#7999=EDGE_CURVE('',#9481,#8639,#9482,.F.);
#8000=EDGE_CURVE('',#9479,#9481,#9483,.F.);
#8001=EDGE_CURVE('',#8632,#9484,#9485,.T.);
#8002=EDGE_CURVE('',#9486,#8631,#9487,.F.);
#8003=EDGE_CURVE('',#9484,#9486,#9488,.F.);
#8004=EDGE_CURVE('',#9489,#8625,#9490,.F.);
#8005=EDGE_CURVE('',#9491,#9489,#9492,.F.);
#8006=EDGE_CURVE('',#8626,#9491,#9493,.T.);
#8007=EDGE_CURVE('',#9494,#8619,#9495,.F.);
#8008=EDGE_CURVE('',#9496,#9494,#9497,.F.);
#8009=EDGE_CURVE('',#8620,#9496,#9498,.T.);
#8010=EDGE_CURVE('',#9499,#8609,#9500,.F.);
#8011=EDGE_CURVE('',#9501,#9499,#9502,.F.);
#8012=EDGE_CURVE('',#8610,#9501,#9503,.T.);
#8013=EDGE_CURVE('',#9504,#8601,#9505,.F.);
#8014=EDGE_CURVE('',#9506,#9504,#9507,.F.);
#8015=EDGE_CURVE('',#8602,#9506,#9508,.T.);
#8016=EDGE_CURVE('',#8597,#9509,#9510,.T.);
#8017=EDGE_CURVE('',#9511,#8598,#9512,.F.);
#8018=EDGE_CURVE('',#9509,#9511,#9513,.F.);
#8019=EDGE_CURVE('',#9514,#8585,#9515,.F.);
#8020=EDGE_CURVE('',#9516,#9514,#9517,.F.);
#8021=EDGE_CURVE('',#8586,#9516,#9518,.T.);
#8022=EDGE_CURVE('',#8578,#9519,#9520,.T.);
#8023=EDGE_CURVE('',#9521,#8577,#9522,.F.);
#8024=EDGE_CURVE('',#9519,#9521,#9523,.F.);
#8025=EDGE_CURVE('',#9524,#8573,#9525,.F.);
#8026=EDGE_CURVE('',#9526,#9524,#9527,.F.);
#8027=EDGE_CURVE('',#8574,#9526,#9528,.T.);
#8028=EDGE_CURVE('',#9529,#8565,#9530,.F.);
#8029=EDGE_CURVE('',#9531,#9529,#9532,.F.);
#8030=EDGE_CURVE('',#8566,#9531,#9533,.T.);
#8031=EDGE_CURVE('',#9534,#9504,#9535,.F.);
#8032=EDGE_CURVE('',#9399,#9534,#9536,.F.);
#8033=EDGE_CURVE('',#9537,#9401,#9538,.F.);
#8034=EDGE_CURVE('',#9496,#9537,#9539,.F.);
#8035=EDGE_CURVE('',#9501,#9494,#9540,.F.);
#8036=EDGE_CURVE('',#9541,#9499,#9542,.F.);
#8037=EDGE_CURVE('',#9516,#9541,#9543,.F.);
#8038=EDGE_CURVE('',#9509,#9514,#9544,.F.);
#8039=EDGE_CURVE('',#9506,#9511,#9545,.F.);
#8040=EDGE_CURVE('',#9546,#9546,#9547,.F.);
#8041=EDGE_CURVE('',#9548,#9339,#9549,.F.);
#8042=EDGE_CURVE('',#9441,#9548,#9550,.T.);
#8043=EDGE_CURVE('',#9431,#9439,#9551,.T.);
#8044=EDGE_CURVE('',#9341,#9429,#9552,.T.);
#8045=EDGE_CURVE('',#9553,#9554,#9555,.F.);
#8046=EDGE_CURVE('',#9556,#9553,#9557,.T.);
#8047=EDGE_CURVE('',#9321,#9556,#9558,.T.);
#8048=EDGE_CURVE('',#9559,#9319,#9560,.T.);
#8049=EDGE_CURVE('',#9561,#9559,#9562,.T.);
#8050=EDGE_CURVE('',#9316,#9561,#9563,.T.);
#8051=EDGE_CURVE('',#9356,#9314,#9564,.T.);
#8052=EDGE_CURVE('',#9565,#9354,#9566,.T.);
#8053=EDGE_CURVE('',#9434,#9565,#9567,.T.);
#8054=EDGE_CURVE('',#9554,#9436,#9568,.F.);
#8055=EDGE_CURVE('',#9444,#9359,#9569,.T.);
#8056=EDGE_CURVE('',#9371,#9446,#9570,.T.);
#8057=EDGE_CURVE('',#9326,#9369,#9571,.T.);
#8058=EDGE_CURVE('',#9572,#9324,#9573,.T.);
#8059=EDGE_CURVE('',#9361,#9572,#9574,.T.);
#8060=EDGE_CURVE('',#9449,#9575,#9576,.T.);
#8061=EDGE_CURVE('',#9575,#9451,#9577,.T.);
#8062=EDGE_CURVE('',#9578,#9579,#9580,.T.);
#8063=EDGE_CURVE('',#9578,#9581,#9582,.T.);
#8064=EDGE_CURVE('',#9581,#9583,#9584,.T.);
#8065=EDGE_CURVE('',#9579,#9583,#9585,.T.);
#8066=EDGE_CURVE('',#9586,#9586,#9587,.F.);
#8067=EDGE_CURVE('',#9588,#9588,#9589,.F.);
#8068=EDGE_CURVE('',#9590,#9590,#9591,.F.);
#8069=EDGE_CURVE('',#9592,#9592,#9593,.F.);
#8070=EDGE_CURVE('',#9594,#9594,#9595,.F.);
#8071=EDGE_CURVE('',#9596,#9596,#9597,.F.);
#8072=EDGE_CURVE('',#9598,#9598,#9599,.F.);
#8073=EDGE_CURVE('',#9600,#9600,#9601,.F.);
#8074=EDGE_CURVE('',#9602,#9602,#9603,.F.);
#8075=EDGE_CURVE('',#9604,#9604,#9605,.F.);
#8076=EDGE_CURVE('',#9606,#9606,#9607,.F.);
#8077=EDGE_CURVE('',#9608,#9608,#9609,.F.);
#8078=EDGE_CURVE('',#9610,#9610,#9611,.F.);
#8079=EDGE_CURVE('',#9612,#9612,#9613,.F.);
#8080=EDGE_CURVE('',#9614,#9614,#9615,.F.);
#8081=EDGE_CURVE('',#9616,#9616,#9617,.F.);
#8082=EDGE_CURVE('',#9618,#9618,#9619,.F.);
#8083=EDGE_CURVE('',#9620,#9620,#9621,.F.);
#8084=EDGE_CURVE('',#9622,#9622,#9623,.F.);
#8085=EDGE_CURVE('',#9624,#9624,#9625,.F.);
#8086=EDGE_CURVE('',#9626,#9626,#9627,.F.);
#8087=EDGE_CURVE('',#9628,#9628,#9629,.F.);
#8088=EDGE_CURVE('',#9630,#9630,#9631,.F.);
#8089=EDGE_CURVE('',#9632,#9632,#9633,.F.);
#8090=EDGE_CURVE('',#9634,#9634,#9635,.F.);
#8091=EDGE_CURVE('',#9636,#9636,#9637,.F.);
#8092=EDGE_CURVE('',#9638,#9638,#9639,.F.);
#8093=EDGE_CURVE('',#9640,#9640,#9641,.F.);
#8094=EDGE_CURVE('',#9642,#9642,#9643,.F.);
#8095=EDGE_CURVE('',#9644,#9644,#9645,.F.);
#8096=EDGE_CURVE('',#9646,#9646,#9647,.F.);
#8097=EDGE_CURVE('',#9648,#9648,#9649,.F.);
#8098=EDGE_CURVE('',#9650,#9650,#9651,.F.);
#8099=EDGE_CURVE('',#9652,#9652,#9653,.F.);
#8100=EDGE_CURVE('',#9654,#9654,#9655,.F.);
#8101=EDGE_CURVE('',#9656,#9656,#9657,.F.);
#8102=EDGE_CURVE('',#9658,#9658,#9659,.F.);
#8103=EDGE_CURVE('',#9660,#9660,#9661,.F.);
#8104=EDGE_CURVE('',#9662,#9662,#9663,.F.);
#8105=EDGE_CURVE('',#9664,#9664,#9665,.F.);
#8106=EDGE_CURVE('',#9666,#9666,#9667,.F.);
#8107=EDGE_CURVE('',#9668,#9668,#9669,.F.);
#8108=EDGE_CURVE('',#9670,#9670,#9671,.F.);
#8109=EDGE_CURVE('',#9672,#9672,#9673,.F.);
#8110=EDGE_CURVE('',#9674,#9674,#9675,.F.);
#8111=EDGE_CURVE('',#9676,#9676,#9677,.F.);
#8112=EDGE_CURVE('',#9678,#9678,#9679,.F.);
#8113=EDGE_CURVE('',#9680,#9680,#9681,.F.);
#8114=EDGE_CURVE('',#9682,#9682,#9683,.F.);
#8115=EDGE_CURVE('',#9684,#9684,#9685,.F.);
#8116=EDGE_CURVE('',#9686,#9686,#9687,.F.);
#8117=EDGE_CURVE('',#9688,#9688,#9689,.F.);
#8118=EDGE_CURVE('',#9690,#9690,#9691,.F.);
#8119=EDGE_CURVE('',#9692,#9692,#9693,.F.);
#8120=EDGE_CURVE('',#9694,#9694,#9695,.F.);
#8121=EDGE_CURVE('',#9696,#9696,#9697,.F.);
#8122=EDGE_CURVE('',#9698,#9698,#9699,.F.);
#8123=EDGE_CURVE('',#9700,#9700,#9701,.F.);
#8124=EDGE_CURVE('',#9702,#9702,#9703,.F.);
#8125=EDGE_CURVE('',#9704,#9704,#9705,.F.);
#8126=EDGE_CURVE('',#9706,#9706,#9707,.F.);
#8127=EDGE_CURVE('',#9708,#9708,#9709,.F.);
#8128=EDGE_CURVE('',#9710,#9710,#9711,.F.);
#8129=EDGE_CURVE('',#9712,#9712,#9713,.F.);
#8130=EDGE_CURVE('',#9714,#9714,#9715,.F.);
#8131=EDGE_CURVE('',#9716,#9716,#9717,.F.);
#8132=EDGE_CURVE('',#9718,#9718,#9719,.F.);
#8133=EDGE_CURVE('',#9720,#9720,#9721,.F.);
#8134=EDGE_CURVE('',#9722,#9722,#9723,.F.);
#8135=EDGE_CURVE('',#9724,#9724,#9725,.F.);
#8136=EDGE_CURVE('',#9726,#9726,#9727,.F.);
#8137=EDGE_CURVE('',#9728,#9728,#9729,.F.);
#8138=EDGE_CURVE('',#9730,#9730,#9731,.F.);
#8139=EDGE_CURVE('',#9732,#9732,#9733,.F.);
#8140=EDGE_CURVE('',#9734,#9734,#9735,.F.);
#8141=EDGE_CURVE('',#9736,#9736,#9737,.F.);
#8142=EDGE_CURVE('',#9738,#9738,#9739,.F.);
#8143=EDGE_CURVE('',#9740,#9740,#9741,.F.);
#8144=EDGE_CURVE('',#9742,#9742,#9743,.F.);
#8145=EDGE_CURVE('',#9744,#9744,#9745,.F.);
#8146=EDGE_CURVE('',#9746,#9746,#9747,.F.);
#8147=EDGE_CURVE('',#9748,#9748,#9749,.F.);
#8148=EDGE_CURVE('',#9750,#9750,#9751,.F.);
#8149=EDGE_CURVE('',#9752,#9752,#9753,.F.);
#8150=EDGE_CURVE('',#9754,#9754,#9755,.F.);
#8151=EDGE_CURVE('',#9756,#9756,#9757,.F.);
#8152=EDGE_CURVE('',#9758,#9758,#9759,.F.);
#8153=EDGE_CURVE('',#9760,#9760,#9761,.F.);
#8154=EDGE_CURVE('',#9762,#9762,#9763,.F.);
#8155=EDGE_CURVE('',#9764,#9764,#9765,.F.);
#8156=EDGE_CURVE('',#9766,#9766,#9767,.F.);
#8157=EDGE_CURVE('',#9768,#9768,#9769,.F.);
#8158=EDGE_CURVE('',#9770,#9770,#9771,.F.);
#8159=EDGE_CURVE('',#9772,#9772,#9773,.F.);
#8160=EDGE_CURVE('',#9774,#9774,#9775,.F.);
#8161=EDGE_CURVE('',#9776,#9776,#9777,.F.);
#8162=EDGE_CURVE('',#9778,#9778,#9779,.F.);
#8163=EDGE_CURVE('',#9780,#9780,#9781,.F.);
#8164=EDGE_CURVE('',#9782,#9782,#9783,.F.);
#8165=EDGE_CURVE('',#9784,#9784,#9785,.F.);
#8166=EDGE_CURVE('',#9786,#9786,#9787,.F.);
#8167=EDGE_CURVE('',#9788,#9788,#9789,.F.);
#8168=EDGE_CURVE('',#9790,#9790,#9791,.F.);
#8169=EDGE_CURVE('',#9792,#9792,#9793,.F.);
#8170=EDGE_CURVE('',#9794,#9794,#9795,.F.);
#8171=EDGE_CURVE('',#9796,#9796,#9797,.F.);
#8172=EDGE_CURVE('',#9798,#9798,#9799,.F.);
#8173=EDGE_CURVE('',#9800,#9800,#9801,.F.);
#8174=EDGE_CURVE('',#9802,#9802,#9803,.F.);
#8175=EDGE_CURVE('',#9804,#9804,#9805,.F.);
#8176=EDGE_CURVE('',#9806,#9806,#9807,.F.);
#8177=EDGE_CURVE('',#9808,#9808,#9809,.F.);
#8178=EDGE_CURVE('',#9810,#9810,#9811,.F.);
#8179=EDGE_CURVE('',#9812,#9812,#9813,.F.);
#8180=EDGE_CURVE('',#9814,#9814,#9815,.F.);
#8181=EDGE_CURVE('',#9816,#9816,#9817,.F.);
#8182=EDGE_CURVE('',#9818,#9818,#9819,.F.);
#8183=EDGE_CURVE('',#9820,#9820,#9821,.F.);
#8184=EDGE_CURVE('',#9822,#9822,#9823,.F.);
#8185=EDGE_CURVE('',#9824,#9824,#9825,.F.);
#8186=EDGE_CURVE('',#9826,#9826,#9827,.F.);
#8187=EDGE_CURVE('',#9828,#9828,#9829,.F.);
#8188=EDGE_CURVE('',#9830,#9830,#9831,.F.);
#8189=EDGE_CURVE('',#9832,#9832,#9833,.F.);
#8190=EDGE_CURVE('',#9834,#9834,#9835,.F.);
#8191=EDGE_CURVE('',#9836,#9836,#9837,.F.);
#8192=EDGE_CURVE('',#9838,#9838,#9839,.F.);
#8193=EDGE_CURVE('',#9840,#9840,#9841,.F.);
#8194=EDGE_CURVE('',#9842,#9842,#9843,.F.);
#8195=EDGE_CURVE('',#9844,#9844,#9845,.F.);
#8196=EDGE_CURVE('',#9846,#9846,#9847,.F.);
#8197=EDGE_CURVE('',#9848,#9848,#9849,.F.);
#8198=EDGE_CURVE('',#9850,#9850,#9851,.F.);
#8199=EDGE_CURVE('',#9852,#9852,#9853,.F.);
#8200=EDGE_CURVE('',#9854,#9854,#9855,.F.);
#8201=EDGE_CURVE('',#9856,#9856,#9857,.F.);
#8202=EDGE_CURVE('',#9858,#9858,#9859,.F.);
#8203=EDGE_CURVE('',#9860,#9860,#9861,.F.);
#8204=EDGE_CURVE('',#9862,#9862,#9863,.F.);
#8205=EDGE_CURVE('',#9864,#9864,#9865,.F.);
#8206=EDGE_CURVE('',#9866,#9866,#9867,.F.);
#8207=EDGE_CURVE('',#9868,#9868,#9869,.F.);
#8208=EDGE_CURVE('',#9870,#9870,#9871,.F.);
#8209=EDGE_CURVE('',#9872,#9872,#9873,.F.);
#8210=EDGE_CURVE('',#9874,#9874,#9875,.F.);
#8211=EDGE_CURVE('',#9876,#9876,#9877,.F.);
#8212=EDGE_CURVE('',#9878,#9878,#9879,.F.);
#8213=EDGE_CURVE('',#9880,#9880,#9881,.F.);
#8214=EDGE_CURVE('',#9882,#9882,#9883,.F.);
#8215=EDGE_CURVE('',#9884,#9884,#9885,.F.);
#8216=EDGE_CURVE('',#9886,#9886,#9887,.F.);
#8217=EDGE_CURVE('',#9888,#9888,#9889,.F.);
#8218=EDGE_CURVE('',#9890,#9890,#9891,.F.);
#8219=EDGE_CURVE('',#9892,#9892,#9893,.F.);
#8220=EDGE_CURVE('',#9894,#9894,#9895,.F.);
#8221=EDGE_CURVE('',#9896,#9896,#9897,.F.);
#8222=EDGE_CURVE('',#9898,#9898,#9899,.F.);
#8223=EDGE_CURVE('',#9900,#9900,#9901,.F.);
#8224=EDGE_CURVE('',#9902,#9902,#9903,.F.);
#8225=EDGE_CURVE('',#9904,#9904,#9905,.F.);
#8226=EDGE_CURVE('',#9906,#9906,#9907,.F.);
#8227=EDGE_CURVE('',#9908,#9908,#9909,.F.);
#8228=EDGE_CURVE('',#9910,#9910,#9911,.F.);
#8229=EDGE_CURVE('',#9912,#9912,#9913,.F.);
#8230=EDGE_CURVE('',#9914,#9914,#9915,.F.);
#8231=EDGE_CURVE('',#9916,#9916,#9917,.F.);
#8232=EDGE_CURVE('',#9918,#9918,#9919,.F.);
#8233=EDGE_CURVE('',#9920,#9920,#9921,.F.);
#8234=EDGE_CURVE('',#9922,#9922,#9923,.F.);
#8235=EDGE_CURVE('',#9924,#9924,#9925,.F.);
#8236=EDGE_CURVE('',#9926,#9926,#9927,.F.);
#8237=EDGE_CURVE('',#9928,#9928,#9929,.F.);
#8238=EDGE_CURVE('',#9930,#9930,#9931,.F.);
#8239=EDGE_CURVE('',#9932,#9932,#9933,.F.);
#8240=EDGE_CURVE('',#9934,#9934,#9935,.F.);
#8241=EDGE_CURVE('',#9936,#9936,#9937,.F.);
#8242=EDGE_CURVE('',#9938,#9938,#9939,.F.);
#8243=EDGE_CURVE('',#9940,#9940,#9941,.F.);
#8244=EDGE_CURVE('',#9942,#9942,#9943,.F.);
#8245=EDGE_CURVE('',#9944,#9944,#9945,.F.);
#8246=EDGE_CURVE('',#9946,#9946,#9947,.F.);
#8247=EDGE_CURVE('',#9948,#9948,#9949,.F.);
#8248=EDGE_CURVE('',#9950,#9950,#9951,.F.);
#8249=EDGE_CURVE('',#9952,#9952,#9953,.F.);
#8250=EDGE_CURVE('',#9954,#9954,#9955,.F.);
#8251=EDGE_CURVE('',#9956,#9956,#9957,.F.);
#8252=EDGE_CURVE('',#9958,#9958,#9959,.F.);
#8253=EDGE_CURVE('',#9960,#9960,#9961,.F.);
#8254=EDGE_CURVE('',#9962,#9962,#9963,.F.);
#8255=EDGE_CURVE('',#9964,#9964,#9965,.F.);
#8256=EDGE_CURVE('',#9966,#9966,#9967,.F.);
#8257=EDGE_CURVE('',#9968,#9968,#9969,.F.);
#8258=EDGE_CURVE('',#9970,#9970,#9971,.F.);
#8259=EDGE_CURVE('',#9972,#9972,#9973,.F.);
#8260=EDGE_CURVE('',#9974,#9974,#9975,.F.);
#8261=EDGE_CURVE('',#9976,#9976,#9977,.F.);
#8262=EDGE_CURVE('',#9978,#9978,#9979,.F.);
#8263=EDGE_CURVE('',#9980,#9980,#9981,.F.);
#8264=EDGE_CURVE('',#9982,#9982,#9983,.F.);
#8265=EDGE_CURVE('',#9984,#9984,#9985,.F.);
#8266=EDGE_CURVE('',#9986,#9986,#9987,.F.);
#8267=EDGE_CURVE('',#9988,#9988,#9989,.F.);
#8268=EDGE_CURVE('',#9990,#9990,#9991,.F.);
#8269=EDGE_CURVE('',#9992,#9992,#9993,.F.);
#8270=EDGE_CURVE('',#9994,#9994,#9995,.F.);
#8271=EDGE_CURVE('',#9996,#9996,#9997,.F.);
#8272=EDGE_CURVE('',#9998,#9998,#9999,.F.);
#8273=EDGE_CURVE('',#10000,#10000,#10001,.F.);
#8274=EDGE_CURVE('',#10002,#10002,#10003,.F.);
#8275=EDGE_CURVE('',#10004,#10004,#10005,.F.);
#8276=EDGE_CURVE('',#10006,#10006,#10007,.F.);
#8277=EDGE_CURVE('',#10008,#10008,#10009,.F.);
#8278=EDGE_CURVE('',#10010,#10010,#10011,.F.);
#8279=EDGE_CURVE('',#10012,#10012,#10013,.F.);
#8280=EDGE_CURVE('',#10014,#10014,#10015,.F.);
#8281=EDGE_CURVE('',#10016,#10016,#10017,.F.);
#8282=EDGE_CURVE('',#10018,#10018,#10019,.F.);
#8283=EDGE_CURVE('',#10020,#10020,#10021,.F.);
#8284=EDGE_CURVE('',#10022,#10022,#10023,.F.);
#8285=EDGE_CURVE('',#10024,#10024,#10025,.F.);
#8286=EDGE_CURVE('',#10026,#10026,#10027,.F.);
#8287=EDGE_CURVE('',#10028,#10028,#10029,.F.);
#8288=EDGE_CURVE('',#10030,#10030,#10031,.F.);
#8289=EDGE_CURVE('',#10032,#10032,#10033,.F.);
#8290=EDGE_CURVE('',#10034,#10034,#10035,.F.);
#8291=EDGE_CURVE('',#10036,#10036,#10037,.F.);
#8292=EDGE_CURVE('',#10038,#10038,#10039,.F.);
#8293=EDGE_CURVE('',#10040,#10040,#10041,.F.);
#8294=EDGE_CURVE('',#10042,#10042,#10043,.F.);
#8295=EDGE_CURVE('',#10044,#10044,#10045,.F.);
#8296=EDGE_CURVE('',#10046,#10046,#10047,.F.);
#8297=EDGE_CURVE('',#10048,#10048,#10049,.F.);
#8298=EDGE_CURVE('',#10050,#10050,#10051,.F.);
#8299=EDGE_CURVE('',#10052,#10052,#10053,.F.);
#8300=EDGE_CURVE('',#10054,#10054,#10055,.F.);
#8301=EDGE_CURVE('',#10056,#10056,#10057,.F.);
#8302=EDGE_CURVE('',#10058,#10058,#10059,.F.);
#8303=EDGE_CURVE('',#10060,#10060,#10061,.F.);
#8304=EDGE_CURVE('',#10062,#10062,#10063,.F.);
#8305=EDGE_CURVE('',#10064,#10064,#10065,.F.);
#8306=EDGE_CURVE('',#10066,#10066,#10067,.F.);
#8307=EDGE_CURVE('',#10068,#10068,#10069,.F.);
#8308=EDGE_CURVE('',#10070,#10070,#10071,.F.);
#8309=EDGE_CURVE('',#10072,#10072,#10073,.F.);
#8310=EDGE_CURVE('',#10074,#10074,#10075,.F.);
#8311=EDGE_CURVE('',#10076,#10076,#10077,.F.);
#8312=EDGE_CURVE('',#10078,#10078,#10079,.F.);
#8313=EDGE_CURVE('',#10080,#10080,#10081,.F.);
#8314=EDGE_CURVE('',#10082,#10082,#10083,.F.);
#8315=EDGE_CURVE('',#10084,#10084,#10085,.F.);
#8316=EDGE_CURVE('',#10086,#10086,#10087,.F.);
#8317=EDGE_CURVE('',#10088,#10088,#10089,.F.);
#8318=EDGE_CURVE('',#10090,#10090,#10091,.F.);
#8319=EDGE_CURVE('',#10092,#10092,#10093,.F.);
#8320=EDGE_CURVE('',#10094,#10094,#10095,.F.);
#8321=EDGE_CURVE('',#10096,#10096,#10097,.F.);
#8322=EDGE_CURVE('',#10098,#10098,#10099,.F.);
#8323=EDGE_CURVE('',#10100,#10100,#10101,.F.);
#8324=EDGE_CURVE('',#10102,#10102,#10103,.F.);
#8325=EDGE_CURVE('',#10104,#10104,#10105,.F.);
#8326=EDGE_CURVE('',#10106,#10106,#10107,.F.);
#8327=EDGE_CURVE('',#10108,#10108,#10109,.F.);
#8328=EDGE_CURVE('',#10110,#10110,#10111,.F.);
#8329=EDGE_CURVE('',#10112,#10112,#10113,.F.);
#8330=EDGE_CURVE('',#10114,#10114,#10115,.F.);
#8331=EDGE_CURVE('',#10116,#10116,#10117,.F.);
#8332=EDGE_CURVE('',#10118,#10118,#10119,.F.);
#8333=EDGE_CURVE('',#10120,#10120,#10121,.F.);
#8334=EDGE_CURVE('',#10122,#10122,#10123,.F.);
#8335=EDGE_CURVE('',#10124,#10124,#10125,.F.);
#8336=EDGE_CURVE('',#10126,#10126,#10127,.F.);
#8337=EDGE_CURVE('',#10128,#10128,#10129,.F.);
#8338=EDGE_CURVE('',#10130,#10130,#10131,.F.);
#8339=EDGE_CURVE('',#10132,#10132,#10133,.F.);
#8340=EDGE_CURVE('',#10134,#10134,#10135,.F.);
#8341=EDGE_CURVE('',#10136,#10136,#10137,.F.);
#8342=EDGE_CURVE('',#10138,#10138,#10139,.F.);
#8343=EDGE_CURVE('',#10140,#10140,#10141,.F.);
#8344=EDGE_CURVE('',#10142,#10142,#10143,.F.);
#8345=EDGE_CURVE('',#10144,#10144,#10145,.F.);
#8346=EDGE_CURVE('',#10146,#10146,#10147,.F.);
#8347=EDGE_CURVE('',#10148,#10148,#10149,.F.);
#8348=EDGE_CURVE('',#10150,#10150,#10151,.F.);
#8349=EDGE_CURVE('',#10152,#10152,#10153,.F.);
#8350=EDGE_CURVE('',#10154,#10154,#10155,.F.);
#8351=EDGE_CURVE('',#10156,#10156,#10157,.F.);
#8352=EDGE_CURVE('',#10158,#10158,#10159,.F.);
#8353=EDGE_CURVE('',#10160,#10161,#10162,.F.);
#8354=EDGE_CURVE('',#9346,#10160,#10163,.T.);
#8355=EDGE_CURVE('',#10164,#9344,#10165,.T.);
#8356=EDGE_CURVE('',#9336,#10164,#10166,.F.);
#8357=EDGE_CURVE('',#10167,#9334,#10168,.F.);
#8358=EDGE_CURVE('',#9331,#10167,#10169,.T.);
#8359=EDGE_CURVE('',#10170,#9329,#10171,.T.);
#8360=EDGE_CURVE('',#10172,#10170,#10173,.F.);
#8361=EDGE_CURVE('',#9426,#10172,#10174,.T.);
#8362=EDGE_CURVE('',#9351,#9424,#10175,.T.);
#8363=EDGE_CURVE('',#9376,#9349,#10176,.T.);
#8364=EDGE_CURVE('',#9461,#9374,#10177,.T.);
#8365=EDGE_CURVE('',#10178,#9459,#10179,.T.);
#8366=EDGE_CURVE('',#10180,#10178,#10181,.F.);
#8367=EDGE_CURVE('',#9386,#10180,#10182,.F.);
#8368=EDGE_CURVE('',#9466,#9384,#10183,.T.);
#8369=EDGE_CURVE('',#9471,#9464,#10184,.T.);
#8370=EDGE_CURVE('',#10185,#9469,#10186,.T.);
#8371=EDGE_CURVE('',#10187,#10185,#10188,.T.);
#8372=EDGE_CURVE('',#10189,#10187,#10190,.F.);
#8373=EDGE_CURVE('',#9476,#10189,#10191,.T.);
#8374=EDGE_CURVE('',#9381,#9474,#10192,.T.);
#8375=EDGE_CURVE('',#9366,#9379,#10193,.T.);
#8376=EDGE_CURVE('',#9456,#9364,#10194,.T.);
#8377=EDGE_CURVE('',#10161,#9454,#10195,.T.);
#8378=EDGE_CURVE('',#10196,#10197,#10198,.F.);
#8379=EDGE_CURVE('',#9519,#10196,#10199,.T.);
#8380=EDGE_CURVE('',#9526,#9521,#10200,.T.);
#8381=EDGE_CURVE('',#10201,#9524,#10202,.T.);
#8382=EDGE_CURVE('',#10203,#10201,#10204,.T.);
#8383=EDGE_CURVE('',#10205,#10203,#10206,.F.);
#8384=EDGE_CURVE('',#9531,#10205,#10207,.F.);
#8385=EDGE_CURVE('',#9421,#9529,#10208,.T.);
#8386=EDGE_CURVE('',#9411,#9419,#10209,.T.);
#8387=EDGE_CURVE('',#10210,#9409,#10211,.T.);
#8388=EDGE_CURVE('',#9394,#10210,#10212,.T.);
#8389=EDGE_CURVE('',#10213,#9396,#10214,.T.);
#8390=EDGE_CURVE('',#9484,#10213,#10215,.T.);
#8391=EDGE_CURVE('',#10216,#9486,#10217,.T.);
#8392=EDGE_CURVE('',#9479,#10216,#10218,.T.);
#8393=EDGE_CURVE('',#9389,#9481,#10219,.T.);
#8394=EDGE_CURVE('',#9491,#9391,#10220,.T.);
#8395=EDGE_CURVE('',#9404,#9489,#10221,.T.);
#8396=EDGE_CURVE('',#9416,#9406,#10222,.T.);
#8397=EDGE_CURVE('',#9311,#9414,#10223,.T.);
#8398=EDGE_CURVE('',#10197,#9309,#10224,.T.);
#8399=EDGE_CURVE('',#9548,#10225,#10226,.T.);
#8400=EDGE_CURVE('',#10227,#10225,#10228,.T.);
#8401=EDGE_CURVE('',#9575,#10227,#10229,.T.);
#8402=EDGE_CURVE('',#10230,#10227,#10231,.T.);
#8403=EDGE_CURVE('',#9213,#10230,#10232,.T.);
#8404=EDGE_CURVE('',#10233,#10230,#10234,.T.);
#8405=EDGE_CURVE('',#9572,#10233,#10235,.T.);
#8406=EDGE_CURVE('',#10236,#10233,#10237,.T.);
#8407=EDGE_CURVE('',#8966,#10236,#10238,.T.);
#8408=EDGE_CURVE('',#9294,#10239,#10240,.T.);
#8409=EDGE_CURVE('',#10239,#10236,#10241,.T.);
#8410=EDGE_CURVE('',#9554,#10242,#10243,.T.);
#8411=EDGE_CURVE('',#9293,#10244,#10245,.T.);
#8412=EDGE_CURVE('',#10242,#10244,#10246,.T.);
#8413=EDGE_CURVE('',#9553,#10247,#10248,.T.);
#8414=EDGE_CURVE('',#10249,#10247,#10250,.T.);
#8415=EDGE_CURVE('',#9556,#10249,#10251,.T.);
#8416=EDGE_CURVE('',#10252,#10249,#10253,.T.);
#8417=EDGE_CURVE('',#9559,#10252,#10254,.T.);
#8418=EDGE_CURVE('',#10255,#10252,#10256,.T.);
#8419=EDGE_CURVE('',#9561,#10255,#10257,.T.);
#8420=EDGE_CURVE('',#10258,#10255,#10259,.T.);
#8421=EDGE_CURVE('',#9565,#10258,#10260,.T.);
#8422=EDGE_CURVE('',#8528,#10261,#10262,.T.);
#8423=EDGE_CURVE('',#10261,#10258,#10263,.T.);
#8424=EDGE_CURVE('',#10170,#10264,#10265,.T.);
#8425=EDGE_CURVE('',#10167,#10266,#10267,.T.);
#8426=EDGE_CURVE('',#10264,#10266,#10268,.T.);
#8427=EDGE_CURVE('',#10178,#10269,#10270,.T.);
#8428=EDGE_CURVE('',#10172,#10271,#10272,.T.);
#8429=EDGE_CURVE('',#10269,#10271,#10273,.T.);
#8430=EDGE_CURVE('',#10180,#10274,#10275,.T.);
#8431=EDGE_CURVE('',#10276,#10274,#10277,.T.);
#8432=EDGE_CURVE('',#8664,#10276,#10278,.T.);
#8433=EDGE_CURVE('',#10279,#10276,#10280,.T.);
#8434=EDGE_CURVE('',#10185,#10279,#10281,.T.);
#8435=EDGE_CURVE('',#10187,#10282,#10283,.T.);
#8436=EDGE_CURVE('',#10282,#10279,#10284,.T.);
#8437=EDGE_CURVE('',#10161,#10285,#10286,.T.);
#8438=EDGE_CURVE('',#10189,#10287,#10288,.T.);
#8439=EDGE_CURVE('',#10285,#10287,#10289,.T.);
#8440=EDGE_CURVE('',#10160,#10290,#10291,.T.);
#8441=EDGE_CURVE('',#10292,#10290,#10293,.T.);
#8442=EDGE_CURVE('',#10164,#10292,#10294,.T.);
#8443=EDGE_CURVE('',#10205,#10295,#10296,.T.);
#8444=EDGE_CURVE('',#10297,#10295,#10298,.T.);
#8445=EDGE_CURVE('',#10210,#10297,#10299,.T.);
#8446=EDGE_CURVE('',#10203,#10300,#10301,.T.);
#8447=EDGE_CURVE('',#10201,#10302,#10303,.T.);
#8448=EDGE_CURVE('',#10300,#10302,#10304,.T.);
#8449=EDGE_CURVE('',#8580,#10305,#10306,.T.);
#8450=EDGE_CURVE('',#10302,#10305,#10307,.T.);
#8451=EDGE_CURVE('',#10196,#10308,#10309,.T.);
#8452=EDGE_CURVE('',#10305,#10308,#10310,.T.);
#8453=EDGE_CURVE('',#10197,#10311,#10312,.T.);
#8454=EDGE_CURVE('',#8879,#10313,#10314,.T.);
#8455=EDGE_CURVE('',#10311,#10313,#10315,.T.);
#8456=EDGE_CURVE('',#8912,#10316,#10317,.T.);
#8457=EDGE_CURVE('',#10313,#10316,#10318,.T.);
#8458=EDGE_CURVE('',#10216,#10319,#10320,.T.);
#8459=EDGE_CURVE('',#10316,#10319,#10321,.T.);
#8460=EDGE_CURVE('',#10213,#10322,#10323,.T.);
#8461=EDGE_CURVE('',#10319,#10322,#10324,.T.);
#8462=EDGE_CURVE('',#8900,#10325,#10326,.T.);
#8463=EDGE_CURVE('',#10322,#10325,#10327,.T.);
#8464=EDGE_CURVE('',#10325,#10297,#10328,.T.);
#8465=EDGE_CURVE('',#9534,#10329,#10330,.T.);
#8466=EDGE_CURVE('',#10331,#10329,#10332,.F.);
#8467=EDGE_CURVE('',#9537,#10331,#10333,.T.);
#8468=EDGE_CURVE('',#10334,#10331,#10335,.F.);
#8469=EDGE_CURVE('',#8622,#10334,#10336,.T.);
#8470=EDGE_CURVE('',#10337,#10334,#10338,.F.);
#8471=EDGE_CURVE('',#9541,#10337,#10339,.T.);
#8472=EDGE_CURVE('',#10340,#10337,#10341,.F.);
#8473=EDGE_CURVE('',#8588,#10340,#10342,.T.);
#8474=EDGE_CURVE('',#10343,#10340,#10344,.F.);
#8475=EDGE_CURVE('',#8604,#10343,#10345,.T.);
#8476=EDGE_CURVE('',#10329,#10343,#10346,.F.);
#8477=EDGE_CURVE('',#10347,#8516,#10348,.T.);
#8478=EDGE_CURVE('',#10349,#10347,#10350,.T.);
#8479=EDGE_CURVE('',#8518,#10349,#10351,.T.);
#8480=EDGE_CURVE('',#8522,#10352,#10353,.T.);
#8481=EDGE_CURVE('',#8520,#10354,#10355,.T.);
#8482=EDGE_CURVE('',#10354,#10352,#10356,.T.);
#8483=EDGE_CURVE('',#10357,#8512,#10358,.T.);
#8484=EDGE_CURVE('',#8524,#10359,#10360,.T.);
#8485=EDGE_CURVE('',#10359,#10357,#10361,.T.);
#8486=EDGE_CURVE('',#10362,#8511,#10363,.T.);
#8487=EDGE_CURVE('',#10364,#10362,#10365,.T.);
#8488=EDGE_CURVE('',#10364,#8514,#10366,.T.);
#8489=EDGE_CURVE('',#10285,#10290,#10367,.F.);
#8490=EDGE_CURVE('',#10282,#10287,#10368,.F.);
#8491=EDGE_CURVE('',#10269,#10274,#10369,.F.);
#8492=EDGE_CURVE('',#10264,#10271,#10370,.F.);
#8493=EDGE_CURVE('',#10261,#10266,#10371,.F.);
#8494=EDGE_CURVE('',#10242,#10247,#10372,.F.);
#8495=EDGE_CURVE('',#10239,#10244,#10373,.F.);
#8496=EDGE_CURVE('',#10292,#10225,#10374,.F.);
#8497=EDGE_CURVE('',#10311,#10308,#10375,.F.);
#8498=EDGE_CURVE('',#10300,#10295,#10376,.F.);
#8499=EDGE_CURVE('',#10352,#9579,#10377,.F.);
#8500=EDGE_CURVE('',#10354,#9578,#10378,.T.);
#8501=EDGE_CURVE('',#10347,#9581,#10379,.F.);
#8502=EDGE_CURVE('',#10349,#9578,#10380,.T.);
#8503=EDGE_CURVE('',#10362,#9583,#10381,.F.);
#8504=EDGE_CURVE('',#10364,#9581,#10382,.F.);
#8505=EDGE_CURVE('',#10357,#9583,#10383,.F.);
#8506=EDGE_CURVE('',#10359,#9579,#10384,.F.);
#8507=EDGE_CURVE('',#10349,#10354,#10385,.F.);
#8508=EDGE_CURVE('',#10347,#10364,#10386,.T.);
#8509=EDGE_CURVE('',#10352,#10359,#10387,.T.);
#8510=EDGE_CURVE('',#10362,#10357,#10388,.T.);
#8511=VERTEX_POINT('',#10389);
#8512=VERTEX_POINT('',#10390);
#8513=CIRCLE('',#10391,0.499999999999993);
#8514=VERTEX_POINT('',#10395);
#8515=LINE('',#10396,#10397);
#8516=VERTEX_POINT('',#10399);
#8517=CIRCLE('',#10400,0.500000000000003);
#8518=VERTEX_POINT('',#10404);
#8519=LINE('',#10405,#10406);
#8520=VERTEX_POINT('',#10408);
#8521=CIRCLE('',#10409,0.5);
#8522=VERTEX_POINT('',#10413);
#8523=LINE('',#10414,#10415);
#8524=VERTEX_POINT('',#10417);
#8525=CIRCLE('',#10418,0.5);
#8526=LINE('',#10422,#10423);
#8527=VERTEX_POINT('',#10425);
#8528=VERTEX_POINT('',#10426);
#8529=CIRCLE('',#10427,0.220000000000001);
#8530=VERTEX_POINT('',#10431);
#8531=CIRCLE('',#10432,0.5);
#8532=VERTEX_POINT('',#10436);
#8533=CIRCLE('',#10437,0.220000000051213);
#8534=VERTEX_POINT('',#10441);
#8535=CIRCLE('',#10442,0.5);
#8536=LINE('',#10446,#10447);
#8537=VERTEX_POINT('',#10449);
#8538=CIRCLE('',#10450,0.5);
#8539=VERTEX_POINT('',#10454);
#8540=CIRCLE('',#10455,0.5);
#8541=VERTEX_POINT('',#10459);
#8542=CIRCLE('',#10460,0.5);
#8543=VERTEX_POINT('',#10464);
#8544=CIRCLE('',#10465,0.5);
#8545=VERTEX_POINT('',#10469);
#8546=CIRCLE('',#10470,0.5);
#8547=VERTEX_POINT('',#10474);
#8548=CIRCLE('',#10475,0.5);
#8549=VERTEX_POINT('',#10479);
#8550=CIRCLE('',#10480,0.5);
#8551=VERTEX_POINT('',#10484);
#8552=CIRCLE('',#10485,0.5);
#8553=VERTEX_POINT('',#10489);
#8554=CIRCLE('',#10490,0.5);
#8555=VERTEX_POINT('',#10494);
#8556=CIRCLE('',#10495,0.5);
#8557=VERTEX_POINT('',#10499);
#8558=CIRCLE('',#10500,0.5);
#8559=VERTEX_POINT('',#10504);
#8560=CIRCLE('',#10505,0.5);
#8561=VERTEX_POINT('',#10509);
#8562=CIRCLE('',#10510,0.5);
#8563=VERTEX_POINT('',#10514);
#8564=CIRCLE('',#10515,0.5);
#8565=VERTEX_POINT('',#10519);
#8566=VERTEX_POINT('',#10520);
#8567=CIRCLE('',#10521,0.5);
#8568=LINE('',#10525,#10526);
#8569=VERTEX_POINT('',#10528);
#8570=CIRCLE('',#10529,0.5);
#8571=VERTEX_POINT('',#10533);
#8572=CIRCLE('',#10534,0.5);
#8573=VERTEX_POINT('',#10538);
#8574=VERTEX_POINT('',#10539);
#8575=CIRCLE('',#10540,0.5);
#8576=LINE('',#10544,#10545);
#8577=VERTEX_POINT('',#10547);
#8578=VERTEX_POINT('',#10548);
#8579=CIRCLE('',#10549,0.5);
#8580=VERTEX_POINT('',#10553);
#8581=LINE('',#10554,#10555);
#8582=LINE('',#10557,#10558);
#8583=VERTEX_POINT('',#10560);
#8584=CIRCLE('',#10561,0.5);
#8585=VERTEX_POINT('',#10565);
#8586=VERTEX_POINT('',#10566);
#8587=CIRCLE('',#10567,0.5);
#8588=VERTEX_POINT('',#10571);
#8589=LINE('',#10572,#10573);
#8590=LINE('',#10575,#10576);
#8591=VERTEX_POINT('',#10578);
#8592=CIRCLE('',#10579,0.5);
#8593=VERTEX_POINT('',#10583);
#8594=CIRCLE('',#10584,0.5);
#8595=VERTEX_POINT('',#10588);
#8596=CIRCLE('',#10589,0.5);
#8597=VERTEX_POINT('',#10593);
#8598=VERTEX_POINT('',#10594);
#8599=LINE('',#10595,#10596);
#8600=CIRCLE('',#10598,0.5);
#8601=VERTEX_POINT('',#10602);
#8602=VERTEX_POINT('',#10603);
#8603=CIRCLE('',#10604,0.5);
#8604=VERTEX_POINT('',#10608);
#8605=LINE('',#10609,#10610);
#8606=LINE('',#10612,#10613);
#8607=VERTEX_POINT('',#10615);
#8608=CIRCLE('',#10616,0.5);
#8609=VERTEX_POINT('',#10620);
#8610=VERTEX_POINT('',#10621);
#8611=CIRCLE('',#10622,0.5);
#8612=B_SPLINE_CURVE_WITH_KNOTS('',2,
(#10626,#10627,#10628),
.UNSPECIFIED.,.F.,.F.,
(3,3),
(0.,1.),
.UNSPECIFIED.);
#8613=VERTEX_POINT('',#10629);
#8614=CIRCLE('',#10630,0.5);
#8615=VERTEX_POINT('',#10634);
#8616=CIRCLE('',#10635,0.5);
#8617=VERTEX_POINT('',#10639);
#8618=CIRCLE('',#10640,0.5);
#8619=VERTEX_POINT('',#10644);
#8620=VERTEX_POINT('',#10645);
#8621=CIRCLE('',#10646,0.5);
#8622=VERTEX_POINT('',#10650);
#8623=B_SPLINE_CURVE_WITH_KNOTS('',2,
(#10651,#10652,#10653),
.UNSPECIFIED.,.F.,.F.,
(3,3),
(0.,1.),
.UNSPECIFIED.);
#8624=B_SPLINE_CURVE_WITH_KNOTS('',2,
(#10654,#10655,#10656),
.UNSPECIFIED.,.F.,.F.,
(3,3),
(0.,1.),
.UNSPECIFIED.);
#8625=VERTEX_POINT('',#10657);
#8626=VERTEX_POINT('',#10658);
#8627=CIRCLE('',#10659,0.5);
#8628=B_SPLINE_CURVE_WITH_KNOTS('',2,
(#10663,#10664,#10665),
.UNSPECIFIED.,.F.,.F.,
(3,3),
(0.,1.),
.UNSPECIFIED.);
#8629=VERTEX_POINT('',#10666);
#8630=CIRCLE('',#10667,0.5);
#8631=VERTEX_POINT('',#10671);
#8632=VERTEX_POINT('',#10672);
#8633=CIRCLE('',#10673,0.5);
#8634=B_SPLINE_CURVE_WITH_KNOTS('',2,
(#10677,#10678,#10679),
.UNSPECIFIED.,.F.,.F.,
(3,3),
(0.,1.),
.UNSPECIFIED.);
#8635=VERTEX_POINT('',#10680);
#8636=CIRCLE('',#10681,0.5);
#8637=VERTEX_POINT('',#10685);
#8638=CIRCLE('',#10686,0.5);
#8639=VERTEX_POINT('',#10690);
#8640=VERTEX_POINT('',#10691);
#8641=B_SPLINE_CURVE_WITH_KNOTS('',2,
(#10692,#10693,#10694),
.UNSPECIFIED.,.F.,.F.,
(3,3),
(0.,1.),
.UNSPECIFIED.);
#8642=CIRCLE('',#10695,0.5);
#8643=VERTEX_POINT('',#10699);
#8644=CIRCLE('',#10700,0.5);
#8645=VERTEX_POINT('',#10704);
#8646=CIRCLE('',#10705,0.5);
#8647=VERTEX_POINT('',#10709);
#8648=VERTEX_POINT('',#10710);
#8649=CIRCLE('',#10711,0.5);
#8650=LINE('',#10715,#10716);
#8651=VERTEX_POINT('',#10718);
#8652=VERTEX_POINT('',#10719);
#8653=CIRCLE('',#10720,0.5);
#8654=LINE('',#10724,#10725);
#8655=VERTEX_POINT('',#10727);
#8656=CIRCLE('',#10728,0.5);
#8657=VERTEX_POINT('',#10732);
#8658=CIRCLE('',#10733,0.5);
#8659=VERTEX_POINT('',#10737);
#8660=CIRCLE('',#10738,0.5);
#8661=VERTEX_POINT('',#10742);
#8662=VERTEX_POINT('',#10743);
#8663=CIRCLE('',#10744,0.5);
#8664=VERTEX_POINT('',#10748);
#8665=LINE('',#10749,#10750);
#8666=LINE('',#10752,#10753);
#8667=VERTEX_POINT('',#10755);
#8668=VERTEX_POINT('',#10756);
#8669=LINE('',#10757,#10758);
#8670=CIRCLE('',#10760,0.5);
#8671=VERTEX_POINT('',#10764);
#8672=CIRCLE('',#10765,0.5);
#8673=VERTEX_POINT('',#10769);
#8674=CIRCLE('',#10770,0.5);
#8675=VERTEX_POINT('',#10774);
#8676=CIRCLE('',#10775,0.5);
#8677=VERTEX_POINT('',#10779);
#8678=VERTEX_POINT('',#10780);
#8679=CIRCLE('',#10781,0.5);
#8680=LINE('',#10785,#10786);
#8681=VERTEX_POINT('',#10788);
#8682=VERTEX_POINT('',#10789);
#8683=CIRCLE('',#10790,0.5);
#8684=VERTEX_POINT('',#10794);
#8685=LINE('',#10795,#10796);
#8686=VERTEX_POINT('',#10798);
#8687=CIRCLE('',#10799,0.5);
#8688=LINE('',#10803,#10804);
#8689=VERTEX_POINT('',#10806);
#8690=CIRCLE('',#10807,0.5);
#8691=VERTEX_POINT('',#10811);
#8692=CIRCLE('',#10812,0.5);
#8693=VERTEX_POINT('',#10816);
#8694=CIRCLE('',#10817,0.5);
#8695=VERTEX_POINT('',#10821);
#8696=VERTEX_POINT('',#10822);
#8697=CIRCLE('',#10823,0.5);
#8698=LINE('',#10827,#10828);
#8699=VERTEX_POINT('',#10830);
#8700=CIRCLE('',#10831,0.5);
#8701=VERTEX_POINT('',#10835);
#8702=CIRCLE('',#10836,0.5);
#8703=VERTEX_POINT('',#10840);
#8704=CIRCLE('',#10841,0.5);
#8705=VERTEX_POINT('',#10845);
#8706=CIRCLE('',#10846,0.5);
#8707=VERTEX_POINT('',#10850);
#8708=CIRCLE('',#10851,0.5);
#8709=VERTEX_POINT('',#10855);
#8710=CIRCLE('',#10856,0.5);
#8711=VERTEX_POINT('',#10860);
#8712=CIRCLE('',#10861,0.5);
#8713=VERTEX_POINT('',#10865);
#8714=CIRCLE('',#10866,0.5);
#8715=VERTEX_POINT('',#10870);
#8716=CIRCLE('',#10871,0.5);
#8717=VERTEX_POINT('',#10875);
#8718=CIRCLE('',#10876,0.5);
#8719=VERTEX_POINT('',#10880);
#8720=CIRCLE('',#10881,0.5);
#8721=VERTEX_POINT('',#10885);
#8722=CIRCLE('',#10886,0.5);
#8723=VERTEX_POINT('',#10890);
#8724=CIRCLE('',#10891,0.5);
#8725=VERTEX_POINT('',#10895);
#8726=CIRCLE('',#10896,0.5);
#8727=VERTEX_POINT('',#10900);
#8728=CIRCLE('',#10901,0.5);
#8729=VERTEX_POINT('',#10905);
#8730=CIRCLE('',#10906,0.5);
#8731=VERTEX_POINT('',#10910);
#8732=CIRCLE('',#10911,0.5);
#8733=VERTEX_POINT('',#10915);
#8734=CIRCLE('',#10916,0.5);
#8735=VERTEX_POINT('',#10920);
#8736=CIRCLE('',#10921,0.5);
#8737=VERTEX_POINT('',#10925);
#8738=CIRCLE('',#10926,0.5);
#8739=VERTEX_POINT('',#10930);
#8740=CIRCLE('',#10931,0.5);
#8741=VERTEX_POINT('',#10935);
#8742=CIRCLE('',#10936,0.5);
#8743=VERTEX_POINT('',#10940);
#8744=CIRCLE('',#10941,0.5);
#8745=VERTEX_POINT('',#10945);
#8746=CIRCLE('',#10946,0.5);
#8747=VERTEX_POINT('',#10950);
#8748=CIRCLE('',#10951,0.5);
#8749=VERTEX_POINT('',#10955);
#8750=CIRCLE('',#10956,0.5);
#8751=VERTEX_POINT('',#10960);
#8752=CIRCLE('',#10961,0.5);
#8753=VERTEX_POINT('',#10965);
#8754=CIRCLE('',#10966,0.5);
#8755=VERTEX_POINT('',#10970);
#8756=CIRCLE('',#10971,0.5);
#8757=VERTEX_POINT('',#10975);
#8758=CIRCLE('',#10976,0.5);
#8759=VERTEX_POINT('',#10980);
#8760=CIRCLE('',#10981,0.5);
#8761=VERTEX_POINT('',#10985);
#8762=CIRCLE('',#10986,0.5);
#8763=VERTEX_POINT('',#10990);
#8764=CIRCLE('',#10991,0.5);
#8765=VERTEX_POINT('',#10995);
#8766=CIRCLE('',#10996,0.5);
#8767=VERTEX_POINT('',#11000);
#8768=CIRCLE('',#11001,0.5);
#8769=VERTEX_POINT('',#11005);
#8770=CIRCLE('',#11006,0.5);
#8771=VERTEX_POINT('',#11010);
#8772=CIRCLE('',#11011,0.5);
#8773=VERTEX_POINT('',#11015);
#8774=CIRCLE('',#11016,0.5);
#8775=VERTEX_POINT('',#11020);
#8776=CIRCLE('',#11021,0.5);
#8777=VERTEX_POINT('',#11025);
#8778=CIRCLE('',#11026,0.5);
#8779=VERTEX_POINT('',#11030);
#8780=CIRCLE('',#11031,0.5);
#8781=VERTEX_POINT('',#11035);
#8782=CIRCLE('',#11036,0.5);
#8783=VERTEX_POINT('',#11040);
#8784=CIRCLE('',#11041,0.5);
#8785=VERTEX_POINT('',#11045);
#8786=CIRCLE('',#11046,0.5);
#8787=VERTEX_POINT('',#11050);
#8788=CIRCLE('',#11051,0.5);
#8789=VERTEX_POINT('',#11055);
#8790=CIRCLE('',#11056,0.5);
#8791=VERTEX_POINT('',#11060);
#8792=CIRCLE('',#11061,0.5);
#8793=VERTEX_POINT('',#11065);
#8794=CIRCLE('',#11066,0.5);
#8795=VERTEX_POINT('',#11070);
#8796=CIRCLE('',#11071,0.5);
#8797=VERTEX_POINT('',#11075);
#8798=CIRCLE('',#11076,0.5);
#8799=VERTEX_POINT('',#11080);
#8800=CIRCLE('',#11081,0.5);
#8801=VERTEX_POINT('',#11085);
#8802=CIRCLE('',#11086,0.5);
#8803=VERTEX_POINT('',#11090);
#8804=CIRCLE('',#11091,0.5);
#8805=VERTEX_POINT('',#11095);
#8806=CIRCLE('',#11096,0.5);
#8807=VERTEX_POINT('',#11100);
#8808=CIRCLE('',#11101,0.5);
#8809=VERTEX_POINT('',#11105);
#8810=CIRCLE('',#11106,0.5);
#8811=VERTEX_POINT('',#11110);
#8812=CIRCLE('',#11111,0.5);
#8813=VERTEX_POINT('',#11115);
#8814=CIRCLE('',#11116,0.5);
#8815=VERTEX_POINT('',#11120);
#8816=CIRCLE('',#11121,0.5);
#8817=VERTEX_POINT('',#11125);
#8818=CIRCLE('',#11126,0.5);
#8819=VERTEX_POINT('',#11130);
#8820=CIRCLE('',#11131,0.5);
#8821=VERTEX_POINT('',#11135);
#8822=CIRCLE('',#11136,0.5);
#8823=VERTEX_POINT('',#11140);
#8824=CIRCLE('',#11141,0.5);
#8825=VERTEX_POINT('',#11145);
#8826=CIRCLE('',#11146,0.5);
#8827=VERTEX_POINT('',#11150);
#8828=CIRCLE('',#11151,0.5);
#8829=VERTEX_POINT('',#11155);
#8830=CIRCLE('',#11156,0.5);
#8831=VERTEX_POINT('',#11160);
#8832=CIRCLE('',#11161,0.5);
#8833=VERTEX_POINT('',#11165);
#8834=CIRCLE('',#11166,0.5);
#8835=VERTEX_POINT('',#11170);
#8836=CIRCLE('',#11171,0.5);
#8837=VERTEX_POINT('',#11175);
#8838=CIRCLE('',#11176,0.500000000000001);
#8839=VERTEX_POINT('',#11180);
#8840=CIRCLE('',#11181,0.5);
#8841=VERTEX_POINT('',#11185);
#8842=CIRCLE('',#11186,0.5);
#8843=VERTEX_POINT('',#11190);
#8844=CIRCLE('',#11191,0.5);
#8845=VERTEX_POINT('',#11195);
#8846=CIRCLE('',#11196,0.5);
#8847=VERTEX_POINT('',#11200);
#8848=CIRCLE('',#11201,0.5);
#8849=VERTEX_POINT('',#11205);
#8850=VERTEX_POINT('',#11206);
#8851=CIRCLE('',#11207,0.5);
#8852=LINE('',#11211,#11212);
#8853=VERTEX_POINT('',#11214);
#8854=CIRCLE('',#11215,0.5);
#8855=VERTEX_POINT('',#11219);
#8856=CIRCLE('',#11220,0.5);
#8857=VERTEX_POINT('',#11224);
#8858=CIRCLE('',#11225,0.5);
#8859=VERTEX_POINT('',#11229);
#8860=VERTEX_POINT('',#11230);
#8861=CIRCLE('',#11231,0.500000000000001);
#8862=LINE('',#11235,#11236);
#8863=VERTEX_POINT('',#11238);
#8864=CIRCLE('',#11239,0.5);
#8865=VERTEX_POINT('',#11243);
#8866=CIRCLE('',#11244,0.5);
#8867=VERTEX_POINT('',#11248);
#8868=CIRCLE('',#11249,0.5);
#8869=VERTEX_POINT('',#11253);
#8870=VERTEX_POINT('',#11254);
#8871=CIRCLE('',#11255,0.5);
#8872=LINE('',#11259,#11260);
#8873=VERTEX_POINT('',#11262);
#8874=CIRCLE('',#11263,0.5);
#8875=VERTEX_POINT('',#11267);
#8876=CIRCLE('',#11268,0.5);
#8877=VERTEX_POINT('',#11272);
#8878=CIRCLE('',#11273,0.5);
#8879=VERTEX_POINT('',#11277);
#8880=VERTEX_POINT('',#11278);
#8881=B_SPLINE_CURVE_WITH_KNOTS('',2,
(#11279,#11280,#11281),
.UNSPECIFIED.,.F.,.F.,
(3,3),
(0.,1.),
.UNSPECIFIED.);
#8882=VERTEX_POINT('',#11282);
#8883=LINE('',#11283,#11284);
#8884=CIRCLE('',#11286,0.500000000000001);
#8885=VERTEX_POINT('',#11290);
#8886=CIRCLE('',#11291,0.5);
#8887=VERTEX_POINT('',#11295);
#8888=VERTEX_POINT('',#11296);
#8889=CIRCLE('',#11297,0.5);
#8890=B_SPLINE_CURVE_WITH_KNOTS('',2,
(#11301,#11302,#11303),
.UNSPECIFIED.,.F.,.F.,
(3,3),
(0.,1.),
.UNSPECIFIED.);
#8891=VERTEX_POINT('',#11304);
#8892=CIRCLE('',#11305,0.5);
#8893=VERTEX_POINT('',#11309);
#8894=CIRCLE('',#11310,0.5);
#8895=VERTEX_POINT('',#11314);
#8896=CIRCLE('',#11315,0.5);
#8897=VERTEX_POINT('',#11319);
#8898=VERTEX_POINT('',#11320);
#8899=CIRCLE('',#11321,0.5);
#8900=VERTEX_POINT('',#11325);
#8901=B_SPLINE_CURVE_WITH_KNOTS('',2,
(#11326,#11327,#11328),
.UNSPECIFIED.,.F.,.F.,
(3,3),
(0.,1.),
.UNSPECIFIED.);
#8902=B_SPLINE_CURVE_WITH_KNOTS('',2,
(#11329,#11330,#11331),
.UNSPECIFIED.,.F.,.F.,
(3,3),
(0.,1.),
.UNSPECIFIED.);
#8903=VERTEX_POINT('',#11332);
#8904=CIRCLE('',#11333,0.5);
#8905=VERTEX_POINT('',#11337);
#8906=CIRCLE('',#11338,0.5);
#8907=VERTEX_POINT('',#11342);
#8908=CIRCLE('',#11343,0.5);
#8909=VERTEX_POINT('',#11347);
#8910=VERTEX_POINT('',#11348);
#8911=CIRCLE('',#11349,0.5);
#8912=VERTEX_POINT('',#11353);
#8913=B_SPLINE_CURVE_WITH_KNOTS('',2,
(#11354,#11355,#11356),
.UNSPECIFIED.,.F.,.F.,
(3,3),
(0.,1.),
.UNSPECIFIED.);
#8914=B_SPLINE_CURVE_WITH_KNOTS('',2,
(#11357,#11358,#11359),
.UNSPECIFIED.,.F.,.F.,
(3,3),
(0.,1.),
.UNSPECIFIED.);
#8915=VERTEX_POINT('',#11360);
#8916=CIRCLE('',#11361,0.5);
#8917=VERTEX_POINT('',#11365);
#8918=CIRCLE('',#11366,0.5);
#8919=VERTEX_POINT('',#11370);
#8920=CIRCLE('',#11371,0.5);
#8921=VERTEX_POINT('',#11375);
#8922=CIRCLE('',#11376,0.5);
#8923=VERTEX_POINT('',#11380);
#8924=CIRCLE('',#11381,0.5);
#8925=VERTEX_POINT('',#11385);
#8926=CIRCLE('',#11386,0.5);
#8927=VERTEX_POINT('',#11390);
#8928=CIRCLE('',#11391,0.5);
#8929=VERTEX_POINT('',#11395);
#8930=CIRCLE('',#11396,0.5);
#8931=VERTEX_POINT('',#11400);
#8932=VERTEX_POINT('',#11401);
#8933=CIRCLE('',#11402,0.5);
#8934=LINE('',#11406,#11407);
#8935=VERTEX_POINT('',#11409);
#8936=CIRCLE('',#11410,0.5);
#8937=VERTEX_POINT('',#11414);
#8938=CIRCLE('',#11415,0.5);
#8939=VERTEX_POINT('',#11419);
#8940=VERTEX_POINT('',#11420);
#8941=CIRCLE('',#11421,0.5);
#8942=LINE('',#11425,#11426);
#8943=VERTEX_POINT('',#11428);
#8944=CIRCLE('',#11429,0.5);
#8945=VERTEX_POINT('',#11433);
#8946=CIRCLE('',#11434,0.5);
#8947=VERTEX_POINT('',#11438);
#8948=VERTEX_POINT('',#11439);
#8949=CIRCLE('',#11440,0.5);
#8950=LINE('',#11444,#11445);
#8951=VERTEX_POINT('',#11447);
#8952=CIRCLE('',#11448,0.5);
#8953=VERTEX_POINT('',#11452);
#8954=CIRCLE('',#11453,0.5);
#8955=VERTEX_POINT('',#11457);
#8956=VERTEX_POINT('',#11458);
#8957=CIRCLE('',#11459,0.5);
#8958=LINE('',#11463,#11464);
#8959=VERTEX_POINT('',#11466);
#8960=VERTEX_POINT('',#11467);
#8961=CIRCLE('',#11468,0.5);
#8962=LINE('',#11472,#11473);
#8963=VERTEX_POINT('',#11475);
#8964=VERTEX_POINT('',#11476);
#8965=CIRCLE('',#11477,0.5);
#8966=VERTEX_POINT('',#11481);
#8967=LINE('',#11482,#11483);
#8968=LINE('',#11485,#11486);
#8969=VERTEX_POINT('',#11488);
#8970=CIRCLE('',#11489,0.5);
#8971=VERTEX_POINT('',#11493);
#8972=CIRCLE('',#11494,0.5);
#8973=VERTEX_POINT('',#11498);
#8974=CIRCLE('',#11499,0.5);
#8975=VERTEX_POINT('',#11503);
#8976=VERTEX_POINT('',#11504);
#8977=CIRCLE('',#11505,0.5);
#8978=LINE('',#11509,#11510);
#8979=VERTEX_POINT('',#11512);
#8980=VERTEX_POINT('',#11513);
#8981=LINE('',#11514,#11515);
#8982=CIRCLE('',#11517,0.5);
#8983=VERTEX_POINT('',#11521);
#8984=CIRCLE('',#11522,0.5);
#8985=VERTEX_POINT('',#11526);
#8986=CIRCLE('',#11527,0.5);
#8987=VERTEX_POINT('',#11531);
#8988=VERTEX_POINT('',#11532);
#8989=LINE('',#11533,#11534);
#8990=CIRCLE('',#11536,0.5);
#8991=VERTEX_POINT('',#11540);
#8992=CIRCLE('',#11541,0.5);
#8993=VERTEX_POINT('',#11545);
#8994=CIRCLE('',#11546,0.5);
#8995=VERTEX_POINT('',#11550);
#8996=VERTEX_POINT('',#11551);
#8997=LINE('',#11552,#11553);
#8998=CIRCLE('',#11555,0.5);
#8999=VERTEX_POINT('',#11559);
#9000=CIRCLE('',#11560,0.5);
#9001=VERTEX_POINT('',#11564);
#9002=CIRCLE('',#11565,0.5);
#9003=VERTEX_POINT('',#11569);
#9004=CIRCLE('',#11570,0.5);
#9005=VERTEX_POINT('',#11574);
#9006=CIRCLE('',#11575,0.5);
#9007=VERTEX_POINT('',#11579);
#9008=CIRCLE('',#11580,0.5);
#9009=VERTEX_POINT('',#11584);
#9010=CIRCLE('',#11585,0.5);
#9011=VERTEX_POINT('',#11589);
#9012=CIRCLE('',#11590,0.5);
#9013=VERTEX_POINT('',#11594);
#9014=CIRCLE('',#11595,0.5);
#9015=VERTEX_POINT('',#11599);
#9016=CIRCLE('',#11600,0.5);
#9017=VERTEX_POINT('',#11604);
#9018=CIRCLE('',#11605,0.5);
#9019=VERTEX_POINT('',#11609);
#9020=CIRCLE('',#11610,0.5);
#9021=VERTEX_POINT('',#11614);
#9022=CIRCLE('',#11615,0.5);
#9023=VERTEX_POINT('',#11619);
#9024=CIRCLE('',#11620,0.5);
#9025=VERTEX_POINT('',#11624);
#9026=CIRCLE('',#11625,0.5);
#9027=VERTEX_POINT('',#11629);
#9028=CIRCLE('',#11630,0.5);
#9029=VERTEX_POINT('',#11634);
#9030=CIRCLE('',#11635,0.5);
#9031=VERTEX_POINT('',#11639);
#9032=CIRCLE('',#11640,0.500000000000001);
#9033=VERTEX_POINT('',#11644);
#9034=CIRCLE('',#11645,0.5);
#9035=VERTEX_POINT('',#11649);
#9036=CIRCLE('',#11650,0.5);
#9037=VERTEX_POINT('',#11654);
#9038=CIRCLE('',#11655,0.5);
#9039=VERTEX_POINT('',#11659);
#9040=CIRCLE('',#11660,0.5);
#9041=VERTEX_POINT('',#11664);
#9042=CIRCLE('',#11665,0.5);
#9043=VERTEX_POINT('',#11669);
#9044=CIRCLE('',#11670,0.5);
#9045=VERTEX_POINT('',#11674);
#9046=CIRCLE('',#11675,0.5);
#9047=VERTEX_POINT('',#11679);
#9048=CIRCLE('',#11680,0.5);
#9049=VERTEX_POINT('',#11684);
#9050=CIRCLE('',#11685,0.5);
#9051=VERTEX_POINT('',#11689);
#9052=CIRCLE('',#11690,0.500000000000001);
#9053=VERTEX_POINT('',#11694);
#9054=CIRCLE('',#11695,0.5);
#9055=VERTEX_POINT('',#11699);
#9056=CIRCLE('',#11700,0.5);
#9057=VERTEX_POINT('',#11704);
#9058=CIRCLE('',#11705,0.5);
#9059=VERTEX_POINT('',#11709);
#9060=CIRCLE('',#11710,0.5);
#9061=VERTEX_POINT('',#11714);
#9062=CIRCLE('',#11715,0.5);
#9063=VERTEX_POINT('',#11719);
#9064=CIRCLE('',#11720,0.5);
#9065=VERTEX_POINT('',#11724);
#9066=CIRCLE('',#11725,0.5);
#9067=VERTEX_POINT('',#11729);
#9068=CIRCLE('',#11730,0.5);
#9069=VERTEX_POINT('',#11734);
#9070=CIRCLE('',#11735,0.5);
#9071=VERTEX_POINT('',#11739);
#9072=CIRCLE('',#11740,0.500000000000001);
#9073=VERTEX_POINT('',#11744);
#9074=CIRCLE('',#11745,0.5);
#9075=VERTEX_POINT('',#11749);
#9076=CIRCLE('',#11750,0.5);
#9077=VERTEX_POINT('',#11754);
#9078=CIRCLE('',#11755,0.5);
#9079=VERTEX_POINT('',#11759);
#9080=CIRCLE('',#11760,0.5);
#9081=VERTEX_POINT('',#11764);
#9082=CIRCLE('',#11765,0.5);
#9083=VERTEX_POINT('',#11769);
#9084=CIRCLE('',#11770,0.5);
#9085=VERTEX_POINT('',#11774);
#9086=CIRCLE('',#11775,0.5);
#9087=VERTEX_POINT('',#11779);
#9088=CIRCLE('',#11780,0.5);
#9089=VERTEX_POINT('',#11784);
#9090=CIRCLE('',#11785,0.5);
#9091=VERTEX_POINT('',#11789);
#9092=CIRCLE('',#11790,0.500000000000001);
#9093=VERTEX_POINT('',#11794);
#9094=CIRCLE('',#11795,0.5);
#9095=VERTEX_POINT('',#11799);
#9096=CIRCLE('',#11800,0.5);
#9097=VERTEX_POINT('',#11804);
#9098=CIRCLE('',#11805,0.5);
#9099=VERTEX_POINT('',#11809);
#9100=CIRCLE('',#11810,0.5);
#9101=VERTEX_POINT('',#11814);
#9102=CIRCLE('',#11815,0.5);
#9103=VERTEX_POINT('',#11819);
#9104=CIRCLE('',#11820,0.5);
#9105=VERTEX_POINT('',#11824);
#9106=CIRCLE('',#11825,0.5);
#9107=VERTEX_POINT('',#11829);
#9108=CIRCLE('',#11830,0.5);
#9109=VERTEX_POINT('',#11834);
#9110=CIRCLE('',#11835,0.5);
#9111=VERTEX_POINT('',#11839);
#9112=CIRCLE('',#11840,0.500000000000001);
#9113=VERTEX_POINT('',#11844);
#9114=CIRCLE('',#11845,0.5);
#9115=VERTEX_POINT('',#11849);
#9116=CIRCLE('',#11850,0.5);
#9117=VERTEX_POINT('',#11854);
#9118=CIRCLE('',#11855,0.5);
#9119=VERTEX_POINT('',#11859);
#9120=CIRCLE('',#11860,0.5);
#9121=VERTEX_POINT('',#11864);
#9122=CIRCLE('',#11865,0.5);
#9123=VERTEX_POINT('',#11869);
#9124=CIRCLE('',#11870,0.5);
#9125=VERTEX_POINT('',#11874);
#9126=CIRCLE('',#11875,0.5);
#9127=VERTEX_POINT('',#11879);
#9128=CIRCLE('',#11880,0.5);
#9129=VERTEX_POINT('',#11884);
#9130=CIRCLE('',#11885,0.5);
#9131=VERTEX_POINT('',#11889);
#9132=CIRCLE('',#11890,0.5);
#9133=VERTEX_POINT('',#11894);
#9134=CIRCLE('',#11895,0.5);
#9135=VERTEX_POINT('',#11899);
#9136=CIRCLE('',#11900,0.5);
#9137=VERTEX_POINT('',#11904);
#9138=CIRCLE('',#11905,0.5);
#9139=VERTEX_POINT('',#11909);
#9140=CIRCLE('',#11910,0.5);
#9141=VERTEX_POINT('',#11914);
#9142=CIRCLE('',#11915,0.5);
#9143=VERTEX_POINT('',#11919);
#9144=CIRCLE('',#11920,0.5);
#9145=VERTEX_POINT('',#11924);
#9146=CIRCLE('',#11925,0.5);
#9147=VERTEX_POINT('',#11929);
#9148=CIRCLE('',#11930,0.5);
#9149=VERTEX_POINT('',#11934);
#9150=CIRCLE('',#11935,0.5);
#9151=VERTEX_POINT('',#11939);
#9152=CIRCLE('',#11940,0.5);
#9153=VERTEX_POINT('',#11944);
#9154=CIRCLE('',#11945,0.5);
#9155=VERTEX_POINT('',#11949);
#9156=CIRCLE('',#11950,0.5);
#9157=VERTEX_POINT('',#11954);
#9158=CIRCLE('',#11955,0.5);
#9159=VERTEX_POINT('',#11959);
#9160=CIRCLE('',#11960,0.5);
#9161=VERTEX_POINT('',#11964);
#9162=CIRCLE('',#11965,0.5);
#9163=VERTEX_POINT('',#11969);
#9164=CIRCLE('',#11970,0.5);
#9165=VERTEX_POINT('',#11974);
#9166=CIRCLE('',#11975,0.5);
#9167=VERTEX_POINT('',#11979);
#9168=CIRCLE('',#11980,0.5);
#9169=VERTEX_POINT('',#11984);
#9170=CIRCLE('',#11985,0.5);
#9171=VERTEX_POINT('',#11989);
#9172=CIRCLE('',#11990,0.5);
#9173=VERTEX_POINT('',#11994);
#9174=CIRCLE('',#11995,0.5);
#9175=VERTEX_POINT('',#11999);
#9176=CIRCLE('',#12000,0.5);
#9177=VERTEX_POINT('',#12004);
#9178=CIRCLE('',#12005,0.5);
#9179=VERTEX_POINT('',#12009);
#9180=CIRCLE('',#12010,0.5);
#9181=VERTEX_POINT('',#12014);
#9182=CIRCLE('',#12015,0.5);
#9183=VERTEX_POINT('',#12019);
#9184=CIRCLE('',#12020,0.5);
#9185=VERTEX_POINT('',#12024);
#9186=CIRCLE('',#12025,0.5);
#9187=VERTEX_POINT('',#12029);
#9188=CIRCLE('',#12030,0.5);
#9189=VERTEX_POINT('',#12034);
#9190=CIRCLE('',#12035,0.5);
#9191=VERTEX_POINT('',#12039);
#9192=CIRCLE('',#12040,0.5);
#9193=VERTEX_POINT('',#12044);
#9194=CIRCLE('',#12045,0.5);
#9195=VERTEX_POINT('',#12049);
#9196=CIRCLE('',#12050,0.5);
#9197=VERTEX_POINT('',#12054);
#9198=CIRCLE('',#12055,0.5);
#9199=VERTEX_POINT('',#12059);
#9200=CIRCLE('',#12060,0.5);
#9201=VERTEX_POINT('',#12064);
#9202=CIRCLE('',#12065,0.5);
#9203=VERTEX_POINT('',#12069);
#9204=CIRCLE('',#12070,0.5);
#9205=VERTEX_POINT('',#12074);
#9206=CIRCLE('',#12075,0.5);
#9207=VERTEX_POINT('',#12079);
#9208=CIRCLE('',#12080,0.5);
#9209=VERTEX_POINT('',#12084);
#9210=CIRCLE('',#12085,0.500000000000001);
#9211=VERTEX_POINT('',#12089);
#9212=CIRCLE('',#12090,0.5);
#9213=VERTEX_POINT('',#12094);
#9214=VERTEX_POINT('',#12095);
#9215=LINE('',#12096,#12097);
#9216=VERTEX_POINT('',#12099);
#9217=LINE('',#12100,#12101);
#9218=CIRCLE('',#12103,0.5);
#9219=VERTEX_POINT('',#12107);
#9220=VERTEX_POINT('',#12108);
#9221=CIRCLE('',#12109,0.5);
#9222=LINE('',#12113,#12114);
#9223=VERTEX_POINT('',#12116);
#9224=VERTEX_POINT('',#12117);
#9225=CIRCLE('',#12118,0.5);
#9226=LINE('',#12122,#12123);
#9227=VERTEX_POINT('',#12125);
#9228=CIRCLE('',#12126,0.5);
#9229=VERTEX_POINT('',#12130);
#9230=CIRCLE('',#12131,0.500000000000001);
#9231=VERTEX_POINT('',#12135);
#9232=CIRCLE('',#12136,0.500000000000001);
#9233=VERTEX_POINT('',#12140);
#9234=CIRCLE('',#12141,0.5);
#9235=VERTEX_POINT('',#12145);
#9236=CIRCLE('',#12146,0.5);
#9237=VERTEX_POINT('',#12150);
#9238=CIRCLE('',#12151,0.5);
#9239=VERTEX_POINT('',#12155);
#9240=CIRCLE('',#12156,0.5);
#9241=VERTEX_POINT('',#12160);
#9242=CIRCLE('',#12161,0.5);
#9243=VERTEX_POINT('',#12165);
#9244=CIRCLE('',#12166,0.500000000000001);
#9245=VERTEX_POINT('',#12170);
#9246=CIRCLE('',#12171,0.500000000000001);
#9247=VERTEX_POINT('',#12175);
#9248=CIRCLE('',#12176,0.500000000000001);
#9249=VERTEX_POINT('',#12180);
#9250=VERTEX_POINT('',#12181);
#9251=LINE('',#12182,#12183);
#9252=CIRCLE('',#12185,0.500000000000001);
#9253=VERTEX_POINT('',#12189);
#9254=CIRCLE('',#12190,0.500000000000001);
#9255=VERTEX_POINT('',#12194);
#9256=CIRCLE('',#12195,0.500000000000001);
#9257=VERTEX_POINT('',#12199);
#9258=CIRCLE('',#12200,0.500000000000001);
#9259=VERTEX_POINT('',#12204);
#9260=CIRCLE('',#12205,0.500000000000001);
#9261=VERTEX_POINT('',#12209);
#9262=CIRCLE('',#12210,0.500000000000001);
#9263=VERTEX_POINT('',#12214);
#9264=CIRCLE('',#12215,0.500000000000001);
#9265=VERTEX_POINT('',#12219);
#9266=CIRCLE('',#12220,0.500000000000001);
#9267=VERTEX_POINT('',#12224);
#9268=CIRCLE('',#12225,0.500000000000001);
#9269=VERTEX_POINT('',#12229);
#9270=CIRCLE('',#12230,0.500000000000001);
#9271=VERTEX_POINT('',#12234);
#9272=CIRCLE('',#12235,0.500000000000001);
#9273=VERTEX_POINT('',#12239);
#9274=CIRCLE('',#12240,0.500000000000001);
#9275=VERTEX_POINT('',#12244);
#9276=CIRCLE('',#12245,0.500000000000001);
#9277=VERTEX_POINT('',#12249);
#9278=CIRCLE('',#12250,0.500000000000001);
#9279=VERTEX_POINT('',#12254);
#9280=CIRCLE('',#12255,0.500000000000001);
#9281=VERTEX_POINT('',#12259);
#9282=CIRCLE('',#12260,0.500000000000001);
#9283=VERTEX_POINT('',#12264);
#9284=CIRCLE('',#12265,0.500000000000001);
#9285=VERTEX_POINT('',#12269);
#9286=CIRCLE('',#12270,0.500000000000001);
#9287=VERTEX_POINT('',#12274);
#9288=CIRCLE('',#12275,0.500000000000001);
#9289=VERTEX_POINT('',#12279);
#9290=CIRCLE('',#12280,0.500000000000001);
#9291=VERTEX_POINT('',#12284);
#9292=CIRCLE('',#12285,0.500000000000001);
#9293=VERTEX_POINT('',#12289);
#9294=VERTEX_POINT('',#12290);
#9295=CIRCLE('',#12291,0.220000000000001);
#9296=VERTEX_POINT('',#12295);
#9297=LINE('',#12296,#12297);
#9298=VERTEX_POINT('',#12299);
#9299=CIRCLE('',#12300,0.5);
#9300=VERTEX_POINT('',#12304);
#9301=LINE('',#12305,#12306);
#9302=VERTEX_POINT('',#12308);
#9303=CIRCLE('',#12309,0.5);
#9304=VERTEX_POINT('',#12313);
#9305=LINE('',#12314,#12315);
#9306=VERTEX_POINT('',#12317);
#9307=CIRCLE('',#12318,0.5);
#9308=LINE('',#12322,#12323);
#9309=VERTEX_POINT('',#12325);
#9310=LINE('',#12326,#12327);
#9311=VERTEX_POINT('',#12329);
#9312=CIRCLE('',#12330,0.500000000000001);
#9313=LINE('',#12334,#12335);
#9314=VERTEX_POINT('',#12337);
#9315=LINE('',#12338,#12339);
#9316=VERTEX_POINT('',#12341);
#9317=CIRCLE('',#12342,0.5);
#9318=LINE('',#12346,#12347);
#9319=VERTEX_POINT('',#12349);
#9320=LINE('',#12350,#12351);
#9321=VERTEX_POINT('',#12353);
#9322=CIRCLE('',#12354,0.5);
#9323=LINE('',#12358,#12359);
#9324=VERTEX_POINT('',#12361);
#9325=LINE('',#12362,#12363);
#9326=VERTEX_POINT('',#12365);
#9327=CIRCLE('',#12366,0.5);
#9328=LINE('',#12370,#12371);
#9329=VERTEX_POINT('',#12373);
#9330=LINE('',#12374,#12375);
#9331=VERTEX_POINT('',#12377);
#9332=CIRCLE('',#12378,0.5);
#9333=LINE('',#12382,#12383);
#9334=VERTEX_POINT('',#12385);
#9335=LINE('',#12386,#12387);
#9336=VERTEX_POINT('',#12389);
#9337=CIRCLE('',#12390,0.5);
#9338=LINE('',#12394,#12395);
#9339=VERTEX_POINT('',#12397);
#9340=LINE('',#12398,#12399);
#9341=VERTEX_POINT('',#12401);
#9342=CIRCLE('',#12402,0.5);
#9343=LINE('',#12406,#12407);
#9344=VERTEX_POINT('',#12409);
#9345=LINE('',#12410,#12411);
#9346=VERTEX_POINT('',#12413);
#9347=CIRCLE('',#12414,0.5);
#9348=LINE('',#12418,#12419);
#9349=VERTEX_POINT('',#12421);
#9350=LINE('',#12422,#12423);
#9351=VERTEX_POINT('',#12425);
#9352=CIRCLE('',#12426,0.5);
#9353=LINE('',#12430,#12431);
#9354=VERTEX_POINT('',#12433);
#9355=LINE('',#12434,#12435);
#9356=VERTEX_POINT('',#12437);
#9357=CIRCLE('',#12438,0.5);
#9358=LINE('',#12442,#12443);
#9359=VERTEX_POINT('',#12445);
#9360=LINE('',#12446,#12447);
#9361=VERTEX_POINT('',#12449);
#9362=CIRCLE('',#12450,0.5);
#9363=LINE('',#12454,#12455);
#9364=VERTEX_POINT('',#12457);
#9365=LINE('',#12458,#12459);
#9366=VERTEX_POINT('',#12461);
#9367=CIRCLE('',#12462,0.5);
#9368=LINE('',#12466,#12467);
#9369=VERTEX_POINT('',#12469);
#9370=LINE('',#12470,#12471);
#9371=VERTEX_POINT('',#12473);
#9372=CIRCLE('',#12474,0.5);
#9373=LINE('',#12478,#12479);
#9374=VERTEX_POINT('',#12481);
#9375=LINE('',#12482,#12483);
#9376=VERTEX_POINT('',#12485);
#9377=CIRCLE('',#12486,0.5);
#9378=LINE('',#12490,#12491);
#9379=VERTEX_POINT('',#12493);
#9380=LINE('',#12494,#12495);
#9381=VERTEX_POINT('',#12497);
#9382=CIRCLE('',#12498,0.5);
#9383=LINE('',#12502,#12503);
#9384=VERTEX_POINT('',#12505);
#9385=LINE('',#12506,#12507);
#9386=VERTEX_POINT('',#12509);
#9387=CIRCLE('',#12510,0.5);
#9388=LINE('',#12514,#12515);
#9389=VERTEX_POINT('',#12517);
#9390=LINE('',#12518,#12519);
#9391=VERTEX_POINT('',#12521);
#9392=LINE('',#12522,#12523);
#9393=CIRCLE('',#12525,0.5);
#9394=VERTEX_POINT('',#12529);
#9395=LINE('',#12530,#12531);
#9396=VERTEX_POINT('',#12533);
#9397=LINE('',#12534,#12535);
#9398=CIRCLE('',#12537,0.5);
#9399=VERTEX_POINT('',#12541);
#9400=LINE('',#12542,#12543);
#9401=VERTEX_POINT('',#12545);
#9402=LINE('',#12546,#12547);
#9403=CIRCLE('',#12549,0.5);
#9404=VERTEX_POINT('',#12553);
#9405=LINE('',#12554,#12555);
#9406=VERTEX_POINT('',#12557);
#9407=LINE('',#12558,#12559);
#9408=CIRCLE('',#12561,0.500000000000001);
#9409=VERTEX_POINT('',#12565);
#9410=LINE('',#12566,#12567);
#9411=VERTEX_POINT('',#12569);
#9412=CIRCLE('',#12570,0.5);
#9413=LINE('',#12574,#12575);
#9414=VERTEX_POINT('',#12577);
#9415=LINE('',#12578,#12579);
#9416=VERTEX_POINT('',#12581);
#9417=CIRCLE('',#12582,0.500000000000001);
#9418=LINE('',#12586,#12587);
#9419=VERTEX_POINT('',#12589);
#9420=LINE('',#12590,#12591);
#9421=VERTEX_POINT('',#12593);
#9422=CIRCLE('',#12594,0.5);
#9423=LINE('',#12598,#12599);
#9424=VERTEX_POINT('',#12601);
#9425=LINE('',#12602,#12603);
#9426=VERTEX_POINT('',#12605);
#9427=CIRCLE('',#12606,0.5);
#9428=LINE('',#12610,#12611);
#9429=VERTEX_POINT('',#12613);
#9430=LINE('',#12614,#12615);
#9431=VERTEX_POINT('',#12617);
#9432=CIRCLE('',#12618,0.5);
#9433=LINE('',#12622,#12623);
#9434=VERTEX_POINT('',#12625);
#9435=LINE('',#12626,#12627);
#9436=VERTEX_POINT('',#12629);
#9437=LINE('',#12630,#12631);
#9438=CIRCLE('',#12633,0.5);
#9439=VERTEX_POINT('',#12637);
#9440=LINE('',#12638,#12639);
#9441=VERTEX_POINT('',#12641);
#9442=CIRCLE('',#12642,0.5);
#9443=LINE('',#12646,#12647);
#9444=VERTEX_POINT('',#12649);
#9445=LINE('',#12650,#12651);
#9446=VERTEX_POINT('',#12653);
#9447=LINE('',#12654,#12655);
#9448=CIRCLE('',#12657,0.5);
#9449=VERTEX_POINT('',#12661);
#9450=LINE('',#12662,#12663);
#9451=VERTEX_POINT('',#12665);
#9452=LINE('',#12666,#12667);
#9453=CIRCLE('',#12669,0.5);
#9454=VERTEX_POINT('',#12673);
#9455=LINE('',#12674,#12675);
#9456=VERTEX_POINT('',#12677);
#9457=CIRCLE('',#12678,0.5);
#9458=LINE('',#12682,#12683);
#9459=VERTEX_POINT('',#12685);
#9460=LINE('',#12686,#12687);
#9461=VERTEX_POINT('',#12689);
#9462=CIRCLE('',#12690,0.5);
#9463=LINE('',#12694,#12695);
#9464=VERTEX_POINT('',#12697);
#9465=LINE('',#12698,#12699);
#9466=VERTEX_POINT('',#12701);
#9467=CIRCLE('',#12702,0.5);
#9468=LINE('',#12706,#12707);
#9469=VERTEX_POINT('',#12709);
#9470=LINE('',#12710,#12711);
#9471=VERTEX_POINT('',#12713);
#9472=CIRCLE('',#12714,0.5);
#9473=LINE('',#12718,#12719);
#9474=VERTEX_POINT('',#12721);
#9475=LINE('',#12722,#12723);
#9476=VERTEX_POINT('',#12725);
#9477=CIRCLE('',#12726,0.5);
#9478=LINE('',#12730,#12731);
#9479=VERTEX_POINT('',#12733);
#9480=LINE('',#12734,#12735);
#9481=VERTEX_POINT('',#12737);
#9482=LINE('',#12738,#12739);
#9483=CIRCLE('',#12741,0.5);
#9484=VERTEX_POINT('',#12745);
#9485=LINE('',#12746,#12747);
#9486=VERTEX_POINT('',#12749);
#9487=LINE('',#12750,#12751);
#9488=CIRCLE('',#12753,0.5);
#9489=VERTEX_POINT('',#12757);
#9490=LINE('',#12758,#12759);
#9491=VERTEX_POINT('',#12761);
#9492=CIRCLE('',#12762,0.5);
#9493=LINE('',#12766,#12767);
#9494=VERTEX_POINT('',#12769);
#9495=LINE('',#12770,#12771);
#9496=VERTEX_POINT('',#12773);
#9497=CIRCLE('',#12774,0.5);
#9498=LINE('',#12778,#12779);
#9499=VERTEX_POINT('',#12781);
#9500=LINE('',#12782,#12783);
#9501=VERTEX_POINT('',#12785);
#9502=CIRCLE('',#12786,0.5);
#9503=LINE('',#12790,#12791);
#9504=VERTEX_POINT('',#12793);
#9505=LINE('',#12794,#12795);
#9506=VERTEX_POINT('',#12797);
#9507=CIRCLE('',#12798,0.5);
#9508=LINE('',#12802,#12803);
#9509=VERTEX_POINT('',#12805);
#9510=LINE('',#12806,#12807);
#9511=VERTEX_POINT('',#12809);
#9512=LINE('',#12810,#12811);
#9513=CIRCLE('',#12813,0.5);
#9514=VERTEX_POINT('',#12817);
#9515=LINE('',#12818,#12819);
#9516=VERTEX_POINT('',#12821);
#9517=CIRCLE('',#12822,0.5);
#9518=LINE('',#12826,#12827);
#9519=VERTEX_POINT('',#12829);
#9520=LINE('',#12830,#12831);
#9521=VERTEX_POINT('',#12833);
#9522=LINE('',#12834,#12835);
#9523=CIRCLE('',#12837,0.5);
#9524=VERTEX_POINT('',#12841);
#9525=LINE('',#12842,#12843);
#9526=VERTEX_POINT('',#12845);
#9527=CIRCLE('',#12846,0.5);
#9528=LINE('',#12850,#12851);
#9529=VERTEX_POINT('',#12853);
#9530=LINE('',#12854,#12855);
#9531=VERTEX_POINT('',#12857);
#9532=CIRCLE('',#12858,0.5);
#9533=LINE('',#12862,#12863);
#9534=VERTEX_POINT('',#12865);
#9535=LINE('',#12866,#12867);
#9536=B_SPLINE_CURVE_WITH_KNOTS('',2,
(#12869,#12870,#12871),
.UNSPECIFIED.,.F.,.F.,
(3,3),
(0.,1.),
.UNSPECIFIED.);
#9537=VERTEX_POINT('',#12872);
#9538=B_SPLINE_CURVE_WITH_KNOTS('',2,
(#12873,#12874,#12875),
.UNSPECIFIED.,.F.,.F.,
(3,3),
(0.,1.),
.UNSPECIFIED.);
#9539=B_SPLINE_CURVE_WITH_KNOTS('',2,
(#12876,#12877,#12878),
.UNSPECIFIED.,.F.,.F.,
(3,3),
(0.,1.),
.UNSPECIFIED.);
#9540=B_SPLINE_CURVE_WITH_KNOTS('',2,
(#12879,#12880,#12881),
.UNSPECIFIED.,.F.,.F.,
(3,3),
(0.,1.),
.UNSPECIFIED.);
#9541=VERTEX_POINT('',#12882);
#9542=B_SPLINE_CURVE_WITH_KNOTS('',2,
(#12883,#12884,#12885),
.UNSPECIFIED.,.F.,.F.,
(3,3),
(0.,1.),
.UNSPECIFIED.);
#9543=LINE('',#12886,#12887);
#9544=LINE('',#12889,#12890);
#9545=LINE('',#12892,#12893);
#9546=VERTEX_POINT('',#12895);
#9547=CIRCLE('',#12896,0.5);
#9548=VERTEX_POINT('',#12900);
#9549=CIRCLE('',#12901,0.219999999999999);
#9550=LINE('',#12905,#12906);
#9551=LINE('',#12908,#12909);
#9552=LINE('',#12911,#12912);
#9553=VERTEX_POINT('',#12914);
#9554=VERTEX_POINT('',#12915);
#9555=CIRCLE('',#12916,0.220000000000001);
#9556=VERTEX_POINT('',#12920);
#9557=LINE('',#12921,#12922);
#9558=LINE('',#12924,#12925);
#9559=VERTEX_POINT('',#12927);
#9560=LINE('',#12928,#12929);
#9561=VERTEX_POINT('',#12931);
#9562=LINE('',#12932,#12933);
#9563=LINE('',#12935,#12936);
#9564=LINE('',#12938,#12939);
#9565=VERTEX_POINT('',#12941);
#9566=LINE('',#12942,#12943);
#9567=LINE('',#12945,#12946);
#9568=LINE('',#12948,#12949);
#9569=LINE('',#12951,#12952);
#9570=LINE('',#12954,#12955);
#9571=LINE('',#12957,#12958);
#9572=VERTEX_POINT('',#12960);
#9573=LINE('',#12961,#12962);
#9574=LINE('',#12964,#12965);
#9575=VERTEX_POINT('',#12967);
#9576=LINE('',#12968,#12969);
#9577=LINE('',#12971,#12972);
#9578=VERTEX_POINT('',#12974);
#9579=VERTEX_POINT('',#12975);
#9580=LINE('',#12976,#12977);
#9581=VERTEX_POINT('',#12979);
#9582=LINE('',#12980,#12981);
#9583=VERTEX_POINT('',#12983);
#9584=LINE('',#12984,#12985);
#9585=LINE('',#12987,#12988);
#9586=VERTEX_POINT('',#12990);
#9587=CIRCLE('',#12991,0.500000000000001);
#9588=VERTEX_POINT('',#12995);
#9589=CIRCLE('',#12996,0.500000000000001);
#9590=VERTEX_POINT('',#13000);
#9591=CIRCLE('',#13001,0.500000000000001);
#9592=VERTEX_POINT('',#13005);
#9593=CIRCLE('',#13006,0.500000000000001);
#9594=VERTEX_POINT('',#13010);
#9595=CIRCLE('',#13011,0.500000000000001);
#9596=VERTEX_POINT('',#13015);
#9597=CIRCLE('',#13016,0.500000000000001);
#9598=VERTEX_POINT('',#13020);
#9599=CIRCLE('',#13021,0.500000000000001);
#9600=VERTEX_POINT('',#13025);
#9601=CIRCLE('',#13026,0.500000000000001);
#9602=VERTEX_POINT('',#13030);
#9603=CIRCLE('',#13031,0.500000000000001);
#9604=VERTEX_POINT('',#13035);
#9605=CIRCLE('',#13036,0.500000000000001);
#9606=VERTEX_POINT('',#13040);
#9607=CIRCLE('',#13041,0.500000000000001);
#9608=VERTEX_POINT('',#13045);
#9609=CIRCLE('',#13046,0.500000000000001);
#9610=VERTEX_POINT('',#13050);
#9611=CIRCLE('',#13051,0.500000000000001);
#9612=VERTEX_POINT('',#13055);
#9613=CIRCLE('',#13056,0.500000000000001);
#9614=VERTEX_POINT('',#13060);
#9615=CIRCLE('',#13061,0.500000000000001);
#9616=VERTEX_POINT('',#13065);
#9617=CIRCLE('',#13066,0.500000000000001);
#9618=VERTEX_POINT('',#13070);
#9619=CIRCLE('',#13071,0.500000000000001);
#9620=VERTEX_POINT('',#13075);
#9621=CIRCLE('',#13076,0.500000000000001);
#9622=VERTEX_POINT('',#13080);
#9623=CIRCLE('',#13081,0.500000000000001);
#9624=VERTEX_POINT('',#13085);
#9625=CIRCLE('',#13086,0.500000000000001);
#9626=VERTEX_POINT('',#13090);
#9627=CIRCLE('',#13091,0.500000000000001);
#9628=VERTEX_POINT('',#13095);
#9629=CIRCLE('',#13096,0.500000000000001);
#9630=VERTEX_POINT('',#13100);
#9631=CIRCLE('',#13101,0.500000000000001);
#9632=VERTEX_POINT('',#13105);
#9633=CIRCLE('',#13106,0.5);
#9634=VERTEX_POINT('',#13110);
#9635=CIRCLE('',#13111,0.5);
#9636=VERTEX_POINT('',#13115);
#9637=CIRCLE('',#13116,0.5);
#9638=VERTEX_POINT('',#13120);
#9639=CIRCLE('',#13121,0.5);
#9640=VERTEX_POINT('',#13125);
#9641=CIRCLE('',#13126,0.5);
#9642=VERTEX_POINT('',#13130);
#9643=CIRCLE('',#13131,0.500000000000001);
#9644=VERTEX_POINT('',#13135);
#9645=CIRCLE('',#13136,0.500000000000001);
#9646=VERTEX_POINT('',#13140);
#9647=CIRCLE('',#13141,0.5);
#9648=VERTEX_POINT('',#13145);
#9649=CIRCLE('',#13146,0.5);
#9650=VERTEX_POINT('',#13150);
#9651=CIRCLE('',#13151,0.500000000000001);
#9652=VERTEX_POINT('',#13155);
#9653=CIRCLE('',#13156,0.5);
#9654=VERTEX_POINT('',#13160);
#9655=CIRCLE('',#13161,0.5);
#9656=VERTEX_POINT('',#13165);
#9657=CIRCLE('',#13166,0.5);
#9658=VERTEX_POINT('',#13170);
#9659=CIRCLE('',#13171,0.5);
#9660=VERTEX_POINT('',#13175);
#9661=CIRCLE('',#13176,0.5);
#9662=VERTEX_POINT('',#13180);
#9663=CIRCLE('',#13181,0.5);
#9664=VERTEX_POINT('',#13185);
#9665=CIRCLE('',#13186,0.5);
#9666=VERTEX_POINT('',#13190);
#9667=CIRCLE('',#13191,0.5);
#9668=VERTEX_POINT('',#13195);
#9669=CIRCLE('',#13196,0.5);
#9670=VERTEX_POINT('',#13200);
#9671=CIRCLE('',#13201,0.5);
#9672=VERTEX_POINT('',#13205);
#9673=CIRCLE('',#13206,0.5);
#9674=VERTEX_POINT('',#13210);
#9675=CIRCLE('',#13211,0.5);
#9676=VERTEX_POINT('',#13215);
#9677=CIRCLE('',#13216,0.5);
#9678=VERTEX_POINT('',#13220);
#9679=CIRCLE('',#13221,0.5);
#9680=VERTEX_POINT('',#13225);
#9681=CIRCLE('',#13226,0.5);
#9682=VERTEX_POINT('',#13230);
#9683=CIRCLE('',#13231,0.5);
#9684=VERTEX_POINT('',#13235);
#9685=CIRCLE('',#13236,0.5);
#9686=VERTEX_POINT('',#13240);
#9687=CIRCLE('',#13241,0.5);
#9688=VERTEX_POINT('',#13245);
#9689=CIRCLE('',#13246,0.5);
#9690=VERTEX_POINT('',#13250);
#9691=CIRCLE('',#13251,0.5);
#9692=VERTEX_POINT('',#13255);
#9693=CIRCLE('',#13256,0.5);
#9694=VERTEX_POINT('',#13260);
#9695=CIRCLE('',#13261,0.5);
#9696=VERTEX_POINT('',#13265);
#9697=CIRCLE('',#13266,0.5);
#9698=VERTEX_POINT('',#13270);
#9699=CIRCLE('',#13271,0.5);
#9700=VERTEX_POINT('',#13275);
#9701=CIRCLE('',#13276,0.5);
#9702=VERTEX_POINT('',#13280);
#9703=CIRCLE('',#13281,0.5);
#9704=VERTEX_POINT('',#13285);
#9705=CIRCLE('',#13286,0.5);
#9706=VERTEX_POINT('',#13290);
#9707=CIRCLE('',#13291,0.5);
#9708=VERTEX_POINT('',#13295);
#9709=CIRCLE('',#13296,0.5);
#9710=VERTEX_POINT('',#13300);
#9711=CIRCLE('',#13301,0.5);
#9712=VERTEX_POINT('',#13305);
#9713=CIRCLE('',#13306,0.5);
#9714=VERTEX_POINT('',#13310);
#9715=CIRCLE('',#13311,0.5);
#9716=VERTEX_POINT('',#13315);
#9717=CIRCLE('',#13316,0.5);
#9718=VERTEX_POINT('',#13320);
#9719=CIRCLE('',#13321,0.5);
#9720=VERTEX_POINT('',#13325);
#9721=CIRCLE('',#13326,0.5);
#9722=VERTEX_POINT('',#13330);
#9723=CIRCLE('',#13331,0.5);
#9724=VERTEX_POINT('',#13335);
#9725=CIRCLE('',#13336,0.5);
#9726=VERTEX_POINT('',#13340);
#9727=CIRCLE('',#13341,0.5);
#9728=VERTEX_POINT('',#13345);
#9729=CIRCLE('',#13346,0.5);
#9730=VERTEX_POINT('',#13350);
#9731=CIRCLE('',#13351,0.5);
#9732=VERTEX_POINT('',#13355);
#9733=CIRCLE('',#13356,0.5);
#9734=VERTEX_POINT('',#13360);
#9735=CIRCLE('',#13361,0.5);
#9736=VERTEX_POINT('',#13365);
#9737=CIRCLE('',#13366,0.5);
#9738=VERTEX_POINT('',#13370);
#9739=CIRCLE('',#13371,0.5);
#9740=VERTEX_POINT('',#13375);
#9741=CIRCLE('',#13376,0.5);
#9742=VERTEX_POINT('',#13380);
#9743=CIRCLE('',#13381,0.5);
#9744=VERTEX_POINT('',#13385);
#9745=CIRCLE('',#13386,0.5);
#9746=VERTEX_POINT('',#13390);
#9747=CIRCLE('',#13391,0.5);
#9748=VERTEX_POINT('',#13395);
#9749=CIRCLE('',#13396,0.500000000000001);
#9750=VERTEX_POINT('',#13400);
#9751=CIRCLE('',#13401,0.5);
#9752=VERTEX_POINT('',#13405);
#9753=CIRCLE('',#13406,0.5);
#9754=VERTEX_POINT('',#13410);
#9755=CIRCLE('',#13411,0.5);
#9756=VERTEX_POINT('',#13415);
#9757=CIRCLE('',#13416,0.5);
#9758=VERTEX_POINT('',#13420);
#9759=CIRCLE('',#13421,0.5);
#9760=VERTEX_POINT('',#13425);
#9761=CIRCLE('',#13426,0.5);
#9762=VERTEX_POINT('',#13430);
#9763=CIRCLE('',#13431,0.5);
#9764=VERTEX_POINT('',#13435);
#9765=CIRCLE('',#13436,0.5);
#9766=VERTEX_POINT('',#13440);
#9767=CIRCLE('',#13441,0.5);
#9768=VERTEX_POINT('',#13445);
#9769=CIRCLE('',#13446,0.500000000000001);
#9770=VERTEX_POINT('',#13450);
#9771=CIRCLE('',#13451,0.5);
#9772=VERTEX_POINT('',#13455);
#9773=CIRCLE('',#13456,0.5);
#9774=VERTEX_POINT('',#13460);
#9775=CIRCLE('',#13461,0.5);
#9776=VERTEX_POINT('',#13465);
#9777=CIRCLE('',#13466,0.5);
#9778=VERTEX_POINT('',#13470);
#9779=CIRCLE('',#13471,0.5);
#9780=VERTEX_POINT('',#13475);
#9781=CIRCLE('',#13476,0.5);
#9782=VERTEX_POINT('',#13480);
#9783=CIRCLE('',#13481,0.5);
#9784=VERTEX_POINT('',#13485);
#9785=CIRCLE('',#13486,0.5);
#9786=VERTEX_POINT('',#13490);
#9787=CIRCLE('',#13491,0.5);
#9788=VERTEX_POINT('',#13495);
#9789=CIRCLE('',#13496,0.500000000000001);
#9790=VERTEX_POINT('',#13500);
#9791=CIRCLE('',#13501,0.5);
#9792=VERTEX_POINT('',#13505);
#9793=CIRCLE('',#13506,0.5);
#9794=VERTEX_POINT('',#13510);
#9795=CIRCLE('',#13511,0.5);
#9796=VERTEX_POINT('',#13515);
#9797=CIRCLE('',#13516,0.5);
#9798=VERTEX_POINT('',#13520);
#9799=CIRCLE('',#13521,0.5);
#9800=VERTEX_POINT('',#13525);
#9801=CIRCLE('',#13526,0.5);
#9802=VERTEX_POINT('',#13530);
#9803=CIRCLE('',#13531,0.5);
#9804=VERTEX_POINT('',#13535);
#9805=CIRCLE('',#13536,0.5);
#9806=VERTEX_POINT('',#13540);
#9807=CIRCLE('',#13541,0.5);
#9808=VERTEX_POINT('',#13545);
#9809=CIRCLE('',#13546,0.500000000000001);
#9810=VERTEX_POINT('',#13550);
#9811=CIRCLE('',#13551,0.5);
#9812=VERTEX_POINT('',#13555);
#9813=CIRCLE('',#13556,0.5);
#9814=VERTEX_POINT('',#13560);
#9815=CIRCLE('',#13561,0.5);
#9816=VERTEX_POINT('',#13565);
#9817=CIRCLE('',#13566,0.5);
#9818=VERTEX_POINT('',#13570);
#9819=CIRCLE('',#13571,0.5);
#9820=VERTEX_POINT('',#13575);
#9821=CIRCLE('',#13576,0.5);
#9822=VERTEX_POINT('',#13580);
#9823=CIRCLE('',#13581,0.5);
#9824=VERTEX_POINT('',#13585);
#9825=CIRCLE('',#13586,0.5);
#9826=VERTEX_POINT('',#13590);
#9827=CIRCLE('',#13591,0.5);
#9828=VERTEX_POINT('',#13595);
#9829=CIRCLE('',#13596,0.500000000000001);
#9830=VERTEX_POINT('',#13600);
#9831=CIRCLE('',#13601,0.5);
#9832=VERTEX_POINT('',#13605);
#9833=CIRCLE('',#13606,0.5);
#9834=VERTEX_POINT('',#13610);
#9835=CIRCLE('',#13611,0.5);
#9836=VERTEX_POINT('',#13615);
#9837=CIRCLE('',#13616,0.5);
#9838=VERTEX_POINT('',#13620);
#9839=CIRCLE('',#13621,0.5);
#9840=VERTEX_POINT('',#13625);
#9841=CIRCLE('',#13626,0.5);
#9842=VERTEX_POINT('',#13630);
#9843=CIRCLE('',#13631,0.5);
#9844=VERTEX_POINT('',#13635);
#9845=CIRCLE('',#13636,0.5);
#9846=VERTEX_POINT('',#13640);
#9847=CIRCLE('',#13641,0.5);
#9848=VERTEX_POINT('',#13645);
#9849=CIRCLE('',#13646,0.5);
#9850=VERTEX_POINT('',#13650);
#9851=CIRCLE('',#13651,0.5);
#9852=VERTEX_POINT('',#13655);
#9853=CIRCLE('',#13656,0.5);
#9854=VERTEX_POINT('',#13660);
#9855=CIRCLE('',#13661,0.5);
#9856=VERTEX_POINT('',#13665);
#9857=CIRCLE('',#13666,0.5);
#9858=VERTEX_POINT('',#13670);
#9859=CIRCLE('',#13671,0.5);
#9860=VERTEX_POINT('',#13675);
#9861=CIRCLE('',#13676,0.5);
#9862=VERTEX_POINT('',#13680);
#9863=CIRCLE('',#13681,0.5);
#9864=VERTEX_POINT('',#13685);
#9865=CIRCLE('',#13686,0.5);
#9866=VERTEX_POINT('',#13690);
#9867=CIRCLE('',#13691,0.5);
#9868=VERTEX_POINT('',#13695);
#9869=CIRCLE('',#13696,0.5);
#9870=VERTEX_POINT('',#13700);
#9871=CIRCLE('',#13701,0.5);
#9872=VERTEX_POINT('',#13705);
#9873=CIRCLE('',#13706,0.5);
#9874=VERTEX_POINT('',#13710);
#9875=CIRCLE('',#13711,0.5);
#9876=VERTEX_POINT('',#13715);
#9877=CIRCLE('',#13716,0.5);
#9878=VERTEX_POINT('',#13720);
#9879=CIRCLE('',#13721,0.5);
#9880=VERTEX_POINT('',#13725);
#9881=CIRCLE('',#13726,0.5);
#9882=VERTEX_POINT('',#13730);
#9883=CIRCLE('',#13731,0.5);
#9884=VERTEX_POINT('',#13735);
#9885=CIRCLE('',#13736,0.5);
#9886=VERTEX_POINT('',#13740);
#9887=CIRCLE('',#13741,0.5);
#9888=VERTEX_POINT('',#13745);
#9889=CIRCLE('',#13746,0.5);
#9890=VERTEX_POINT('',#13750);
#9891=CIRCLE('',#13751,0.5);
#9892=VERTEX_POINT('',#13755);
#9893=CIRCLE('',#13756,0.5);
#9894=VERTEX_POINT('',#13760);
#9895=CIRCLE('',#13761,0.5);
#9896=VERTEX_POINT('',#13765);
#9897=CIRCLE('',#13766,0.5);
#9898=VERTEX_POINT('',#13770);
#9899=CIRCLE('',#13771,0.5);
#9900=VERTEX_POINT('',#13775);
#9901=CIRCLE('',#13776,0.5);
#9902=VERTEX_POINT('',#13780);
#9903=CIRCLE('',#13781,0.5);
#9904=VERTEX_POINT('',#13785);
#9905=CIRCLE('',#13786,0.5);
#9906=VERTEX_POINT('',#13790);
#9907=CIRCLE('',#13791,0.5);
#9908=VERTEX_POINT('',#13795);
#9909=CIRCLE('',#13796,0.5);
#9910=VERTEX_POINT('',#13800);
#9911=CIRCLE('',#13801,0.5);
#9912=VERTEX_POINT('',#13805);
#9913=CIRCLE('',#13806,0.5);
#9914=VERTEX_POINT('',#13810);
#9915=CIRCLE('',#13811,0.5);
#9916=VERTEX_POINT('',#13815);
#9917=CIRCLE('',#13816,0.5);
#9918=VERTEX_POINT('',#13820);
#9919=CIRCLE('',#13821,0.5);
#9920=VERTEX_POINT('',#13825);
#9921=CIRCLE('',#13826,0.5);
#9922=VERTEX_POINT('',#13830);
#9923=CIRCLE('',#13831,0.5);
#9924=VERTEX_POINT('',#13835);
#9925=CIRCLE('',#13836,0.5);
#9926=VERTEX_POINT('',#13840);
#9927=CIRCLE('',#13841,0.5);
#9928=VERTEX_POINT('',#13845);
#9929=CIRCLE('',#13846,0.5);
#9930=VERTEX_POINT('',#13850);
#9931=CIRCLE('',#13851,0.5);
#9932=VERTEX_POINT('',#13855);
#9933=CIRCLE('',#13856,0.5);
#9934=VERTEX_POINT('',#13860);
#9935=CIRCLE('',#13861,0.5);
#9936=VERTEX_POINT('',#13865);
#9937=CIRCLE('',#13866,0.5);
#9938=VERTEX_POINT('',#13870);
#9939=CIRCLE('',#13871,0.5);
#9940=VERTEX_POINT('',#13875);
#9941=CIRCLE('',#13876,0.5);
#9942=VERTEX_POINT('',#13880);
#9943=CIRCLE('',#13881,0.5);
#9944=VERTEX_POINT('',#13885);
#9945=CIRCLE('',#13886,0.500000000000001);
#9946=VERTEX_POINT('',#13890);
#9947=CIRCLE('',#13891,0.5);
#9948=VERTEX_POINT('',#13895);
#9949=CIRCLE('',#13896,0.5);
#9950=VERTEX_POINT('',#13900);
#9951=CIRCLE('',#13901,0.5);
#9952=VERTEX_POINT('',#13905);
#9953=CIRCLE('',#13906,0.5);
#9954=VERTEX_POINT('',#13910);
#9955=CIRCLE('',#13911,0.5);
#9956=VERTEX_POINT('',#13915);
#9957=CIRCLE('',#13916,0.5);
#9958=VERTEX_POINT('',#13920);
#9959=CIRCLE('',#13921,0.5);
#9960=VERTEX_POINT('',#13925);
#9961=CIRCLE('',#13926,0.5);
#9962=VERTEX_POINT('',#13930);
#9963=CIRCLE('',#13931,0.5);
#9964=VERTEX_POINT('',#13935);
#9965=CIRCLE('',#13936,0.5);
#9966=VERTEX_POINT('',#13940);
#9967=CIRCLE('',#13941,0.5);
#9968=VERTEX_POINT('',#13945);
#9969=CIRCLE('',#13946,0.5);
#9970=VERTEX_POINT('',#13950);
#9971=CIRCLE('',#13951,0.5);
#9972=VERTEX_POINT('',#13955);
#9973=CIRCLE('',#13956,0.5);
#9974=VERTEX_POINT('',#13960);
#9975=CIRCLE('',#13961,0.5);
#9976=VERTEX_POINT('',#13965);
#9977=CIRCLE('',#13966,0.5);
#9978=VERTEX_POINT('',#13970);
#9979=CIRCLE('',#13971,0.5);
#9980=VERTEX_POINT('',#13975);
#9981=CIRCLE('',#13976,0.5);
#9982=VERTEX_POINT('',#13980);
#9983=CIRCLE('',#13981,0.5);
#9984=VERTEX_POINT('',#13985);
#9985=CIRCLE('',#13986,0.5);
#9986=VERTEX_POINT('',#13990);
#9987=CIRCLE('',#13991,0.5);
#9988=VERTEX_POINT('',#13995);
#9989=CIRCLE('',#13996,0.5);
#9990=VERTEX_POINT('',#14000);
#9991=CIRCLE('',#14001,0.5);
#9992=VERTEX_POINT('',#14005);
#9993=CIRCLE('',#14006,0.5);
#9994=VERTEX_POINT('',#14010);
#9995=CIRCLE('',#14011,0.5);
#9996=VERTEX_POINT('',#14015);
#9997=CIRCLE('',#14016,0.5);
#9998=VERTEX_POINT('',#14020);
#9999=CIRCLE('',#14021,0.5);
#10000=VERTEX_POINT('',#14025);
#10001=CIRCLE('',#14026,0.5);
#10002=VERTEX_POINT('',#14030);
#10003=CIRCLE('',#14031,0.5);
#10004=VERTEX_POINT('',#14035);
#10005=CIRCLE('',#14036,0.5);
#10006=VERTEX_POINT('',#14040);
#10007=CIRCLE('',#14041,0.5);
#10008=VERTEX_POINT('',#14045);
#10009=CIRCLE('',#14046,0.5);
#10010=VERTEX_POINT('',#14050);
#10011=CIRCLE('',#14051,0.5);
#10012=VERTEX_POINT('',#14055);
#10013=CIRCLE('',#14056,0.5);
#10014=VERTEX_POINT('',#14060);
#10015=CIRCLE('',#14061,0.5);
#10016=VERTEX_POINT('',#14065);
#10017=CIRCLE('',#14066,0.5);
#10018=VERTEX_POINT('',#14070);
#10019=CIRCLE('',#14071,0.5);
#10020=VERTEX_POINT('',#14075);
#10021=CIRCLE('',#14076,0.5);
#10022=VERTEX_POINT('',#14080);
#10023=CIRCLE('',#14081,0.5);
#10024=VERTEX_POINT('',#14085);
#10025=CIRCLE('',#14086,0.5);
#10026=VERTEX_POINT('',#14090);
#10027=CIRCLE('',#14091,0.5);
#10028=VERTEX_POINT('',#14095);
#10029=CIRCLE('',#14096,0.5);
#10030=VERTEX_POINT('',#14100);
#10031=CIRCLE('',#14101,0.5);
#10032=VERTEX_POINT('',#14105);
#10033=CIRCLE('',#14106,0.5);
#10034=VERTEX_POINT('',#14110);
#10035=CIRCLE('',#14111,0.5);
#10036=VERTEX_POINT('',#14115);
#10037=CIRCLE('',#14116,0.5);
#10038=VERTEX_POINT('',#14120);
#10039=CIRCLE('',#14121,0.5);
#10040=VERTEX_POINT('',#14125);
#10041=CIRCLE('',#14126,0.5);
#10042=VERTEX_POINT('',#14130);
#10043=CIRCLE('',#14131,0.5);
#10044=VERTEX_POINT('',#14135);
#10045=CIRCLE('',#14136,0.5);
#10046=VERTEX_POINT('',#14140);
#10047=CIRCLE('',#14141,0.5);
#10048=VERTEX_POINT('',#14145);
#10049=CIRCLE('',#14146,0.5);
#10050=VERTEX_POINT('',#14150);
#10051=CIRCLE('',#14151,0.5);
#10052=VERTEX_POINT('',#14155);
#10053=CIRCLE('',#14156,0.5);
#10054=VERTEX_POINT('',#14160);
#10055=CIRCLE('',#14161,0.5);
#10056=VERTEX_POINT('',#14165);
#10057=CIRCLE('',#14166,0.5);
#10058=VERTEX_POINT('',#14170);
#10059=CIRCLE('',#14171,0.5);
#10060=VERTEX_POINT('',#14175);
#10061=CIRCLE('',#14176,0.5);
#10062=VERTEX_POINT('',#14180);
#10063=CIRCLE('',#14181,0.5);
#10064=VERTEX_POINT('',#14185);
#10065=CIRCLE('',#14186,0.5);
#10066=VERTEX_POINT('',#14190);
#10067=CIRCLE('',#14191,0.5);
#10068=VERTEX_POINT('',#14195);
#10069=CIRCLE('',#14196,0.5);
#10070=VERTEX_POINT('',#14200);
#10071=CIRCLE('',#14201,0.5);
#10072=VERTEX_POINT('',#14205);
#10073=CIRCLE('',#14206,0.5);
#10074=VERTEX_POINT('',#14210);
#10075=CIRCLE('',#14211,0.5);
#10076=VERTEX_POINT('',#14215);
#10077=CIRCLE('',#14216,0.5);
#10078=VERTEX_POINT('',#14220);
#10079=CIRCLE('',#14221,0.5);
#10080=VERTEX_POINT('',#14225);
#10081=CIRCLE('',#14226,0.5);
#10082=VERTEX_POINT('',#14230);
#10083=CIRCLE('',#14231,0.5);
#10084=VERTEX_POINT('',#14235);
#10085=CIRCLE('',#14236,0.5);
#10086=VERTEX_POINT('',#14240);
#10087=CIRCLE('',#14241,0.5);
#10088=VERTEX_POINT('',#14245);
#10089=CIRCLE('',#14246,0.5);
#10090=VERTEX_POINT('',#14250);
#10091=CIRCLE('',#14251,0.5);
#10092=VERTEX_POINT('',#14255);
#10093=CIRCLE('',#14256,0.5);
#10094=VERTEX_POINT('',#14260);
#10095=CIRCLE('',#14261,0.5);
#10096=VERTEX_POINT('',#14265);
#10097=CIRCLE('',#14266,0.5);
#10098=VERTEX_POINT('',#14270);
#10099=CIRCLE('',#14271,0.5);
#10100=VERTEX_POINT('',#14275);
#10101=CIRCLE('',#14276,0.5);
#10102=VERTEX_POINT('',#14280);
#10103=CIRCLE('',#14281,0.5);
#10104=VERTEX_POINT('',#14285);
#10105=CIRCLE('',#14286,0.5);
#10106=VERTEX_POINT('',#14290);
#10107=CIRCLE('',#14291,0.5);
#10108=VERTEX_POINT('',#14295);
#10109=CIRCLE('',#14296,0.5);
#10110=VERTEX_POINT('',#14300);
#10111=CIRCLE('',#14301,0.5);
#10112=VERTEX_POINT('',#14305);
#10113=CIRCLE('',#14306,0.5);
#10114=VERTEX_POINT('',#14310);
#10115=CIRCLE('',#14311,0.5);
#10116=VERTEX_POINT('',#14315);
#10117=CIRCLE('',#14316,0.5);
#10118=VERTEX_POINT('',#14320);
#10119=CIRCLE('',#14321,0.5);
#10120=VERTEX_POINT('',#14325);
#10121=CIRCLE('',#14326,0.5);
#10122=VERTEX_POINT('',#14330);
#10123=CIRCLE('',#14331,0.5);
#10124=VERTEX_POINT('',#14335);
#10125=CIRCLE('',#14336,0.5);
#10126=VERTEX_POINT('',#14340);
#10127=CIRCLE('',#14341,0.5);
#10128=VERTEX_POINT('',#14345);
#10129=CIRCLE('',#14346,0.5);
#10130=VERTEX_POINT('',#14350);
#10131=CIRCLE('',#14351,0.5);
#10132=VERTEX_POINT('',#14355);
#10133=CIRCLE('',#14356,0.5);
#10134=VERTEX_POINT('',#14360);
#10135=CIRCLE('',#14361,0.5);
#10136=VERTEX_POINT('',#14365);
#10137=CIRCLE('',#14366,0.5);
#10138=VERTEX_POINT('',#14370);
#10139=CIRCLE('',#14371,0.5);
#10140=VERTEX_POINT('',#14375);
#10141=CIRCLE('',#14376,0.5);
#10142=VERTEX_POINT('',#14380);
#10143=CIRCLE('',#14381,0.5);
#10144=VERTEX_POINT('',#14385);
#10145=CIRCLE('',#14386,0.5);
#10146=VERTEX_POINT('',#14390);
#10147=CIRCLE('',#14391,0.5);
#10148=VERTEX_POINT('',#14395);
#10149=CIRCLE('',#14396,0.5);
#10150=VERTEX_POINT('',#14400);
#10151=CIRCLE('',#14401,0.5);
#10152=VERTEX_POINT('',#14405);
#10153=CIRCLE('',#14406,0.5);
#10154=VERTEX_POINT('',#14410);
#10155=CIRCLE('',#14411,0.5);
#10156=VERTEX_POINT('',#14415);
#10157=CIRCLE('',#14416,0.5);
#10158=VERTEX_POINT('',#14420);
#10159=CIRCLE('',#14421,0.5);
#10160=VERTEX_POINT('',#14425);
#10161=VERTEX_POINT('',#14426);
#10162=CIRCLE('',#14427,0.219999999999999);
#10163=LINE('',#14431,#14432);
#10164=VERTEX_POINT('',#14434);
#10165=LINE('',#14435,#14436);
#10166=CIRCLE('',#14438,0.219999999999999);
#10167=VERTEX_POINT('',#14442);
#10168=CIRCLE('',#14443,0.220000003193283);
#10169=LINE('',#14447,#14448);
#10170=VERTEX_POINT('',#14450);
#10171=LINE('',#14451,#14452);
#10172=VERTEX_POINT('',#14454);
#10173=CIRCLE('',#14455,0.219999999999998);
#10174=LINE('',#14459,#14460);
#10175=LINE('',#14462,#14463);
#10176=LINE('',#14465,#14466);
#10177=LINE('',#14468,#14469);
#10178=VERTEX_POINT('',#14471);
#10179=LINE('',#14472,#14473);
#10180=VERTEX_POINT('',#14475);
#10181=CIRCLE('',#14476,0.219999999999999);
#10182=LINE('',#14480,#14481);
#10183=LINE('',#14483,#14484);
#10184=LINE('',#14486,#14487);
#10185=VERTEX_POINT('',#14489);
#10186=LINE('',#14490,#14491);
#10187=VERTEX_POINT('',#14493);
#10188=LINE('',#14494,#14495);
#10189=VERTEX_POINT('',#14497);
#10190=CIRCLE('',#14498,0.220000000000004);
#10191=LINE('',#14502,#14503);
#10192=LINE('',#14505,#14506);
#10193=LINE('',#14508,#14509);
#10194=LINE('',#14511,#14512);
#10195=LINE('',#14514,#14515);
#10196=VERTEX_POINT('',#14517);
#10197=VERTEX_POINT('',#14518);
#10198=CIRCLE('',#14519,0.219999999999997);
#10199=LINE('',#14523,#14524);
#10200=LINE('',#14526,#14527);
#10201=VERTEX_POINT('',#14529);
#10202=LINE('',#14530,#14531);
#10203=VERTEX_POINT('',#14533);
#10204=LINE('',#14534,#14535);
#10205=VERTEX_POINT('',#14537);
#10206=CIRCLE('',#14538,0.220000000000004);
#10207=LINE('',#14542,#14543);
#10208=LINE('',#14545,#14546);
#10209=LINE('',#14548,#14549);
#10210=VERTEX_POINT('',#14551);
#10211=LINE('',#14552,#14553);
#10212=B_SPLINE_CURVE_WITH_KNOTS('',2,
(#14555,#14556,#14557),
.UNSPECIFIED.,.F.,.F.,
(3,3),
(0.,1.),
.UNSPECIFIED.);
#10213=VERTEX_POINT('',#14558);
#10214=B_SPLINE_CURVE_WITH_KNOTS('',2,
(#14559,#14560,#14561),
.UNSPECIFIED.,.F.,.F.,
(3,3),
(0.,1.),
.UNSPECIFIED.);
#10215=B_SPLINE_CURVE_WITH_KNOTS('',2,
(#14562,#14563,#14564),
.UNSPECIFIED.,.F.,.F.,
(3,3),
(0.,1.),
.UNSPECIFIED.);
#10216=VERTEX_POINT('',#14565);
#10217=B_SPLINE_CURVE_WITH_KNOTS('',2,
(#14566,#14567,#14568),
.UNSPECIFIED.,.F.,.F.,
(3,3),
(0.,1.),
.UNSPECIFIED.);
#10218=B_SPLINE_CURVE_WITH_KNOTS('',2,
(#14569,#14570,#14571),
.UNSPECIFIED.,.F.,.F.,
(3,3),
(0.,1.),
.UNSPECIFIED.);
#10219=B_SPLINE_CURVE_WITH_KNOTS('',2,
(#14572,#14573,#14574),
.UNSPECIFIED.,.F.,.F.,
(3,3),
(0.,1.),
.UNSPECIFIED.);
#10220=B_SPLINE_CURVE_WITH_KNOTS('',2,
(#14575,#14576,#14577),
.UNSPECIFIED.,.F.,.F.,
(3,3),
(0.,1.),
.UNSPECIFIED.);
#10221=B_SPLINE_CURVE_WITH_KNOTS('',2,
(#14578,#14579,#14580),
.UNSPECIFIED.,.F.,.F.,
(3,3),
(0.,1.),
.UNSPECIFIED.);
#10222=LINE('',#14581,#14582);
#10223=LINE('',#14584,#14585);
#10224=LINE('',#14587,#14588);
#10225=VERTEX_POINT('',#14590);
#10226=LINE('',#14591,#14592);
#10227=VERTEX_POINT('',#14594);
#10228=LINE('',#14595,#14596);
#10229=LINE('',#14598,#14599);
#10230=VERTEX_POINT('',#14601);
#10231=LINE('',#14602,#14603);
#10232=LINE('',#14605,#14606);
#10233=VERTEX_POINT('',#14608);
#10234=LINE('',#14609,#14610);
#10235=LINE('',#14612,#14613);
#10236=VERTEX_POINT('',#14615);
#10237=LINE('',#14616,#14617);
#10238=LINE('',#14619,#14620);
#10239=VERTEX_POINT('',#14622);
#10240=LINE('',#14623,#14624);
#10241=LINE('',#14626,#14627);
#10242=VERTEX_POINT('',#14629);
#10243=LINE('',#14630,#14631);
#10244=VERTEX_POINT('',#14633);
#10245=LINE('',#14634,#14635);
#10246=LINE('',#14637,#14638);
#10247=VERTEX_POINT('',#14640);
#10248=LINE('',#14641,#14642);
#10249=VERTEX_POINT('',#14644);
#10250=LINE('',#14645,#14646);
#10251=LINE('',#14648,#14649);
#10252=VERTEX_POINT('',#14651);
#10253=LINE('',#14652,#14653);
#10254=LINE('',#14655,#14656);
#10255=VERTEX_POINT('',#14658);
#10256=LINE('',#14659,#14660);
#10257=LINE('',#14662,#14663);
#10258=VERTEX_POINT('',#14665);
#10259=LINE('',#14666,#14667);
#10260=LINE('',#14669,#14670);
#10261=VERTEX_POINT('',#14672);
#10262=LINE('',#14673,#14674);
#10263=LINE('',#14676,#14677);
#10264=VERTEX_POINT('',#14679);
#10265=LINE('',#14680,#14681);
#10266=VERTEX_POINT('',#14683);
#10267=LINE('',#14684,#14685);
#10268=LINE('',#14687,#14688);
#10269=VERTEX_POINT('',#14690);
#10270=LINE('',#14691,#14692);
#10271=VERTEX_POINT('',#14694);
#10272=LINE('',#14695,#14696);
#10273=LINE('',#14698,#14699);
#10274=VERTEX_POINT('',#14701);
#10275=LINE('',#14702,#14703);
#10276=VERTEX_POINT('',#14705);
#10277=LINE('',#14706,#14707);
#10278=LINE('',#14709,#14710);
#10279=VERTEX_POINT('',#14712);
#10280=LINE('',#14713,#14714);
#10281=LINE('',#14716,#14717);
#10282=VERTEX_POINT('',#14719);
#10283=LINE('',#14720,#14721);
#10284=LINE('',#14723,#14724);
#10285=VERTEX_POINT('',#14726);
#10286=LINE('',#14727,#14728);
#10287=VERTEX_POINT('',#14730);
#10288=LINE('',#14731,#14732);
#10289=LINE('',#14734,#14735);
#10290=VERTEX_POINT('',#14737);
#10291=LINE('',#14738,#14739);
#10292=VERTEX_POINT('',#14741);
#10293=LINE('',#14742,#14743);
#10294=LINE('',#14745,#14746);
#10295=VERTEX_POINT('',#14748);
#10296=LINE('',#14749,#14750);
#10297=VERTEX_POINT('',#14752);
#10298=LINE('',#14753,#14754);
#10299=LINE('',#14756,#14757);
#10300=VERTEX_POINT('',#14759);
#10301=LINE('',#14760,#14761);
#10302=VERTEX_POINT('',#14763);
#10303=LINE('',#14764,#14765);
#10304=LINE('',#14767,#14768);
#10305=VERTEX_POINT('',#14770);
#10306=LINE('',#14771,#14772);
#10307=LINE('',#14774,#14775);
#10308=VERTEX_POINT('',#14777);
#10309=LINE('',#14778,#14779);
#10310=LINE('',#14781,#14782);
#10311=VERTEX_POINT('',#14784);
#10312=LINE('',#14785,#14786);
#10313=VERTEX_POINT('',#14788);
#10314=LINE('',#14789,#14790);
#10315=LINE('',#14792,#14793);
#10316=VERTEX_POINT('',#14795);
#10317=LINE('',#14796,#14797);
#10318=B_SPLINE_CURVE_WITH_KNOTS('',2,
(#14799,#14800,#14801),
.UNSPECIFIED.,.F.,.F.,
(3,3),
(0.,1.),
.UNSPECIFIED.);
#10319=VERTEX_POINT('',#14802);
#10320=LINE('',#14803,#14804);
#10321=B_SPLINE_CURVE_WITH_KNOTS('',2,
(#14806,#14807,#14808),
.UNSPECIFIED.,.F.,.F.,
(3,3),
(0.,1.),
.UNSPECIFIED.);
#10322=VERTEX_POINT('',#14809);
#10323=LINE('',#14810,#14811);
#10324=B_SPLINE_CURVE_WITH_KNOTS('',2,
(#14813,#14814,#14815),
.UNSPECIFIED.,.F.,.F.,
(3,3),
(0.,1.),
.UNSPECIFIED.);
#10325=VERTEX_POINT('',#14816);
#10326=LINE('',#14817,#14818);
#10327=B_SPLINE_CURVE_WITH_KNOTS('',2,
(#14820,#14821,#14822),
.UNSPECIFIED.,.F.,.F.,
(3,3),
(0.,1.),
.UNSPECIFIED.);
#10328=B_SPLINE_CURVE_WITH_KNOTS('',2,
(#14823,#14824,#14825),
.UNSPECIFIED.,.F.,.F.,
(3,3),
(0.,1.),
.UNSPECIFIED.);
#10329=VERTEX_POINT('',#14826);
#10330=LINE('',#14827,#14828);
#10331=VERTEX_POINT('',#14830);
#10332=B_SPLINE_CURVE_WITH_KNOTS('',2,
(#14831,#14832,#14833),
.UNSPECIFIED.,.F.,.F.,
(3,3),
(0.,1.),
.UNSPECIFIED.);
#10333=LINE('',#14834,#14835);
#10334=VERTEX_POINT('',#14837);
#10335=B_SPLINE_CURVE_WITH_KNOTS('',2,
(#14838,#14839,#14840),
.UNSPECIFIED.,.F.,.F.,
(3,3),
(0.,1.),
.UNSPECIFIED.);
#10336=LINE('',#14841,#14842);
#10337=VERTEX_POINT('',#14844);
#10338=B_SPLINE_CURVE_WITH_KNOTS('',2,
(#14845,#14846,#14847),
.UNSPECIFIED.,.F.,.F.,
(3,3),
(0.,1.),
.UNSPECIFIED.);
#10339=LINE('',#14848,#14849);
#10340=VERTEX_POINT('',#14851);
#10341=LINE('',#14852,#14853);
#10342=LINE('',#14855,#14856);
#10343=VERTEX_POINT('',#14858);
#10344=LINE('',#14859,#14860);
#10345=LINE('',#14862,#14863);
#10346=LINE('',#14865,#14866);
#10347=VERTEX_POINT('',#14868);
#10348=LINE('',#14869,#14870);
#10349=VERTEX_POINT('',#14872);
#10350=LINE('',#14873,#14874);
#10351=LINE('',#14876,#14877);
#10352=VERTEX_POINT('',#14879);
#10353=LINE('',#14880,#14881);
#10354=VERTEX_POINT('',#14883);
#10355=LINE('',#14884,#14885);
#10356=LINE('',#14887,#14888);
#10357=VERTEX_POINT('',#14890);
#10358=LINE('',#14891,#14892);
#10359=VERTEX_POINT('',#14894);
#10360=LINE('',#14895,#14896);
#10361=LINE('',#14898,#14899);
#10362=VERTEX_POINT('',#14901);
#10363=LINE('',#14902,#14903);
#10364=VERTEX_POINT('',#14905);
#10365=LINE('',#14906,#14907);
#10366=LINE('',#14909,#14910);
#10367=CIRCLE('',#14912,0.22);
#10368=CIRCLE('',#14916,0.220000000000001);
#10369=CIRCLE('',#14920,0.220000000000001);
#10370=CIRCLE('',#14924,0.219999999999999);
#10371=CIRCLE('',#14928,0.220000000000001);
#10372=CIRCLE('',#14932,0.22);
#10373=CIRCLE('',#14936,0.22);
#10374=CIRCLE('',#14940,0.219999999999998);
#10375=CIRCLE('',#14944,0.219999999999999);
#10376=CIRCLE('',#14948,0.219999999999998);
#10377=CIRCLE('',#14952,0.5);
#10378=CIRCLE('',#14956,0.5);
#10379=CIRCLE('',#14960,0.5);
#10380=CIRCLE('',#14964,0.5);
#10381=CIRCLE('',#14968,0.5);
#10382=CIRCLE('',#14972,0.5);
#10383=CIRCLE('',#14976,0.5);
#10384=CIRCLE('',#14980,0.5);
#10385=CIRCLE('',#14984,0.5);
#10386=CIRCLE('',#14988,0.5);
#10387=CIRCLE('',#14992,0.5);
#10388=CIRCLE('',#14996,0.5);
#10389=CARTESIAN_POINT('',(-17.7198901107195,9.90803159043179E-16,23.5));
#10390=CARTESIAN_POINT('',(-17.2198901107194,9.24987381783756E-16,24.));
#10391=AXIS2_PLACEMENT_3D('',#10392,#10393,#10394);
#10392=CARTESIAN_POINT('',(-17.2198901107195,1.05441416528809E-15,23.5));
#10393=DIRECTION('',(-6.12323399573676E-17,-1.,0.));
#10394=DIRECTION('',(1.42108547152022E-14,-8.70163887006022E-31,1.));
#10395=CARTESIAN_POINT('',(-17.7198901107195,9.90803159043179E-16,-23.5));
#10396=CARTESIAN_POINT('',(-17.7198901107195,1.09762667994596E-15,-23.5));
#10397=VECTOR('',#10398,1.);
#10398=DIRECTION('',(0.,0.,1.));
#10399=CARTESIAN_POINT('',(-17.2198901107194,9.24987381783756E-16,-24.));
#10400=AXIS2_PLACEMENT_3D('',#10401,#10402,#10403);
#10401=CARTESIAN_POINT('',(-17.2198901107195,1.05441416528809E-15,-23.5));
#10402=DIRECTION('',(-6.12323399573676E-17,-1.,0.));
#10403=DIRECTION('',(-1.,6.12323399573676E-17,0.));
#10404=CARTESIAN_POINT('',(-2.5,1.7606876823729E-16,-24.));
#10405=CARTESIAN_POINT('',(-17.2198901107194,1.05441416528809E-15,-24.));
#10406=VECTOR('',#10407,1.);
#10407=DIRECTION('',(1.,-6.12323399573676E-17,0.));
#10408=CARTESIAN_POINT('',(-2.,1.55657988251501E-16,-23.5));
#10409=AXIS2_PLACEMENT_3D('',#10410,#10411,#10412);
#10410=CARTESIAN_POINT('',(-2.5,1.53080849893419E-16,-23.5));
#10411=DIRECTION('',(-6.12323399573676E-17,-1.,0.));
#10412=DIRECTION('',(0.,0.,-1.));
#10413=CARTESIAN_POINT('',(-2.,1.55657988251501E-16,23.5));
#10414=CARTESIAN_POINT('',(-2.,1.22464679914735E-16,-23.5));
#10415=VECTOR('',#10416,1.);
#10416=DIRECTION('',(0.,0.,1.));
#10417=CARTESIAN_POINT('',(-2.5,1.7606876823729E-16,24.));
#10418=AXIS2_PLACEMENT_3D('',#10419,#10420,#10421);
#10419=CARTESIAN_POINT('',(-2.5,1.53080849893419E-16,23.5));
#10420=DIRECTION('',(-6.12323399573676E-17,-1.,0.));
#10421=DIRECTION('',(1.,-6.12323399573676E-17,0.));
#10422=CARTESIAN_POINT('',(-17.2198901107194,1.05441416528809E-15,24.));
#10423=VECTOR('',#10424,1.);
#10424=DIRECTION('',(1.,-6.12323399573676E-17,2.41354633226053E-16));
#10425=CARTESIAN_POINT('',(-13.2122822065634,9.1378065711635E-16,3.59402321889153));
#10426=CARTESIAN_POINT('',(-13.3733082693193,9.02354449224077E-16,3.9517997472152));
#10427=AXIS2_PLACEMENT_3D('',#10428,#10429,#10430);
#10428=CARTESIAN_POINT('',(-13.2019864962595,8.08388525251541E-16,3.81378217559606));
#10429=DIRECTION('',(-6.12323399573676E-17,-1.,0.));
#10430=DIRECTION('',(-0.778735332089998,4.76837865913483E-17,0.627352598268853));
#10431=CARTESIAN_POINT('',(-14.0835786969267,1.02609124482303E-15,3.73689189027418));
#10432=AXIS2_PLACEMENT_3D('',#10433,#10434,#10435);
#10433=CARTESIAN_POINT('',(-13.6099451107194,8.33368785820687E-16,3.89711431702997));
#10434=DIRECTION('',(6.12323399573676E-17,1.,0.));
#10435=DIRECTION('',(0.795325808114204,-4.86996602593171E-17,-0.606182199464393));
#10436=CARTESIAN_POINT('',(-14.1093263515164,9.53208052088856E-16,3.87224714323748));
#10437=AXIS2_PLACEMENT_3D('',#10438,#10439,#10440);
#10438=CARTESIAN_POINT('',(-14.3017073842253,8.7572700852168E-16,3.76552536355962));
#10439=DIRECTION('',(-6.12323399573676E-17,-1.,0.));
#10440=DIRECTION('',(0.991494033026799,-6.07114996959984E-17,-0.130152151239439));
#10441=CARTESIAN_POINT('',(-13.1939238908073,9.460265827065E-16,4.17447030593737));
#10442=AXIS2_PLACEMENT_3D('',#10443,#10444,#10445);
#10443=CARTESIAN_POINT('',(-13.6099451107194,8.33368785820687E-16,3.89711431702997));
#10444=DIRECTION('',(6.12323399573676E-17,1.,0.));
#10445=DIRECTION('',(-0.998762481608852,6.11565638105374E-17,-0.0497343475932607));
#10446=CARTESIAN_POINT('',(-13.3733082693193,8.81686888370425E-16,3.9517997472152));
#10447=VECTOR('',#10448,1.);
#10448=DIRECTION('',(0.62735259826886,-4.13606378571072E-17,0.778735332089993));
#10449=CARTESIAN_POINT('',(-15.8599451107195,1.23113676300858E-15,20.2846096908265));
#10450=AXIS2_PLACEMENT_3D('',#10451,#10452,#10453);
#10451=CARTESIAN_POINT('',(-15.8599451107195,9.71141550724765E-16,20.7846096908265));
#10452=DIRECTION('',(6.12323399573676E-17,1.,0.));
#10453=DIRECTION('',(6.12323399573677E-17,-3.74939945665464E-33,-1.));
#10454=CARTESIAN_POINT('',(-15.8599451107195,1.23113676300858E-15,17.6865334794732));
#10455=AXIS2_PLACEMENT_3D('',#10456,#10457,#10458);
#10456=CARTESIAN_POINT('',(-15.8599451107195,9.71141550724765E-16,18.1865334794732));
#10457=DIRECTION('',(6.12323399573676E-17,1.,0.));
#10458=DIRECTION('',(6.12323399573677E-17,-3.74939945665464E-33,-1.));
#10459=CARTESIAN_POINT('',(-15.8599451107195,1.23113676300858E-15,15.0884572681199));
#10460=AXIS2_PLACEMENT_3D('',#10461,#10462,#10463);
#10461=CARTESIAN_POINT('',(-15.8599451107195,9.71141550724765E-16,15.5884572681199));
#10462=DIRECTION('',(6.12323399573676E-17,1.,0.));
#10463=DIRECTION('',(6.12323399573677E-17,-3.74939945665464E-33,-1.));
#10464=CARTESIAN_POINT('',(-15.8599451107195,1.23113676300858E-15,12.4903810567666));
#10465=AXIS2_PLACEMENT_3D('',#10466,#10467,#10468);
#10466=CARTESIAN_POINT('',(-15.8599451107195,9.71141550724765E-16,12.9903810567666));
#10467=DIRECTION('',(6.12323399573676E-17,1.,0.));
#10468=DIRECTION('',(6.12323399573677E-17,-3.74939945665464E-33,-1.));
#10469=CARTESIAN_POINT('',(-14.3599451107194,1.12519871094789E-15,-8.29422863405994));
#10470=AXIS2_PLACEMENT_3D('',#10471,#10472,#10473);
#10471=CARTESIAN_POINT('',(-14.3599451107194,8.79293040788713E-16,-7.79422863405994));
#10472=DIRECTION('',(6.12323399573676E-17,1.,0.));
#10473=DIRECTION('',(6.12323399573677E-17,-3.74939945665464E-33,-1.));
#10474=CARTESIAN_POINT('',(-12.8599451107194,1.0192606588872E-15,-8.29422863405994));
#10475=AXIS2_PLACEMENT_3D('',#10476,#10477,#10478);
#10476=CARTESIAN_POINT('',(-12.8599451107194,7.87444530852661E-16,-7.79422863405994));
#10477=DIRECTION('',(6.12323399573676E-17,1.,0.));
#10478=DIRECTION('',(6.12323399573677E-17,-3.74939945665464E-33,-1.));
#10479=CARTESIAN_POINT('',(-11.3599451107194,9.13322606826506E-16,-8.29422863405994));
#10480=AXIS2_PLACEMENT_3D('',#10481,#10482,#10483);
#10481=CARTESIAN_POINT('',(-11.3599451107194,6.9559602091661E-16,-7.79422863405994));
#10482=DIRECTION('',(6.12323399573676E-17,1.,0.));
#10483=DIRECTION('',(6.12323399573677E-17,-3.74939945665464E-33,-1.));
#10484=CARTESIAN_POINT('',(-9.85994511071945,8.07384554765816E-16,-8.29422863405994));
#10485=AXIS2_PLACEMENT_3D('',#10486,#10487,#10488);
#10486=CARTESIAN_POINT('',(-9.85994511071945,6.03747510980558E-16,-7.79422863405994));
#10487=DIRECTION('',(6.12323399573676E-17,1.,0.));
#10488=DIRECTION('',(6.12323399573677E-17,-3.74939945665464E-33,-1.));
#10489=CARTESIAN_POINT('',(-7.60994511071945,6.4847747667478E-16,21.5836477965032));
#10490=AXIS2_PLACEMENT_3D('',#10491,#10492,#10493);
#10491=CARTESIAN_POINT('',(-7.60994511071945,4.65974746076482E-16,22.0836477965032));
#10492=DIRECTION('',(6.12323399573676E-17,1.,0.));
#10493=DIRECTION('',(6.12323399573677E-17,-3.74939945665464E-33,-1.));
#10494=CARTESIAN_POINT('',(-7.60994511071945,6.48477476674779E-16,-6.99519052838329));
#10495=AXIS2_PLACEMENT_3D('',#10496,#10497,#10498);
#10496=CARTESIAN_POINT('',(-7.60994511071945,4.65974746076481E-16,-6.49519052838329));
#10497=DIRECTION('',(6.12323399573676E-17,1.,0.));
#10498=DIRECTION('',(6.12323399573677E-17,-3.74939945665464E-33,-1.));
#10499=CARTESIAN_POINT('',(-7.60994511071945,6.48477476674779E-16,-4.39711431702997));
#10500=AXIS2_PLACEMENT_3D('',#10501,#10502,#10503);
#10501=CARTESIAN_POINT('',(-7.60994511071945,4.65974746076481E-16,-3.89711431702997));
#10502=DIRECTION('',(6.12323399573676E-17,1.,0.));
#10503=DIRECTION('',(6.12323399573677E-17,-3.74939945665464E-33,-1.));
#10504=CARTESIAN_POINT('',(-3.85994511071945,3.83632346523053E-16,20.2846096908265));
#10505=AXIS2_PLACEMENT_3D('',#10506,#10507,#10508);
#10506=CARTESIAN_POINT('',(-3.85994511071945,2.36353471236353E-16,20.7846096908265));
#10507=DIRECTION('',(6.12323399573676E-17,1.,0.));
#10508=DIRECTION('',(6.12323399573677E-17,-3.74939945665464E-33,-1.));
#10509=CARTESIAN_POINT('',(-3.85994511071945,3.83632346523053E-16,-8.29422863405994));
#10510=AXIS2_PLACEMENT_3D('',#10511,#10512,#10513);
#10511=CARTESIAN_POINT('',(-3.85994511071945,2.36353471236353E-16,-7.79422863405994));
#10512=DIRECTION('',(6.12323399573676E-17,1.,0.));
#10513=DIRECTION('',(6.12323399573677E-17,-3.74939945665464E-33,-1.));
#10514=CARTESIAN_POINT('',(-14.3599451107195,1.12519871094789E-15,20.2846096908265));
#10515=AXIS2_PLACEMENT_3D('',#10516,#10517,#10518);
#10516=CARTESIAN_POINT('',(-14.3599451107195,8.79293040788713E-16,20.7846096908265));
#10517=DIRECTION('',(6.12323399573676E-17,1.,0.));
#10518=DIRECTION('',(6.12323399573677E-17,-3.74939945665464E-33,-1.));
#10519=CARTESIAN_POINT('',(-13.0243801014219,9.34583333373855E-16,20.3124220863379));
#10520=CARTESIAN_POINT('',(-12.8529657859178,9.23013834080428E-16,21.2845609774788));
#10521=AXIS2_PLACEMENT_3D('',#10522,#10523,#10524);
#10522=CARTESIAN_POINT('',(-12.8599451107195,7.87444530852662E-16,20.7846096908265));
#10523=DIRECTION('',(6.12323399573676E-17,1.,0.));
#10524=DIRECTION('',(-0.328869981404945,2.01374785031608E-17,-0.94437520897719));
#10525=CARTESIAN_POINT('',(-13.0243801014219,8.58682454133008E-16,20.3124220863379));
#10526=VECTOR('',#10527,1.);
#10527=DIRECTION('',(0.173648177666931,-1.14484253525806E-17,0.984807753012208));
#10528=CARTESIAN_POINT('',(-5.35994511071945,4.89570398583744E-16,20.2846096908265));
#10529=AXIS2_PLACEMENT_3D('',#10530,#10531,#10532);
#10530=CARTESIAN_POINT('',(-5.35994511071945,3.28201981172404E-16,20.7846096908265));
#10531=DIRECTION('',(6.12323399573676E-17,1.,0.));
#10532=DIRECTION('',(6.12323399573677E-17,-3.74939945665464E-33,-1.));
#10533=CARTESIAN_POINT('',(-6.85994511071945,5.95508450644435E-16,20.2846096908265));
#10534=AXIS2_PLACEMENT_3D('',#10535,#10536,#10537);
#10535=CARTESIAN_POINT('',(-6.85994511071945,4.20050491108456E-16,20.7846096908265));
#10536=DIRECTION('',(6.12323399573676E-17,1.,0.));
#10537=DIRECTION('',(6.12323399573677E-17,-3.74939945665464E-33,-1.));
#10538=CARTESIAN_POINT('',(-11.480620142304,8.30388244978208E-16,20.2993906302445));
#10539=CARTESIAN_POINT('',(-11.098441184489,8.04593321319714E-16,20.3584457592625));
#10540=AXIS2_PLACEMENT_3D('',#10541,#10542,#10543);
#10541=CARTESIAN_POINT('',(-11.3599451107195,6.9559602091661E-16,20.7846096908265));
#10542=DIRECTION('',(6.12323399573676E-17,1.,0.));
#10543=DIRECTION('',(-0.241350063169137,1.47784291167048E-17,-0.970438121163969));
#10544=CARTESIAN_POINT('',(-11.480620142304,7.56904129178953E-16,20.2993906302445));
#10545=VECTOR('',#10546,1.);
#10546=DIRECTION('',(0.988271073223077,-6.5155579297874E-17,0.152709809215087));
#10547=CARTESIAN_POINT('',(-10.2622156307068,7.48152813855834E-16,20.487661162039));
#10548=CARTESIAN_POINT('',(-9.36392093364154,6.87522989372279E-16,20.8475383468918));
#10549=AXIS2_PLACEMENT_3D('',#10550,#10551,#10552);
#10550=CARTESIAN_POINT('',(-9.85994511071945,6.03747510980559E-16,20.7846096908265));
#10551=DIRECTION('',(6.12323399573676E-17,1.,0.));
#10552=DIRECTION('',(-0.80454103997479,4.92639304693904E-17,-0.593897057575034));
#10553=CARTESIAN_POINT('',(-9.57121411891264,6.75970519742257E-16,20.5944362280027));
#10554=CARTESIAN_POINT('',(-9.57121411891264,6.31019178238136E-16,20.5944362280027));
#10555=VECTOR('',#10556,1.);
#10556=DIRECTION('',(0.633621542899555,-4.17739421923913E-17,0.773643160878184));
#10557=CARTESIAN_POINT('',(-10.2622156307068,6.76576116022246E-16,20.487661162039));
#10558=VECTOR('',#10559,1.);
#10559=DIRECTION('',(0.988271073223077,-6.51555792978746E-17,0.152709809215084));
#10560=CARTESIAN_POINT('',(-14.3599451107195,1.12519871094789E-15,17.6865334794732));
#10561=AXIS2_PLACEMENT_3D('',#10562,#10563,#10564);
#10562=CARTESIAN_POINT('',(-14.3599451107195,8.79293040788713E-16,18.1865334794732));
#10563=DIRECTION('',(6.12323399573676E-17,1.,0.));
#10564=DIRECTION('',(6.12323399573677E-17,-3.74939945665464E-33,-1.));
#10565=CARTESIAN_POINT('',(-12.4637437831057,8.96743544616707E-16,17.8815342860363));
#10566=CARTESIAN_POINT('',(-12.5588418907728,9.03162130405324E-16,17.7873632765049));
#10567=AXIS2_PLACEMENT_3D('',#10568,#10569,#10570);
#10568=CARTESIAN_POINT('',(-12.8599451107195,7.87444530852662E-16,18.1865334794732));
#10569=DIRECTION('',(6.12323399573676E-17,1.,0.));
#10570=DIRECTION('',(0.792402655227422,-4.85206687680063E-17,-0.609998386873712));
#10571=CARTESIAN_POINT('',(-12.5444353603391,8.85955364183715E-16,17.8690667706375));
#10572=CARTESIAN_POINT('',(-12.5588418907728,8.27990053412208E-16,17.7873632765049));
#10573=VECTOR('',#10574,1.);
#10574=DIRECTION('',(0.17364817766693,-1.14484253525811E-17,0.984807753012208));
#10575=CARTESIAN_POINT('',(-12.5444353603391,8.27040247370611E-16,17.8690667706375));
#10576=VECTOR('',#10577,1.);
#10577=DIRECTION('',(0.988273150197676,-6.51557162304305E-17,0.152696367338457));
#10578=CARTESIAN_POINT('',(-3.85994511071945,3.83632346523053E-16,17.6865334794732));
#10579=AXIS2_PLACEMENT_3D('',#10580,#10581,#10582);
#10580=CARTESIAN_POINT('',(-3.85994511071945,2.36353471236353E-16,18.1865334794732));
#10581=DIRECTION('',(6.12323399573676E-17,1.,0.));
#10582=DIRECTION('',(6.12323399573677E-17,-3.74939945665464E-33,-1.));
#10583=CARTESIAN_POINT('',(-5.35994511071945,4.89570398583744E-16,17.6865334794732));
#10584=AXIS2_PLACEMENT_3D('',#10585,#10586,#10587);
#10585=CARTESIAN_POINT('',(-5.35994511071945,3.28201981172404E-16,18.1865334794732));
#10586=DIRECTION('',(6.12323399573676E-17,1.,0.));
#10587=DIRECTION('',(6.12323399573677E-17,-3.74939945665464E-33,-1.));
#10588=CARTESIAN_POINT('',(-6.85994511071945,5.95508450644435E-16,17.6865334794732));
#10589=AXIS2_PLACEMENT_3D('',#10590,#10591,#10592);
#10590=CARTESIAN_POINT('',(-6.85994511071945,4.20050491108456E-16,18.1865334794732));
#10591=DIRECTION('',(6.12323399573676E-17,1.,0.));
#10592=DIRECTION('',(6.12323399573677E-17,-3.74939945665464E-33,-1.));
#10593=CARTESIAN_POINT('',(-11.816023359417,8.53026070016269E-16,17.9816124433033));
#10594=CARTESIAN_POINT('',(-10.8632873546473,7.88721764383535E-16,18.1288180280465));
#10595=CARTESIAN_POINT('',(-11.816023359417,7.79016878910763E-16,17.9816124433033));
#10596=VECTOR('',#10597,1.);
#10597=DIRECTION('',(0.988273150197682,-6.51557162304298E-17,0.152696367338424));
#10598=AXIS2_PLACEMENT_3D('',#10599,#10600,#10601);
#10599=CARTESIAN_POINT('',(-11.3599451107195,6.9559602091661E-16,18.1865334794732));
#10600=DIRECTION('',(6.12323399573676E-17,1.,0.));
#10601=DIRECTION('',(0.993315512144274,-6.08230331245449E-17,-0.115430902853433));
#10602=CARTESIAN_POINT('',(-9.96329362452119,7.27977264753164E-16,17.6973309808134));
#10603=CARTESIAN_POINT('',(-10.3595402272701,7.54721675084607E-16,18.2066511214501));
#10604=AXIS2_PLACEMENT_3D('',#10605,#10606,#10607);
#10605=CARTESIAN_POINT('',(-9.85994511071945,6.03747510980559E-16,18.1865334794732));
#10606=DIRECTION('',(6.12323399573676E-17,1.,0.));
#10607=DIRECTION('',(-0.206697027603464,1.26565426623927E-17,-0.978404997319562));
#10608=CARTESIAN_POINT('',(-9.85987384322057,6.96357219009963E-16,18.2838537062924));
#10609=CARTESIAN_POINT('',(-10.3595402272701,6.8299261513957E-16,18.2066511214501));
#10610=VECTOR('',#10611,1.);
#10611=DIRECTION('',(0.988273150197682,-6.51557162304302E-17,0.152696367338424));
#10612=CARTESIAN_POINT('',(-9.85987384322057,6.50050183057401E-16,18.2838537062924));
#10613=VECTOR('',#10614,1.);
#10614=DIRECTION('',(-0.17364817766693,1.14484253525805E-17,-0.984807753012208));
#10615=CARTESIAN_POINT('',(-14.3599451107195,1.12519871094789E-15,15.0884572681199));
#10616=AXIS2_PLACEMENT_3D('',#10617,#10618,#10619);
#10617=CARTESIAN_POINT('',(-14.3599451107195,8.79293040788713E-16,15.5884572681199));
#10618=DIRECTION('',(6.12323399573676E-17,1.,0.));
#10619=DIRECTION('',(6.12323399573677E-17,-3.74939945665464E-33,-1.));
#10620=CARTESIAN_POINT('',(-12.7587940188315,8.98154053979829E-16,16.0781188421851));
#10621=CARTESIAN_POINT('',(-12.3823787527035,8.72748146993689E-16,15.4403681946155));
#10622=AXIS2_PLACEMENT_3D('',#10623,#10624,#10625);
#10623=CARTESIAN_POINT('',(-12.8599451107195,7.87444530852662E-16,15.5884572681199));
#10624=DIRECTION('',(6.12323399573676E-17,1.,0.));
#10625=DIRECTION('',(0.20230218484981,-1.23874361568418E-17,0.979323146874919));
#10626=CARTESIAN_POINT('',(-12.3823787527032,7.58202025266406E-16,15.4403681946166));
#10627=CARTESIAN_POINT('',(-12.696403401726,7.77430489330365E-16,15.6194685506732));
#10628=CARTESIAN_POINT('',(-12.7587940182945,7.81250812774241E-16,16.0781188415573));
#10629=CARTESIAN_POINT('',(-3.85994511071945,3.83632346523053E-16,15.0884572681199));
#10630=AXIS2_PLACEMENT_3D('',#10631,#10632,#10633);
#10631=CARTESIAN_POINT('',(-3.85994511071945,2.36353471236353E-16,15.5884572681199));
#10632=DIRECTION('',(6.12323399573676E-17,1.,0.));
#10633=DIRECTION('',(6.12323399573677E-17,-3.74939945665464E-33,-1.));
#10634=CARTESIAN_POINT('',(-5.35994511071945,4.89570398583744E-16,15.0884572681199));
#10635=AXIS2_PLACEMENT_3D('',#10636,#10637,#10638);
#10636=CARTESIAN_POINT('',(-5.35994511071945,3.28201981172404E-16,15.5884572681199));
#10637=DIRECTION('',(6.12323399573676E-17,1.,0.));
#10638=DIRECTION('',(6.12323399573677E-17,-3.74939945665464E-33,-1.));
#10639=CARTESIAN_POINT('',(-6.85994511071945,5.95508450644435E-16,15.0884572681199));
#10640=AXIS2_PLACEMENT_3D('',#10641,#10642,#10643);
#10641=CARTESIAN_POINT('',(-6.85994511071945,4.20050491108456E-16,15.5884572681199));
#10642=DIRECTION('',(6.12323399573676E-17,1.,0.));
#10643=DIRECTION('',(6.12323399573677E-17,-3.74939945665464E-33,-1.));
#10644=CARTESIAN_POINT('',(-11.786755291959,8.32546923490395E-16,15.3280094460136));
#10645=CARTESIAN_POINT('',(-10.8603151176598,7.70017438077788E-16,15.5692252687518));
#10646=AXIS2_PLACEMENT_3D('',#10647,#10648,#10649);
#10647=CARTESIAN_POINT('',(-11.3599451107195,6.9559602091661E-16,15.5884572681199));
#10648=DIRECTION('',(6.12323399573676E-17,1.,0.));
#10649=DIRECTION('',(-0.853620366383822,5.22691724689469E-17,-0.520895642230524));
#10650=CARTESIAN_POINT('',(-11.5633522964341,8.16666011717161E-16,15.3516377431578));
#10651=CARTESIAN_POINT('',(-10.8603151175076,6.65002507319365E-16,15.5692252691945));
#10652=CARTESIAN_POINT('',(-11.1398162499782,6.82117015681272E-16,15.4170959924135));
#10653=CARTESIAN_POINT('',(-11.5633522964341,7.0805111886206E-16,15.3516377431578));
#10654=CARTESIAN_POINT('',(-11.5633522964341,7.0805111886206E-16,15.3516377431578));
#10655=CARTESIAN_POINT('',(-11.6807440681445,7.1523929173563E-16,15.333502051758));
#10656=CARTESIAN_POINT('',(-11.7867552937882,7.21730607143544E-16,15.3280094471466));
#10657=CARTESIAN_POINT('',(-9.3813834340823,6.70197892563553E-16,15.7332976006888));
#10658=CARTESIAN_POINT('',(-9.58383454339606,6.83862200353008E-16,15.1716084282333));
#10659=AXIS2_PLACEMENT_3D('',#10660,#10661,#10662);
#10660=CARTESIAN_POINT('',(-9.85994511071945,6.03747510980559E-16,15.5884572681199));
#10661=DIRECTION('',(6.12323399573676E-17,1.,0.));
#10662=DIRECTION('',(0.957123352805137,-5.86069025200997E-17,0.289680664724198));
#10663=CARTESIAN_POINT('',(-9.38138343373766,5.74444059685042E-16,15.7332976015138));
#10664=CARTESIAN_POINT('',(-9.47291657609215,5.80048848175058E-16,15.4427464307699));
#10665=CARTESIAN_POINT('',(-9.58383454258952,5.86840614807005E-16,15.1716084295673));
#10666=CARTESIAN_POINT('',(-14.3599451107195,1.12519871094789E-15,12.4903810567666));
#10667=AXIS2_PLACEMENT_3D('',#10668,#10669,#10670);
#10668=CARTESIAN_POINT('',(-14.3599451107195,8.79293040788713E-16,12.9903810567666));
#10669=DIRECTION('',(6.12323399573676E-17,1.,0.));
#10670=DIRECTION('',(6.12323399573677E-17,-3.74939945665464E-33,-1.));
#10671=CARTESIAN_POINT('',(-12.478591258732,8.79241948385496E-16,12.6670093811049));
#10672=CARTESIAN_POINT('',(-13.3365302040816,9.37147987287497E-16,13.1415982806021));
#10673=AXIS2_PLACEMENT_3D('',#10674,#10675,#10676);
#10674=CARTESIAN_POINT('',(-12.8599451107195,7.87444530852662E-16,12.9903810567666));
#10675=DIRECTION('',(6.12323399573676E-17,1.,0.));
#10676=DIRECTION('',(0.762707700580639,-4.67023772100559E-17,-0.646743352091844));
#10677=CARTESIAN_POINT('',(-12.4785912567341,7.64093342021377E-16,12.6670093802269));
#10678=CARTESIAN_POINT('',(-12.9642451332996,7.93831065292847E-16,12.7319098277149));
#10679=CARTESIAN_POINT('',(-13.336530204082,8.16626951308048E-16,13.1415982806025));
#10680=CARTESIAN_POINT('',(-5.35994511071945,4.89570398583744E-16,12.4903810567666));
#10681=AXIS2_PLACEMENT_3D('',#10682,#10683,#10684);
#10682=CARTESIAN_POINT('',(-5.35994511071945,3.28201981172404E-16,12.9903810567666));
#10683=DIRECTION('',(6.12323399573676E-17,1.,0.));
#10684=DIRECTION('',(6.12323399573677E-17,-3.74939945665464E-33,-1.));
#10685=CARTESIAN_POINT('',(-6.85994511071945,5.95508450644434E-16,12.4903810567666));
#10686=AXIS2_PLACEMENT_3D('',#10687,#10688,#10689);
#10687=CARTESIAN_POINT('',(-6.85994511071945,4.20050491108456E-16,12.9903810567666));
#10688=DIRECTION('',(6.12323399573676E-17,1.,0.));
#10689=DIRECTION('',(6.12323399573677E-17,-3.74939945665464E-33,-1.));
#10690=CARTESIAN_POINT('',(-10.9127852056823,7.73558873016995E-16,13.2140952046173));
#10691=CARTESIAN_POINT('',(-11.7873394057873,8.32586347884551E-16,12.7308928748709));
#10692=CARTESIAN_POINT('',(-10.9127852056029,6.68215373591209E-16,13.2140952054617));
#10693=CARTESIAN_POINT('',(-11.3282651417086,6.93656182284301E-16,12.8634829761918));
#10694=CARTESIAN_POINT('',(-11.7873394057873,7.21766373688042E-16,12.7308928748709));
#10695=AXIS2_PLACEMENT_3D('',#10696,#10697,#10698);
#10696=CARTESIAN_POINT('',(-11.3599451107195,6.9559602091661E-16,12.9903810567666));
#10697=DIRECTION('',(6.12323399573676E-17,1.,0.));
#10698=DIRECTION('',(0.894319808550208,-5.47612945477543E-17,0.447428295970113));
#10699=CARTESIAN_POINT('',(-9.85994511071945,8.07384554765816E-16,12.4903810567666));
#10700=AXIS2_PLACEMENT_3D('',#10701,#10702,#10703);
#10701=CARTESIAN_POINT('',(-9.85994511071945,6.03747510980559E-16,12.9903810567666));
#10702=DIRECTION('',(6.12323399573676E-17,1.,0.));
#10703=DIRECTION('',(6.12323399573677E-17,-3.74939945665464E-33,-1.));
#10704=CARTESIAN_POINT('',(-15.8599451107195,1.23113676300858E-15,9.89230484541325));
#10705=AXIS2_PLACEMENT_3D('',#10706,#10707,#10708);
#10706=CARTESIAN_POINT('',(-15.8599451107195,9.71141550724764E-16,10.3923048454132));
#10707=DIRECTION('',(6.12323399573676E-17,1.,0.));
#10708=DIRECTION('',(6.12323399573677E-17,-3.74939945665464E-33,-1.));
#10709=CARTESIAN_POINT('',(-14.811443594827,1.05520003778065E-15,10.1774813856873));
#10710=CARTESIAN_POINT('',(-14.7107409540461,1.04840317762382E-15,10.7485944415352));
#10711=AXIS2_PLACEMENT_3D('',#10712,#10713,#10714);
#10712=CARTESIAN_POINT('',(-14.3599451107195,8.79293040788713E-16,10.3923048454132));
#10713=DIRECTION('',(6.12323399573676E-17,1.,0.));
#10714=DIRECTION('',(-0.902996968215045,5.52926173382159E-17,-0.429646919451819));
#10715=CARTESIAN_POINT('',(-14.811443594827,9.76501502276498E-16,10.1774813856873));
#10716=VECTOR('',#10717,1.);
#10717=DIRECTION('',(0.173648177666931,-1.14484253525806E-17,0.984807753012208));
#10718=CARTESIAN_POINT('',(-13.3586519031628,9.57144794256971E-16,10.4282427803967));
#10719=CARTESIAN_POINT('',(-12.3953459995085,8.92127080077715E-16,10.5770957160264));
#10720=AXIS2_PLACEMENT_3D('',#10721,#10722,#10723);
#10721=CARTESIAN_POINT('',(-12.8599451107195,7.87444530852662E-16,10.3923048454132));
#10722=DIRECTION('',(6.12323399573676E-17,1.,0.));
#10723=DIRECTION('',(-0.997413584886685,6.10739677078783E-17,0.0718758699668455));
#10724=CARTESIAN_POINT('',(-13.3586519031628,8.80720610945935E-16,10.4282427803967));
#10725=VECTOR('',#10726,1.);
#10726=DIRECTION('',(0.988270949504919,-6.5155571141278E-17,0.152710609862724));
#10727=CARTESIAN_POINT('',(-3.85994511071945,3.83632346523053E-16,9.89230484541325));
#10728=AXIS2_PLACEMENT_3D('',#10729,#10730,#10731);
#10729=CARTESIAN_POINT('',(-3.85994511071945,2.36353471236353E-16,10.3923048454132));
#10730=DIRECTION('',(6.12323399573676E-17,1.,0.));
#10731=DIRECTION('',(6.12323399573677E-17,-3.74939945665464E-33,-1.));
#10732=CARTESIAN_POINT('',(-5.35994511071945,4.89570398583744E-16,9.89230484541325));
#10733=AXIS2_PLACEMENT_3D('',#10734,#10735,#10736);
#10734=CARTESIAN_POINT('',(-5.35994511071945,3.28201981172404E-16,10.3923048454132));
#10735=DIRECTION('',(6.12323399573676E-17,1.,0.));
#10736=DIRECTION('',(6.12323399573677E-17,-3.74939945665464E-33,-1.));
#10737=CARTESIAN_POINT('',(-6.85994511071945,5.95508450644434E-16,9.89230484541325));
#10738=AXIS2_PLACEMENT_3D('',#10739,#10740,#10741);
#10739=CARTESIAN_POINT('',(-6.85994511071945,4.20050491108456E-16,10.3923048454132));
#10740=DIRECTION('',(6.12323399573676E-17,1.,0.));
#10741=DIRECTION('',(6.12323399573677E-17,-3.74939945665464E-33,-1.));
#10742=CARTESIAN_POINT('',(-11.7736061020003,8.50163144429983E-16,10.6731688414907));
#10743=CARTESIAN_POINT('',(-11.2070857222475,8.11926214719744E-16,10.8683657736105));
#10744=AXIS2_PLACEMENT_3D('',#10745,#10746,#10747);
#10745=CARTESIAN_POINT('',(-11.3599451107195,6.9559602091661E-16,10.3923048454132));
#10746=DIRECTION('',(6.12323399573676E-17,1.,0.));
#10747=DIRECTION('',(-0.8273219825616,5.06588608904153E-17,0.561727992154872));
#10748=CARTESIAN_POINT('',(-11.3080421566,7.98634639126917E-16,10.7451091874735));
#10749=CARTESIAN_POINT('',(-11.3080421566,7.45526260356047E-16,10.7451091874735));
#10750=VECTOR('',#10751,1.);
#10751=DIRECTION('',(0.63365177779946,-4.1775935544693E-17,0.773618397203417));
#10752=CARTESIAN_POINT('',(-11.7736061020002,7.76220357739498E-16,10.6731688414907));
#10753=VECTOR('',#10754,1.);
#10754=DIRECTION('',(0.988270949504919,-6.51555711412781E-17,0.152710609862728));
#10755=CARTESIAN_POINT('',(-10.1849328887973,7.42936664753659E-16,10.7722824027769));
#10756=CARTESIAN_POINT('',(-10.2952937062548,7.50385397351295E-16,10.1463951051316));
#10757=CARTESIAN_POINT('',(-10.1849328887973,6.71480953414253E-16,10.7722824027769));
#10758=VECTOR('',#10759,1.);
#10759=DIRECTION('',(-0.173648177666932,1.14484253525804E-17,-0.984807753012208));
#10760=AXIS2_PLACEMENT_3D('',#10761,#10762,#10763);
#10761=CARTESIAN_POINT('',(-9.85994511071945,6.03747510980559E-16,10.3923048454132));
#10762=DIRECTION('',(6.12323399573676E-17,1.,0.));
#10763=DIRECTION('',(-0.649975556155632,3.97995242185008E-17,0.759955114727295));
#10764=CARTESIAN_POINT('',(-3.85994511071945,3.83632346523053E-16,7.29422863405994));
#10765=AXIS2_PLACEMENT_3D('',#10766,#10767,#10768);
#10766=CARTESIAN_POINT('',(-3.85994511071945,2.36353471236353E-16,7.79422863405994));
#10767=DIRECTION('',(6.12323399573676E-17,1.,0.));
#10768=DIRECTION('',(6.12323399573677E-17,-3.74939945665464E-33,-1.));
#10769=CARTESIAN_POINT('',(-5.35994511071945,4.89570398583744E-16,7.29422863405994));
#10770=AXIS2_PLACEMENT_3D('',#10771,#10772,#10773);
#10771=CARTESIAN_POINT('',(-5.35994511071945,3.28201981172404E-16,7.79422863405994));
#10772=DIRECTION('',(6.12323399573676E-17,1.,0.));
#10773=DIRECTION('',(6.12323399573677E-17,-3.74939945665464E-33,-1.));
#10774=CARTESIAN_POINT('',(-6.85994511071945,5.95508450644434E-16,7.29422863405994));
#10775=AXIS2_PLACEMENT_3D('',#10776,#10777,#10778);
#10776=CARTESIAN_POINT('',(-6.85994511071945,4.20050491108456E-16,7.79422863405994));
#10777=DIRECTION('',(6.12323399573676E-17,1.,0.));
#10778=DIRECTION('',(6.12323399573677E-17,-3.74939945665464E-33,-1.));
#10779=CARTESIAN_POINT('',(-15.7767198845523,1.12035074190412E-15,4.70312751285984));
#10780=CARTESIAN_POINT('',(-15.6131145294981,1.10930830338821E-15,5.6309795885713));
#10781=AXIS2_PLACEMENT_3D('',#10782,#10783,#10784);
#10782=CARTESIAN_POINT('',(-15.8599451107195,9.71141550724764E-16,5.19615242270662));
#10783=DIRECTION('',(6.12323399573676E-17,1.,0.));
#10784=DIRECTION('',(0.166450452334225,-1.01921506833869E-17,-0.986049819693575));
#10785=CARTESIAN_POINT('',(-15.7767198845523,1.04014106185042E-15,4.70312751285984));
#10786=VECTOR('',#10787,1.);
#10787=DIRECTION('',(0.173648177666929,-1.14484253525806E-17,0.984807753012208));
#10788=CARTESIAN_POINT('',(-12.766567831325,9.17182459543977E-16,4.70494912091306));
#10789=CARTESIAN_POINT('',(-13.3041478553569,9.53466078504883E-16,5.42568220651805));
#10790=AXIS2_PLACEMENT_3D('',#10791,#10792,#10793);
#10791=CARTESIAN_POINT('',(-12.8599451107195,7.87444530852662E-16,5.19615242270662));
#10792=DIRECTION('',(6.12323399573676E-17,1.,0.));
#10793=DIRECTION('',(0.18675455878882,-1.14354186323452E-17,-0.982406603587126));
#10794=CARTESIAN_POINT('',(-12.5057342256332,8.99577662605762E-16,5.54904709380042));
#10795=CARTESIAN_POINT('',(-12.5057342256332,8.24488725910992E-16,5.54904709380042));
#10796=VECTOR('',#10797,1.);
#10797=DIRECTION('',(-0.988272517982931,6.5155674549236E-17,-0.152700459068324));
#10798=CARTESIAN_POINT('',(-12.3601225352304,8.89749694945795E-16,5.20947132023782));
#10799=AXIS2_PLACEMENT_3D('',#10800,#10801,#10802);
#10800=CARTESIAN_POINT('',(-12.8599451107195,7.87444530852662E-16,5.19615242270662));
#10801=DIRECTION('',(6.12323399573676E-17,1.,0.));
#10802=DIRECTION('',(0.708421770172546,-4.33783226644055E-17,0.705789342187594));
#10803=CARTESIAN_POINT('',(-12.766567831325,8.41685186618662E-16,4.70494912091306));
#10804=VECTOR('',#10805,1.);
#10805=DIRECTION('',(0.627352598268861,-4.1360637857107E-17,0.778735332089992));
#10806=CARTESIAN_POINT('',(-3.85994511071945,3.83632346523053E-16,4.69615242270663));
#10807=AXIS2_PLACEMENT_3D('',#10808,#10809,#10810);
#10808=CARTESIAN_POINT('',(-3.85994511071945,2.36353471236353E-16,5.19615242270663));
#10809=DIRECTION('',(6.12323399573676E-17,1.,0.));
#10810=DIRECTION('',(6.12323399573677E-17,-3.74939945665464E-33,-1.));
#10811=CARTESIAN_POINT('',(-5.35994511071945,4.89570398583744E-16,4.69615242270663));
#10812=AXIS2_PLACEMENT_3D('',#10813,#10814,#10815);
#10813=CARTESIAN_POINT('',(-5.35994511071945,3.28201981172404E-16,5.19615242270663));
#10814=DIRECTION('',(6.12323399573676E-17,1.,0.));
#10815=DIRECTION('',(6.12323399573677E-17,-3.74939945665464E-33,-1.));
#10816=CARTESIAN_POINT('',(-6.85994511071945,5.95508450644434E-16,4.69615242270663));
#10817=AXIS2_PLACEMENT_3D('',#10818,#10819,#10820);
#10818=CARTESIAN_POINT('',(-6.85994511071945,4.20050491108456E-16,5.19615242270663));
#10819=DIRECTION('',(6.12323399573676E-17,1.,0.));
#10820=DIRECTION('',(6.12323399573677E-17,-3.74939945665464E-33,-1.));
#10821=CARTESIAN_POINT('',(-11.0935472385685,8.04263007578397E-16,5.6192743598754));
#10822=CARTESIAN_POINT('',(-11.2543292216609,8.15114884414421E-16,4.70743442224177));
#10823=AXIS2_PLACEMENT_3D('',#10824,#10825,#10826);
#10824=CARTESIAN_POINT('',(-11.3599451107195,6.9559602091661E-16,5.19615242270662));
#10825=DIRECTION('',(6.12323399573676E-17,1.,0.));
#10826=DIRECTION('',(0.532795744301854,-3.26243301429298E-17,0.846243874337554));
#10827=CARTESIAN_POINT('',(-11.0935472385685,7.31384856221641E-16,5.6192743598754));
#10828=VECTOR('',#10829,1.);
#10829=DIRECTION('',(-0.173648177666933,1.14484253525805E-17,-0.984807753012208));
#10830=CARTESIAN_POINT('',(-9.85994511071945,8.07384554765816E-16,4.69615242270663));
#10831=AXIS2_PLACEMENT_3D('',#10832,#10833,#10834);
#10832=CARTESIAN_POINT('',(-9.85994511071945,6.03747510980559E-16,5.19615242270662));
#10833=DIRECTION('',(6.12323399573676E-17,1.,0.));
#10834=DIRECTION('',(6.12323399573677E-17,-3.74939945665464E-33,-1.));
#10835=CARTESIAN_POINT('',(-15.8599451107195,1.23113676300858E-15,2.09807621135331));
#10836=AXIS2_PLACEMENT_3D('',#10837,#10838,#10839);
#10837=CARTESIAN_POINT('',(-15.8599451107195,9.71141550724764E-16,2.59807621135331));
#10838=DIRECTION('',(6.12323399573676E-17,1.,0.));
#10839=DIRECTION('',(6.12323399573677E-17,-3.74939945665464E-33,-1.));
#10840=CARTESIAN_POINT('',(-14.3599451107195,1.12519871094789E-15,2.09807621135331));
#10841=AXIS2_PLACEMENT_3D('',#10842,#10843,#10844);
#10842=CARTESIAN_POINT('',(-14.3599451107195,8.79293040788713E-16,2.59807621135331));
#10843=DIRECTION('',(6.12323399573676E-17,1.,0.));
#10844=DIRECTION('',(6.12323399573677E-17,-3.74939945665464E-33,-1.));
#10845=CARTESIAN_POINT('',(-12.8599451107195,1.0192606588872E-15,2.09807621135331));
#10846=AXIS2_PLACEMENT_3D('',#10847,#10848,#10849);
#10847=CARTESIAN_POINT('',(-12.8599451107195,7.87444530852662E-16,2.59807621135331));
#10848=DIRECTION('',(6.12323399573676E-17,1.,0.));
#10849=DIRECTION('',(6.12323399573677E-17,-3.74939945665464E-33,-1.));
#10850=CARTESIAN_POINT('',(-3.85994511071945,3.83632346523053E-16,2.09807621135332));
#10851=AXIS2_PLACEMENT_3D('',#10852,#10853,#10854);
#10852=CARTESIAN_POINT('',(-3.85994511071945,2.36353471236353E-16,2.59807621135332));
#10853=DIRECTION('',(6.12323399573676E-17,1.,0.));
#10854=DIRECTION('',(6.12323399573677E-17,-3.74939945665464E-33,-1.));
#10855=CARTESIAN_POINT('',(-5.35994511071945,4.89570398583744E-16,2.09807621135331));
#10856=AXIS2_PLACEMENT_3D('',#10857,#10858,#10859);
#10857=CARTESIAN_POINT('',(-5.35994511071945,3.28201981172404E-16,2.59807621135332));
#10858=DIRECTION('',(6.12323399573676E-17,1.,0.));
#10859=DIRECTION('',(6.12323399573677E-17,-3.74939945665464E-33,-1.));
#10860=CARTESIAN_POINT('',(-6.85994511071945,5.95508450644434E-16,2.09807621135331));
#10861=AXIS2_PLACEMENT_3D('',#10862,#10863,#10864);
#10862=CARTESIAN_POINT('',(-6.85994511071945,4.20050491108456E-16,2.59807621135332));
#10863=DIRECTION('',(6.12323399573676E-17,1.,0.));
#10864=DIRECTION('',(6.12323399573677E-17,-3.74939945665464E-33,-1.));
#10865=CARTESIAN_POINT('',(-11.3599451107195,9.13322606826506E-16,2.09807621135331));
#10866=AXIS2_PLACEMENT_3D('',#10867,#10868,#10869);
#10867=CARTESIAN_POINT('',(-11.3599451107195,6.9559602091661E-16,2.59807621135332));
#10868=DIRECTION('',(6.12323399573676E-17,1.,0.));
#10869=DIRECTION('',(6.12323399573677E-17,-3.74939945665464E-33,-1.));
#10870=CARTESIAN_POINT('',(-9.85994511071945,8.07384554765816E-16,2.09807621135331));
#10871=AXIS2_PLACEMENT_3D('',#10872,#10873,#10874);
#10872=CARTESIAN_POINT('',(-9.85994511071945,6.03747510980559E-16,2.59807621135332));
#10873=DIRECTION('',(6.12323399573676E-17,1.,0.));
#10874=DIRECTION('',(6.12323399573677E-17,-3.74939945665464E-33,-1.));
#10875=CARTESIAN_POINT('',(-15.8599451107194,1.23113676300858E-15,-21.2846096908265));
#10876=AXIS2_PLACEMENT_3D('',#10877,#10878,#10879);
#10877=CARTESIAN_POINT('',(-15.8599451107194,9.71141550724764E-16,-20.7846096908265));
#10878=DIRECTION('',(6.12323399573676E-17,1.,0.));
#10879=DIRECTION('',(6.12323399573677E-17,-3.74939945665464E-33,-1.));
#10880=CARTESIAN_POINT('',(-14.3599451107194,1.12519871094789E-15,-21.2846096908265));
#10881=AXIS2_PLACEMENT_3D('',#10882,#10883,#10884);
#10882=CARTESIAN_POINT('',(-14.3599451107194,8.79293040788713E-16,-20.7846096908265));
#10883=DIRECTION('',(6.12323399573676E-17,1.,0.));
#10884=DIRECTION('',(6.12323399573677E-17,-3.74939945665464E-33,-1.));
#10885=CARTESIAN_POINT('',(-12.8599451107194,1.0192606588872E-15,-21.2846096908265));
#10886=AXIS2_PLACEMENT_3D('',#10887,#10888,#10889);
#10887=CARTESIAN_POINT('',(-12.8599451107194,7.87444530852661E-16,-20.7846096908265));
#10888=DIRECTION('',(6.12323399573676E-17,1.,0.));
#10889=DIRECTION('',(6.12323399573677E-17,-3.74939945665464E-33,-1.));
#10890=CARTESIAN_POINT('',(-3.85994511071945,3.83632346523053E-16,-21.2846096908265));
#10891=AXIS2_PLACEMENT_3D('',#10892,#10893,#10894);
#10892=CARTESIAN_POINT('',(-3.85994511071945,2.36353471236352E-16,-20.7846096908265));
#10893=DIRECTION('',(6.12323399573676E-17,1.,0.));
#10894=DIRECTION('',(6.12323399573677E-17,-3.74939945665464E-33,-1.));
#10895=CARTESIAN_POINT('',(-5.35994511071945,4.89570398583743E-16,-21.2846096908265));
#10896=AXIS2_PLACEMENT_3D('',#10897,#10898,#10899);
#10897=CARTESIAN_POINT('',(-5.35994511071945,3.28201981172404E-16,-20.7846096908265));
#10898=DIRECTION('',(6.12323399573676E-17,1.,0.));
#10899=DIRECTION('',(6.12323399573677E-17,-3.74939945665464E-33,-1.));
#10900=CARTESIAN_POINT('',(-6.85994511071945,5.95508450644434E-16,-21.2846096908265));
#10901=AXIS2_PLACEMENT_3D('',#10902,#10903,#10904);
#10902=CARTESIAN_POINT('',(-6.85994511071945,4.20050491108455E-16,-20.7846096908265));
#10903=DIRECTION('',(6.12323399573676E-17,1.,0.));
#10904=DIRECTION('',(6.12323399573677E-17,-3.74939945665464E-33,-1.));
#10905=CARTESIAN_POINT('',(-11.3599451107194,9.13322606826506E-16,-21.2846096908265));
#10906=AXIS2_PLACEMENT_3D('',#10907,#10908,#10909);
#10907=CARTESIAN_POINT('',(-11.3599451107194,6.9559602091661E-16,-20.7846096908265));
#10908=DIRECTION('',(6.12323399573676E-17,1.,0.));
#10909=DIRECTION('',(6.12323399573677E-17,-3.74939945665464E-33,-1.));
#10910=CARTESIAN_POINT('',(-9.85994511071945,8.07384554765816E-16,-21.2846096908265));
#10911=AXIS2_PLACEMENT_3D('',#10912,#10913,#10914);
#10912=CARTESIAN_POINT('',(-9.85994511071945,6.03747510980558E-16,-20.7846096908265));
#10913=DIRECTION('',(6.12323399573676E-17,1.,0.));
#10914=DIRECTION('',(6.12323399573677E-17,-3.74939945665464E-33,-1.));
#10915=CARTESIAN_POINT('',(-15.8599451107194,1.23113676300858E-15,-18.6865334794732));
#10916=AXIS2_PLACEMENT_3D('',#10917,#10918,#10919);
#10917=CARTESIAN_POINT('',(-15.8599451107194,9.71141550724764E-16,-18.1865334794732));
#10918=DIRECTION('',(6.12323399573676E-17,1.,0.));
#10919=DIRECTION('',(6.12323399573677E-17,-3.74939945665464E-33,-1.));
#10920=CARTESIAN_POINT('',(-14.3599451107194,1.12519871094789E-15,-18.6865334794732));
#10921=AXIS2_PLACEMENT_3D('',#10922,#10923,#10924);
#10922=CARTESIAN_POINT('',(-14.3599451107194,8.79293040788713E-16,-18.1865334794732));
#10923=DIRECTION('',(6.12323399573676E-17,1.,0.));
#10924=DIRECTION('',(6.12323399573677E-17,-3.74939945665464E-33,-1.));
#10925=CARTESIAN_POINT('',(-12.8599451107194,1.0192606588872E-15,-18.6865334794732));
#10926=AXIS2_PLACEMENT_3D('',#10927,#10928,#10929);
#10927=CARTESIAN_POINT('',(-12.8599451107194,7.87444530852661E-16,-18.1865334794732));
#10928=DIRECTION('',(6.12323399573676E-17,1.,0.));
#10929=DIRECTION('',(6.12323399573677E-17,-3.74939945665464E-33,-1.));
#10930=CARTESIAN_POINT('',(-3.85994511071945,3.83632346523053E-16,-18.6865334794732));
#10931=AXIS2_PLACEMENT_3D('',#10932,#10933,#10934);
#10932=CARTESIAN_POINT('',(-3.85994511071945,2.36353471236352E-16,-18.1865334794732));
#10933=DIRECTION('',(6.12323399573676E-17,1.,0.));
#10934=DIRECTION('',(6.12323399573677E-17,-3.74939945665464E-33,-1.));
#10935=CARTESIAN_POINT('',(-5.35994511071945,4.89570398583743E-16,-18.6865334794732));
#10936=AXIS2_PLACEMENT_3D('',#10937,#10938,#10939);
#10937=CARTESIAN_POINT('',(-5.35994511071945,3.28201981172404E-16,-18.1865334794732));
#10938=DIRECTION('',(6.12323399573676E-17,1.,0.));
#10939=DIRECTION('',(6.12323399573677E-17,-3.74939945665464E-33,-1.));
#10940=CARTESIAN_POINT('',(-6.85994511071945,5.95508450644434E-16,-18.6865334794732));
#10941=AXIS2_PLACEMENT_3D('',#10942,#10943,#10944);
#10942=CARTESIAN_POINT('',(-6.85994511071945,4.20050491108455E-16,-18.1865334794732));
#10943=DIRECTION('',(6.12323399573676E-17,1.,0.));
#10944=DIRECTION('',(6.12323399573677E-17,-3.74939945665464E-33,-1.));
#10945=CARTESIAN_POINT('',(-11.3599451107194,9.13322606826506E-16,-18.6865334794732));
#10946=AXIS2_PLACEMENT_3D('',#10947,#10948,#10949);
#10947=CARTESIAN_POINT('',(-11.3599451107194,6.9559602091661E-16,-18.1865334794732));
#10948=DIRECTION('',(6.12323399573676E-17,1.,0.));
#10949=DIRECTION('',(6.12323399573677E-17,-3.74939945665464E-33,-1.));
#10950=CARTESIAN_POINT('',(-9.85994511071945,8.07384554765816E-16,-18.6865334794732));
#10951=AXIS2_PLACEMENT_3D('',#10952,#10953,#10954);
#10952=CARTESIAN_POINT('',(-9.85994511071945,6.03747510980558E-16,-18.1865334794732));
#10953=DIRECTION('',(6.12323399573676E-17,1.,0.));
#10954=DIRECTION('',(6.12323399573677E-17,-3.74939945665464E-33,-1.));
#10955=CARTESIAN_POINT('',(-14.3599451107194,1.12519871094789E-15,-16.0884572681199));
#10956=AXIS2_PLACEMENT_3D('',#10957,#10958,#10959);
#10957=CARTESIAN_POINT('',(-14.3599451107194,8.79293040788713E-16,-15.5884572681199));
#10958=DIRECTION('',(6.12323399573676E-17,1.,0.));
#10959=DIRECTION('',(6.12323399573677E-17,-3.74939945665464E-33,-1.));
#10960=CARTESIAN_POINT('',(-12.8599451107194,1.0192606588872E-15,-16.0884572681199));
#10961=AXIS2_PLACEMENT_3D('',#10962,#10963,#10964);
#10962=CARTESIAN_POINT('',(-12.8599451107194,7.87444530852661E-16,-15.5884572681199));
#10963=DIRECTION('',(6.12323399573676E-17,1.,0.));
#10964=DIRECTION('',(6.12323399573677E-17,-3.74939945665464E-33,-1.));
#10965=CARTESIAN_POINT('',(-5.35994511071945,4.89570398583743E-16,-16.0884572681199));
#10966=AXIS2_PLACEMENT_3D('',#10967,#10968,#10969);
#10967=CARTESIAN_POINT('',(-5.35994511071945,3.28201981172404E-16,-15.5884572681199));
#10968=DIRECTION('',(6.12323399573676E-17,1.,0.));
#10969=DIRECTION('',(6.12323399573677E-17,-3.74939945665464E-33,-1.));
#10970=CARTESIAN_POINT('',(-6.85994511071945,5.95508450644434E-16,-16.0884572681199));
#10971=AXIS2_PLACEMENT_3D('',#10972,#10973,#10974);
#10972=CARTESIAN_POINT('',(-6.85994511071945,4.20050491108455E-16,-15.5884572681199));
#10973=DIRECTION('',(6.12323399573676E-17,1.,0.));
#10974=DIRECTION('',(6.12323399573677E-17,-3.74939945665464E-33,-1.));
#10975=CARTESIAN_POINT('',(-11.3599451107194,9.13322606826506E-16,-16.0884572681199));
#10976=AXIS2_PLACEMENT_3D('',#10977,#10978,#10979);
#10977=CARTESIAN_POINT('',(-11.3599451107194,6.9559602091661E-16,-15.5884572681199));
#10978=DIRECTION('',(6.12323399573676E-17,1.,0.));
#10979=DIRECTION('',(6.12323399573677E-17,-3.74939945665464E-33,-1.));
#10980=CARTESIAN_POINT('',(-9.85994511071945,8.07384554765816E-16,-16.0884572681199));
#10981=AXIS2_PLACEMENT_3D('',#10982,#10983,#10984);
#10982=CARTESIAN_POINT('',(-9.85994511071945,6.03747510980558E-16,-15.5884572681199));
#10983=DIRECTION('',(6.12323399573676E-17,1.,0.));
#10984=DIRECTION('',(6.12323399573677E-17,-3.74939945665464E-33,-1.));
#10985=CARTESIAN_POINT('',(-14.3599451107194,1.12519871094789E-15,-13.4903810567666));
#10986=AXIS2_PLACEMENT_3D('',#10987,#10988,#10989);
#10987=CARTESIAN_POINT('',(-14.3599451107194,8.79293040788713E-16,-12.9903810567666));
#10988=DIRECTION('',(6.12323399573676E-17,1.,0.));
#10989=DIRECTION('',(6.12323399573677E-17,-3.74939945665464E-33,-1.));
#10990=CARTESIAN_POINT('',(-12.8599451107194,1.0192606588872E-15,-13.4903810567666));
#10991=AXIS2_PLACEMENT_3D('',#10992,#10993,#10994);
#10992=CARTESIAN_POINT('',(-12.8599451107194,7.87444530852661E-16,-12.9903810567666));
#10993=DIRECTION('',(6.12323399573676E-17,1.,0.));
#10994=DIRECTION('',(6.12323399573677E-17,-3.74939945665464E-33,-1.));
#10995=CARTESIAN_POINT('',(-3.85994511071945,3.83632346523053E-16,-13.4903810567666));
#10996=AXIS2_PLACEMENT_3D('',#10997,#10998,#10999);
#10997=CARTESIAN_POINT('',(-3.85994511071945,2.36353471236352E-16,-12.9903810567666));
#10998=DIRECTION('',(6.12323399573676E-17,1.,0.));
#10999=DIRECTION('',(6.12323399573677E-17,-3.74939945665464E-33,-1.));
#11000=CARTESIAN_POINT('',(-5.35994511071945,4.89570398583743E-16,-13.4903810567666));
#11001=AXIS2_PLACEMENT_3D('',#11002,#11003,#11004);
#11002=CARTESIAN_POINT('',(-5.35994511071945,3.28201981172404E-16,-12.9903810567666));
#11003=DIRECTION('',(6.12323399573676E-17,1.,0.));
#11004=DIRECTION('',(6.12323399573677E-17,-3.74939945665464E-33,-1.));
#11005=CARTESIAN_POINT('',(-6.85994511071945,5.95508450644434E-16,-13.4903810567666));
#11006=AXIS2_PLACEMENT_3D('',#11007,#11008,#11009);
#11007=CARTESIAN_POINT('',(-6.85994511071945,4.20050491108455E-16,-12.9903810567666));
#11008=DIRECTION('',(6.12323399573676E-17,1.,0.));
#11009=DIRECTION('',(6.12323399573677E-17,-3.74939945665464E-33,-1.));
#11010=CARTESIAN_POINT('',(-11.3599451107194,9.13322606826506E-16,-13.4903810567666));
#11011=AXIS2_PLACEMENT_3D('',#11012,#11013,#11014);
#11012=CARTESIAN_POINT('',(-11.3599451107194,6.9559602091661E-16,-12.9903810567666));
#11013=DIRECTION('',(6.12323399573676E-17,1.,0.));
#11014=DIRECTION('',(6.12323399573677E-17,-3.74939945665464E-33,-1.));
#11015=CARTESIAN_POINT('',(-9.85994511071945,8.07384554765816E-16,-13.4903810567666));
#11016=AXIS2_PLACEMENT_3D('',#11017,#11018,#11019);
#11017=CARTESIAN_POINT('',(-9.85994511071945,6.03747510980558E-16,-12.9903810567666));
#11018=DIRECTION('',(6.12323399573676E-17,1.,0.));
#11019=DIRECTION('',(6.12323399573677E-17,-3.74939945665464E-33,-1.));
#11020=CARTESIAN_POINT('',(-14.3599451107194,1.12519871094789E-15,-10.8923048454133));
#11021=AXIS2_PLACEMENT_3D('',#11022,#11023,#11024);
#11022=CARTESIAN_POINT('',(-14.3599451107194,8.79293040788713E-16,-10.3923048454133));
#11023=DIRECTION('',(6.12323399573676E-17,1.,0.));
#11024=DIRECTION('',(6.12323399573677E-17,-3.74939945665464E-33,-1.));
#11025=CARTESIAN_POINT('',(-12.8599451107194,1.0192606588872E-15,-10.8923048454133));
#11026=AXIS2_PLACEMENT_3D('',#11027,#11028,#11029);
#11027=CARTESIAN_POINT('',(-12.8599451107194,7.87444530852661E-16,-10.3923048454133));
#11028=DIRECTION('',(6.12323399573676E-17,1.,0.));
#11029=DIRECTION('',(6.12323399573677E-17,-3.74939945665464E-33,-1.));
#11030=CARTESIAN_POINT('',(-3.85994511071945,3.83632346523053E-16,-10.8923048454133));
#11031=AXIS2_PLACEMENT_3D('',#11032,#11033,#11034);
#11032=CARTESIAN_POINT('',(-3.85994511071945,2.36353471236353E-16,-10.3923048454133));
#11033=DIRECTION('',(6.12323399573676E-17,1.,0.));
#11034=DIRECTION('',(6.12323399573677E-17,-3.74939945665464E-33,-1.));
#11035=CARTESIAN_POINT('',(-5.35994511071945,4.89570398583743E-16,-10.8923048454133));
#11036=AXIS2_PLACEMENT_3D('',#11037,#11038,#11039);
#11037=CARTESIAN_POINT('',(-5.35994511071945,3.28201981172404E-16,-10.3923048454133));
#11038=DIRECTION('',(6.12323399573676E-17,1.,0.));
#11039=DIRECTION('',(6.12323399573677E-17,-3.74939945665464E-33,-1.));
#11040=CARTESIAN_POINT('',(-6.85994511071945,5.95508450644434E-16,-10.8923048454133));
#11041=AXIS2_PLACEMENT_3D('',#11042,#11043,#11044);
#11042=CARTESIAN_POINT('',(-6.85994511071945,4.20050491108455E-16,-10.3923048454133));
#11043=DIRECTION('',(6.12323399573676E-17,1.,0.));
#11044=DIRECTION('',(6.12323399573677E-17,-3.74939945665464E-33,-1.));
#11045=CARTESIAN_POINT('',(-11.3599451107194,9.13322606826506E-16,-10.8923048454133));
#11046=AXIS2_PLACEMENT_3D('',#11047,#11048,#11049);
#11047=CARTESIAN_POINT('',(-11.3599451107194,6.9559602091661E-16,-10.3923048454133));
#11048=DIRECTION('',(6.12323399573676E-17,1.,0.));
#11049=DIRECTION('',(6.12323399573677E-17,-3.74939945665464E-33,-1.));
#11050=CARTESIAN_POINT('',(-9.85994511071945,8.07384554765816E-16,-10.8923048454133));
#11051=AXIS2_PLACEMENT_3D('',#11052,#11053,#11054);
#11052=CARTESIAN_POINT('',(-9.85994511071945,6.03747510980558E-16,-10.3923048454133));
#11053=DIRECTION('',(6.12323399573676E-17,1.,0.));
#11054=DIRECTION('',(6.12323399573677E-17,-3.74939945665464E-33,-1.));
#11055=CARTESIAN_POINT('',(-5.35994511071945,4.89570398583743E-16,-8.29422863405994));
#11056=AXIS2_PLACEMENT_3D('',#11057,#11058,#11059);
#11057=CARTESIAN_POINT('',(-5.35994511071945,3.28201981172404E-16,-7.79422863405994));
#11058=DIRECTION('',(6.12323399573676E-17,1.,0.));
#11059=DIRECTION('',(6.12323399573677E-17,-3.74939945665464E-33,-1.));
#11060=CARTESIAN_POINT('',(-6.85994511071945,5.95508450644434E-16,-8.29422863405994));
#11061=AXIS2_PLACEMENT_3D('',#11062,#11063,#11064);
#11062=CARTESIAN_POINT('',(-6.85994511071945,4.20050491108455E-16,-7.79422863405994));
#11063=DIRECTION('',(6.12323399573676E-17,1.,0.));
#11064=DIRECTION('',(6.12323399573677E-17,-3.74939945665464E-33,-1.));
#11065=CARTESIAN_POINT('',(-15.8599451107195,1.23113676300858E-15,-5.69615242270663));
#11066=AXIS2_PLACEMENT_3D('',#11067,#11068,#11069);
#11067=CARTESIAN_POINT('',(-15.8599451107195,9.71141550724764E-16,-5.19615242270663));
#11068=DIRECTION('',(6.12323399573676E-17,1.,0.));
#11069=DIRECTION('',(6.12323399573677E-17,-3.74939945665464E-33,-1.));
#11070=CARTESIAN_POINT('',(-14.3599451107195,1.12519871094789E-15,-5.69615242270663));
#11071=AXIS2_PLACEMENT_3D('',#11072,#11073,#11074);
#11072=CARTESIAN_POINT('',(-14.3599451107195,8.79293040788713E-16,-5.19615242270663));
#11073=DIRECTION('',(6.12323399573676E-17,1.,0.));
#11074=DIRECTION('',(6.12323399573677E-17,-3.74939945665464E-33,-1.));
#11075=CARTESIAN_POINT('',(-12.8599451107195,1.0192606588872E-15,-5.69615242270663));
#11076=AXIS2_PLACEMENT_3D('',#11077,#11078,#11079);
#11077=CARTESIAN_POINT('',(-12.8599451107195,7.87444530852662E-16,-5.19615242270663));
#11078=DIRECTION('',(6.12323399573676E-17,1.,0.));
#11079=DIRECTION('',(6.12323399573677E-17,-3.74939945665464E-33,-1.));
#11080=CARTESIAN_POINT('',(-3.85994511071945,3.83632346523053E-16,-5.69615242270663));
#11081=AXIS2_PLACEMENT_3D('',#11082,#11083,#11084);
#11082=CARTESIAN_POINT('',(-3.85994511071945,2.36353471236353E-16,-5.19615242270662));
#11083=DIRECTION('',(6.12323399573676E-17,1.,0.));
#11084=DIRECTION('',(6.12323399573677E-17,-3.74939945665464E-33,-1.));
#11085=CARTESIAN_POINT('',(-5.35994511071945,4.89570398583744E-16,-5.69615242270663));
#11086=AXIS2_PLACEMENT_3D('',#11087,#11088,#11089);
#11087=CARTESIAN_POINT('',(-5.35994511071945,3.28201981172404E-16,-5.19615242270662));
#11088=DIRECTION('',(6.12323399573676E-17,1.,0.));
#11089=DIRECTION('',(6.12323399573677E-17,-3.74939945665464E-33,-1.));
#11090=CARTESIAN_POINT('',(-6.85994511071945,5.95508450644434E-16,-5.69615242270663));
#11091=AXIS2_PLACEMENT_3D('',#11092,#11093,#11094);
#11092=CARTESIAN_POINT('',(-6.85994511071945,4.20050491108456E-16,-5.19615242270662));
#11093=DIRECTION('',(6.12323399573676E-17,1.,0.));
#11094=DIRECTION('',(6.12323399573677E-17,-3.74939945665464E-33,-1.));
#11095=CARTESIAN_POINT('',(-11.3599451107195,9.13322606826506E-16,-5.69615242270663));
#11096=AXIS2_PLACEMENT_3D('',#11097,#11098,#11099);
#11097=CARTESIAN_POINT('',(-11.3599451107195,6.9559602091661E-16,-5.19615242270663));
#11098=DIRECTION('',(6.12323399573676E-17,1.,0.));
#11099=DIRECTION('',(6.12323399573677E-17,-3.74939945665464E-33,-1.));
#11100=CARTESIAN_POINT('',(-9.85994511071945,8.07384554765816E-16,-5.69615242270663));
#11101=AXIS2_PLACEMENT_3D('',#11102,#11103,#11104);
#11102=CARTESIAN_POINT('',(-9.85994511071945,6.03747510980559E-16,-5.19615242270663));
#11103=DIRECTION('',(6.12323399573676E-17,1.,0.));
#11104=DIRECTION('',(6.12323399573677E-17,-3.74939945665464E-33,-1.));
#11105=CARTESIAN_POINT('',(-15.8599451107195,1.23113676300858E-15,-3.09807621135331));
#11106=AXIS2_PLACEMENT_3D('',#11107,#11108,#11109);
#11107=CARTESIAN_POINT('',(-15.8599451107195,9.71141550724764E-16,-2.59807621135332));
#11108=DIRECTION('',(6.12323399573676E-17,1.,0.));
#11109=DIRECTION('',(6.12323399573677E-17,-3.74939945665464E-33,-1.));
#11110=CARTESIAN_POINT('',(-14.3599451107195,1.12519871094789E-15,-3.09807621135331));
#11111=AXIS2_PLACEMENT_3D('',#11112,#11113,#11114);
#11112=CARTESIAN_POINT('',(-14.3599451107195,8.79293040788713E-16,-2.59807621135332));
#11113=DIRECTION('',(6.12323399573676E-17,1.,0.));
#11114=DIRECTION('',(6.12323399573677E-17,-3.74939945665464E-33,-1.));
#11115=CARTESIAN_POINT('',(-12.8599451107195,1.0192606588872E-15,-3.09807621135331));
#11116=AXIS2_PLACEMENT_3D('',#11117,#11118,#11119);
#11117=CARTESIAN_POINT('',(-12.8599451107195,7.87444530852662E-16,-2.59807621135332));
#11118=DIRECTION('',(6.12323399573676E-17,1.,0.));
#11119=DIRECTION('',(6.12323399573677E-17,-3.74939945665464E-33,-1.));
#11120=CARTESIAN_POINT('',(-3.85994511071945,3.83632346523053E-16,-3.09807621135331));
#11121=AXIS2_PLACEMENT_3D('',#11122,#11123,#11124);
#11122=CARTESIAN_POINT('',(-3.85994511071945,2.36353471236353E-16,-2.59807621135331));
#11123=DIRECTION('',(6.12323399573676E-17,1.,0.));
#11124=DIRECTION('',(6.12323399573677E-17,-3.74939945665464E-33,-1.));
#11125=CARTESIAN_POINT('',(-5.35994511071945,4.89570398583744E-16,-3.09807621135331));
#11126=AXIS2_PLACEMENT_3D('',#11127,#11128,#11129);
#11127=CARTESIAN_POINT('',(-5.35994511071945,3.28201981172404E-16,-2.59807621135331));
#11128=DIRECTION('',(6.12323399573676E-17,1.,0.));
#11129=DIRECTION('',(6.12323399573677E-17,-3.74939945665464E-33,-1.));
#11130=CARTESIAN_POINT('',(-6.85994511071945,5.95508450644434E-16,-3.09807621135331));
#11131=AXIS2_PLACEMENT_3D('',#11132,#11133,#11134);
#11132=CARTESIAN_POINT('',(-6.85994511071945,4.20050491108456E-16,-2.59807621135331));
#11133=DIRECTION('',(6.12323399573676E-17,1.,0.));
#11134=DIRECTION('',(6.12323399573677E-17,-3.74939945665464E-33,-1.));
#11135=CARTESIAN_POINT('',(-11.3599451107195,9.13322606826506E-16,-3.09807621135331));
#11136=AXIS2_PLACEMENT_3D('',#11137,#11138,#11139);
#11137=CARTESIAN_POINT('',(-11.3599451107195,6.9559602091661E-16,-2.59807621135331));
#11138=DIRECTION('',(6.12323399573676E-17,1.,0.));
#11139=DIRECTION('',(6.12323399573677E-17,-3.74939945665464E-33,-1.));
#11140=CARTESIAN_POINT('',(-9.85994511071945,8.07384554765816E-16,-3.09807621135331));
#11141=AXIS2_PLACEMENT_3D('',#11142,#11143,#11144);
#11142=CARTESIAN_POINT('',(-9.85994511071945,6.03747510980559E-16,-2.59807621135331));
#11143=DIRECTION('',(6.12323399573676E-17,1.,0.));
#11144=DIRECTION('',(6.12323399573677E-17,-3.74939945665464E-33,-1.));
#11145=CARTESIAN_POINT('',(-3.10994511071946,3.30663320492708E-16,21.5836477965032));
#11146=AXIS2_PLACEMENT_3D('',#11147,#11148,#11149);
#11147=CARTESIAN_POINT('',(-3.10994511071945,1.90429216268327E-16,22.0836477965032));
#11148=DIRECTION('',(6.12323399573676E-17,1.,0.));
#11149=DIRECTION('',(6.12323399573677E-17,-3.74939945665464E-33,-1.));
#11150=CARTESIAN_POINT('',(-16.6099451107195,1.28410578903892E-15,21.5836477965032));
#11151=AXIS2_PLACEMENT_3D('',#11152,#11153,#11154);
#11152=CARTESIAN_POINT('',(-16.6099451107195,1.01706580569279E-15,22.0836477965032));
#11153=DIRECTION('',(6.12323399573676E-17,1.,0.));
#11154=DIRECTION('',(6.12323399573677E-17,-3.74939945665464E-33,-1.));
#11155=CARTESIAN_POINT('',(-15.1099451107195,1.17816773697823E-15,21.5836477965032));
#11156=AXIS2_PLACEMENT_3D('',#11157,#11158,#11159);
#11157=CARTESIAN_POINT('',(-15.1099451107195,9.25217295756739E-16,22.0836477965032));
#11158=DIRECTION('',(6.12323399573676E-17,1.,0.));
#11159=DIRECTION('',(6.12323399573677E-17,-3.74939945665464E-33,-1.));
#11160=CARTESIAN_POINT('',(-13.6099451107195,1.07222968491754E-15,21.5836477965032));
#11161=AXIS2_PLACEMENT_3D('',#11162,#11163,#11164);
#11162=CARTESIAN_POINT('',(-13.6099451107195,8.33368785820687E-16,22.0836477965032));
#11163=DIRECTION('',(6.12323399573676E-17,1.,0.));
#11164=DIRECTION('',(6.12323399573677E-17,-3.74939945665464E-33,-1.));
#11165=CARTESIAN_POINT('',(-4.60994511071945,4.36601372553398E-16,21.5836477965032));
#11166=AXIS2_PLACEMENT_3D('',#11167,#11168,#11169);
#11167=CARTESIAN_POINT('',(-4.60994511071945,2.82277726204379E-16,22.0836477965032));
#11168=DIRECTION('',(6.12323399573676E-17,1.,0.));
#11169=DIRECTION('',(6.12323399573677E-17,-3.74939945665464E-33,-1.));
#11170=CARTESIAN_POINT('',(-6.10994511071945,5.42539424614089E-16,21.5836477965032));
#11171=AXIS2_PLACEMENT_3D('',#11172,#11173,#11174);
#11172=CARTESIAN_POINT('',(-6.10994511071945,3.7412623614043E-16,22.0836477965032));
#11173=DIRECTION('',(6.12323399573676E-17,1.,0.));
#11174=DIRECTION('',(6.12323399573677E-17,-3.74939945665464E-33,-1.));
#11175=CARTESIAN_POINT('',(-9.10994511071945,7.54415528735471E-16,21.5836477965032));
#11176=AXIS2_PLACEMENT_3D('',#11177,#11178,#11179);
#11177=CARTESIAN_POINT('',(-9.10994511071945,5.57823256012533E-16,22.0836477965032));
#11178=DIRECTION('',(6.12323399573676E-17,1.,0.));
#11179=DIRECTION('',(6.12323399573677E-17,-3.74939945665464E-33,-1.));
#11180=CARTESIAN_POINT('',(-12.1099451107195,9.66291632856852E-16,21.5836477965032));
#11181=AXIS2_PLACEMENT_3D('',#11182,#11183,#11184);
#11182=CARTESIAN_POINT('',(-12.1099451107195,7.41520275884636E-16,22.0836477965032));
#11183=DIRECTION('',(6.12323399573676E-17,1.,0.));
#11184=DIRECTION('',(6.12323399573677E-17,-3.74939945665464E-33,-1.));
#11185=CARTESIAN_POINT('',(-10.6099451107195,8.60353580796161E-16,21.5836477965032));
#11186=AXIS2_PLACEMENT_3D('',#11187,#11188,#11189);
#11187=CARTESIAN_POINT('',(-10.6099451107195,6.49671765948584E-16,22.0836477965032));
#11188=DIRECTION('',(6.12323399573676E-17,1.,0.));
#11189=DIRECTION('',(6.12323399573677E-17,-3.74939945665464E-33,-1.));
#11190=CARTESIAN_POINT('',(-3.10994511071945,3.30663320492708E-16,18.9855715851498));
#11191=AXIS2_PLACEMENT_3D('',#11192,#11193,#11194);
#11192=CARTESIAN_POINT('',(-3.10994511071945,1.90429216268327E-16,19.4855715851498));
#11193=DIRECTION('',(6.12323399573676E-17,1.,0.));
#11194=DIRECTION('',(6.12323399573677E-17,-3.74939945665464E-33,-1.));
#11195=CARTESIAN_POINT('',(-16.6099451107195,1.28410578903892E-15,18.9855715851498));
#11196=AXIS2_PLACEMENT_3D('',#11197,#11198,#11199);
#11197=CARTESIAN_POINT('',(-16.6099451107195,1.01706580569279E-15,19.4855715851498));
#11198=DIRECTION('',(6.12323399573676E-17,1.,0.));
#11199=DIRECTION('',(6.12323399573677E-17,-3.74939945665464E-33,-1.));
#11200=CARTESIAN_POINT('',(-15.1099451107195,1.17816773697823E-15,18.9855715851498));
#11201=AXIS2_PLACEMENT_3D('',#11202,#11203,#11204);
#11202=CARTESIAN_POINT('',(-15.1099451107195,9.25217295756739E-16,19.4855715851498));
#11203=DIRECTION('',(6.12323399573676E-17,1.,0.));
#11204=DIRECTION('',(6.12323399573677E-17,-3.74939945665464E-33,-1.));
#11205=CARTESIAN_POINT('',(-13.2268262363592,9.48247305418577E-16,19.1642930018161));
#11206=CARTESIAN_POINT('',(-13.1400473844801,9.42390222464055E-16,19.6564403268057));
#11207=AXIS2_PLACEMENT_3D('',#11208,#11209,#11210);
#11208=CARTESIAN_POINT('',(-13.6099451107195,8.33368785820687E-16,19.4855715851498));
#11209=DIRECTION('',(6.12323399573676E-17,1.,0.));
#11210=DIRECTION('',(0.766237748720429,-4.69185303178173E-17,-0.642557166667565));
#11211=CARTESIAN_POINT('',(-13.2268262363592,8.72029495805934E-16,19.1642930018161));
#11212=VECTOR('',#11213,1.);
#11213=DIRECTION('',(0.173648177666929,-1.14484253525806E-17,0.984807753012208));
#11214=CARTESIAN_POINT('',(-4.60994511071945,4.36601372553398E-16,18.9855715851498));
#11215=AXIS2_PLACEMENT_3D('',#11216,#11217,#11218);
#11216=CARTESIAN_POINT('',(-4.60994511071945,2.82277726204378E-16,19.4855715851498));
#11217=DIRECTION('',(6.12323399573676E-17,1.,0.));
#11218=DIRECTION('',(6.12323399573677E-17,-3.74939945665464E-33,-1.));
#11219=CARTESIAN_POINT('',(-6.10994511071945,5.42539424614089E-16,18.9855715851498));
#11220=AXIS2_PLACEMENT_3D('',#11221,#11222,#11223);
#11221=CARTESIAN_POINT('',(-6.10994511071945,3.7412623614043E-16,19.4855715851498));
#11222=DIRECTION('',(6.12323399573676E-17,1.,0.));
#11223=DIRECTION('',(6.12323399573677E-17,-3.74939945665464E-33,-1.));
#11224=CARTESIAN_POINT('',(-7.60994511071945,6.4847747667478E-16,18.9855715851498));
#11225=AXIS2_PLACEMENT_3D('',#11226,#11227,#11228);
#11226=CARTESIAN_POINT('',(-7.60994511071945,4.65974746076481E-16,19.4855715851498));
#11227=DIRECTION('',(6.12323399573676E-17,1.,0.));
#11228=DIRECTION('',(6.12323399573677E-17,-3.74939945665464E-33,-1.));
#11229=CARTESIAN_POINT('',(-8.62622844650286,6.37732908050221E-16,19.6121345685185));
#11230=CARTESIAN_POINT('',(-8.69868722051543,6.42623466532896E-16,19.2012004407893));
#11231=AXIS2_PLACEMENT_3D('',#11232,#11233,#11234);
#11232=CARTESIAN_POINT('',(-9.10994511071945,5.57823256012533E-16,19.4855715851498));
#11233=DIRECTION('',(6.12323399573676E-17,1.,0.));
#11234=DIRECTION('',(0.967433328433172,-5.92382064527077E-17,0.253125966737343));
#11235=CARTESIAN_POINT('',(-8.62622844650286,5.68717355810767E-16,19.6121345685185));
#11236=VECTOR('',#11237,1.);
#11237=DIRECTION('',(-0.173648177666932,1.14484253525805E-17,-0.984807753012208));
#11238=CARTESIAN_POINT('',(-3.10994511071945,3.30663320492708E-16,16.3874953737965));
#11239=AXIS2_PLACEMENT_3D('',#11240,#11241,#11242);
#11240=CARTESIAN_POINT('',(-3.10994511071945,1.90429216268327E-16,16.8874953737965));
#11241=DIRECTION('',(6.12323399573676E-17,1.,0.));
#11242=DIRECTION('',(6.12323399573677E-17,-3.74939945665464E-33,-1.));
#11243=CARTESIAN_POINT('',(-16.6099451107195,1.28410578903892E-15,16.3874953737965));
#11244=AXIS2_PLACEMENT_3D('',#11245,#11246,#11247);
#11245=CARTESIAN_POINT('',(-16.6099451107195,1.01706580569279E-15,16.8874953737965));
#11246=DIRECTION('',(6.12323399573676E-17,1.,0.));
#11247=DIRECTION('',(6.12323399573677E-17,-3.74939945665464E-33,-1.));
#11248=CARTESIAN_POINT('',(-15.1099451107195,1.17816773697823E-15,16.3874953737965));
#11249=AXIS2_PLACEMENT_3D('',#11250,#11251,#11252);
#11250=CARTESIAN_POINT('',(-15.1099451107195,9.25217295756739E-16,16.8874953737965));
#11251=DIRECTION('',(6.12323399573676E-17,1.,0.));
#11252=DIRECTION('',(6.12323399573677E-17,-3.74939945665464E-33,-1.));
#11253=CARTESIAN_POINT('',(-13.7145014212953,9.81162629269712E-16,16.3985495916092));
#11254=CARTESIAN_POINT('',(-13.540966597722,9.69450007644084E-16,17.3827144816111));
#11255=AXIS2_PLACEMENT_3D('',#11256,#11257,#11258);
#11256=CARTESIAN_POINT('',(-13.6099451107195,8.33368785820687E-16,16.8874953737965));
#11257=DIRECTION('',(6.12323399573676E-17,1.,0.));
#11258=DIRECTION('',(-0.209112621151778,1.28044551077419E-17,-0.977891564374616));
#11259=CARTESIAN_POINT('',(-13.7145014212953,9.0418136187248E-16,16.3985495916092));
#11260=VECTOR('',#11261,1.);
#11261=DIRECTION('',(0.173648177666932,-1.14484253525806E-17,0.984807753012208));
#11262=CARTESIAN_POINT('',(-4.60994511071945,4.36601372553398E-16,16.3874953737965));
#11263=AXIS2_PLACEMENT_3D('',#11264,#11265,#11266);
#11264=CARTESIAN_POINT('',(-4.60994511071945,2.82277726204378E-16,16.8874953737965));
#11265=DIRECTION('',(6.12323399573676E-17,1.,0.));
#11266=DIRECTION('',(6.12323399573677E-17,-3.74939945665464E-33,-1.));
#11267=CARTESIAN_POINT('',(-6.10994511071945,5.42539424614089E-16,16.3874953737965));
#11268=AXIS2_PLACEMENT_3D('',#11269,#11270,#11271);
#11269=CARTESIAN_POINT('',(-6.10994511071945,3.7412623614043E-16,16.8874953737965));
#11270=DIRECTION('',(6.12323399573676E-17,1.,0.));
#11271=DIRECTION('',(6.12323399573677E-17,-3.74939945665464E-33,-1.));
#11272=CARTESIAN_POINT('',(-7.60994511071945,6.4847747667478E-16,16.3874953737965));
#11273=AXIS2_PLACEMENT_3D('',#11274,#11275,#11276);
#11274=CARTESIAN_POINT('',(-7.60994511071945,4.65974746076481E-16,16.8874953737965));
#11275=DIRECTION('',(6.12323399573676E-17,1.,0.));
#11276=DIRECTION('',(6.12323399573677E-17,-3.74939945665464E-33,-1.));
#11277=CARTESIAN_POINT('',(-9.1184323884465,6.43992643386089E-16,16.8207073010294));
#11278=CARTESIAN_POINT('',(-9.20339723925606,6.58184828489801E-16,16.396306306705));
#11279=CARTESIAN_POINT('',(-9.1184323884465,5.58342951887628E-16,16.8207073010294));
#11280=CARTESIAN_POINT('',(-9.15660934230153,5.60680616104616E-16,16.604195036703));
#11281=CARTESIAN_POINT('',(-9.20339723923959,5.63545548515817E-16,16.3963063067842));
#11282=CARTESIAN_POINT('',(-9.01993276587436,6.64305728595521E-16,17.379326419762));
#11283=CARTESIAN_POINT('',(-9.01993276587436,5.94673830401352E-16,17.379326419762));
#11284=VECTOR('',#11285,1.);
#11285=DIRECTION('',(-0.173648177666931,1.14484253525805E-17,-0.984807753012208));
#11286=AXIS2_PLACEMENT_3D('',#11287,#11288,#11289);
#11287=CARTESIAN_POINT('',(-9.10994511071945,5.57823256012533E-16,16.8874953737965));
#11288=DIRECTION('',(6.12323399573676E-17,1.,0.));
#11289=DIRECTION('',(0.180024689690189,-1.10233329998293E-17,0.983662091930939));
#11290=CARTESIAN_POINT('',(-12.1099451107195,9.66291632856852E-16,16.3874953737965));
#11291=AXIS2_PLACEMENT_3D('',#11292,#11293,#11294);
#11292=CARTESIAN_POINT('',(-12.1099451107195,7.41520275884636E-16,16.8874953737965));
#11293=DIRECTION('',(6.12323399573676E-17,1.,0.));
#11294=DIRECTION('',(6.12323399573677E-17,-3.74939945665464E-33,-1.));
#11295=CARTESIAN_POINT('',(-10.1796224069318,7.24074520108635E-16,16.6328929962801));
#11296=CARTESIAN_POINT('',(-10.1105399216877,7.19411842071253E-16,16.9118768661274));
#11297=AXIS2_PLACEMENT_3D('',#11298,#11299,#11300);
#11298=CARTESIAN_POINT('',(-10.6099451107195,6.49671765948584E-16,16.8874953737965));
#11299=DIRECTION('',(6.12323399573676E-17,1.,0.));
#11300=DIRECTION('',(0.860645407386622,-5.26993321678448E-17,-0.509204755225553));
#11301=CARTESIAN_POINT('',(-10.1105399216875,6.19092017637306E-16,16.9118768661279));
#11302=CARTESIAN_POINT('',(-10.1437386483928,6.21124853357079E-16,16.7637518867361));
#11303=CARTESIAN_POINT('',(-10.1796224069327,6.23322099858942E-16,16.6328929961525));
#11304=CARTESIAN_POINT('',(-3.10994511071945,3.30663320492708E-16,13.7894191624432));
#11305=AXIS2_PLACEMENT_3D('',#11306,#11307,#11308);
#11306=CARTESIAN_POINT('',(-3.10994511071945,1.90429216268327E-16,14.2894191624432));
#11307=DIRECTION('',(6.12323399573676E-17,1.,0.));
#11308=DIRECTION('',(6.12323399573677E-17,-3.74939945665464E-33,-1.));
#11309=CARTESIAN_POINT('',(-16.6099451107195,1.28410578903892E-15,13.7894191624432));
#11310=AXIS2_PLACEMENT_3D('',#11311,#11312,#11313);
#11311=CARTESIAN_POINT('',(-16.6099451107195,1.01706580569279E-15,14.2894191624432));
#11312=DIRECTION('',(6.12323399573676E-17,1.,0.));
#11313=DIRECTION('',(6.12323399573677E-17,-3.74939945665464E-33,-1.));
#11314=CARTESIAN_POINT('',(-15.1099451107195,1.17816773697823E-15,13.7894191624432));
#11315=AXIS2_PLACEMENT_3D('',#11316,#11317,#11318);
#11316=CARTESIAN_POINT('',(-15.1099451107195,9.25217295756739E-16,14.2894191624432));
#11317=DIRECTION('',(6.12323399573676E-17,1.,0.));
#11318=DIRECTION('',(6.12323399573677E-17,-3.74939945665464E-33,-1.));
#11319=CARTESIAN_POINT('',(-13.7566590490256,9.65504314239729E-16,13.8114285555202));
#11320=CARTESIAN_POINT('',(-13.9249555976169,9.76863381855439E-16,14.6777082245148));
#11321=AXIS2_PLACEMENT_3D('',#11322,#11323,#11324);
#11322=CARTESIAN_POINT('',(-13.6099451107195,8.33368785820687E-16,14.2894191624432));
#11323=DIRECTION('',(6.12323399573676E-17,1.,0.));
#11324=DIRECTION('',(-0.293427876612142,1.79672754936832E-17,-0.955981213846219));
#11325=CARTESIAN_POINT('',(-13.9145239746028,9.82718376814131E-16,14.4569748523523));
#11326=CARTESIAN_POINT('',(-13.9145239746028,8.52018862357819E-16,14.4569748523523));
#11327=CARTESIAN_POINT('',(-13.9237521350402,8.52583924214907E-16,14.559427617437));
#11328=CARTESIAN_POINT('',(-13.924955598646,8.52657615107542E-16,14.6777082301881));
#11329=CARTESIAN_POINT('',(-13.7566590490255,8.42352423567527E-16,13.8114285555201));
#11330=CARTESIAN_POINT('',(-13.8843786427946,8.50172993152415E-16,14.1222956604549));
#11331=CARTESIAN_POINT('',(-13.9145239746028,8.52018862357819E-16,14.4569748523523));
#11332=CARTESIAN_POINT('',(-4.60994511071945,4.36601372553398E-16,13.7894191624432));
#11333=AXIS2_PLACEMENT_3D('',#11334,#11335,#11336);
#11334=CARTESIAN_POINT('',(-4.60994511071945,2.82277726204378E-16,14.2894191624432));
#11335=DIRECTION('',(6.12323399573676E-17,1.,0.));
#11336=DIRECTION('',(6.12323399573677E-17,-3.74939945665464E-33,-1.));
#11337=CARTESIAN_POINT('',(-6.10994511071945,5.42539424614089E-16,13.7894191624432));
#11338=AXIS2_PLACEMENT_3D('',#11339,#11340,#11341);
#11339=CARTESIAN_POINT('',(-6.10994511071945,3.7412623614043E-16,14.2894191624432));
#11340=DIRECTION('',(6.12323399573676E-17,1.,0.));
#11341=DIRECTION('',(6.12323399573677E-17,-3.74939945665464E-33,-1.));
#11342=CARTESIAN_POINT('',(-7.60994511071945,6.4847747667478E-16,13.7894191624432));
#11343=AXIS2_PLACEMENT_3D('',#11344,#11345,#11346);
#11344=CARTESIAN_POINT('',(-7.60994511071945,4.65974746076481E-16,14.2894191624432));
#11345=DIRECTION('',(6.12323399573676E-17,1.,0.));
#11346=DIRECTION('',(6.12323399573677E-17,-3.74939945665464E-33,-1.));
#11347=CARTESIAN_POINT('',(-10.1469692575421,7.21870616731861E-16,14.1005981906878));
#11348=CARTESIAN_POINT('',(-10.2700584371152,7.30178441971625E-16,13.922708037185));
#11349=AXIS2_PLACEMENT_3D('',#11350,#11351,#11352);
#11350=CARTESIAN_POINT('',(-10.6099451107195,6.49671765948584E-16,14.2894191624432));
#11351=DIRECTION('',(6.12323399573676E-17,1.,0.));
#11352=DIRECTION('',(0.925951706354765,-5.66981896676196E-17,-0.377641943510913));
#11353=CARTESIAN_POINT('',(-10.2230524956485,7.22006845002121E-16,13.9888869009769));
#11354=CARTESIAN_POINT('',(-10.2230524956485,6.25981425815563E-16,13.9888869009769));
#11355=CARTESIAN_POINT('',(-10.246471605149,6.27415432689997E-16,13.9553780698643));
#11356=CARTESIAN_POINT('',(-10.2700584358068,6.28859709523355E-16,13.922708038782));
#11357=CARTESIAN_POINT('',(-10.1469692575421,6.21322671114775E-16,14.1005981906878));
#11358=CARTESIAN_POINT('',(-10.1844252382162,6.23616188456852E-16,14.0441560511054));
#11359=CARTESIAN_POINT('',(-10.2230524956485,6.25981425815563E-16,13.9888869009769));
#11360=CARTESIAN_POINT('',(-3.10994511071945,3.30663320492708E-16,11.1913429510899));
#11361=AXIS2_PLACEMENT_3D('',#11362,#11363,#11364);
#11362=CARTESIAN_POINT('',(-3.10994511071945,1.90429216268327E-16,11.6913429510899));
#11363=DIRECTION('',(6.12323399573676E-17,1.,0.));
#11364=DIRECTION('',(6.12323399573677E-17,-3.74939945665464E-33,-1.));
#11365=CARTESIAN_POINT('',(-16.6099451107195,1.28410578903892E-15,11.1913429510899));
#11366=AXIS2_PLACEMENT_3D('',#11367,#11368,#11369);
#11367=CARTESIAN_POINT('',(-16.6099451107195,1.01706580569279E-15,11.6913429510899));
#11368=DIRECTION('',(6.12323399573676E-17,1.,0.));
#11369=DIRECTION('',(6.12323399573677E-17,-3.74939945665464E-33,-1.));
#11370=CARTESIAN_POINT('',(-15.1099451107195,1.17816773697823E-15,11.1913429510899));
#11371=AXIS2_PLACEMENT_3D('',#11372,#11373,#11374);
#11372=CARTESIAN_POINT('',(-15.1099451107195,9.25217295756739E-16,11.6913429510899));
#11373=DIRECTION('',(6.12323399573676E-17,1.,0.));
#11374=DIRECTION('',(6.12323399573677E-17,-3.74939945665464E-33,-1.));
#11375=CARTESIAN_POINT('',(-13.6099451107195,1.07222968491754E-15,11.1913429510899));
#11376=AXIS2_PLACEMENT_3D('',#11377,#11378,#11379);
#11377=CARTESIAN_POINT('',(-13.6099451107195,8.33368785820687E-16,11.6913429510899));
#11378=DIRECTION('',(6.12323399573676E-17,1.,0.));
#11379=DIRECTION('',(6.12323399573677E-17,-3.74939945665464E-33,-1.));
#11380=CARTESIAN_POINT('',(-4.60994511071945,4.36601372553398E-16,11.1913429510899));
#11381=AXIS2_PLACEMENT_3D('',#11382,#11383,#11384);
#11382=CARTESIAN_POINT('',(-4.60994511071945,2.82277726204378E-16,11.6913429510899));
#11383=DIRECTION('',(6.12323399573676E-17,1.,0.));
#11384=DIRECTION('',(6.12323399573677E-17,-3.74939945665464E-33,-1.));
#11385=CARTESIAN_POINT('',(-6.10994511071945,5.42539424614089E-16,11.1913429510899));
#11386=AXIS2_PLACEMENT_3D('',#11387,#11388,#11389);
#11387=CARTESIAN_POINT('',(-6.10994511071945,3.7412623614043E-16,11.6913429510899));
#11388=DIRECTION('',(6.12323399573676E-17,1.,0.));
#11389=DIRECTION('',(6.12323399573677E-17,-3.74939945665464E-33,-1.));
#11390=CARTESIAN_POINT('',(-7.60994511071945,6.4847747667478E-16,11.1913429510899));
#11391=AXIS2_PLACEMENT_3D('',#11392,#11393,#11394);
#11392=CARTESIAN_POINT('',(-7.60994511071945,4.65974746076481E-16,11.6913429510899));
#11393=DIRECTION('',(6.12323399573676E-17,1.,0.));
#11394=DIRECTION('',(6.12323399573677E-17,-3.74939945665464E-33,-1.));
#11395=CARTESIAN_POINT('',(-12.1099451107195,9.66291632856852E-16,11.1913429510899));
#11396=AXIS2_PLACEMENT_3D('',#11397,#11398,#11399);
#11397=CARTESIAN_POINT('',(-12.1099451107195,7.41520275884636E-16,11.6913429510899));
#11398=DIRECTION('',(6.12323399573676E-17,1.,0.));
#11399=DIRECTION('',(6.12323399573677E-17,-3.74939945665464E-33,-1.));
#11400=CARTESIAN_POINT('',(-10.878470739575,7.8974655721181E-16,11.2695681454794));
#11401=CARTESIAN_POINT('',(-10.2493248707119,7.47282760277085E-16,12.0376853286542));
#11402=AXIS2_PLACEMENT_3D('',#11403,#11404,#11405);
#11403=CARTESIAN_POINT('',(-10.6099451107195,6.49671765948584E-16,11.6913429510899));
#11404=DIRECTION('',(6.12323399573676E-17,1.,0.));
#11405=DIRECTION('',(-0.537051257711045,3.28849051866945E-17,-0.843549611220932));
#11406=CARTESIAN_POINT('',(-10.878470739575,7.17205109120897E-16,11.2695681454794));
#11407=VECTOR('',#11408,1.);
#11408=DIRECTION('',(0.633651777799452,-4.17759355446924E-17,0.773618397203423));
#11409=CARTESIAN_POINT('',(-3.10994511071945,3.30663320492708E-16,8.5932667397366));
#11410=AXIS2_PLACEMENT_3D('',#11411,#11412,#11413);
#11411=CARTESIAN_POINT('',(-3.10994511071945,1.90429216268327E-16,9.0932667397366));
#11412=DIRECTION('',(6.12323399573676E-17,1.,0.));
#11413=DIRECTION('',(6.12323399573677E-17,-3.74939945665464E-33,-1.));
#11414=CARTESIAN_POINT('',(-16.6099451107195,1.28410578903892E-15,8.59326673973659));
#11415=AXIS2_PLACEMENT_3D('',#11416,#11417,#11418);
#11416=CARTESIAN_POINT('',(-16.6099451107195,1.01706580569279E-15,9.09326673973659));
#11417=DIRECTION('',(6.12323399573676E-17,1.,0.));
#11418=DIRECTION('',(6.12323399573677E-17,-3.74939945665464E-33,-1.));
#11419=CARTESIAN_POINT('',(-15.0907181723221,1.07404949628415E-15,8.59363655165758));
#11420=CARTESIAN_POINT('',(-14.9209941100506,1.06259407954867E-15,9.55618954036995));
#11421=AXIS2_PLACEMENT_3D('',#11422,#11423,#11424);
#11422=CARTESIAN_POINT('',(-15.1099451107195,9.25217295756739E-16,9.09326673973659));
#11423=DIRECTION('',(6.12323399573676E-17,1.,0.));
#11424=DIRECTION('',(0.0384538767946231,-2.35462085656709E-18,-0.999260376158018));
#11425=CARTESIAN_POINT('',(-15.0907181723221,9.94913755121786E-16,8.59363655165758));
#11426=VECTOR('',#11427,1.);
#11427=DIRECTION('',(0.17364817766693,-1.14484253525805E-17,0.984807753012208));
#11428=CARTESIAN_POINT('',(-4.60994511071945,4.36601372553398E-16,8.5932667397366));
#11429=AXIS2_PLACEMENT_3D('',#11430,#11431,#11432);
#11430=CARTESIAN_POINT('',(-4.60994511071945,2.82277726204378E-16,9.0932667397366));
#11431=DIRECTION('',(6.12323399573676E-17,1.,0.));
#11432=DIRECTION('',(6.12323399573677E-17,-3.74939945665464E-33,-1.));
#11433=CARTESIAN_POINT('',(-6.10994511071945,5.42539424614089E-16,8.5932667397366));
#11434=AXIS2_PLACEMENT_3D('',#11435,#11436,#11437);
#11435=CARTESIAN_POINT('',(-6.10994511071945,3.7412623614043E-16,9.0932667397366));
#11436=DIRECTION('',(6.12323399573676E-17,1.,0.));
#11437=DIRECTION('',(6.12323399573677E-17,-3.74939945665464E-33,-1.));
#11438=CARTESIAN_POINT('',(-10.4009004171397,7.57513254574713E-16,9.54746968566071));
#11439=CARTESIAN_POINT('',(-10.568853911412,7.68849167958592E-16,8.59495808705286));
#11440=AXIS2_PLACEMENT_3D('',#11441,#11442,#11443);
#11441=CARTESIAN_POINT('',(-10.6099451107195,6.49671765948584E-16,9.09326673973659));
#11442=DIRECTION('',(6.12323399573676E-17,1.,0.));
#11443=DIRECTION('',(0.418089387159509,-2.56005914871186E-17,0.908405891848235));
#11444=CARTESIAN_POINT('',(-10.4009004171397,6.85719445058847E-16,9.54746968566072));
#11445=VECTOR('',#11446,1.);
#11446=DIRECTION('',(-0.173648177666931,1.14484253525806E-17,-0.984807753012208));
#11447=CARTESIAN_POINT('',(-3.10994511071945,3.30663320492708E-16,5.99519052838328));
#11448=AXIS2_PLACEMENT_3D('',#11449,#11450,#11451);
#11449=CARTESIAN_POINT('',(-3.10994511071945,1.90429216268327E-16,6.49519052838328));
#11450=DIRECTION('',(6.12323399573676E-17,1.,0.));
#11451=DIRECTION('',(6.12323399573677E-17,-3.74939945665464E-33,-1.));
#11452=CARTESIAN_POINT('',(-16.6099451107195,1.28410578903892E-15,5.99519052838328));
#11453=AXIS2_PLACEMENT_3D('',#11454,#11455,#11456);
#11454=CARTESIAN_POINT('',(-16.6099451107195,1.01706580569279E-15,6.49519052838328));
#11455=DIRECTION('',(6.12323399573676E-17,1.,0.));
#11456=DIRECTION('',(6.12323399573677E-17,-3.74939945665464E-33,-1.));
#11457=CARTESIAN_POINT('',(-14.6104895987244,1.04163677668964E-15,6.47186261510845));
#11458=CARTESIAN_POINT('',(-14.6326318354451,1.04313125275683E-15,6.34628775054864));
#11459=AXIS2_PLACEMENT_3D('',#11460,#11461,#11462);
#11460=CARTESIAN_POINT('',(-15.1099451107194,9.25217295756739E-16,6.49519052838328));
#11461=DIRECTION('',(6.12323399573676E-17,1.,0.));
#11462=DIRECTION('',(0.998911023990109,-6.11656594081246E-17,-0.0466558265496585));
#11463=CARTESIAN_POINT('',(-14.6104895987244,9.63252835606953E-16,6.47186261510845));
#11464=VECTOR('',#11465,1.);
#11465=DIRECTION('',(-0.173648177666919,1.14484253525804E-17,-0.98480775301221));
#11466=CARTESIAN_POINT('',(-15.512921767558,1.10254585717675E-15,6.19920097781907));
#11467=CARTESIAN_POINT('',(-15.3873849129928,1.09407282768723E-15,6.91115585880704));
#11468=AXIS2_PLACEMENT_3D('',#11469,#11470,#11471);
#11469=CARTESIAN_POINT('',(-15.1099451107194,9.25217295756739E-16,6.49519052838328));
#11470=DIRECTION('',(6.12323399573676E-17,1.,0.));
#11471=DIRECTION('',(-0.805953313677153,4.93504072928464E-17,-0.591979101128424));
#11472=CARTESIAN_POINT('',(-15.512921767558,1.02274915430991E-15,6.19920097781906));
#11473=VECTOR('',#11474,1.);
#11474=DIRECTION('',(0.173648177666929,-1.14484253525807E-17,0.984807753012208));
#11475=CARTESIAN_POINT('',(-13.990968504041,9.99822597715605E-16,6.17142954595688));
#11476=CARTESIAN_POINT('',(-13.6919175953842,9.79638348423312E-16,6.98842527143966));
#11477=AXIS2_PLACEMENT_3D('',#11478,#11479,#11480);
#11478=CARTESIAN_POINT('',(-13.6099451107194,8.33368785820687E-16,6.49519052838328));
#11479=DIRECTION('',(6.12323399573676E-17,1.,0.));
#11480=DIRECTION('',(-0.762046786643164,4.66619079031538E-17,-0.647521964852798));
#11481=CARTESIAN_POINT('',(-13.7655939377063,9.72200138146038E-16,6.57058597069252));
#11482=CARTESIAN_POINT('',(-13.7655939377063,9.07549832927374E-16,6.57058597069252));
#11483=VECTOR('',#11484,1.);
#11484=DIRECTION('',(0.173648177666926,-1.14484253525801E-17,0.984807753012209));
#11485=CARTESIAN_POINT('',(-13.990968504041,9.22408519806326E-16,6.17142954595688));
#11486=VECTOR('',#11487,1.);
#11487=DIRECTION('',(0.491667698025862,-3.24150878791295E-17,0.870782909063993));
#11488=CARTESIAN_POINT('',(-4.60994511071945,4.36601372553398E-16,5.99519052838328));
#11489=AXIS2_PLACEMENT_3D('',#11490,#11491,#11492);
#11490=CARTESIAN_POINT('',(-4.60994511071945,2.82277726204378E-16,6.49519052838328));
#11491=DIRECTION('',(6.12323399573676E-17,1.,0.));
#11492=DIRECTION('',(6.12323399573677E-17,-3.74939945665464E-33,-1.));
#11493=CARTESIAN_POINT('',(-6.10994511071945,5.42539424614089E-16,5.99519052838328));
#11494=AXIS2_PLACEMENT_3D('',#11495,#11496,#11497);
#11495=CARTESIAN_POINT('',(-6.10994511071945,3.7412623614043E-16,6.49519052838328));
#11496=DIRECTION('',(6.12323399573676E-17,1.,0.));
#11497=DIRECTION('',(6.12323399573677E-17,-3.74939945665464E-33,-1.));
#11498=CARTESIAN_POINT('',(-7.60994511071945,6.4847747667478E-16,5.99519052838328));
#11499=AXIS2_PLACEMENT_3D('',#11500,#11501,#11502);
#11500=CARTESIAN_POINT('',(-7.60994511071945,4.65974746076481E-16,6.49519052838328));
#11501=DIRECTION('',(6.12323399573676E-17,1.,0.));
#11502=DIRECTION('',(6.12323399573677E-17,-3.74939945665464E-33,-1.));
#11503=CARTESIAN_POINT('',(-12.0254280637212,8.67159706237735E-16,6.00238542617076));
#11504=CARTESIAN_POINT('',(-11.8619757936342,8.56127600093518E-16,6.92936931389024));
#11505=AXIS2_PLACEMENT_3D('',#11506,#11507,#11508);
#11506=CARTESIAN_POINT('',(-12.1099451107194,7.41520275884636E-16,6.49519052838328));
#11507=DIRECTION('',(6.12323399573676E-17,1.,0.));
#11508=DIRECTION('',(0.169034093996483,-1.03503531079783E-17,-0.98561020442505));
#11509=CARTESIAN_POINT('',(-12.0254280637212,7.9282269108752E-16,6.00238542617076));
#11510=VECTOR('',#11511,1.);
#11511=DIRECTION('',(0.173648177666931,-1.14484253525806E-17,0.984807753012208));
#11512=CARTESIAN_POINT('',(-10.8630683784162,7.88706984723249E-16,6.92638492926359));
#11513=CARTESIAN_POINT('',(-10.9952803483136,7.97630546841219E-16,6.17657358804855));
#11514=CARTESIAN_POINT('',(-10.8630683784162,7.16189649100821E-16,6.9263849292636));
#11515=VECTOR('',#11516,1.);
#11516=DIRECTION('',(-0.173648177666929,1.14484253525805E-17,-0.984807753012208));
#11517=AXIS2_PLACEMENT_3D('',#11518,#11519,#11520);
#11518=CARTESIAN_POINT('',(-10.6099451107194,6.49671765948584E-16,6.49519052838328));
#11519=DIRECTION('',(6.12323399573676E-17,1.,0.));
#11520=DIRECTION('',(-0.506246535393466,3.09986599574523E-17,0.862388801760617));
#11521=CARTESIAN_POINT('',(-3.10994511071945,3.30663320492708E-16,3.39711431702997));
#11522=AXIS2_PLACEMENT_3D('',#11523,#11524,#11525);
#11523=CARTESIAN_POINT('',(-3.10994511071945,1.90429216268327E-16,3.89711431702997));
#11524=DIRECTION('',(6.12323399573676E-17,1.,0.));
#11525=DIRECTION('',(6.12323399573677E-17,-3.74939945665464E-33,-1.));
#11526=CARTESIAN_POINT('',(-16.6099451107195,1.28410578903892E-15,3.39711431702997));
#11527=AXIS2_PLACEMENT_3D('',#11528,#11529,#11530);
#11528=CARTESIAN_POINT('',(-16.6099451107195,1.01706580569279E-15,3.89711431702997));
#11529=DIRECTION('',(6.12323399573676E-17,1.,0.));
#11530=DIRECTION('',(6.12323399573677E-17,-3.74939945665464E-33,-1.));
#11531=CARTESIAN_POINT('',(-14.8787994553615,1.05974617839073E-15,3.45375026119196));
#11532=CARTESIAN_POINT('',(-15.1965009892556,1.08118923967238E-15,3.40466322312232));
#11533=CARTESIAN_POINT('',(-14.8787994553615,9.80942196971648E-16,3.45375026119196));
#11534=VECTOR('',#11535,1.);
#11535=DIRECTION('',(-0.988273372671832,6.51557308978956E-17,-0.152694927446338));
#11536=AXIS2_PLACEMENT_3D('',#11537,#11538,#11539);
#11537=CARTESIAN_POINT('',(-15.1099451107194,9.25217295756739E-16,3.89711431702997));
#11538=DIRECTION('',(6.12323399573676E-17,1.,0.));
#11539=DIRECTION('',(0.462291310715972,-2.83071786970975E-17,-0.886728111676013));
#11540=CARTESIAN_POINT('',(-4.60994511071945,4.36601372553398E-16,3.39711431702997));
#11541=AXIS2_PLACEMENT_3D('',#11542,#11543,#11544);
#11542=CARTESIAN_POINT('',(-4.60994511071945,2.82277726204378E-16,3.89711431702997));
#11543=DIRECTION('',(6.12323399573676E-17,1.,0.));
#11544=DIRECTION('',(6.12323399573677E-17,-3.74939945665464E-33,-1.));
#11545=CARTESIAN_POINT('',(-7.60994511071945,6.4847747667478E-16,3.39711431702997));
#11546=AXIS2_PLACEMENT_3D('',#11547,#11548,#11549);
#11547=CARTESIAN_POINT('',(-7.60994511071945,4.65974746076481E-16,3.89711431702997));
#11548=DIRECTION('',(6.12323399573676E-17,1.,0.));
#11549=DIRECTION('',(6.12323399573677E-17,-3.74939945665464E-33,-1.));
#11550=CARTESIAN_POINT('',(-11.6136221260682,8.39365128575465E-16,3.8365875055586));
#11551=CARTESIAN_POINT('',(-12.5648555861942,9.03568020921086E-16,3.68961381268529));
#11552=CARTESIAN_POINT('',(-11.6136221260682,7.65672797548109E-16,3.8365875055586));
#11553=VECTOR('',#11554,1.);
#11554=DIRECTION('',(-0.988273108855488,6.51557135047863E-17,-0.152696634910884));
#11555=AXIS2_PLACEMENT_3D('',#11556,#11557,#11558);
#11556=CARTESIAN_POINT('',(-12.1099451107194,7.41520275884636E-16,3.89711431702997));
#11557=DIRECTION('',(6.12323399573676E-17,1.,0.));
#11558=DIRECTION('',(0.992645969302469,-6.07820354496395E-17,-0.121053622942732));
#11559=CARTESIAN_POINT('',(-10.6099451107194,8.60353580796161E-16,3.39711431702997));
#11560=AXIS2_PLACEMENT_3D('',#11561,#11562,#11563);
#11561=CARTESIAN_POINT('',(-10.6099451107194,6.49671765948584E-16,3.89711431702997));
#11562=DIRECTION('',(6.12323399573676E-17,1.,0.));
#11563=DIRECTION('',(6.12323399573677E-17,-3.74939945665464E-33,-1.));
#11564=CARTESIAN_POINT('',(-3.10994511071945,3.30663320492707E-16,-22.5836477965032));
#11565=AXIS2_PLACEMENT_3D('',#11566,#11567,#11568);
#11566=CARTESIAN_POINT('',(-3.10994511071945,1.90429216268327E-16,-22.0836477965032));
#11567=DIRECTION('',(6.12323399573676E-17,1.,0.));
#11568=DIRECTION('',(6.12323399573677E-17,-3.74939945665464E-33,-1.));
#11569=CARTESIAN_POINT('',(-16.6099451107194,1.28410578903892E-15,-22.5836477965032));
#11570=AXIS2_PLACEMENT_3D('',#11571,#11572,#11573);
#11571=CARTESIAN_POINT('',(-16.6099451107194,1.01706580569279E-15,-22.0836477965032));
#11572=DIRECTION('',(6.12323399573676E-17,1.,0.));
#11573=DIRECTION('',(6.12323399573677E-17,-3.74939945665464E-33,-1.));
#11574=CARTESIAN_POINT('',(-15.1099451107194,1.17816773697823E-15,-22.5836477965032));
#11575=AXIS2_PLACEMENT_3D('',#11576,#11577,#11578);
#11576=CARTESIAN_POINT('',(-15.1099451107194,9.25217295756738E-16,-22.0836477965032));
#11577=DIRECTION('',(6.12323399573676E-17,1.,0.));
#11578=DIRECTION('',(6.12323399573677E-17,-3.74939945665464E-33,-1.));
#11579=CARTESIAN_POINT('',(-13.6099451107194,1.07222968491754E-15,-22.5836477965032));
#11580=AXIS2_PLACEMENT_3D('',#11581,#11582,#11583);
#11581=CARTESIAN_POINT('',(-13.6099451107194,8.33368785820687E-16,-22.0836477965032));
#11582=DIRECTION('',(6.12323399573676E-17,1.,0.));
#11583=DIRECTION('',(6.12323399573677E-17,-3.74939945665464E-33,-1.));
#11584=CARTESIAN_POINT('',(-4.60994511071944,4.36601372553398E-16,-22.5836477965032));
#11585=AXIS2_PLACEMENT_3D('',#11586,#11587,#11588);
#11586=CARTESIAN_POINT('',(-4.60994511071944,2.82277726204378E-16,-22.0836477965032));
#11587=DIRECTION('',(6.12323399573676E-17,1.,0.));
#11588=DIRECTION('',(6.12323399573677E-17,-3.74939945665464E-33,-1.));
#11589=CARTESIAN_POINT('',(-6.10994511071944,5.42539424614089E-16,-22.5836477965032));
#11590=AXIS2_PLACEMENT_3D('',#11591,#11592,#11593);
#11591=CARTESIAN_POINT('',(-6.10994511071944,3.74126236140429E-16,-22.0836477965032));
#11592=DIRECTION('',(6.12323399573676E-17,1.,0.));
#11593=DIRECTION('',(6.12323399573677E-17,-3.74939945665464E-33,-1.));
#11594=CARTESIAN_POINT('',(-7.60994511071944,6.48477476674779E-16,-22.5836477965032));
#11595=AXIS2_PLACEMENT_3D('',#11596,#11597,#11598);
#11596=CARTESIAN_POINT('',(-7.60994511071944,4.65974746076481E-16,-22.0836477965032));
#11597=DIRECTION('',(6.12323399573676E-17,1.,0.));
#11598=DIRECTION('',(6.12323399573677E-17,-3.74939945665464E-33,-1.));
#11599=CARTESIAN_POINT('',(-12.1099451107194,9.66291632856851E-16,-22.5836477965032));
#11600=AXIS2_PLACEMENT_3D('',#11601,#11602,#11603);
#11601=CARTESIAN_POINT('',(-12.1099451107194,7.41520275884635E-16,-22.0836477965032));
#11602=DIRECTION('',(6.12323399573676E-17,1.,0.));
#11603=DIRECTION('',(6.12323399573677E-17,-3.74939945665464E-33,-1.));
#11604=CARTESIAN_POINT('',(-10.6099451107194,8.60353580796161E-16,-22.5836477965032));
#11605=AXIS2_PLACEMENT_3D('',#11606,#11607,#11608);
#11606=CARTESIAN_POINT('',(-10.6099451107194,6.49671765948584E-16,-22.0836477965032));
#11607=DIRECTION('',(6.12323399573676E-17,1.,0.));
#11608=DIRECTION('',(6.12323399573677E-17,-3.74939945665464E-33,-1.));
#11609=CARTESIAN_POINT('',(-3.10994511071945,3.30663320492707E-16,-19.9855715851499));
#11610=AXIS2_PLACEMENT_3D('',#11611,#11612,#11613);
#11611=CARTESIAN_POINT('',(-3.10994511071945,1.90429216268327E-16,-19.4855715851499));
#11612=DIRECTION('',(6.12323399573676E-17,1.,0.));
#11613=DIRECTION('',(6.12323399573677E-17,-3.74939945665464E-33,-1.));
#11614=CARTESIAN_POINT('',(-16.6099451107194,1.28410578903892E-15,-19.9855715851499));
#11615=AXIS2_PLACEMENT_3D('',#11616,#11617,#11618);
#11616=CARTESIAN_POINT('',(-16.6099451107194,1.01706580569279E-15,-19.4855715851499));
#11617=DIRECTION('',(6.12323399573676E-17,1.,0.));
#11618=DIRECTION('',(6.12323399573677E-17,-3.74939945665464E-33,-1.));
#11619=CARTESIAN_POINT('',(-15.1099451107194,1.17816773697823E-15,-19.9855715851499));
#11620=AXIS2_PLACEMENT_3D('',#11621,#11622,#11623);
#11621=CARTESIAN_POINT('',(-15.1099451107194,9.25217295756739E-16,-19.4855715851499));
#11622=DIRECTION('',(6.12323399573676E-17,1.,0.));
#11623=DIRECTION('',(6.12323399573677E-17,-3.74939945665464E-33,-1.));
#11624=CARTESIAN_POINT('',(-13.6099451107194,1.07222968491754E-15,-19.9855715851499));
#11625=AXIS2_PLACEMENT_3D('',#11626,#11627,#11628);
#11626=CARTESIAN_POINT('',(-13.6099451107194,8.33368785820687E-16,-19.4855715851499));
#11627=DIRECTION('',(6.12323399573676E-17,1.,0.));
#11628=DIRECTION('',(6.12323399573677E-17,-3.74939945665464E-33,-1.));
#11629=CARTESIAN_POINT('',(-4.60994511071945,4.36601372553398E-16,-19.9855715851499));
#11630=AXIS2_PLACEMENT_3D('',#11631,#11632,#11633);
#11631=CARTESIAN_POINT('',(-4.60994511071945,2.82277726204378E-16,-19.4855715851499));
#11632=DIRECTION('',(6.12323399573676E-17,1.,0.));
#11633=DIRECTION('',(6.12323399573677E-17,-3.74939945665464E-33,-1.));
#11634=CARTESIAN_POINT('',(-6.10994511071945,5.42539424614089E-16,-19.9855715851499));
#11635=AXIS2_PLACEMENT_3D('',#11636,#11637,#11638);
#11636=CARTESIAN_POINT('',(-6.10994511071945,3.7412623614043E-16,-19.4855715851499));
#11637=DIRECTION('',(6.12323399573676E-17,1.,0.));
#11638=DIRECTION('',(6.12323399573677E-17,-3.74939945665464E-33,-1.));
#11639=CARTESIAN_POINT('',(-9.10994511071945,7.5441552873547E-16,-19.9855715851499));
#11640=AXIS2_PLACEMENT_3D('',#11641,#11642,#11643);
#11641=CARTESIAN_POINT('',(-9.10994511071945,5.57823256012533E-16,-19.4855715851499));
#11642=DIRECTION('',(6.12323399573676E-17,1.,0.));
#11643=DIRECTION('',(6.12323399573677E-17,-3.74939945665464E-33,-1.));
#11644=CARTESIAN_POINT('',(-12.1099451107194,9.66291632856852E-16,-19.9855715851499));
#11645=AXIS2_PLACEMENT_3D('',#11646,#11647,#11648);
#11646=CARTESIAN_POINT('',(-12.1099451107194,7.41520275884635E-16,-19.4855715851499));
#11647=DIRECTION('',(6.12323399573676E-17,1.,0.));
#11648=DIRECTION('',(6.12323399573677E-17,-3.74939945665464E-33,-1.));
#11649=CARTESIAN_POINT('',(-10.6099451107194,8.60353580796161E-16,-19.9855715851499));
#11650=AXIS2_PLACEMENT_3D('',#11651,#11652,#11653);
#11651=CARTESIAN_POINT('',(-10.6099451107194,6.49671765948584E-16,-19.4855715851499));
#11652=DIRECTION('',(6.12323399573676E-17,1.,0.));
#11653=DIRECTION('',(6.12323399573677E-17,-3.74939945665464E-33,-1.));
#11654=CARTESIAN_POINT('',(-3.10994511071945,3.30663320492707E-16,-17.3874953737965));
#11655=AXIS2_PLACEMENT_3D('',#11656,#11657,#11658);
#11656=CARTESIAN_POINT('',(-3.10994511071945,1.90429216268327E-16,-16.8874953737965));
#11657=DIRECTION('',(6.12323399573676E-17,1.,0.));
#11658=DIRECTION('',(6.12323399573677E-17,-3.74939945665464E-33,-1.));
#11659=CARTESIAN_POINT('',(-16.6099451107194,1.28410578903892E-15,-17.3874953737965));
#11660=AXIS2_PLACEMENT_3D('',#11661,#11662,#11663);
#11661=CARTESIAN_POINT('',(-16.6099451107194,1.01706580569279E-15,-16.8874953737965));
#11662=DIRECTION('',(6.12323399573676E-17,1.,0.));
#11663=DIRECTION('',(6.12323399573677E-17,-3.74939945665464E-33,-1.));
#11664=CARTESIAN_POINT('',(-15.1099451107194,1.17816773697823E-15,-17.3874953737965));
#11665=AXIS2_PLACEMENT_3D('',#11666,#11667,#11668);
#11666=CARTESIAN_POINT('',(-15.1099451107194,9.25217295756739E-16,-16.8874953737965));
#11667=DIRECTION('',(6.12323399573676E-17,1.,0.));
#11668=DIRECTION('',(6.12323399573677E-17,-3.74939945665464E-33,-1.));
#11669=CARTESIAN_POINT('',(-13.6099451107194,1.07222968491754E-15,-17.3874953737965));
#11670=AXIS2_PLACEMENT_3D('',#11671,#11672,#11673);
#11671=CARTESIAN_POINT('',(-13.6099451107194,8.33368785820687E-16,-16.8874953737965));
#11672=DIRECTION('',(6.12323399573676E-17,1.,0.));
#11673=DIRECTION('',(6.12323399573677E-17,-3.74939945665464E-33,-1.));
#11674=CARTESIAN_POINT('',(-4.60994511071945,4.36601372553398E-16,-17.3874953737965));
#11675=AXIS2_PLACEMENT_3D('',#11676,#11677,#11678);
#11676=CARTESIAN_POINT('',(-4.60994511071945,2.82277726204378E-16,-16.8874953737965));
#11677=DIRECTION('',(6.12323399573676E-17,1.,0.));
#11678=DIRECTION('',(6.12323399573677E-17,-3.74939945665464E-33,-1.));
#11679=CARTESIAN_POINT('',(-6.10994511071945,5.42539424614089E-16,-17.3874953737965));
#11680=AXIS2_PLACEMENT_3D('',#11681,#11682,#11683);
#11681=CARTESIAN_POINT('',(-6.10994511071945,3.7412623614043E-16,-16.8874953737965));
#11682=DIRECTION('',(6.12323399573676E-17,1.,0.));
#11683=DIRECTION('',(6.12323399573677E-17,-3.74939945665464E-33,-1.));
#11684=CARTESIAN_POINT('',(-7.60994511071945,6.48477476674779E-16,-17.3874953737965));
#11685=AXIS2_PLACEMENT_3D('',#11686,#11687,#11688);
#11686=CARTESIAN_POINT('',(-7.60994511071945,4.65974746076481E-16,-16.8874953737965));
#11687=DIRECTION('',(6.12323399573676E-17,1.,0.));
#11688=DIRECTION('',(6.12323399573677E-17,-3.74939945665464E-33,-1.));
#11689=CARTESIAN_POINT('',(-9.10994511071945,7.5441552873547E-16,-17.3874953737965));
#11690=AXIS2_PLACEMENT_3D('',#11691,#11692,#11693);
#11691=CARTESIAN_POINT('',(-9.10994511071945,5.57823256012533E-16,-16.8874953737965));
#11692=DIRECTION('',(6.12323399573676E-17,1.,0.));
#11693=DIRECTION('',(6.12323399573677E-17,-3.74939945665464E-33,-1.));
#11694=CARTESIAN_POINT('',(-12.1099451107194,9.66291632856852E-16,-17.3874953737965));
#11695=AXIS2_PLACEMENT_3D('',#11696,#11697,#11698);
#11696=CARTESIAN_POINT('',(-12.1099451107194,7.41520275884635E-16,-16.8874953737965));
#11697=DIRECTION('',(6.12323399573676E-17,1.,0.));
#11698=DIRECTION('',(6.12323399573677E-17,-3.74939945665464E-33,-1.));
#11699=CARTESIAN_POINT('',(-10.6099451107194,8.60353580796161E-16,-17.3874953737965));
#11700=AXIS2_PLACEMENT_3D('',#11701,#11702,#11703);
#11701=CARTESIAN_POINT('',(-10.6099451107194,6.49671765948584E-16,-16.8874953737965));
#11702=DIRECTION('',(6.12323399573676E-17,1.,0.));
#11703=DIRECTION('',(6.12323399573677E-17,-3.74939945665464E-33,-1.));
#11704=CARTESIAN_POINT('',(-3.10994511071945,3.30663320492707E-16,-14.7894191624432));
#11705=AXIS2_PLACEMENT_3D('',#11706,#11707,#11708);
#11706=CARTESIAN_POINT('',(-3.10994511071945,1.90429216268327E-16,-14.2894191624432));
#11707=DIRECTION('',(6.12323399573676E-17,1.,0.));
#11708=DIRECTION('',(6.12323399573677E-17,-3.74939945665464E-33,-1.));
#11709=CARTESIAN_POINT('',(-16.6099451107195,1.28410578903892E-15,-14.7894191624432));
#11710=AXIS2_PLACEMENT_3D('',#11711,#11712,#11713);
#11711=CARTESIAN_POINT('',(-16.6099451107195,1.01706580569279E-15,-14.2894191624432));
#11712=DIRECTION('',(6.12323399573676E-17,1.,0.));
#11713=DIRECTION('',(6.12323399573677E-17,-3.74939945665464E-33,-1.));
#11714=CARTESIAN_POINT('',(-15.1099451107194,1.17816773697823E-15,-14.7894191624432));
#11715=AXIS2_PLACEMENT_3D('',#11716,#11717,#11718);
#11716=CARTESIAN_POINT('',(-15.1099451107194,9.25217295756739E-16,-14.2894191624432));
#11717=DIRECTION('',(6.12323399573676E-17,1.,0.));
#11718=DIRECTION('',(6.12323399573677E-17,-3.74939945665464E-33,-1.));
#11719=CARTESIAN_POINT('',(-13.6099451107194,1.07222968491754E-15,-14.7894191624432));
#11720=AXIS2_PLACEMENT_3D('',#11721,#11722,#11723);
#11721=CARTESIAN_POINT('',(-13.6099451107194,8.33368785820687E-16,-14.2894191624432));
#11722=DIRECTION('',(6.12323399573676E-17,1.,0.));
#11723=DIRECTION('',(6.12323399573677E-17,-3.74939945665464E-33,-1.));
#11724=CARTESIAN_POINT('',(-4.60994511071945,4.36601372553398E-16,-14.7894191624432));
#11725=AXIS2_PLACEMENT_3D('',#11726,#11727,#11728);
#11726=CARTESIAN_POINT('',(-4.60994511071945,2.82277726204378E-16,-14.2894191624432));
#11727=DIRECTION('',(6.12323399573676E-17,1.,0.));
#11728=DIRECTION('',(6.12323399573677E-17,-3.74939945665464E-33,-1.));
#11729=CARTESIAN_POINT('',(-6.10994511071945,5.42539424614089E-16,-14.7894191624432));
#11730=AXIS2_PLACEMENT_3D('',#11731,#11732,#11733);
#11731=CARTESIAN_POINT('',(-6.10994511071945,3.7412623614043E-16,-14.2894191624432));
#11732=DIRECTION('',(6.12323399573676E-17,1.,0.));
#11733=DIRECTION('',(6.12323399573677E-17,-3.74939945665464E-33,-1.));
#11734=CARTESIAN_POINT('',(-7.60994511071945,6.48477476674779E-16,-14.7894191624432));
#11735=AXIS2_PLACEMENT_3D('',#11736,#11737,#11738);
#11736=CARTESIAN_POINT('',(-7.60994511071945,4.65974746076481E-16,-14.2894191624432));
#11737=DIRECTION('',(6.12323399573676E-17,1.,0.));
#11738=DIRECTION('',(6.12323399573677E-17,-3.74939945665464E-33,-1.));
#11739=CARTESIAN_POINT('',(-9.10994511071945,7.5441552873547E-16,-14.7894191624432));
#11740=AXIS2_PLACEMENT_3D('',#11741,#11742,#11743);
#11741=CARTESIAN_POINT('',(-9.10994511071945,5.57823256012533E-16,-14.2894191624432));
#11742=DIRECTION('',(6.12323399573676E-17,1.,0.));
#11743=DIRECTION('',(6.12323399573677E-17,-3.74939945665464E-33,-1.));
#11744=CARTESIAN_POINT('',(-12.1099451107194,9.66291632856852E-16,-14.7894191624432));
#11745=AXIS2_PLACEMENT_3D('',#11746,#11747,#11748);
#11746=CARTESIAN_POINT('',(-12.1099451107194,7.41520275884636E-16,-14.2894191624432));
#11747=DIRECTION('',(6.12323399573676E-17,1.,0.));
#11748=DIRECTION('',(6.12323399573677E-17,-3.74939945665464E-33,-1.));
#11749=CARTESIAN_POINT('',(-10.6099451107194,8.60353580796161E-16,-14.7894191624432));
#11750=AXIS2_PLACEMENT_3D('',#11751,#11752,#11753);
#11751=CARTESIAN_POINT('',(-10.6099451107194,6.49671765948584E-16,-14.2894191624432));
#11752=DIRECTION('',(6.12323399573676E-17,1.,0.));
#11753=DIRECTION('',(6.12323399573677E-17,-3.74939945665464E-33,-1.));
#11754=CARTESIAN_POINT('',(-3.10994511071945,3.30663320492707E-16,-12.1913429510899));
#11755=AXIS2_PLACEMENT_3D('',#11756,#11757,#11758);
#11756=CARTESIAN_POINT('',(-3.10994511071945,1.90429216268327E-16,-11.6913429510899));
#11757=DIRECTION('',(6.12323399573676E-17,1.,0.));
#11758=DIRECTION('',(6.12323399573677E-17,-3.74939945665464E-33,-1.));
#11759=CARTESIAN_POINT('',(-16.6099451107195,1.28410578903892E-15,-12.1913429510899));
#11760=AXIS2_PLACEMENT_3D('',#11761,#11762,#11763);
#11761=CARTESIAN_POINT('',(-16.6099451107195,1.01706580569279E-15,-11.6913429510899));
#11762=DIRECTION('',(6.12323399573676E-17,1.,0.));
#11763=DIRECTION('',(6.12323399573677E-17,-3.74939945665464E-33,-1.));
#11764=CARTESIAN_POINT('',(-15.1099451107194,1.17816773697823E-15,-12.1913429510899));
#11765=AXIS2_PLACEMENT_3D('',#11766,#11767,#11768);
#11766=CARTESIAN_POINT('',(-15.1099451107194,9.25217295756739E-16,-11.6913429510899));
#11767=DIRECTION('',(6.12323399573676E-17,1.,0.));
#11768=DIRECTION('',(6.12323399573677E-17,-3.74939945665464E-33,-1.));
#11769=CARTESIAN_POINT('',(-13.6099451107194,1.07222968491754E-15,-12.1913429510899));
#11770=AXIS2_PLACEMENT_3D('',#11771,#11772,#11773);
#11771=CARTESIAN_POINT('',(-13.6099451107194,8.33368785820687E-16,-11.6913429510899));
#11772=DIRECTION('',(6.12323399573676E-17,1.,0.));
#11773=DIRECTION('',(6.12323399573677E-17,-3.74939945665464E-33,-1.));
#11774=CARTESIAN_POINT('',(-4.60994511071945,4.36601372553398E-16,-12.1913429510899));
#11775=AXIS2_PLACEMENT_3D('',#11776,#11777,#11778);
#11776=CARTESIAN_POINT('',(-4.60994511071945,2.82277726204378E-16,-11.6913429510899));
#11777=DIRECTION('',(6.12323399573676E-17,1.,0.));
#11778=DIRECTION('',(6.12323399573677E-17,-3.74939945665464E-33,-1.));
#11779=CARTESIAN_POINT('',(-6.10994511071945,5.42539424614089E-16,-12.1913429510899));
#11780=AXIS2_PLACEMENT_3D('',#11781,#11782,#11783);
#11781=CARTESIAN_POINT('',(-6.10994511071945,3.7412623614043E-16,-11.6913429510899));
#11782=DIRECTION('',(6.12323399573676E-17,1.,0.));
#11783=DIRECTION('',(6.12323399573677E-17,-3.74939945665464E-33,-1.));
#11784=CARTESIAN_POINT('',(-7.60994511071945,6.48477476674779E-16,-12.1913429510899));
#11785=AXIS2_PLACEMENT_3D('',#11786,#11787,#11788);
#11786=CARTESIAN_POINT('',(-7.60994511071945,4.65974746076481E-16,-11.6913429510899));
#11787=DIRECTION('',(6.12323399573676E-17,1.,0.));
#11788=DIRECTION('',(6.12323399573677E-17,-3.74939945665464E-33,-1.));
#11789=CARTESIAN_POINT('',(-9.10994511071945,7.5441552873547E-16,-12.1913429510899));
#11790=AXIS2_PLACEMENT_3D('',#11791,#11792,#11793);
#11791=CARTESIAN_POINT('',(-9.10994511071945,5.57823256012533E-16,-11.6913429510899));
#11792=DIRECTION('',(6.12323399573676E-17,1.,0.));
#11793=DIRECTION('',(6.12323399573677E-17,-3.74939945665464E-33,-1.));
#11794=CARTESIAN_POINT('',(-12.1099451107194,9.66291632856852E-16,-12.1913429510899));
#11795=AXIS2_PLACEMENT_3D('',#11796,#11797,#11798);
#11796=CARTESIAN_POINT('',(-12.1099451107194,7.41520275884636E-16,-11.6913429510899));
#11797=DIRECTION('',(6.12323399573676E-17,1.,0.));
#11798=DIRECTION('',(6.12323399573677E-17,-3.74939945665464E-33,-1.));
#11799=CARTESIAN_POINT('',(-10.6099451107194,8.60353580796161E-16,-12.1913429510899));
#11800=AXIS2_PLACEMENT_3D('',#11801,#11802,#11803);
#11801=CARTESIAN_POINT('',(-10.6099451107194,6.49671765948584E-16,-11.6913429510899));
#11802=DIRECTION('',(6.12323399573676E-17,1.,0.));
#11803=DIRECTION('',(6.12323399573677E-17,-3.74939945665464E-33,-1.));
#11804=CARTESIAN_POINT('',(-3.10994511071945,3.30663320492707E-16,-9.5932667397366));
#11805=AXIS2_PLACEMENT_3D('',#11806,#11807,#11808);
#11806=CARTESIAN_POINT('',(-3.10994511071945,1.90429216268327E-16,-9.0932667397366));
#11807=DIRECTION('',(6.12323399573676E-17,1.,0.));
#11808=DIRECTION('',(6.12323399573677E-17,-3.74939945665464E-33,-1.));
#11809=CARTESIAN_POINT('',(-16.6099451107195,1.28410578903892E-15,-9.5932667397366));
#11810=AXIS2_PLACEMENT_3D('',#11811,#11812,#11813);
#11811=CARTESIAN_POINT('',(-16.6099451107195,1.01706580569279E-15,-9.0932667397366));
#11812=DIRECTION('',(6.12323399573676E-17,1.,0.));
#11813=DIRECTION('',(6.12323399573677E-17,-3.74939945665464E-33,-1.));
#11814=CARTESIAN_POINT('',(-15.1099451107194,1.17816773697823E-15,-9.5932667397366));
#11815=AXIS2_PLACEMENT_3D('',#11816,#11817,#11818);
#11816=CARTESIAN_POINT('',(-15.1099451107194,9.25217295756739E-16,-9.0932667397366));
#11817=DIRECTION('',(6.12323399573676E-17,1.,0.));
#11818=DIRECTION('',(6.12323399573677E-17,-3.74939945665464E-33,-1.));
#11819=CARTESIAN_POINT('',(-13.6099451107194,1.07222968491754E-15,-9.5932667397366));
#11820=AXIS2_PLACEMENT_3D('',#11821,#11822,#11823);
#11821=CARTESIAN_POINT('',(-13.6099451107194,8.33368785820687E-16,-9.0932667397366));
#11822=DIRECTION('',(6.12323399573676E-17,1.,0.));
#11823=DIRECTION('',(6.12323399573677E-17,-3.74939945665464E-33,-1.));
#11824=CARTESIAN_POINT('',(-4.60994511071945,4.36601372553398E-16,-9.5932667397366));
#11825=AXIS2_PLACEMENT_3D('',#11826,#11827,#11828);
#11826=CARTESIAN_POINT('',(-4.60994511071945,2.82277726204378E-16,-9.0932667397366));
#11827=DIRECTION('',(6.12323399573676E-17,1.,0.));
#11828=DIRECTION('',(6.12323399573677E-17,-3.74939945665464E-33,-1.));
#11829=CARTESIAN_POINT('',(-6.10994511071945,5.42539424614089E-16,-9.5932667397366));
#11830=AXIS2_PLACEMENT_3D('',#11831,#11832,#11833);
#11831=CARTESIAN_POINT('',(-6.10994511071945,3.7412623614043E-16,-9.0932667397366));
#11832=DIRECTION('',(6.12323399573676E-17,1.,0.));
#11833=DIRECTION('',(6.12323399573677E-17,-3.74939945665464E-33,-1.));
#11834=CARTESIAN_POINT('',(-7.60994511071945,6.48477476674779E-16,-9.5932667397366));
#11835=AXIS2_PLACEMENT_3D('',#11836,#11837,#11838);
#11836=CARTESIAN_POINT('',(-7.60994511071945,4.65974746076481E-16,-9.0932667397366));
#11837=DIRECTION('',(6.12323399573676E-17,1.,0.));
#11838=DIRECTION('',(6.12323399573677E-17,-3.74939945665464E-33,-1.));
#11839=CARTESIAN_POINT('',(-9.10994511071945,7.5441552873547E-16,-9.5932667397366));
#11840=AXIS2_PLACEMENT_3D('',#11841,#11842,#11843);
#11841=CARTESIAN_POINT('',(-9.10994511071945,5.57823256012533E-16,-9.0932667397366));
#11842=DIRECTION('',(6.12323399573676E-17,1.,0.));
#11843=DIRECTION('',(6.12323399573677E-17,-3.74939945665464E-33,-1.));
#11844=CARTESIAN_POINT('',(-12.1099451107194,9.66291632856852E-16,-9.5932667397366));
#11845=AXIS2_PLACEMENT_3D('',#11846,#11847,#11848);
#11846=CARTESIAN_POINT('',(-12.1099451107194,7.41520275884636E-16,-9.0932667397366));
#11847=DIRECTION('',(6.12323399573676E-17,1.,0.));
#11848=DIRECTION('',(6.12323399573677E-17,-3.74939945665464E-33,-1.));
#11849=CARTESIAN_POINT('',(-10.6099451107194,8.60353580796161E-16,-9.5932667397366));
#11850=AXIS2_PLACEMENT_3D('',#11851,#11852,#11853);
#11851=CARTESIAN_POINT('',(-10.6099451107194,6.49671765948584E-16,-9.0932667397366));
#11852=DIRECTION('',(6.12323399573676E-17,1.,0.));
#11853=DIRECTION('',(6.12323399573677E-17,-3.74939945665464E-33,-1.));
#11854=CARTESIAN_POINT('',(-3.10994511071945,3.30663320492707E-16,-6.99519052838328));
#11855=AXIS2_PLACEMENT_3D('',#11856,#11857,#11858);
#11856=CARTESIAN_POINT('',(-3.10994511071945,1.90429216268327E-16,-6.49519052838328));
#11857=DIRECTION('',(6.12323399573676E-17,1.,0.));
#11858=DIRECTION('',(6.12323399573677E-17,-3.74939945665464E-33,-1.));
#11859=CARTESIAN_POINT('',(-16.6099451107195,1.28410578903892E-15,-6.99519052838329));
#11860=AXIS2_PLACEMENT_3D('',#11861,#11862,#11863);
#11861=CARTESIAN_POINT('',(-16.6099451107195,1.01706580569279E-15,-6.49519052838329));
#11862=DIRECTION('',(6.12323399573676E-17,1.,0.));
#11863=DIRECTION('',(6.12323399573677E-17,-3.74939945665464E-33,-1.));
#11864=CARTESIAN_POINT('',(-15.1099451107194,1.17816773697823E-15,-6.99519052838329));
#11865=AXIS2_PLACEMENT_3D('',#11866,#11867,#11868);
#11866=CARTESIAN_POINT('',(-15.1099451107194,9.25217295756739E-16,-6.49519052838329));
#11867=DIRECTION('',(6.12323399573676E-17,1.,0.));
#11868=DIRECTION('',(6.12323399573677E-17,-3.74939945665464E-33,-1.));
#11869=CARTESIAN_POINT('',(-13.6099451107194,1.07222968491754E-15,-6.99519052838329));
#11870=AXIS2_PLACEMENT_3D('',#11871,#11872,#11873);
#11871=CARTESIAN_POINT('',(-13.6099451107194,8.33368785820687E-16,-6.49519052838329));
#11872=DIRECTION('',(6.12323399573676E-17,1.,0.));
#11873=DIRECTION('',(6.12323399573677E-17,-3.74939945665464E-33,-1.));
#11874=CARTESIAN_POINT('',(-4.60994511071945,4.36601372553398E-16,-6.99519052838328));
#11875=AXIS2_PLACEMENT_3D('',#11876,#11877,#11878);
#11876=CARTESIAN_POINT('',(-4.60994511071945,2.82277726204378E-16,-6.49519052838328));
#11877=DIRECTION('',(6.12323399573676E-17,1.,0.));
#11878=DIRECTION('',(6.12323399573677E-17,-3.74939945665464E-33,-1.));
#11879=CARTESIAN_POINT('',(-6.10994511071945,5.42539424614089E-16,-6.99519052838328));
#11880=AXIS2_PLACEMENT_3D('',#11881,#11882,#11883);
#11881=CARTESIAN_POINT('',(-6.10994511071945,3.7412623614043E-16,-6.49519052838328));
#11882=DIRECTION('',(6.12323399573676E-17,1.,0.));
#11883=DIRECTION('',(6.12323399573677E-17,-3.74939945665464E-33,-1.));
#11884=CARTESIAN_POINT('',(-12.1099451107194,9.66291632856852E-16,-6.99519052838329));
#11885=AXIS2_PLACEMENT_3D('',#11886,#11887,#11888);
#11886=CARTESIAN_POINT('',(-12.1099451107194,7.41520275884636E-16,-6.49519052838329));
#11887=DIRECTION('',(6.12323399573676E-17,1.,0.));
#11888=DIRECTION('',(6.12323399573677E-17,-3.74939945665464E-33,-1.));
#11889=CARTESIAN_POINT('',(-10.6099451107194,8.60353580796161E-16,-6.99519052838329));
#11890=AXIS2_PLACEMENT_3D('',#11891,#11892,#11893);
#11891=CARTESIAN_POINT('',(-10.6099451107194,6.49671765948584E-16,-6.49519052838329));
#11892=DIRECTION('',(6.12323399573676E-17,1.,0.));
#11893=DIRECTION('',(6.12323399573677E-17,-3.74939945665464E-33,-1.));
#11894=CARTESIAN_POINT('',(-3.10994511071945,3.30663320492707E-16,-4.39711431702997));
#11895=AXIS2_PLACEMENT_3D('',#11896,#11897,#11898);
#11896=CARTESIAN_POINT('',(-3.10994511071945,1.90429216268327E-16,-3.89711431702997));
#11897=DIRECTION('',(6.12323399573676E-17,1.,0.));
#11898=DIRECTION('',(6.12323399573677E-17,-3.74939945665464E-33,-1.));
#11899=CARTESIAN_POINT('',(-16.6099451107195,1.28410578903892E-15,-4.39711431702997));
#11900=AXIS2_PLACEMENT_3D('',#11901,#11902,#11903);
#11901=CARTESIAN_POINT('',(-16.6099451107195,1.01706580569279E-15,-3.89711431702997));
#11902=DIRECTION('',(6.12323399573676E-17,1.,0.));
#11903=DIRECTION('',(6.12323399573677E-17,-3.74939945665464E-33,-1.));
#11904=CARTESIAN_POINT('',(-15.1099451107194,1.17816773697823E-15,-4.39711431702997));
#11905=AXIS2_PLACEMENT_3D('',#11906,#11907,#11908);
#11906=CARTESIAN_POINT('',(-15.1099451107194,9.25217295756739E-16,-3.89711431702997));
#11907=DIRECTION('',(6.12323399573676E-17,1.,0.));
#11908=DIRECTION('',(6.12323399573677E-17,-3.74939945665464E-33,-1.));
#11909=CARTESIAN_POINT('',(-13.6099451107194,1.07222968491754E-15,-4.39711431702997));
#11910=AXIS2_PLACEMENT_3D('',#11911,#11912,#11913);
#11911=CARTESIAN_POINT('',(-13.6099451107194,8.33368785820687E-16,-3.89711431702997));
#11912=DIRECTION('',(6.12323399573676E-17,1.,0.));
#11913=DIRECTION('',(6.12323399573677E-17,-3.74939945665464E-33,-1.));
#11914=CARTESIAN_POINT('',(-4.60994511071945,4.36601372553398E-16,-4.39711431702997));
#11915=AXIS2_PLACEMENT_3D('',#11916,#11917,#11918);
#11916=CARTESIAN_POINT('',(-4.60994511071945,2.82277726204378E-16,-3.89711431702997));
#11917=DIRECTION('',(6.12323399573676E-17,1.,0.));
#11918=DIRECTION('',(6.12323399573677E-17,-3.74939945665464E-33,-1.));
#11919=CARTESIAN_POINT('',(-12.1099451107194,9.66291632856852E-16,-4.39711431702997));
#11920=AXIS2_PLACEMENT_3D('',#11921,#11922,#11923);
#11921=CARTESIAN_POINT('',(-12.1099451107194,7.41520275884636E-16,-3.89711431702997));
#11922=DIRECTION('',(6.12323399573676E-17,1.,0.));
#11923=DIRECTION('',(6.12323399573677E-17,-3.74939945665464E-33,-1.));
#11924=CARTESIAN_POINT('',(-10.6099451107194,8.60353580796161E-16,-4.39711431702997));
#11925=AXIS2_PLACEMENT_3D('',#11926,#11927,#11928);
#11926=CARTESIAN_POINT('',(-10.6099451107194,6.49671765948584E-16,-3.89711431702997));
#11927=DIRECTION('',(6.12323399573676E-17,1.,0.));
#11928=DIRECTION('',(6.12323399573677E-17,-3.74939945665464E-33,-1.));
#11929=CARTESIAN_POINT('',(-3.10994511071945,3.30663320492708E-16,-1.79903810567666));
#11930=AXIS2_PLACEMENT_3D('',#11931,#11932,#11933);
#11931=CARTESIAN_POINT('',(-3.10994511071945,1.90429216268327E-16,-1.29903810567665));
#11932=DIRECTION('',(6.12323399573676E-17,1.,0.));
#11933=DIRECTION('',(6.12323399573677E-17,-3.74939945665464E-33,-1.));
#11934=CARTESIAN_POINT('',(-16.6099451107195,1.28410578903892E-15,-1.79903810567666));
#11935=AXIS2_PLACEMENT_3D('',#11936,#11937,#11938);
#11936=CARTESIAN_POINT('',(-16.6099451107195,1.01706580569279E-15,-1.29903810567666));
#11937=DIRECTION('',(6.12323399573676E-17,1.,0.));
#11938=DIRECTION('',(6.12323399573677E-17,-3.74939945665464E-33,-1.));
#11939=CARTESIAN_POINT('',(-15.1099451107194,1.17816773697823E-15,-1.79903810567666));
#11940=AXIS2_PLACEMENT_3D('',#11941,#11942,#11943);
#11941=CARTESIAN_POINT('',(-15.1099451107194,9.25217295756739E-16,-1.29903810567666));
#11942=DIRECTION('',(6.12323399573676E-17,1.,0.));
#11943=DIRECTION('',(6.12323399573677E-17,-3.74939945665464E-33,-1.));
#11944=CARTESIAN_POINT('',(-13.6099451107194,1.07222968491754E-15,-1.79903810567666));
#11945=AXIS2_PLACEMENT_3D('',#11946,#11947,#11948);
#11946=CARTESIAN_POINT('',(-13.6099451107194,8.33368785820687E-16,-1.29903810567666));
#11947=DIRECTION('',(6.12323399573676E-17,1.,0.));
#11948=DIRECTION('',(6.12323399573677E-17,-3.74939945665464E-33,-1.));
#11949=CARTESIAN_POINT('',(-4.60994511071945,4.36601372553398E-16,-1.79903810567666));
#11950=AXIS2_PLACEMENT_3D('',#11951,#11952,#11953);
#11951=CARTESIAN_POINT('',(-4.60994511071945,2.82277726204378E-16,-1.29903810567665));
#11952=DIRECTION('',(6.12323399573676E-17,1.,0.));
#11953=DIRECTION('',(6.12323399573677E-17,-3.74939945665464E-33,-1.));
#11954=CARTESIAN_POINT('',(-6.10994511071945,5.42539424614089E-16,-1.79903810567666));
#11955=AXIS2_PLACEMENT_3D('',#11956,#11957,#11958);
#11956=CARTESIAN_POINT('',(-6.10994511071945,3.7412623614043E-16,-1.29903810567666));
#11957=DIRECTION('',(6.12323399573676E-17,1.,0.));
#11958=DIRECTION('',(6.12323399573677E-17,-3.74939945665464E-33,-1.));
#11959=CARTESIAN_POINT('',(-7.60994511071945,6.4847747667478E-16,-1.79903810567666));
#11960=AXIS2_PLACEMENT_3D('',#11961,#11962,#11963);
#11961=CARTESIAN_POINT('',(-7.60994511071945,4.65974746076481E-16,-1.29903810567666));
#11962=DIRECTION('',(6.12323399573676E-17,1.,0.));
#11963=DIRECTION('',(6.12323399573677E-17,-3.74939945665464E-33,-1.));
#11964=CARTESIAN_POINT('',(-12.1099451107194,9.66291632856852E-16,-1.79903810567666));
#11965=AXIS2_PLACEMENT_3D('',#11966,#11967,#11968);
#11966=CARTESIAN_POINT('',(-12.1099451107194,7.41520275884636E-16,-1.29903810567666));
#11967=DIRECTION('',(6.12323399573676E-17,1.,0.));
#11968=DIRECTION('',(6.12323399573677E-17,-3.74939945665464E-33,-1.));
#11969=CARTESIAN_POINT('',(-10.6099451107194,8.60353580796161E-16,-1.79903810567666));
#11970=AXIS2_PLACEMENT_3D('',#11971,#11972,#11973);
#11971=CARTESIAN_POINT('',(-10.6099451107194,6.49671765948584E-16,-1.29903810567666));
#11972=DIRECTION('',(6.12323399573676E-17,1.,0.));
#11973=DIRECTION('',(6.12323399573677E-17,-3.74939945665464E-33,-1.));
#11974=CARTESIAN_POINT('',(-3.10994511071945,3.30663320492708E-16,0.799038105676658));
#11975=AXIS2_PLACEMENT_3D('',#11976,#11977,#11978);
#11976=CARTESIAN_POINT('',(-3.10994511071945,1.90429216268327E-16,1.29903810567666));
#11977=DIRECTION('',(6.12323399573676E-17,1.,0.));
#11978=DIRECTION('',(6.12323399573677E-17,-3.74939945665464E-33,-1.));
#11979=CARTESIAN_POINT('',(-16.6099451107195,1.28410578903892E-15,0.799038105676657));
#11980=AXIS2_PLACEMENT_3D('',#11981,#11982,#11983);
#11981=CARTESIAN_POINT('',(-16.6099451107195,1.01706580569279E-15,1.29903810567666));
#11982=DIRECTION('',(6.12323399573676E-17,1.,0.));
#11983=DIRECTION('',(6.12323399573677E-17,-3.74939945665464E-33,-1.));
#11984=CARTESIAN_POINT('',(-15.1099451107194,1.17816773697823E-15,0.799038105676657));
#11985=AXIS2_PLACEMENT_3D('',#11986,#11987,#11988);
#11986=CARTESIAN_POINT('',(-15.1099451107194,9.25217295756739E-16,1.29903810567666));
#11987=DIRECTION('',(6.12323399573676E-17,1.,0.));
#11988=DIRECTION('',(6.12323399573677E-17,-3.74939945665464E-33,-1.));
#11989=CARTESIAN_POINT('',(-13.6099451107194,1.07222968491754E-15,0.799038105676657));
#11990=AXIS2_PLACEMENT_3D('',#11991,#11992,#11993);
#11991=CARTESIAN_POINT('',(-13.6099451107194,8.33368785820687E-16,1.29903810567666));
#11992=DIRECTION('',(6.12323399573676E-17,1.,0.));
#11993=DIRECTION('',(6.12323399573677E-17,-3.74939945665464E-33,-1.));
#11994=CARTESIAN_POINT('',(-4.60994511071945,4.36601372553398E-16,0.799038105676658));
#11995=AXIS2_PLACEMENT_3D('',#11996,#11997,#11998);
#11996=CARTESIAN_POINT('',(-4.60994511071945,2.82277726204378E-16,1.29903810567666));
#11997=DIRECTION('',(6.12323399573676E-17,1.,0.));
#11998=DIRECTION('',(6.12323399573677E-17,-3.74939945665464E-33,-1.));
#11999=CARTESIAN_POINT('',(-6.10994511071945,5.42539424614089E-16,0.799038105676658));
#12000=AXIS2_PLACEMENT_3D('',#12001,#12002,#12003);
#12001=CARTESIAN_POINT('',(-6.10994511071945,3.7412623614043E-16,1.29903810567666));
#12002=DIRECTION('',(6.12323399573676E-17,1.,0.));
#12003=DIRECTION('',(6.12323399573677E-17,-3.74939945665464E-33,-1.));
#12004=CARTESIAN_POINT('',(-7.60994511071945,6.4847747667478E-16,0.799038105676658));
#12005=AXIS2_PLACEMENT_3D('',#12006,#12007,#12008);
#12006=CARTESIAN_POINT('',(-7.60994511071945,4.65974746076481E-16,1.29903810567666));
#12007=DIRECTION('',(6.12323399573676E-17,1.,0.));
#12008=DIRECTION('',(6.12323399573677E-17,-3.74939945665464E-33,-1.));
#12009=CARTESIAN_POINT('',(-12.1099451107194,9.66291632856852E-16,0.799038105676657));
#12010=AXIS2_PLACEMENT_3D('',#12011,#12012,#12013);
#12011=CARTESIAN_POINT('',(-12.1099451107194,7.41520275884636E-16,1.29903810567666));
#12012=DIRECTION('',(6.12323399573676E-17,1.,0.));
#12013=DIRECTION('',(6.12323399573677E-17,-3.74939945665464E-33,-1.));
#12014=CARTESIAN_POINT('',(-10.6099451107194,8.60353580796161E-16,0.799038105676657));
#12015=AXIS2_PLACEMENT_3D('',#12016,#12017,#12018);
#12016=CARTESIAN_POINT('',(-10.6099451107194,6.49671765948584E-16,1.29903810567666));
#12017=DIRECTION('',(6.12323399573676E-17,1.,0.));
#12018=DIRECTION('',(6.12323399573677E-17,-3.74939945665464E-33,-1.));
#12019=CARTESIAN_POINT('',(-15.8599451107195,1.23113676300858E-15,-0.5));
#12020=AXIS2_PLACEMENT_3D('',#12021,#12022,#12023);
#12021=CARTESIAN_POINT('',(-15.8599451107195,9.71141550724764E-16,0.));
#12022=DIRECTION('',(6.12323399573676E-17,1.,0.));
#12023=DIRECTION('',(6.12323399573677E-17,-3.74939945665464E-33,-1.));
#12024=CARTESIAN_POINT('',(-14.3599451107195,1.12519871094789E-15,-0.5));
#12025=AXIS2_PLACEMENT_3D('',#12026,#12027,#12028);
#12026=CARTESIAN_POINT('',(-14.3599451107195,8.79293040788713E-16,0.));
#12027=DIRECTION('',(6.12323399573676E-17,1.,0.));
#12028=DIRECTION('',(6.12323399573677E-17,-3.74939945665464E-33,-1.));
#12029=CARTESIAN_POINT('',(-12.8599451107195,1.0192606588872E-15,-0.5));
#12030=AXIS2_PLACEMENT_3D('',#12031,#12032,#12033);
#12031=CARTESIAN_POINT('',(-12.8599451107195,7.87444530852662E-16,0.));
#12032=DIRECTION('',(6.12323399573676E-17,1.,0.));
#12033=DIRECTION('',(6.12323399573677E-17,-3.74939945665464E-33,-1.));
#12034=CARTESIAN_POINT('',(-3.85994511071945,3.83632346523053E-16,-0.499999999999998));
#12035=AXIS2_PLACEMENT_3D('',#12036,#12037,#12038);
#12036=CARTESIAN_POINT('',(-3.85994511071945,2.36353471236353E-16,0.));
#12037=DIRECTION('',(6.12323399573676E-17,1.,0.));
#12038=DIRECTION('',(6.12323399573677E-17,-3.74939945665464E-33,-1.));
#12039=CARTESIAN_POINT('',(-5.35994511071945,4.89570398583744E-16,-0.499999999999999));
#12040=AXIS2_PLACEMENT_3D('',#12041,#12042,#12043);
#12041=CARTESIAN_POINT('',(-5.35994511071945,3.28201981172404E-16,0.));
#12042=DIRECTION('',(6.12323399573676E-17,1.,0.));
#12043=DIRECTION('',(6.12323399573677E-17,-3.74939945665464E-33,-1.));
#12044=CARTESIAN_POINT('',(-6.85994511071945,5.95508450644434E-16,-0.499999999999999));
#12045=AXIS2_PLACEMENT_3D('',#12046,#12047,#12048);
#12046=CARTESIAN_POINT('',(-6.85994511071945,4.20050491108456E-16,0.));
#12047=DIRECTION('',(6.12323399573676E-17,1.,0.));
#12048=DIRECTION('',(6.12323399573677E-17,-3.74939945665464E-33,-1.));
#12049=CARTESIAN_POINT('',(-11.3599451107195,9.13322606826506E-16,-0.5));
#12050=AXIS2_PLACEMENT_3D('',#12051,#12052,#12053);
#12051=CARTESIAN_POINT('',(-11.3599451107195,6.9559602091661E-16,0.));
#12052=DIRECTION('',(6.12323399573676E-17,1.,0.));
#12053=DIRECTION('',(6.12323399573677E-17,-3.74939945665464E-33,-1.));
#12054=CARTESIAN_POINT('',(-9.85994511071945,8.07384554765816E-16,-0.5));
#12055=AXIS2_PLACEMENT_3D('',#12056,#12057,#12058);
#12056=CARTESIAN_POINT('',(-9.85994511071945,6.03747510980559E-16,0.));
#12057=DIRECTION('',(6.12323399573676E-17,1.,0.));
#12058=DIRECTION('',(6.12323399573677E-17,-3.74939945665464E-33,-1.));
#12059=CARTESIAN_POINT('',(-3.85994511071945,3.83632346523053E-16,12.4903810567666));
#12060=AXIS2_PLACEMENT_3D('',#12061,#12062,#12063);
#12061=CARTESIAN_POINT('',(-3.85994511071945,2.36353471236353E-16,12.9903810567666));
#12062=DIRECTION('',(6.12323399573676E-17,1.,0.));
#12063=DIRECTION('',(6.12323399573677E-17,-3.74939945665464E-33,-1.));
#12064=CARTESIAN_POINT('',(-3.85994511071945,3.83632346523053E-16,-16.0884572681199));
#12065=AXIS2_PLACEMENT_3D('',#12066,#12067,#12068);
#12066=CARTESIAN_POINT('',(-3.85994511071945,2.36353471236352E-16,-15.5884572681199));
#12067=DIRECTION('',(6.12323399573676E-17,1.,0.));
#12068=DIRECTION('',(6.12323399573677E-17,-3.74939945665464E-33,-1.));
#12069=CARTESIAN_POINT('',(-6.10994511071945,5.42539424614089E-16,3.39711431702997));
#12070=AXIS2_PLACEMENT_3D('',#12071,#12072,#12073);
#12071=CARTESIAN_POINT('',(-6.10994511071945,3.7412623614043E-16,3.89711431702997));
#12072=DIRECTION('',(6.12323399573676E-17,1.,0.));
#12073=DIRECTION('',(6.12323399573677E-17,-3.74939945665464E-33,-1.));
#12074=CARTESIAN_POINT('',(-6.10994511071945,5.42539424614089E-16,-4.39711431702997));
#12075=AXIS2_PLACEMENT_3D('',#12076,#12077,#12078);
#12076=CARTESIAN_POINT('',(-6.10994511071945,3.7412623614043E-16,-3.89711431702997));
#12077=DIRECTION('',(6.12323399573676E-17,1.,0.));
#12078=DIRECTION('',(6.12323399573677E-17,-3.74939945665464E-33,-1.));
#12079=CARTESIAN_POINT('',(-15.8599451107194,1.23113676300858E-15,-8.29422863405994));
#12080=AXIS2_PLACEMENT_3D('',#12081,#12082,#12083);
#12081=CARTESIAN_POINT('',(-15.8599451107194,9.71141550724764E-16,-7.79422863405994));
#12082=DIRECTION('',(6.12323399573676E-17,1.,0.));
#12083=DIRECTION('',(6.12323399573677E-17,-3.74939945665464E-33,-1.));
#12084=CARTESIAN_POINT('',(-8.35994511071945,7.01446502705125E-16,9.89230484541325));
#12085=AXIS2_PLACEMENT_3D('',#12086,#12087,#12088);
#12086=CARTESIAN_POINT('',(-8.35994511071945,5.11899001044507E-16,10.3923048454132));
#12087=DIRECTION('',(6.12323399573676E-17,1.,0.));
#12088=DIRECTION('',(6.12323399573677E-17,-3.74939945665464E-33,-1.));
#12089=CARTESIAN_POINT('',(-15.8599451107195,1.23113676300858E-15,7.29422863405994));
#12090=AXIS2_PLACEMENT_3D('',#12091,#12092,#12093);
#12091=CARTESIAN_POINT('',(-15.8599451107195,9.71141550724764E-16,7.79422863405994));
#12092=DIRECTION('',(6.12323399573676E-17,1.,0.));
#12093=DIRECTION('',(6.12323399573677E-17,-3.74939945665464E-33,-1.));
#12094=CARTESIAN_POINT('',(-14.3391331780473,1.01270655808077E-15,8.01080135033108));
#12095=CARTESIAN_POINT('',(-14.4635700782716,1.03172053787918E-15,7.30508462039952));
#12096=CARTESIAN_POINT('',(-14.3391331780473,9.45362617766464E-16,8.01080135033109));
#12097=VECTOR('',#12098,1.);
#12098=DIRECTION('',(-0.173648177666928,1.14484253525803E-17,-0.984807753012208));
#12099=CARTESIAN_POINT('',(-13.9440923473683,9.9665872158362E-16,8.07183713395355));
#12100=CARTESIAN_POINT('',(-13.9440923473683,9.19318028517017E-16,8.07183713395355));
#12101=VECTOR('',#12102,1.);
#12102=DIRECTION('',(-0.988273636723659,6.51557483065306E-17,-0.152693218438129));
#12103=AXIS2_PLACEMENT_3D('',#12104,#12105,#12106);
#12104=CARTESIAN_POINT('',(-14.3599451107195,8.79293040788713E-16,7.79422863405994));
#12105=DIRECTION('',(6.12323399573676E-17,1.,0.));
#12106=DIRECTION('',(0.831705526702378,-5.09272755554615E-17,0.555216999787219));
#12107=CARTESIAN_POINT('',(-12.4909125687026,8.98577284376664E-16,8.13159339649456));
#12108=CARTESIAN_POINT('',(-12.6285534985572,9.07867270665245E-16,7.35099289337449));
#12109=AXIS2_PLACEMENT_3D('',#12110,#12111,#12112);
#12110=CARTESIAN_POINT('',(-12.8599451107195,7.87444530852662E-16,7.79422863405994));
#12111=DIRECTION('',(6.12323399573676E-17,1.,0.));
#12112=DIRECTION('',(0.738065084033746,-4.51934521362175E-17,0.674729524869232));
#12113=CARTESIAN_POINT('',(-12.4909125687026,8.23511551055193E-16,8.13159339649455));
#12114=VECTOR('',#12115,1.);
#12115=DIRECTION('',(-0.173648177666929,1.14484253525806E-17,-0.984807753012208));
#12116=CARTESIAN_POINT('',(-11.7619105854461,8.49373763040738E-16,7.49686730986368));
#12117=CARTESIAN_POINT('',(-11.6359655384097,8.40873182862164E-16,8.21113716539228));
#12118=AXIS2_PLACEMENT_3D('',#12119,#12120,#12121);
#12119=CARTESIAN_POINT('',(-11.3599451107195,6.9559602091661E-16,7.79422863405994));
#12120=DIRECTION('',(6.12323399573676E-17,1.,0.));
#12121=DIRECTION('',(-0.80393094945337,4.92265731991781E-17,-0.594722648392512));
#12122=CARTESIAN_POINT('',(-11.7619105854461,7.7544928573616E-16,7.49686730986368));
#12123=VECTOR('',#12124,1.);
#12124=DIRECTION('',(0.173648177666932,-1.14484253525805E-17,0.984807753012208));
#12125=CARTESIAN_POINT('',(-9.85994511071945,8.07384554765816E-16,7.29422863405994));
#12126=AXIS2_PLACEMENT_3D('',#12127,#12128,#12129);
#12127=CARTESIAN_POINT('',(-9.85994511071945,6.03747510980559E-16,7.79422863405994));
#12128=DIRECTION('',(6.12323399573676E-17,1.,0.));
#12129=DIRECTION('',(6.12323399573677E-17,-3.74939945665464E-33,-1.));
#12130=CARTESIAN_POINT('',(-8.35994511071945,7.01446502705125E-16,-21.2846096908265));
#12131=AXIS2_PLACEMENT_3D('',#12132,#12133,#12134);
#12132=CARTESIAN_POINT('',(-8.35994511071945,5.11899001044507E-16,-20.7846096908265));
#12133=DIRECTION('',(6.12323399573676E-17,1.,0.));
#12134=DIRECTION('',(6.12323399573677E-17,-3.74939945665464E-33,-1.));
#12135=CARTESIAN_POINT('',(-8.35994511071945,7.01446502705125E-16,-18.6865334794732));
#12136=AXIS2_PLACEMENT_3D('',#12137,#12138,#12139);
#12137=CARTESIAN_POINT('',(-8.35994511071945,5.11899001044507E-16,-18.1865334794732));
#12138=DIRECTION('',(6.12323399573676E-17,1.,0.));
#12139=DIRECTION('',(6.12323399573677E-17,-3.74939945665464E-33,-1.));
#12140=CARTESIAN_POINT('',(-7.60994511071945,6.4847747667478E-16,8.5932667397366));
#12141=AXIS2_PLACEMENT_3D('',#12142,#12143,#12144);
#12142=CARTESIAN_POINT('',(-7.60994511071945,4.65974746076481E-16,9.0932667397366));
#12143=DIRECTION('',(6.12323399573676E-17,1.,0.));
#12144=DIRECTION('',(6.12323399573677E-17,-3.74939945665464E-33,-1.));
#12145=CARTESIAN_POINT('',(-7.60994511071945,6.48477476674779E-16,-19.9855715851499));
#12146=AXIS2_PLACEMENT_3D('',#12147,#12148,#12149);
#12147=CARTESIAN_POINT('',(-7.60994511071945,4.65974746076481E-16,-19.4855715851499));
#12148=DIRECTION('',(6.12323399573676E-17,1.,0.));
#12149=DIRECTION('',(6.12323399573677E-17,-3.74939945665464E-33,-1.));
#12150=CARTESIAN_POINT('',(-15.8599451107194,1.23113676300858E-15,-16.0884572681199));
#12151=AXIS2_PLACEMENT_3D('',#12152,#12153,#12154);
#12152=CARTESIAN_POINT('',(-15.8599451107194,9.71141550724764E-16,-15.5884572681199));
#12153=DIRECTION('',(6.12323399573676E-17,1.,0.));
#12154=DIRECTION('',(6.12323399573677E-17,-3.74939945665464E-33,-1.));
#12155=CARTESIAN_POINT('',(-15.8599451107194,1.23113676300858E-15,-13.4903810567666));
#12156=AXIS2_PLACEMENT_3D('',#12157,#12158,#12159);
#12157=CARTESIAN_POINT('',(-15.8599451107194,9.71141550724764E-16,-12.9903810567666));
#12158=DIRECTION('',(6.12323399573676E-17,1.,0.));
#12159=DIRECTION('',(6.12323399573677E-17,-3.74939945665464E-33,-1.));
#12160=CARTESIAN_POINT('',(-15.8599451107194,1.23113676300858E-15,-10.8923048454133));
#12161=AXIS2_PLACEMENT_3D('',#12162,#12163,#12164);
#12162=CARTESIAN_POINT('',(-15.8599451107194,9.71141550724764E-16,-10.3923048454133));
#12163=DIRECTION('',(6.12323399573676E-17,1.,0.));
#12164=DIRECTION('',(6.12323399573677E-17,-3.74939945665464E-33,-1.));
#12165=CARTESIAN_POINT('',(-9.10994511071945,7.5441552873547E-16,-6.99519052838329));
#12166=AXIS2_PLACEMENT_3D('',#12167,#12168,#12169);
#12167=CARTESIAN_POINT('',(-9.10994511071945,5.57823256012533E-16,-6.49519052838329));
#12168=DIRECTION('',(6.12323399573676E-17,1.,0.));
#12169=DIRECTION('',(6.12323399573677E-17,-3.74939945665464E-33,-1.));
#12170=CARTESIAN_POINT('',(-9.10994511071945,7.5441552873547E-16,-4.39711431702997));
#12171=AXIS2_PLACEMENT_3D('',#12172,#12173,#12174);
#12172=CARTESIAN_POINT('',(-9.10994511071945,5.57823256012533E-16,-3.89711431702997));
#12173=DIRECTION('',(6.12323399573676E-17,1.,0.));
#12174=DIRECTION('',(6.12323399573677E-17,-3.74939945665464E-33,-1.));
#12175=CARTESIAN_POINT('',(-8.35994511071945,7.01446502705125E-16,7.29422863405994));
#12176=AXIS2_PLACEMENT_3D('',#12177,#12178,#12179);
#12177=CARTESIAN_POINT('',(-8.35994511071945,5.11899001044507E-16,7.79422863405994));
#12178=DIRECTION('',(6.12323399573676E-17,1.,0.));
#12179=DIRECTION('',(6.12323399573677E-17,-3.74939945665464E-33,-1.));
#12180=CARTESIAN_POINT('',(-8.33146905504144,6.17838311958792E-16,21.2837981464753));
#12181=CARTESIAN_POINT('',(-8.50391887847725,6.29477702195974E-16,20.3057865980275));
#12182=CARTESIAN_POINT('',(-8.33146905504144,5.49284206926298E-16,21.2837981464753));
#12183=VECTOR('',#12184,1.);
#12184=DIRECTION('',(-0.17364817766693,1.14484253525805E-17,-0.984807753012208));
#12185=AXIS2_PLACEMENT_3D('',#12186,#12187,#12188);
#12186=CARTESIAN_POINT('',(-8.35994511071945,5.11899001044507E-16,20.7846096908265));
#12187=DIRECTION('',(6.12323399573676E-17,1.,0.));
#12188=DIRECTION('',(0.0569521113560363,-3.48731104384267E-18,0.998376911297577));
#12189=CARTESIAN_POINT('',(-8.35994511071945,7.01446502705125E-16,17.6865334794732));
#12190=AXIS2_PLACEMENT_3D('',#12191,#12192,#12193);
#12191=CARTESIAN_POINT('',(-8.35994511071945,5.11899001044507E-16,18.1865334794732));
#12192=DIRECTION('',(6.12323399573676E-17,1.,0.));
#12193=DIRECTION('',(6.12323399573677E-17,-3.74939945665464E-33,-1.));
#12194=CARTESIAN_POINT('',(-8.35994511071945,7.01446502705125E-16,15.0884572681199));
#12195=AXIS2_PLACEMENT_3D('',#12196,#12197,#12198);
#12196=CARTESIAN_POINT('',(-8.35994511071945,5.11899001044507E-16,15.5884572681199));
#12197=DIRECTION('',(6.12323399573676E-17,1.,0.));
#12198=DIRECTION('',(6.12323399573677E-17,-3.74939945665464E-33,-1.));
#12199=CARTESIAN_POINT('',(-8.35994511071945,7.01446502705125E-16,12.4903810567666));
#12200=AXIS2_PLACEMENT_3D('',#12201,#12202,#12203);
#12201=CARTESIAN_POINT('',(-8.35994511071945,5.11899001044507E-16,12.9903810567666));
#12202=DIRECTION('',(6.12323399573676E-17,1.,0.));
#12203=DIRECTION('',(6.12323399573677E-17,-3.74939945665464E-33,-1.));
#12204=CARTESIAN_POINT('',(-8.35994511071945,7.01446502705125E-16,4.69615242270663));
#12205=AXIS2_PLACEMENT_3D('',#12206,#12207,#12208);
#12206=CARTESIAN_POINT('',(-8.35994511071945,5.11899001044507E-16,5.19615242270663));
#12207=DIRECTION('',(6.12323399573676E-17,1.,0.));
#12208=DIRECTION('',(6.12323399573677E-17,-3.74939945665464E-33,-1.));
#12209=CARTESIAN_POINT('',(-8.35994511071945,7.01446502705125E-16,2.09807621135331));
#12210=AXIS2_PLACEMENT_3D('',#12211,#12212,#12213);
#12211=CARTESIAN_POINT('',(-8.35994511071945,5.11899001044507E-16,2.59807621135332));
#12212=DIRECTION('',(6.12323399573676E-17,1.,0.));
#12213=DIRECTION('',(6.12323399573677E-17,-3.74939945665464E-33,-1.));
#12214=CARTESIAN_POINT('',(-8.35994511071945,7.01446502705125E-16,-16.0884572681199));
#12215=AXIS2_PLACEMENT_3D('',#12216,#12217,#12218);
#12216=CARTESIAN_POINT('',(-8.35994511071945,5.11899001044507E-16,-15.5884572681199));
#12217=DIRECTION('',(6.12323399573676E-17,1.,0.));
#12218=DIRECTION('',(6.12323399573677E-17,-3.74939945665464E-33,-1.));
#12219=CARTESIAN_POINT('',(-8.35994511071945,7.01446502705125E-16,-13.4903810567666));
#12220=AXIS2_PLACEMENT_3D('',#12221,#12222,#12223);
#12221=CARTESIAN_POINT('',(-8.35994511071945,5.11899001044507E-16,-12.9903810567666));
#12222=DIRECTION('',(6.12323399573676E-17,1.,0.));
#12223=DIRECTION('',(6.12323399573677E-17,-3.74939945665464E-33,-1.));
#12224=CARTESIAN_POINT('',(-8.35994511071945,7.01446502705125E-16,-10.8923048454133));
#12225=AXIS2_PLACEMENT_3D('',#12226,#12227,#12228);
#12226=CARTESIAN_POINT('',(-8.35994511071945,5.11899001044507E-16,-10.3923048454133));
#12227=DIRECTION('',(6.12323399573676E-17,1.,0.));
#12228=DIRECTION('',(6.12323399573677E-17,-3.74939945665464E-33,-1.));
#12229=CARTESIAN_POINT('',(-8.35994511071945,7.01446502705125E-16,-5.69615242270663));
#12230=AXIS2_PLACEMENT_3D('',#12231,#12232,#12233);
#12231=CARTESIAN_POINT('',(-8.35994511071945,5.11899001044507E-16,-5.19615242270663));
#12232=DIRECTION('',(6.12323399573676E-17,1.,0.));
#12233=DIRECTION('',(6.12323399573677E-17,-3.74939945665464E-33,-1.));
#12234=CARTESIAN_POINT('',(-8.35994511071945,7.01446502705125E-16,-3.09807621135331));
#12235=AXIS2_PLACEMENT_3D('',#12236,#12237,#12238);
#12236=CARTESIAN_POINT('',(-8.35994511071945,5.11899001044507E-16,-2.59807621135331));
#12237=DIRECTION('',(6.12323399573676E-17,1.,0.));
#12238=DIRECTION('',(6.12323399573677E-17,-3.74939945665464E-33,-1.));
#12239=CARTESIAN_POINT('',(-8.35994511071945,7.01446502705125E-16,-0.5));
#12240=AXIS2_PLACEMENT_3D('',#12241,#12242,#12243);
#12241=CARTESIAN_POINT('',(-8.35994511071945,5.11899001044507E-16,0.));
#12242=DIRECTION('',(6.12323399573676E-17,1.,0.));
#12243=DIRECTION('',(6.12323399573677E-17,-3.74939945665464E-33,-1.));
#12244=CARTESIAN_POINT('',(-8.35994511071945,7.01446502705125E-16,-8.29422863405994));
#12245=AXIS2_PLACEMENT_3D('',#12246,#12247,#12248);
#12246=CARTESIAN_POINT('',(-8.35994511071945,5.11899001044507E-16,-7.79422863405994));
#12247=DIRECTION('',(6.12323399573676E-17,1.,0.));
#12248=DIRECTION('',(6.12323399573677E-17,-3.74939945665464E-33,-1.));
#12249=CARTESIAN_POINT('',(-9.10994511071945,7.54415528735471E-16,13.7894191624432));
#12250=AXIS2_PLACEMENT_3D('',#12251,#12252,#12253);
#12251=CARTESIAN_POINT('',(-9.10994511071945,5.57823256012533E-16,14.2894191624432));
#12252=DIRECTION('',(6.12323399573676E-17,1.,0.));
#12253=DIRECTION('',(6.12323399573677E-17,-3.74939945665464E-33,-1.));
#12254=CARTESIAN_POINT('',(-9.10994511071945,7.54415528735471E-16,11.1913429510899));
#12255=AXIS2_PLACEMENT_3D('',#12256,#12257,#12258);
#12256=CARTESIAN_POINT('',(-9.10994511071945,5.57823256012533E-16,11.6913429510899));
#12257=DIRECTION('',(6.12323399573676E-17,1.,0.));
#12258=DIRECTION('',(6.12323399573677E-17,-3.74939945665464E-33,-1.));
#12259=CARTESIAN_POINT('',(-9.10994511071945,7.54415528735471E-16,8.5932667397366));
#12260=AXIS2_PLACEMENT_3D('',#12261,#12262,#12263);
#12261=CARTESIAN_POINT('',(-9.10994511071945,5.57823256012533E-16,9.0932667397366));
#12262=DIRECTION('',(6.12323399573676E-17,1.,0.));
#12263=DIRECTION('',(6.12323399573677E-17,-3.74939945665464E-33,-1.));
#12264=CARTESIAN_POINT('',(-9.10994511071944,7.5441552873547E-16,-22.5836477965032));
#12265=AXIS2_PLACEMENT_3D('',#12266,#12267,#12268);
#12266=CARTESIAN_POINT('',(-9.10994511071944,5.57823256012532E-16,-22.0836477965032));
#12267=DIRECTION('',(6.12323399573676E-17,1.,0.));
#12268=DIRECTION('',(6.12323399573677E-17,-3.74939945665464E-33,-1.));
#12269=CARTESIAN_POINT('',(-9.10994511071945,7.5441552873547E-16,5.99519052838328));
#12270=AXIS2_PLACEMENT_3D('',#12271,#12272,#12273);
#12271=CARTESIAN_POINT('',(-9.10994511071945,5.57823256012533E-16,6.49519052838328));
#12272=DIRECTION('',(6.12323399573676E-17,1.,0.));
#12273=DIRECTION('',(6.12323399573677E-17,-3.74939945665464E-33,-1.));
#12274=CARTESIAN_POINT('',(-9.10994511071945,7.5441552873547E-16,3.39711431702997));
#12275=AXIS2_PLACEMENT_3D('',#12276,#12277,#12278);
#12276=CARTESIAN_POINT('',(-9.10994511071945,5.57823256012533E-16,3.89711431702997));
#12277=DIRECTION('',(6.12323399573676E-17,1.,0.));
#12278=DIRECTION('',(6.12323399573677E-17,-3.74939945665464E-33,-1.));
#12279=CARTESIAN_POINT('',(-9.10994511071945,7.5441552873547E-16,-1.79903810567666));
#12280=AXIS2_PLACEMENT_3D('',#12281,#12282,#12283);
#12281=CARTESIAN_POINT('',(-9.10994511071945,5.57823256012533E-16,-1.29903810567666));
#12282=DIRECTION('',(6.12323399573676E-17,1.,0.));
#12283=DIRECTION('',(6.12323399573677E-17,-3.74939945665464E-33,-1.));
#12284=CARTESIAN_POINT('',(-9.10994511071945,7.5441552873547E-16,0.799038105676657));
#12285=AXIS2_PLACEMENT_3D('',#12286,#12287,#12288);
#12286=CARTESIAN_POINT('',(-9.10994511071945,5.57823256012533E-16,1.29903810567666));
#12287=DIRECTION('',(6.12323399573676E-17,1.,0.));
#12288=DIRECTION('',(6.12323399573677E-17,-3.74939945665464E-33,-1.));
#12289=CARTESIAN_POINT('',(-14.0698363610788,9.14464931392159E-16,5.30737376001213));
#12290=CARTESIAN_POINT('',(-14.2950027020679,9.24361570605853E-16,5.63296060753406));
#12291=AXIS2_PLACEMENT_3D('',#12292,#12293,#12294);
#12292=CARTESIAN_POINT('',(-14.1034304620738,8.63586048618799E-16,5.52479371396837));
#12293=DIRECTION('',(-6.12323399573676E-17,-1.,0.));
#12294=DIRECTION('',(-0.870782909063998,5.33200751168723E-17,0.491667698025852));
#12295=CARTESIAN_POINT('',(-13.8801022462884,9.92339750749405E-16,5.33669005273728));
#12296=CARTESIAN_POINT('',(-13.8801022462884,9.15099234485549E-16,5.33669005273728));
#12297=VECTOR('',#12298,1.);
#12298=DIRECTION('',(-0.988272517982931,6.5155674549236E-17,-0.152700459068321));
#12299=CARTESIAN_POINT('',(-14.6806140593952,1.04636978219035E-15,4.81252314155722));
#12300=AXIS2_PLACEMENT_3D('',#12301,#12302,#12303);
#12301=CARTESIAN_POINT('',(-14.3599451107195,8.79293040788713E-16,5.19615242270662));
#12302=DIRECTION('',(6.12323399573676E-17,1.,0.));
#12303=DIRECTION('',(0.95968572886204,-5.87638028019146E-17,0.281075260061314));
#12304=CARTESIAN_POINT('',(-14.8481435640836,1.05767707866918E-15,5.08816043164764));
#12305=CARTESIAN_POINT('',(-14.8481435640836,9.78921089191381E-16,5.08816043164764));
#12306=VECTOR('',#12307,1.);
#12307=DIRECTION('',(0.519381950234068,-3.42422567666528E-17,-0.854542210643252));
#12308=CARTESIAN_POINT('',(-14.8515344572682,1.05790594483003E-15,5.10482929113657));
#12309=AXIS2_PLACEMENT_3D('',#12310,#12311,#12312);
#12310=CARTESIAN_POINT('',(-14.3599451107195,8.79293040788713E-16,5.19615242270662));
#12311=DIRECTION('',(6.12323399573676E-17,1.,0.));
#12312=DIRECTION('',(-0.976396906728232,5.97870673261053E-17,-0.215983982117981));
#12313=CARTESIAN_POINT('',(-14.7906536415797,1.05379683321925E-15,5.45010155431405));
#12314=CARTESIAN_POINT('',(-14.7906536415798,9.75130844484218E-16,5.45010155431404));
#12315=VECTOR('',#12316,1.);
#12316=DIRECTION('',(-0.173648177666934,1.14484253525807E-17,-0.984807753012208));
#12317=CARTESIAN_POINT('',(-14.2645128310829,1.01828529663969E-15,5.68696061335077));
#12318=AXIS2_PLACEMENT_3D('',#12319,#12320,#12321);
#12319=CARTESIAN_POINT('',(-14.3599451107195,8.79293040788713E-16,5.19615242270662));
#12320=DIRECTION('',(6.12323399573676E-17,1.,0.));
#12321=DIRECTION('',(-0.861417061720601,5.27465823683526E-17,0.507898263214835));
#12322=CARTESIAN_POINT('',(-14.2950027020679,9.42453146058717E-16,5.63296060753406));
#12323=VECTOR('',#12324,1.);
#12324=DIRECTION('',(0.491667698025855,-3.24150878791284E-17,0.870782909063997));
#12325=CARTESIAN_POINT('',(-8.33146905504144,1.,21.2837981464753));
#12326=CARTESIAN_POINT('',(-8.33146905504144,6.99435370792525E-16,21.2837981464753));
#12327=VECTOR('',#12328,1.);
#12328=DIRECTION('',(0.,1.,0.));
#12329=CARTESIAN_POINT('',(-8.50391887847725,1.,20.3057865980275));
#12330=AXIS2_PLACEMENT_3D('',#12331,#12332,#12333);
#12331=CARTESIAN_POINT('',(-8.35994511071945,1.,20.7846096908265));
#12332=DIRECTION('',(7.06253680404605E-17,1.,0.));
#12333=DIRECTION('',(0.0569521113560328,-4.0222638252011E-18,0.998376911297577));
#12334=CARTESIAN_POINT('',(-8.50391887847725,7.11614703041191E-16,20.3057865980275));
#12335=VECTOR('',#12336,1.);
#12336=DIRECTION('',(0.,1.,0.));
#12337=CARTESIAN_POINT('',(-11.7619105854461,1.,7.49686730986368));
#12338=CARTESIAN_POINT('',(-11.7619105854461,9.41711566418637E-16,7.49686730986368));
#12339=VECTOR('',#12340,1.);
#12340=DIRECTION('',(0.,1.,0.));
#12341=CARTESIAN_POINT('',(-11.6359655384097,1.,8.21113716539228));
#12342=AXIS2_PLACEMENT_3D('',#12343,#12344,#12345);
#12343=CARTESIAN_POINT('',(-11.3599451107195,1.,7.79422863405994));
#12344=DIRECTION('',(7.06253680404605E-17,1.,0.));
#12345=DIRECTION('',(-0.803930949453367,5.67779191842609E-17,-0.594722648392516));
#12346=CARTESIAN_POINT('',(-11.6359655384097,9.32816651118817E-16,8.21113716539228));
#12347=VECTOR('',#12348,1.);
#12348=DIRECTION('',(0.,1.,0.));
#12349=CARTESIAN_POINT('',(-12.4909125687026,1.,8.13159339649456));
#12350=CARTESIAN_POINT('',(-12.4909125687026,9.93197599788349E-16,8.13159339649456));
#12351=VECTOR('',#12352,1.);
#12352=DIRECTION('',(0.,1.,0.));
#12353=CARTESIAN_POINT('',(-12.6285534985572,1.,7.3509928933745));
#12354=AXIS2_PLACEMENT_3D('',#12355,#12356,#12357);
#12355=CARTESIAN_POINT('',(-12.8599451107195,1.,7.79422863405994));
#12356=DIRECTION('',(7.06253680404605E-17,1.,0.));
#12357=DIRECTION('',(0.738065084033749,-5.21261181976969E-17,0.674729524869228));
#12358=CARTESIAN_POINT('',(-12.6285534985572,1.00291854111677E-15,7.35099289337449));
#12359=VECTOR('',#12360,1.);
#12360=DIRECTION('',(0.,1.,0.));
#12361=CARTESIAN_POINT('',(-13.9440923473683,1.,8.07183713395354));
#12362=CARTESIAN_POINT('',(-13.9440923473683,1.09582895648557E-15,8.07183713395355));
#12363=VECTOR('',#12364,1.);
#12364=DIRECTION('',(0.,1.,0.));
#12365=CARTESIAN_POINT('',(-14.4635700782716,1.,7.30508462039952));
#12366=AXIS2_PLACEMENT_3D('',#12367,#12368,#12369);
#12367=CARTESIAN_POINT('',(-14.3599451107195,1.,7.79422863405994));
#12368=DIRECTION('',(7.06253680404605E-17,1.,0.));
#12369=DIRECTION('',(0.831705526702382,-5.87395089246408E-17,0.555216999787212));
#12370=CARTESIAN_POINT('',(-14.4635700782716,1.13251726241944E-15,7.30508462039952));
#12371=VECTOR('',#12372,1.);
#12372=DIRECTION('',(0.,1.,0.));
#12373=CARTESIAN_POINT('',(-11.6136221260682,1.,3.8365875055586));
#12374=CARTESIAN_POINT('',(-11.6136221260682,9.31238639398919E-16,3.8365875055586));
#12375=VECTOR('',#12376,1.);
#12376=DIRECTION('',(0.,1.,0.));
#12377=CARTESIAN_POINT('',(-12.5648555861942,1.,3.68961381268529));
#12378=AXIS2_PLACEMENT_3D('',#12379,#12380,#12381);
#12379=CARTESIAN_POINT('',(-12.1099451107194,1.,3.89711431702997));
#12380=DIRECTION('',(7.06253680404605E-17,1.,0.));
#12381=DIRECTION('',(0.992645969302469,-7.01059869158665E-17,-0.121053622942739));
#12382=CARTESIAN_POINT('',(-12.5648555861942,9.9841985261272E-16,3.68961381268529));
#12383=VECTOR('',#12384,1.);
#12384=DIRECTION('',(0.,1.,0.));
#12385=CARTESIAN_POINT('',(-13.2122822065883,1.,3.5940232183599));
#12386=CARTESIAN_POINT('',(-13.2122822066623,1.04414459596247E-15,3.59402321729777));
#12387=VECTOR('',#12388,1.);
#12388=DIRECTION('',(0.,1.,0.));
#12389=CARTESIAN_POINT('',(-14.0835786969351,1.,3.73689189027529));
#12390=AXIS2_PLACEMENT_3D('',#12391,#12392,#12393);
#12391=CARTESIAN_POINT('',(-13.6099451107194,1.,3.89711431702997));
#12392=DIRECTION('',(7.06253680404605E-17,1.,0.));
#12393=DIRECTION('',(0.795325808114204,-5.61701779101423E-17,-0.606182199464393));
#12394=CARTESIAN_POINT('',(-14.0835786969086,1.,3.73689189028028));
#12395=VECTOR('',#12396,1.);
#12396=DIRECTION('',(0.,-1.,0.));
#12397=CARTESIAN_POINT('',(-14.1093263515239,1.,3.87224714323334));
#12398=CARTESIAN_POINT('',(-14.1093263515239,1.10749866884186E-15,3.87224714323334));
#12399=VECTOR('',#12400,1.);
#12400=DIRECTION('',(0.,1.,0.));
#12401=CARTESIAN_POINT('',(-13.1939238908073,1.,4.17447030593737));
#12402=AXIS2_PLACEMENT_3D('',#12403,#12404,#12405);
#12403=CARTESIAN_POINT('',(-13.6099451107194,1.,3.89711431702997));
#12404=DIRECTION('',(7.06253680404605E-17,1.,0.));
#12405=DIRECTION('',(-0.998762481608852,7.05379678486288E-17,-0.0497343475932652));
#12406=CARTESIAN_POINT('',(-13.1939238908073,1.0428480331486E-15,4.17447030593737));
#12407=VECTOR('',#12408,1.);
#12408=DIRECTION('',(0.,1.,0.));
#12409=CARTESIAN_POINT('',(-14.8787994553615,1.,3.45375026119196));
#12410=CARTESIAN_POINT('',(-14.8787994553615,1.16184298999762E-15,3.45375026119196));
#12411=VECTOR('',#12412,1.);
#12412=DIRECTION('',(0.,1.,0.));
#12413=CARTESIAN_POINT('',(-15.1965009892556,1.,3.40466322312232));
#12414=AXIS2_PLACEMENT_3D('',#12415,#12416,#12417);
#12415=CARTESIAN_POINT('',(-15.1099451107194,1.,3.89711431702997));
#12416=DIRECTION('',(7.06253680404605E-17,1.,0.));
#12417=DIRECTION('',(0.462291310715972,-3.26494939612224E-17,-0.886728111676013));
#12418=CARTESIAN_POINT('',(-15.1965009892556,1.18428077775591E-15,3.40466322312232));
#12419=VECTOR('',#12420,1.);
#12420=DIRECTION('',(0.,1.,0.));
#12421=CARTESIAN_POINT('',(-10.8630683784162,1.,6.92638492926359));
#12422=CARTESIAN_POINT('',(-10.8630683784162,8.78230504736847E-16,6.92638492926359));
#12423=VECTOR('',#12424,1.);
#12424=DIRECTION('',(0.,1.,0.));
#12425=CARTESIAN_POINT('',(-10.9952803483136,1.,6.17657358804856));
#12426=AXIS2_PLACEMENT_3D('',#12427,#12428,#12429);
#12427=CARTESIAN_POINT('',(-10.6099451107194,1.,6.49519052838328));
#12428=DIRECTION('',(7.06253680404605E-17,1.,0.));
#12429=DIRECTION('',(-0.506246535393466,3.57538478813715E-17,0.862388801760617));
#12430=CARTESIAN_POINT('',(-10.9952803483136,8.87568023770206E-16,6.17657358804855));
#12431=VECTOR('',#12432,1.);
#12432=DIRECTION('',(0.,1.,0.));
#12433=CARTESIAN_POINT('',(-12.0254280637212,1.,6.00238542617076));
#12434=CARTESIAN_POINT('',(-12.0254280637212,9.60322585306908E-16,6.00238542617076));
#12435=VECTOR('',#12436,1.);
#12436=DIRECTION('',(0.,1.,0.));
#12437=CARTESIAN_POINT('',(-11.8619757936342,1.,6.92936931389024));
#12438=AXIS2_PLACEMENT_3D('',#12439,#12440,#12441);
#12439=CARTESIAN_POINT('',(-12.1099451107194,1.,6.49519052838328));
#12440=DIRECTION('',(7.06253680404605E-17,1.,0.));
#12441=DIRECTION('',(0.169034093996483,-1.19380950998874E-17,-0.98561020442505));
#12442=CARTESIAN_POINT('',(-11.8619757936342,9.48778708574967E-16,6.92936931389024));
#12443=VECTOR('',#12444,1.);
#12444=DIRECTION('',(0.,1.,0.));
#12445=CARTESIAN_POINT('',(-13.990968504041,1.,6.17142954595688));
#12446=CARTESIAN_POINT('',(-13.990968504041,1.0991396023029E-15,6.17142954595688));
#12447=VECTOR('',#12448,1.);
#12448=DIRECTION('',(0.,1.,0.));
#12449=CARTESIAN_POINT('',(-13.6919175953842,1.,6.98842527143966));
#12450=AXIS2_PLACEMENT_3D('',#12451,#12452,#12453);
#12451=CARTESIAN_POINT('',(-13.6099451107194,1.,6.49519052838328));
#12452=DIRECTION('',(7.06253680404605E-17,1.,0.));
#12453=DIRECTION('',(-0.762046786643164,5.38198347707237E-17,-0.647521964852798));
#12454=CARTESIAN_POINT('',(-13.6919175953842,1.07801902181618E-15,6.98842527143966));
#12455=VECTOR('',#12456,1.);
#12456=DIRECTION('',(0.,1.,0.));
#12457=CARTESIAN_POINT('',(-15.512921767558,1.,6.19920097781907));
#12458=CARTESIAN_POINT('',(-15.512921767558,1.20662811167917E-15,6.19920097781907));
#12459=VECTOR('',#12460,1.);
#12460=DIRECTION('',(0.,1.,0.));
#12461=CARTESIAN_POINT('',(-15.3873849129928,1.,6.91115585880704));
#12462=AXIS2_PLACEMENT_3D('',#12463,#12464,#12465);
#12463=CARTESIAN_POINT('',(-15.1099451107194,1.,6.49519052838328));
#12464=DIRECTION('',(7.06253680404605E-17,1.,0.));
#12465=DIRECTION('',(-0.805953313677151,5.69207494018775E-17,-0.591979101128427));
#12466=CARTESIAN_POINT('',(-15.3873849129928,1.19776202512286E-15,6.91115585880704));
#12467=VECTOR('',#12468,1.);
#12468=DIRECTION('',(0.,1.,0.));
#12469=CARTESIAN_POINT('',(-14.6104895987244,1.,6.47186261510845));
#12470=CARTESIAN_POINT('',(-14.6104895987244,1.14289350762375E-15,6.47186261510844));
#12471=VECTOR('',#12472,1.);
#12472=DIRECTION('',(0.,1.,0.));
#12473=CARTESIAN_POINT('',(-14.6326318354451,1.,6.34628775054862));
#12474=AXIS2_PLACEMENT_3D('',#12475,#12476,#12477);
#12475=CARTESIAN_POINT('',(-15.1099451107194,1.,6.49519052838328));
#12476=DIRECTION('',(7.06253680404605E-17,1.,0.));
#12477=DIRECTION('',(0.998911023990109,-7.05484587089747E-17,-0.0466558265496673));
#12478=CARTESIAN_POINT('',(-14.6326318354451,1.14445731124138E-15,6.34628775054864));
#12479=VECTOR('',#12480,1.);
#12480=DIRECTION('',(0.,1.,0.));
#12481=CARTESIAN_POINT('',(-10.4009004171397,1.,9.54746968566071));
#12482=CARTESIAN_POINT('',(-10.4009004171397,8.45589722375186E-16,9.54746968566071));
#12483=VECTOR('',#12484,1.);
#12484=DIRECTION('',(0.,1.,0.));
#12485=CARTESIAN_POINT('',(-10.568853911412,1.,8.59495808705286));
#12486=AXIS2_PLACEMENT_3D('',#12487,#12488,#12489);
#12487=CARTESIAN_POINT('',(-10.6099451107195,1.,9.09326673973659));
#12488=DIRECTION('',(7.06253680404605E-17,1.,0.));
#12489=DIRECTION('',(0.418089387159508,-2.95277168419508E-17,0.908405891848235));
#12490=CARTESIAN_POINT('',(-10.568853911412,8.57451499721849E-16,8.59495808705286));
#12491=VECTOR('',#12492,1.);
#12492=DIRECTION('',(0.,1.,0.));
#12493=CARTESIAN_POINT('',(-15.0907181723221,1.,8.59363655165758));
#12494=CARTESIAN_POINT('',(-15.0907181723221,1.17680982737763E-15,8.59363655165758));
#12495=VECTOR('',#12496,1.);
#12496=DIRECTION('',(0.,1.,0.));
#12497=CARTESIAN_POINT('',(-14.9209941100506,1.,9.55618954036995));
#12498=AXIS2_PLACEMENT_3D('',#12499,#12500,#12501);
#12499=CARTESIAN_POINT('',(-15.1099451107195,1.,9.09326673973659));
#12500=DIRECTION('',(7.06253680404605E-17,1.,0.));
#12501=DIRECTION('',(0.0384538767946231,-2.71581920120278E-18,-0.999260376158018));
#12502=CARTESIAN_POINT('',(-14.9209941100506,1.16482300301438E-15,9.55618954036995));
#12503=VECTOR('',#12504,1.);
#12504=DIRECTION('',(0.,1.,0.));
#12505=CARTESIAN_POINT('',(-10.878470739575,1.,11.2695681454794));
#12506=CARTESIAN_POINT('',(-10.878470739575,8.79318302162379E-16,11.2695681454794));
#12507=VECTOR('',#12508,1.);
#12508=DIRECTION('',(0.,1.,0.));
#12509=CARTESIAN_POINT('',(-10.2493248707119,1.,12.0376853286542));
#12510=AXIS2_PLACEMENT_3D('',#12511,#12512,#12513);
#12511=CARTESIAN_POINT('',(-10.6099451107195,1.,11.6913429510899));
#12512=DIRECTION('',(7.06253680404605E-17,1.,0.));
#12513=DIRECTION('',(-0.537051257711045,3.79294427324347E-17,-0.843549611220932));
#12514=CARTESIAN_POINT('',(-10.2493248707119,8.34884643622789E-16,12.0376853286542));
#12515=VECTOR('',#12516,1.);
#12516=DIRECTION('',(0.,1.,0.));
#12517=CARTESIAN_POINT('',(-10.2700584358069,1.,13.922708038782));
#12518=CARTESIAN_POINT('',(-10.2700584386247,8.36348959487419E-16,13.9227080361703));
#12519=VECTOR('',#12520,1.);
#12520=DIRECTION('',(0.,1.,0.));
#12521=CARTESIAN_POINT('',(-10.1469692575421,1.,14.1005981906878));
#12522=CARTESIAN_POINT('',(-10.1469692575421,8.27655740771662E-16,14.1005981906878));
#12523=VECTOR('',#12524,1.);
#12524=DIRECTION('',(0.,1.,0.));
#12525=AXIS2_PLACEMENT_3D('',#12526,#12527,#12528);
#12526=CARTESIAN_POINT('',(-10.6099451107195,1.,14.2894191624432));
#12527=DIRECTION('',(7.06253680404605E-17,1.,0.));
#12528=DIRECTION('',(0.925951706354756,-6.5395680048997E-17,-0.377641943510934));
#12529=CARTESIAN_POINT('',(-13.9249555962166,1.,14.6777082223289));
#12530=CARTESIAN_POINT('',(-13.9249555974268,1.09447741647785E-15,14.677708221347));
#12531=VECTOR('',#12532,1.);
#12532=DIRECTION('',(0.,1.,0.));
#12533=CARTESIAN_POINT('',(-13.7566590490255,1.,13.8114285555201));
#12534=CARTESIAN_POINT('',(-13.7566590490262,1.08259141080712E-15,13.8114285555203));
#12535=VECTOR('',#12536,1.);
#12536=DIRECTION('',(0.,1.,0.));
#12537=AXIS2_PLACEMENT_3D('',#12538,#12539,#12540);
#12538=CARTESIAN_POINT('',(-13.6099451107195,1.,14.2894191624432));
#12539=DIRECTION('',(7.06253680404605E-17,1.,0.));
#12540=DIRECTION('',(-0.293427876612139,2.07234517790631E-17,-0.95598121384622));
#12541=CARTESIAN_POINT('',(-10.1105399216878,1.,16.9118768661278));
#12542=CARTESIAN_POINT('',(-10.1105399216878,8.25082905519484E-16,16.9118768661266));
#12543=VECTOR('',#12544,1.);
#12544=DIRECTION('',(0.,1.,0.));
#12545=CARTESIAN_POINT('',(-10.1796224070261,1.,16.6328929961838));
#12546=CARTESIAN_POINT('',(-10.1796224068367,8.29961881458273E-16,16.632892996504));
#12547=VECTOR('',#12548,1.);
#12548=DIRECTION('',(0.,1.,0.));
#12549=AXIS2_PLACEMENT_3D('',#12550,#12551,#12552);
#12550=CARTESIAN_POINT('',(-10.6099451107195,1.,16.8874953737965));
#12551=DIRECTION('',(7.06253680404605E-17,1.,0.));
#12552=DIRECTION('',(0.86064540738663,-6.07833986490128E-17,-0.509204755225539));
#12553=CARTESIAN_POINT('',(-9.20339723926665,1.,16.3963063066645));
#12554=CARTESIAN_POINT('',(-9.20339723925856,7.6101561970771E-16,16.396306306663));
#12555=VECTOR('',#12556,1.);
#12556=DIRECTION('',(0.,1.,0.));
#12557=CARTESIAN_POINT('',(-9.01993276587436,1.,17.379326419762));
#12558=CARTESIAN_POINT('',(-9.01993276587436,7.48058373752601E-16,17.379326419762));
#12559=VECTOR('',#12560,1.);
#12560=DIRECTION('',(0.,1.,0.));
#12561=AXIS2_PLACEMENT_3D('',#12562,#12563,#12564);
#12562=CARTESIAN_POINT('',(-9.10994511071945,1.,16.8874953737965));
#12563=DIRECTION('',(7.06253680404605E-17,1.,0.));
#12564=DIRECTION('',(0.180024689690192,-1.27143099657395E-17,0.983662091930938));
#12565=CARTESIAN_POINT('',(-13.7145014212953,1.,16.3985495916092));
#12566=CARTESIAN_POINT('',(-13.7145014212953,1.07961401283292E-15,16.3985495916092));
#12567=VECTOR('',#12568,1.);
#12568=DIRECTION('',(1.77635683940025E-15,1.,0.));
#12569=CARTESIAN_POINT('',(-13.540966597722,1.,17.3827144816111));
#12570=AXIS2_PLACEMENT_3D('',#12571,#12572,#12573);
#12571=CARTESIAN_POINT('',(-13.6099451107195,1.,16.8874953737965));
#12572=DIRECTION('',(7.06253680404605E-17,1.,0.));
#12573=DIRECTION('',(-0.209112621151782,1.476865583075E-17,-0.977891564374615));
#12574=CARTESIAN_POINT('',(-13.540966597722,1.06735805205022E-15,17.3827144816111));
#12575=VECTOR('',#12576,1.);
#12576=DIRECTION('',(0.,1.,0.));
#12577=CARTESIAN_POINT('',(-8.62622844650286,1.,19.6121345685185));
#12578=CARTESIAN_POINT('',(-8.62622844650287,7.2025286129787E-16,19.6121345685185));
#12579=VECTOR('',#12580,1.);
#12580=DIRECTION('',(1.77635683940025E-15,1.,0.));
#12581=CARTESIAN_POINT('',(-8.69868722051543,1.,19.2012004407893));
#12582=AXIS2_PLACEMENT_3D('',#12583,#12584,#12585);
#12583=CARTESIAN_POINT('',(-9.10994511071945,1.,19.4855715851498));
#12584=DIRECTION('',(7.06253680404605E-17,1.,0.));
#12585=DIRECTION('',(0.967433328433174,-6.83253348752006E-17,0.253125966737335));
#12586=CARTESIAN_POINT('',(-8.69868722051543,7.25370288880268E-16,19.2012004407893));
#12587=VECTOR('',#12588,1.);
#12588=DIRECTION('',(0.,1.,0.));
#12589=CARTESIAN_POINT('',(-13.2268262363592,1.,19.1642930018161));
#12590=CARTESIAN_POINT('',(-13.2268262363592,1.0451717734126E-15,19.1642930018161));
#12591=VECTOR('',#12592,1.);
#12592=DIRECTION('',(0.,1.,0.));
#12593=CARTESIAN_POINT('',(-13.1400473844801,1.,19.6564403268057));
#12594=AXIS2_PLACEMENT_3D('',#12595,#12596,#12597);
#12595=CARTESIAN_POINT('',(-13.6099451107195,1.,19.4855715851498));
#12596=DIRECTION('',(7.06253680404605E-17,1.,0.));
#12597=DIRECTION('',(0.76623774872043,-5.41158230098743E-17,-0.642557166667564));
#12598=CARTESIAN_POINT('',(-13.1400473844801,1.03904298506051E-15,19.6564403268057));
#12599=VECTOR('',#12600,1.);
#12600=DIRECTION('',(1.77635683940025E-15,1.,0.));
#12601=CARTESIAN_POINT('',(-11.0935472385685,1.,5.6192743598754));
#12602=CARTESIAN_POINT('',(-11.0935472385685,8.94508159060652E-16,5.6192743598754));
#12603=VECTOR('',#12604,1.);
#12604=DIRECTION('',(0.,1.,0.));
#12605=CARTESIAN_POINT('',(-11.2543292216609,1.,4.70743442224177));
#12606=AXIS2_PLACEMENT_3D('',#12607,#12608,#12609);
#12607=CARTESIAN_POINT('',(-11.3599451107195,1.,5.19615242270662));
#12608=DIRECTION('',(7.06253680404605E-17,1.,0.));
#12609=DIRECTION('',(0.532795744301854,-3.76288955317095E-17,0.846243874337554));
#12610=CARTESIAN_POINT('',(-11.2543292216609,9.05863445790823E-16,4.70743442224177));
#12611=VECTOR('',#12612,1.);
#12612=DIRECTION('',(0.,1.,0.));
#12613=CARTESIAN_POINT('',(-12.766567831325,1.,4.70494912091306));
#12614=CARTESIAN_POINT('',(-12.766567831325,1.01266585416335E-15,4.70494912091306));
#12615=VECTOR('',#12616,1.);
#12616=DIRECTION('',(0.,1.,0.));
#12617=CARTESIAN_POINT('',(-13.3041478553569,1.,5.42568220651806));
#12618=AXIS2_PLACEMENT_3D('',#12619,#12620,#12621);
#12619=CARTESIAN_POINT('',(-12.8599451107195,1.,5.19615242270662));
#12620=DIRECTION('',(7.06253680404605E-17,1.,0.));
#12621=DIRECTION('',(0.186754558788817,-1.3189609447694E-17,-0.982406603587127));
#12622=CARTESIAN_POINT('',(-13.3041478553569,1.0506326412118E-15,5.42568220651806));
#12623=VECTOR('',#12624,1.);
#12624=DIRECTION('',(0.,1.,0.));
#12625=CARTESIAN_POINT('',(-12.3601225352304,1.,5.20947132023783));
#12626=CARTESIAN_POINT('',(-12.3601225352304,9.83960505538349E-16,5.20947132023782));
#12627=VECTOR('',#12628,1.);
#12628=DIRECTION('',(0.,1.,0.));
#12629=CARTESIAN_POINT('',(-12.5057342256332,1.,5.54904709380042));
#12630=CARTESIAN_POINT('',(-12.5057342256332,9.94244384764042E-16,5.54904709380042));
#12631=VECTOR('',#12632,1.);
#12632=DIRECTION('',(0.,1.,0.));
#12633=AXIS2_PLACEMENT_3D('',#12634,#12635,#12636);
#12634=CARTESIAN_POINT('',(-12.8599451107195,1.,5.19615242270662));
#12635=DIRECTION('',(7.06253680404605E-17,1.,0.));
#12636=DIRECTION('',(0.708421770172546,-5.00325482463106E-17,0.705789342187594));
#12637=CARTESIAN_POINT('',(-13.8801022462884,1.,5.33669005273728));
#12638=CARTESIAN_POINT('',(-13.8801022462884,1.09130963204586E-15,5.33669005273728));
#12639=VECTOR('',#12640,1.);
#12640=DIRECTION('',(0.,1.,0.));
#12641=CARTESIAN_POINT('',(-14.6806140593952,1.,4.81252314155722));
#12642=AXIS2_PLACEMENT_3D('',#12643,#12644,#12645);
#12643=CARTESIAN_POINT('',(-14.3599451107195,1.,5.19615242270662));
#12644=DIRECTION('',(7.06253680404605E-17,1.,0.));
#12645=DIRECTION('',(0.959685728862043,-6.77781578040594E-17,0.281075260061301));
#12646=CARTESIAN_POINT('',(-14.6806140593952,1.14784607346726E-15,4.81252314155722));
#12647=VECTOR('',#12648,1.);
#12648=DIRECTION('',(0.,1.,0.));
#12649=CARTESIAN_POINT('',(-14.2645128310829,1.,5.68696061335077));
#12650=CARTESIAN_POINT('',(-14.2645128310829,1.11845877107562E-15,5.68696061335077));
#12651=VECTOR('',#12652,1.);
#12652=DIRECTION('',(0.,1.,0.));
#12653=CARTESIAN_POINT('',(-14.7906536415797,1.,5.45010155431405));
#12654=CARTESIAN_POINT('',(-14.7906536415797,1.15561765945806E-15,5.45010155431406));
#12655=VECTOR('',#12656,1.);
#12656=DIRECTION('',(0.,1.,0.));
#12657=AXIS2_PLACEMENT_3D('',#12658,#12659,#12660);
#12658=CARTESIAN_POINT('',(-14.3599451107195,1.,5.19615242270662));
#12659=DIRECTION('',(7.06253680404605E-17,1.,0.));
#12660=DIRECTION('',(-0.861417061720595,6.08378970203491E-17,0.507898263214847));
#12661=CARTESIAN_POINT('',(-14.8515344572682,1.,5.10482929113657));
#12662=CARTESIAN_POINT('',(-14.8515344572682,1.15991738947266E-15,5.10482929113656));
#12663=VECTOR('',#12664,1.);
#12664=DIRECTION('',(0.,1.,0.));
#12665=CARTESIAN_POINT('',(-14.8481435640836,1.,5.08816043164764));
#12666=CARTESIAN_POINT('',(-14.8481435640836,1.15967790639351E-15,5.08816043164763));
#12667=VECTOR('',#12668,1.);
#12668=DIRECTION('',(0.,1.,0.));
#12669=AXIS2_PLACEMENT_3D('',#12670,#12671,#12672);
#12670=CARTESIAN_POINT('',(-14.3599451107195,1.,5.19615242270662));
#12671=DIRECTION('',(7.06253680404605E-17,1.,0.));
#12672=DIRECTION('',(-0.976396906728233,6.89583908912486E-17,-0.215983982117976));
#12673=CARTESIAN_POINT('',(-15.7767198845523,1.,4.70312751285984));
#12674=CARTESIAN_POINT('',(-15.7767198845523,1.22525895078028E-15,4.70312751285984));
#12675=VECTOR('',#12676,1.);
#12676=DIRECTION('',(0.,1.,0.));
#12677=CARTESIAN_POINT('',(-15.6131145294981,1.,5.6309795885713));
#12678=AXIS2_PLACEMENT_3D('',#12679,#12680,#12681);
#12679=CARTESIAN_POINT('',(-15.8599451107195,1.,5.19615242270662));
#12680=DIRECTION('',(7.06253680404605E-17,1.,0.));
#12681=DIRECTION('',(0.166450452334225,-1.17556244566057E-17,-0.986049819693575));
#12682=CARTESIAN_POINT('',(-15.6131145294981,1.21370426236618E-15,5.6309795885713));
#12683=VECTOR('',#12684,1.);
#12684=DIRECTION('',(0.,1.,0.));
#12685=CARTESIAN_POINT('',(-10.1849328887973,1.,10.7722824027769));
#12686=CARTESIAN_POINT('',(-10.1849328887973,8.30336936201213E-16,10.7722824027769));
#12687=VECTOR('',#12688,1.);
#12688=DIRECTION('',(0.,1.,0.));
#12689=CARTESIAN_POINT('',(-10.2952937062548,1.,10.1463951051316));
#12690=AXIS2_PLACEMENT_3D('',#12691,#12692,#12693);
#12691=CARTESIAN_POINT('',(-9.85994511071945,1.,10.3923048454132));
#12692=DIRECTION('',(7.06253680404605E-17,1.,0.));
#12693=DIRECTION('',(-0.649975556155634,4.59047628707947E-17,0.759955114727294));
#12694=CARTESIAN_POINT('',(-10.2952937062548,8.381312095514E-16,10.1463951051316));
#12695=VECTOR('',#12696,1.);
#12696=DIRECTION('',(0.,1.,0.));
#12697=CARTESIAN_POINT('',(-11.7736061020002,1.,10.6731688414907));
#12698=CARTESIAN_POINT('',(-11.7736061020003,9.42537566579695E-16,10.6731688414907));
#12699=VECTOR('',#12700,1.);
#12700=DIRECTION('',(0.,1.,0.));
#12701=CARTESIAN_POINT('',(-11.2070857222475,1.,10.8683657736105));
#12702=AXIS2_PLACEMENT_3D('',#12703,#12704,#12705);
#12703=CARTESIAN_POINT('',(-11.3599451107195,1.,10.3923048454132));
#12704=DIRECTION('',(7.06253680404605E-17,1.,0.));
#12705=DIRECTION('',(-0.82732198256159,5.84299195063757E-17,0.561727992154886));
#12706=CARTESIAN_POINT('',(-11.2070857222475,9.02526856257235E-16,10.8683657736105));
#12707=VECTOR('',#12708,1.);
#12708=DIRECTION('',(0.,1.,0.));
#12709=CARTESIAN_POINT('',(-13.3586519031628,1.,10.4282427803967));
#12710=CARTESIAN_POINT('',(-13.3586519031628,1.05448200964779E-15,10.4282427803967));
#12711=VECTOR('',#12712,1.);
#12712=DIRECTION('',(0.,1.,0.));
#12713=CARTESIAN_POINT('',(-12.3953459995085,1.,10.5770957160264));
#12714=AXIS2_PLACEMENT_3D('',#12715,#12716,#12717);
#12715=CARTESIAN_POINT('',(-12.8599451107195,1.,10.3923048454132));
#12716=DIRECTION('',(7.06253680404605E-17,1.,0.));
#12717=DIRECTION('',(-0.997413584886685,7.04427015211772E-17,0.0718758699668455));
#12718=CARTESIAN_POINT('',(-12.3953459995085,9.86448175666652E-16,10.5770957160264));
#12719=VECTOR('',#12720,1.);
#12720=DIRECTION('',(0.,1.,0.));
#12721=CARTESIAN_POINT('',(-14.811443594827,1.,10.1774813856873));
#12722=CARTESIAN_POINT('',(-14.811443594827,1.15708595755769E-15,10.1774813856874));
#12723=VECTOR('',#12724,1.);
#12724=DIRECTION('',(0.,1.,0.));
#12725=CARTESIAN_POINT('',(-14.7107409540461,1.,10.7485944415352));
#12726=AXIS2_PLACEMENT_3D('',#12727,#12728,#12729);
#12727=CARTESIAN_POINT('',(-14.3599451107195,1.,10.3923048454132));
#12728=DIRECTION('',(7.06253680404605E-17,1.,0.));
#12729=DIRECTION('',(-0.902996968215043,6.37744932196074E-17,-0.429646919451823));
#12730=CARTESIAN_POINT('',(-14.7107409540461,1.1499737964899E-15,10.7485944415352));
#12731=VECTOR('',#12732,1.);
#12732=DIRECTION('',(0.,1.,0.));
#12733=CARTESIAN_POINT('',(-11.7873394057872,1.,12.7308928748709));
#12734=CARTESIAN_POINT('',(-11.7873394057872,9.43507486214063E-16,12.7308928748709));
#12735=VECTOR('',#12736,1.);
#12736=DIRECTION('',(0.,1.,0.));
#12737=CARTESIAN_POINT('',(-10.9127852064443,1.,13.2140952047516));
#12738=CARTESIAN_POINT('',(-10.9127852048036,8.81741773898259E-16,13.214095201472));
#12739=VECTOR('',#12740,1.);
#12740=DIRECTION('',(0.,1.,0.));
#12741=AXIS2_PLACEMENT_3D('',#12742,#12743,#12744);
#12742=CARTESIAN_POINT('',(-11.3599451107195,1.,12.9903810567666));
#12743=DIRECTION('',(7.06253680404605E-17,1.,0.));
#12744=DIRECTION('',(0.894319808550208,-6.31616656247326E-17,0.447428295970113));
#12745=CARTESIAN_POINT('',(-13.336530204082,1.,13.1415982806025));
#12746=CARTESIAN_POINT('',(-13.336530204082,1.05291965650852E-15,13.1415982806025));
#12747=VECTOR('',#12748,1.);
#12748=DIRECTION('',(0.,1.,0.));
#12749=CARTESIAN_POINT('',(-12.4785912604291,1.,12.6670093807206));
#12750=CARTESIAN_POINT('',(-12.4785912576366,9.92327402659572E-16,12.6670093840139));
#12751=VECTOR('',#12752,1.);
#12752=DIRECTION('',(0.,1.,0.));
#12753=AXIS2_PLACEMENT_3D('',#12754,#12755,#12756);
#12754=CARTESIAN_POINT('',(-12.8599451107195,1.,12.9903810567666));
#12755=DIRECTION('',(7.06253680404605E-17,1.,0.));
#12756=DIRECTION('',(0.762707700580647,-5.38665120608015E-17,-0.646743352091834));
#12757=CARTESIAN_POINT('',(-9.38138343431688,1.,15.733297600482));
#12758=CARTESIAN_POINT('',(-9.38138343419235,7.7358596023103E-16,15.7332976000705));
#12759=VECTOR('',#12760,1.);
#12760=DIRECTION('',(0.,1.,0.));
#12761=CARTESIAN_POINT('',(-9.58383454257028,1.,15.1716084296228));
#12762=AXIS2_PLACEMENT_3D('',#12763,#12764,#12765);
#12763=CARTESIAN_POINT('',(-9.85994511071945,1.,15.5884572681199));
#12764=DIRECTION('',(7.06253680404605E-17,1.,0.));
#12765=DIRECTION('',(0.957123352805138,-6.75971890519824E-17,0.289680664724195));
#12766=CARTESIAN_POINT('',(-9.58383454470279,7.87884144421029E-16,15.1716084282103));
#12767=VECTOR('',#12768,1.);
#12768=DIRECTION('',(0.,1.,0.));
#12769=CARTESIAN_POINT('',(-11.7867552939114,1.,15.3280094470046));
#12770=CARTESIAN_POINT('',(-11.7867552897946,9.43466232807103E-16,15.3280094402582));
#12771=VECTOR('',#12772,1.);
#12772=DIRECTION('',(0.,1.,0.));
#12773=CARTESIAN_POINT('',(-10.8603151173944,1.,15.5692252695243));
#12774=AXIS2_PLACEMENT_3D('',#12775,#12776,#12777);
#12775=CARTESIAN_POINT('',(-11.3599451107195,1.,15.5884572681199));
#12776=DIRECTION('',(7.06253680404605E-17,1.,0.));
#12777=DIRECTION('',(-0.853620366383822,6.02872525426901E-17,-0.520895642230524));
#12778=CARTESIAN_POINT('',(-10.8603151175109,8.780360546721E-16,15.569225266497));
#12779=VECTOR('',#12780,1.);
#12780=DIRECTION('',(0.,1.,0.));
#12781=CARTESIAN_POINT('',(-12.7587940182945,1.,16.0781188415573));
#12782=CARTESIAN_POINT('',(-12.7587940210824,1.01211682595389E-15,16.0781188421332));
#12783=VECTOR('',#12784,1.);
#12784=DIRECTION('',(0.,1.,0.));
#12785=CARTESIAN_POINT('',(-12.3823787527042,1.,15.4403681946133));
#12786=AXIS2_PLACEMENT_3D('',#12787,#12788,#12789);
#12787=CARTESIAN_POINT('',(-12.8599451107195,1.,15.5884572681199));
#12788=DIRECTION('',(7.06253680404605E-17,1.,0.));
#12789=DIRECTION('',(0.20230218484981,-1.42876662604071E-17,0.979323146874919));
#12790=CARTESIAN_POINT('',(-12.3823787527032,9.85532359088555E-16,15.4403681946166));
#12791=VECTOR('',#12792,1.);
#12792=DIRECTION('',(0.,1.,0.));
#12793=CARTESIAN_POINT('',(-9.96329362452119,1.,17.6973309808134));
#12794=CARTESIAN_POINT('',(-9.96329362452119,8.14683581589498E-16,17.6973309808134));
#12795=VECTOR('',#12796,1.);
#12796=DIRECTION('',(0.,1.,0.));
#12797=CARTESIAN_POINT('',(-10.3595402272701,1.,18.2066511214501));
#12798=AXIS2_PLACEMENT_3D('',#12799,#12800,#12801);
#12799=CARTESIAN_POINT('',(-9.85994511071945,1.,18.1865334794732));
#12800=DIRECTION('',(7.06253680404605E-17,1.,0.));
#12801=DIRECTION('',(-0.206697027603464,1.45980536473639E-17,-0.978404997319562));
#12802=CARTESIAN_POINT('',(-10.3595402272701,8.42668643743425E-16,18.2066511214501));
#12803=VECTOR('',#12804,1.);
#12804=DIRECTION('',(0.,1.,0.));
#12805=CARTESIAN_POINT('',(-11.816023359417,1.,17.9816124433033));
#12806=CARTESIAN_POINT('',(-11.816023359417,9.45533300996022E-16,17.9816124433033));
#12807=VECTOR('',#12808,1.);
#12808=DIRECTION('',(0.,1.,0.));
#12809=CARTESIAN_POINT('',(-10.8632873546473,1.,18.1288180280465));
#12810=CARTESIAN_POINT('',(-10.8632873546473,8.78245970013763E-16,18.1288180280465));
#12811=VECTOR('',#12812,1.);
#12812=DIRECTION('',(0.,1.,0.));
#12813=AXIS2_PLACEMENT_3D('',#12814,#12815,#12816);
#12814=CARTESIAN_POINT('',(-11.3599451107195,1.,18.1865334794732));
#12815=DIRECTION('',(7.06253680404605E-17,1.,0.));
#12816=DIRECTION('',(0.993315512144274,-7.01532736254878E-17,-0.115430902853433));
#12817=CARTESIAN_POINT('',(-12.4637437831057,1.,17.8815342860363));
#12818=CARTESIAN_POINT('',(-12.4637437831057,9.9127879430636E-16,17.8815342860363));
#12819=VECTOR('',#12820,1.);
#12820=DIRECTION('',(0.,1.,0.));
#12821=CARTESIAN_POINT('',(-12.5588418907728,1.,17.7873632765049));
#12822=AXIS2_PLACEMENT_3D('',#12823,#12824,#12825);
#12823=CARTESIAN_POINT('',(-12.8599451107195,1.,18.1865334794732));
#12824=DIRECTION('',(7.06253680404605E-17,1.,0.));
#12825=DIRECTION('',(0.792402655227422,-5.59637291616748E-17,-0.609998386873712));
#12826=CARTESIAN_POINT('',(-12.5588418907728,9.97995133160299E-16,17.7873632765049));
#12827=VECTOR('',#12828,1.);
#12828=DIRECTION('',(0.,1.,0.));
#12829=CARTESIAN_POINT('',(-9.36392093364154,1.,20.8475383468918));
#12830=CARTESIAN_POINT('',(-9.36392093364154,7.72352664702722E-16,20.8475383468918));
#12831=VECTOR('',#12832,1.);
#12832=DIRECTION('',(0.,1.,0.));
#12833=CARTESIAN_POINT('',(-10.2622156307068,1.,20.487661162039));
#12834=CARTESIAN_POINT('',(-10.2622156307068,8.35795058291753E-16,20.487661162039));
#12835=VECTOR('',#12836,1.);
#12836=DIRECTION('',(0.,1.,0.));
#12837=AXIS2_PLACEMENT_3D('',#12838,#12839,#12840);
#12838=CARTESIAN_POINT('',(-9.85994511071945,1.,20.7846096908265));
#12839=DIRECTION('',(7.06253680404605E-17,1.,0.));
#12840=DIRECTION('',(-0.804541039974779,5.68210070518736E-17,-0.593897057575049));
#12841=CARTESIAN_POINT('',(-11.480620142304,1.,20.2993906302445));
#12842=CARTESIAN_POINT('',(-11.480620142304,9.2184532534546E-16,20.2993906302445));
#12843=VECTOR('',#12844,1.);
#12844=DIRECTION('',(0.,1.,0.));
#12845=CARTESIAN_POINT('',(-11.098441184489,1.,20.3584457592625));
#12846=AXIS2_PLACEMENT_3D('',#12847,#12848,#12849);
#12847=CARTESIAN_POINT('',(-11.3599451107195,1.,20.7846096908265));
#12848=DIRECTION('',(7.06253680404605E-17,1.,0.));
#12849=DIRECTION('',(-0.241350063169097,1.70454370379059E-17,-0.970438121163979));
#12850=CARTESIAN_POINT('',(-11.098441184489,8.94853795792458E-16,20.3584457592625));
#12851=VECTOR('',#12852,1.);
#12852=DIRECTION('',(0.,1.,0.));
#12853=CARTESIAN_POINT('',(-13.0243801014219,1.,20.3124220863379));
#12854=CARTESIAN_POINT('',(-13.0243801014219,1.03087394062429E-15,20.3124220863379));
#12855=VECTOR('',#12856,1.);
#12856=DIRECTION('',(1.77635683940025E-15,1.,0.));
#12857=CARTESIAN_POINT('',(-12.8529657859178,1.,21.2845609774788));
#12858=AXIS2_PLACEMENT_3D('',#12859,#12860,#12861);
#12859=CARTESIAN_POINT('',(-12.8599451107195,1.,20.7846096908265));
#12860=DIRECTION('',(7.06253680404605E-17,1.,0.));
#12861=DIRECTION('',(-0.328869981404945,2.32265634741836E-17,-0.94437520897719));
#12862=CARTESIAN_POINT('',(-12.8529657859178,1.0187677415044E-15,21.2845609774788));
#12863=VECTOR('',#12864,1.);
#12864=DIRECTION('',(1.77635683940025E-15,1.,0.));
#12865=CARTESIAN_POINT('',(-10.0325889440153,1.,17.3043376951817));
#12866=CARTESIAN_POINT('',(-9.96329362452119,1.,17.6973309808134));
#12867=VECTOR('',#12868,1.);
#12868=DIRECTION('',(-0.17364817766693,0.,-0.984807753012208));
#12869=CARTESIAN_POINT('',(-10.0325889440153,1.,17.3043376951817));
#12870=CARTESIAN_POINT('',(-10.0695142741635,1.,17.094923741629));
#12871=CARTESIAN_POINT('',(-10.1105399216875,1.,16.9118768661279));
#12872=CARTESIAN_POINT('',(-10.524046161614,1.,15.8436946036954));
#12873=CARTESIAN_POINT('',(-10.1796224069327,1.,16.6328929961525));
#12874=CARTESIAN_POINT('',(-10.3286718456283,1.,16.0893478107137));
#12875=CARTESIAN_POINT('',(-10.524046161614,1.,15.8436946036954));
#12876=CARTESIAN_POINT('',(-10.524046161614,1.,15.8436946036954));
#12877=CARTESIAN_POINT('',(-10.6522853523701,1.,15.6824534963602));
#12878=CARTESIAN_POINT('',(-10.860315117489,1.,15.5692252692046));
#12879=CARTESIAN_POINT('',(-11.7867552937882,1.,15.3280094471466));
#12880=CARTESIAN_POINT('',(-12.1521788014799,1.,15.3090762933107));
#12881=CARTESIAN_POINT('',(-12.3823787526957,1.,15.4403681946124));
#12882=CARTESIAN_POINT('',(-12.7209983084081,1.,16.8677285332357));
#12883=CARTESIAN_POINT('',(-12.7587940182945,1.,16.0781188415573));
#12884=CARTESIAN_POINT('',(-12.802968121881,1.,16.4028546203294));
#12885=CARTESIAN_POINT('',(-12.7209983084081,1.,16.8677285332357));
#12886=CARTESIAN_POINT('',(-12.7209983084081,1.,16.8677285332357));
#12887=VECTOR('',#12888,1.);
#12888=DIRECTION('',(0.173648177666931,0.,0.984807753012208));
#12889=CARTESIAN_POINT('',(-12.4637437831057,1.,17.8815342860363));
#12890=VECTOR('',#12891,1.);
#12891=DIRECTION('',(0.988273150197681,0.,0.152696367338425));
#12892=CARTESIAN_POINT('',(-10.8632873546473,1.,18.1288180280465));
#12893=VECTOR('',#12894,1.);
#12894=DIRECTION('',(0.98827315019768,0.,0.152696367338433));
#12895=CARTESIAN_POINT('',(-12.1099451107195,1.,16.3874953737965));
#12896=AXIS2_PLACEMENT_3D('',#12897,#12898,#12899);
#12897=CARTESIAN_POINT('',(-12.1099451107195,1.,16.8874953737965));
#12898=DIRECTION('',(7.06253680404605E-17,1.,0.));
#12899=DIRECTION('',(6.12323399573677E-17,-4.32455654546769E-33,-1.));
#12900=CARTESIAN_POINT('',(-14.1137080978838,1.,3.87978939261111));
#12901=AXIS2_PLACEMENT_3D('',#12902,#12903,#12904);
#12902=CARTESIAN_POINT('',(-14.3017073842253,1.,3.76552536355962));
#12903=DIRECTION('',(-7.06253680404605E-17,-1.,0.));
#12904=DIRECTION('',(0.874459239552016,-6.17590056297424E-17,0.48509899851691));
#12905=CARTESIAN_POINT('',(-14.6806140593952,1.,4.81252314155722));
#12906=VECTOR('',#12907,1.);
#12907=DIRECTION('',(0.519381950234064,-2.03430494252447E-16,-0.854542210643254));
#12908=CARTESIAN_POINT('',(-13.3041478553569,1.,5.42568220651806));
#12909=VECTOR('',#12910,1.);
#12910=DIRECTION('',(-0.988272517982932,0.,-0.152700459068321));
#12911=CARTESIAN_POINT('',(-13.1939238908073,1.,4.17447030593737));
#12912=VECTOR('',#12913,1.);
#12913=DIRECTION('',(0.627352598268858,0.,0.778735332089993));
#12914=CARTESIAN_POINT('',(-12.4273102070155,1.,5.82245604478315));
#12915=CARTESIAN_POINT('',(-12.6019913732014,1.,5.53417416112768));
#12916=AXIS2_PLACEMENT_3D('',#12917,#12918,#12919);
#12917=CARTESIAN_POINT('',(-12.6355854741965,1.,5.75159411508392));
#12918=DIRECTION('',(-7.06253680404605E-17,-1.,0.));
#12919=DIRECTION('',(0.152700459068334,-1.07845261216484E-17,-0.98827251798293));
#12920=CARTESIAN_POINT('',(-12.7373803734381,1.,6.73380501637663));
#12921=CARTESIAN_POINT('',(-12.7373803734381,1.,6.73380501637663));
#12922=VECTOR('',#12923,1.);
#12923=DIRECTION('',(0.322099680451026,0.,-0.946705759913473));
#12924=CARTESIAN_POINT('',(-12.6285534985572,1.,7.3509928933745));
#12925=VECTOR('',#12926,1.);
#12926=DIRECTION('',(-0.17364817766693,0.,-0.984807753012208));
#12927=CARTESIAN_POINT('',(-12.4610462654646,1.,8.30097361906701));
#12928=CARTESIAN_POINT('',(-12.4610462654646,1.,8.30097361906702));
#12929=VECTOR('',#12930,1.);
#12930=DIRECTION('',(-0.173648177666921,0.,-0.98480775301221));
#12931=CARTESIAN_POINT('',(-11.5965725608772,1.,8.43454584269289));
#12932=CARTESIAN_POINT('',(-11.5965725608772,1.,8.4345458426929));
#12933=VECTOR('',#12934,1.);
#12934=DIRECTION('',(-0.988272478489916,0.,-0.152700714665646));
#12935=CARTESIAN_POINT('',(-11.6359655384097,1.,8.21113716539228));
#12936=VECTOR('',#12937,1.);
#12937=DIRECTION('',(0.17364817766693,0.,0.984807753012208));
#12938=CARTESIAN_POINT('',(-11.8619757936342,1.,6.92936931389024));
#12939=VECTOR('',#12940,1.);
#12940=DIRECTION('',(0.173648177666934,0.,0.984807753012207));
#12941=CARTESIAN_POINT('',(-12.1106331185001,1.,5.51916354806398));
#12942=CARTESIAN_POINT('',(-12.1106331185001,1.,5.51916354806398));
#12943=VECTOR('',#12944,1.);
#12944=DIRECTION('',(0.173648177666933,0.,0.984807753012208));
#12945=CARTESIAN_POINT('',(-12.3601225352304,1.,5.20947132023783));
#12946=VECTOR('',#12947,1.);
#12947=DIRECTION('',(0.627352598268862,0.,0.778735332089991));
#12948=CARTESIAN_POINT('',(-12.5057342256332,1.,5.54904709380042));
#12949=VECTOR('',#12950,1.);
#12950=DIRECTION('',(-0.988272517982929,0.,-0.15270045906834));
#12951=CARTESIAN_POINT('',(-14.2645128310829,1.,5.68696061335077));
#12952=VECTOR('',#12953,1.);
#12953=DIRECTION('',(0.491667698025865,-3.99102262302924E-16,0.870782909063991));
#12954=CARTESIAN_POINT('',(-14.6326318354451,1.,6.34628775054863));
#12955=VECTOR('',#12956,1.);
#12956=DIRECTION('',(-0.173648177666927,0.,-0.984807753012209));
#12957=CARTESIAN_POINT('',(-14.4635700782716,1.,7.30508462039952));
#12958=VECTOR('',#12959,1.);
#12959=DIRECTION('',(-0.173648177666932,0.,-0.984807753012208));
#12960=CARTESIAN_POINT('',(-13.4884701550838,1.,8.14223304086288));
#12961=CARTESIAN_POINT('',(-13.4884701550838,1.,8.14223304086288));
#12962=VECTOR('',#12963,1.);
#12963=DIRECTION('',(-0.988273636723659,0.,-0.152693218438125));
#12964=CARTESIAN_POINT('',(-13.6919175953842,1.,6.98842527143966));
#12965=VECTOR('',#12966,1.);
#12966=DIRECTION('',(0.173648177666932,0.,0.984807753012208));
#12967=CARTESIAN_POINT('',(-14.8530501641972,1.,5.09623328998623));
#12968=CARTESIAN_POINT('',(-14.8515344572682,1.,5.10482929113657));
#12969=VECTOR('',#12970,1.);
#12970=DIRECTION('',(-0.173648177666948,0.,-0.984807753012205));
#12971=CARTESIAN_POINT('',(-14.8530501641972,1.,5.09623328998623));
#12972=VECTOR('',#12973,1.);
#12973=DIRECTION('',(0.519381950234069,0.,-0.854542210643251));
#12974=CARTESIAN_POINT('',(-2.5,1.,-23.5));
#12975=CARTESIAN_POINT('',(-2.5,1.,23.5));
#12976=CARTESIAN_POINT('',(-2.5,1.,-23.5));
#12977=VECTOR('',#12978,1.);
#12978=DIRECTION('',(0.,0.,1.));
#12979=CARTESIAN_POINT('',(-17.2198901107195,1.,-23.5));
#12980=CARTESIAN_POINT('',(-2.5,1.,-23.5));
#12981=VECTOR('',#12982,1.);
#12982=DIRECTION('',(-1.,7.54233228831416E-17,0.));
#12983=CARTESIAN_POINT('',(-17.2198901107195,1.,23.5));
#12984=CARTESIAN_POINT('',(-17.2198901107195,1.,-23.5));
#12985=VECTOR('',#12986,1.);
#12986=DIRECTION('',(0.,0.,1.));
#12987=CARTESIAN_POINT('',(-2.5,1.,23.5));
#12988=VECTOR('',#12989,1.);
#12989=DIRECTION('',(-1.,7.54233228831416E-17,0.));
#12990=CARTESIAN_POINT('',(-9.10994511071945,1.,0.799038105676657));
#12991=AXIS2_PLACEMENT_3D('',#12992,#12993,#12994);
#12992=CARTESIAN_POINT('',(-9.10994511071945,1.,1.29903810567666));
#12993=DIRECTION('',(7.06253680404605E-17,1.,0.));
#12994=DIRECTION('',(6.12323399573677E-17,-4.32455654546769E-33,-1.));
#12995=CARTESIAN_POINT('',(-9.10994511071945,1.,-1.79903810567666));
#12996=AXIS2_PLACEMENT_3D('',#12997,#12998,#12999);
#12997=CARTESIAN_POINT('',(-9.10994511071945,1.,-1.29903810567666));
#12998=DIRECTION('',(7.06253680404605E-17,1.,0.));
#12999=DIRECTION('',(6.12323399573677E-17,-4.32455654546769E-33,-1.));
#13000=CARTESIAN_POINT('',(-9.10994511071945,1.,3.39711431702997));
#13001=AXIS2_PLACEMENT_3D('',#13002,#13003,#13004);
#13002=CARTESIAN_POINT('',(-9.10994511071945,1.,3.89711431702997));
#13003=DIRECTION('',(7.06253680404605E-17,1.,0.));
#13004=DIRECTION('',(6.12323399573677E-17,-4.32455654546769E-33,-1.));
#13005=CARTESIAN_POINT('',(-9.10994511071945,1.,5.99519052838328));
#13006=AXIS2_PLACEMENT_3D('',#13007,#13008,#13009);
#13007=CARTESIAN_POINT('',(-9.10994511071945,1.,6.49519052838328));
#13008=DIRECTION('',(7.06253680404605E-17,1.,0.));
#13009=DIRECTION('',(6.12323399573677E-17,-4.32455654546769E-33,-1.));
#13010=CARTESIAN_POINT('',(-9.10994511071944,1.,-22.5836477965032));
#13011=AXIS2_PLACEMENT_3D('',#13012,#13013,#13014);
#13012=CARTESIAN_POINT('',(-9.10994511071944,1.,-22.0836477965032));
#13013=DIRECTION('',(7.06253680404605E-17,1.,0.));
#13014=DIRECTION('',(6.12323399573677E-17,-4.32455654546769E-33,-1.));
#13015=CARTESIAN_POINT('',(-9.10994511071945,1.,8.5932667397366));
#13016=AXIS2_PLACEMENT_3D('',#13017,#13018,#13019);
#13017=CARTESIAN_POINT('',(-9.10994511071945,1.,9.0932667397366));
#13018=DIRECTION('',(7.06253680404605E-17,1.,0.));
#13019=DIRECTION('',(6.12323399573677E-17,-4.32455654546769E-33,-1.));
#13020=CARTESIAN_POINT('',(-9.10994511071945,1.,11.1913429510899));
#13021=AXIS2_PLACEMENT_3D('',#13022,#13023,#13024);
#13022=CARTESIAN_POINT('',(-9.10994511071945,1.,11.6913429510899));
#13023=DIRECTION('',(7.06253680404605E-17,1.,0.));
#13024=DIRECTION('',(6.12323399573677E-17,-4.32455654546769E-33,-1.));
#13025=CARTESIAN_POINT('',(-9.10994511071945,1.,13.7894191624432));
#13026=AXIS2_PLACEMENT_3D('',#13027,#13028,#13029);
#13027=CARTESIAN_POINT('',(-9.10994511071945,1.,14.2894191624432));
#13028=DIRECTION('',(7.06253680404605E-17,1.,0.));
#13029=DIRECTION('',(6.12323399573677E-17,-4.32455654546769E-33,-1.));
#13030=CARTESIAN_POINT('',(-8.35994511071945,1.,-8.29422863405994));
#13031=AXIS2_PLACEMENT_3D('',#13032,#13033,#13034);
#13032=CARTESIAN_POINT('',(-8.35994511071945,1.,-7.79422863405994));
#13033=DIRECTION('',(7.06253680404605E-17,1.,0.));
#13034=DIRECTION('',(6.12323399573677E-17,-4.32455654546769E-33,-1.));
#13035=CARTESIAN_POINT('',(-8.35994511071945,1.,-0.5));
#13036=AXIS2_PLACEMENT_3D('',#13037,#13038,#13039);
#13037=CARTESIAN_POINT('',(-8.35994511071945,1.,0.));
#13038=DIRECTION('',(7.06253680404605E-17,1.,0.));
#13039=DIRECTION('',(6.12323399573677E-17,-4.32455654546769E-33,-1.));
#13040=CARTESIAN_POINT('',(-8.35994511071945,1.,-3.09807621135331));
#13041=AXIS2_PLACEMENT_3D('',#13042,#13043,#13044);
#13042=CARTESIAN_POINT('',(-8.35994511071945,1.,-2.59807621135331));
#13043=DIRECTION('',(7.06253680404605E-17,1.,0.));
#13044=DIRECTION('',(6.12323399573677E-17,-4.32455654546769E-33,-1.));
#13045=CARTESIAN_POINT('',(-8.35994511071945,1.,-5.69615242270663));
#13046=AXIS2_PLACEMENT_3D('',#13047,#13048,#13049);
#13047=CARTESIAN_POINT('',(-8.35994511071945,1.,-5.19615242270663));
#13048=DIRECTION('',(7.06253680404605E-17,1.,0.));
#13049=DIRECTION('',(6.12323399573677E-17,-4.32455654546769E-33,-1.));
#13050=CARTESIAN_POINT('',(-8.35994511071945,1.,-10.8923048454133));
#13051=AXIS2_PLACEMENT_3D('',#13052,#13053,#13054);
#13052=CARTESIAN_POINT('',(-8.35994511071945,1.,-10.3923048454133));
#13053=DIRECTION('',(7.06253680404605E-17,1.,0.));
#13054=DIRECTION('',(6.12323399573677E-17,-4.32455654546769E-33,-1.));
#13055=CARTESIAN_POINT('',(-8.35994511071945,1.,-13.4903810567666));
#13056=AXIS2_PLACEMENT_3D('',#13057,#13058,#13059);
#13057=CARTESIAN_POINT('',(-8.35994511071945,1.,-12.9903810567666));
#13058=DIRECTION('',(7.06253680404605E-17,1.,0.));
#13059=DIRECTION('',(6.12323399573677E-17,-4.32455654546769E-33,-1.));
#13060=CARTESIAN_POINT('',(-8.35994511071945,1.,-16.0884572681199));
#13061=AXIS2_PLACEMENT_3D('',#13062,#13063,#13064);
#13062=CARTESIAN_POINT('',(-8.35994511071945,1.,-15.5884572681199));
#13063=DIRECTION('',(7.06253680404605E-17,1.,0.));
#13064=DIRECTION('',(6.12323399573677E-17,-4.32455654546769E-33,-1.));
#13065=CARTESIAN_POINT('',(-8.35994511071945,1.,2.09807621135331));
#13066=AXIS2_PLACEMENT_3D('',#13067,#13068,#13069);
#13067=CARTESIAN_POINT('',(-8.35994511071945,1.,2.59807621135332));
#13068=DIRECTION('',(7.06253680404605E-17,1.,0.));
#13069=DIRECTION('',(6.12323399573677E-17,-4.32455654546769E-33,-1.));
#13070=CARTESIAN_POINT('',(-8.35994511071945,1.,4.69615242270663));
#13071=AXIS2_PLACEMENT_3D('',#13072,#13073,#13074);
#13072=CARTESIAN_POINT('',(-8.35994511071945,1.,5.19615242270663));
#13073=DIRECTION('',(7.06253680404605E-17,1.,0.));
#13074=DIRECTION('',(6.12323399573677E-17,-4.32455654546769E-33,-1.));
#13075=CARTESIAN_POINT('',(-8.35994511071945,1.,12.4903810567666));
#13076=AXIS2_PLACEMENT_3D('',#13077,#13078,#13079);
#13077=CARTESIAN_POINT('',(-8.35994511071945,1.,12.9903810567666));
#13078=DIRECTION('',(7.06253680404605E-17,1.,0.));
#13079=DIRECTION('',(6.12323399573677E-17,-4.32455654546769E-33,-1.));
#13080=CARTESIAN_POINT('',(-8.35994511071945,1.,15.0884572681199));
#13081=AXIS2_PLACEMENT_3D('',#13082,#13083,#13084);
#13082=CARTESIAN_POINT('',(-8.35994511071945,1.,15.5884572681199));
#13083=DIRECTION('',(7.06253680404605E-17,1.,0.));
#13084=DIRECTION('',(6.12323399573677E-17,-4.32455654546769E-33,-1.));
#13085=CARTESIAN_POINT('',(-8.35994511071945,1.,17.6865334794732));
#13086=AXIS2_PLACEMENT_3D('',#13087,#13088,#13089);
#13087=CARTESIAN_POINT('',(-8.35994511071945,1.,18.1865334794732));
#13088=DIRECTION('',(7.06253680404605E-17,1.,0.));
#13089=DIRECTION('',(6.12323399573677E-17,-4.32455654546769E-33,-1.));
#13090=CARTESIAN_POINT('',(-8.35994511071945,1.,7.29422863405994));
#13091=AXIS2_PLACEMENT_3D('',#13092,#13093,#13094);
#13092=CARTESIAN_POINT('',(-8.35994511071945,1.,7.79422863405994));
#13093=DIRECTION('',(7.06253680404605E-17,1.,0.));
#13094=DIRECTION('',(6.12323399573677E-17,-4.32455654546769E-33,-1.));
#13095=CARTESIAN_POINT('',(-9.10994511071945,1.,-4.39711431702997));
#13096=AXIS2_PLACEMENT_3D('',#13097,#13098,#13099);
#13097=CARTESIAN_POINT('',(-9.10994511071945,1.,-3.89711431702997));
#13098=DIRECTION('',(7.06253680404605E-17,1.,0.));
#13099=DIRECTION('',(6.12323399573677E-17,-4.32455654546769E-33,-1.));
#13100=CARTESIAN_POINT('',(-9.10994511071945,1.,-6.99519052838329));
#13101=AXIS2_PLACEMENT_3D('',#13102,#13103,#13104);
#13102=CARTESIAN_POINT('',(-9.10994511071945,1.,-6.49519052838329));
#13103=DIRECTION('',(7.06253680404605E-17,1.,0.));
#13104=DIRECTION('',(6.12323399573677E-17,-4.32455654546769E-33,-1.));
#13105=CARTESIAN_POINT('',(-15.8599451107194,1.,-10.8923048454133));
#13106=AXIS2_PLACEMENT_3D('',#13107,#13108,#13109);
#13107=CARTESIAN_POINT('',(-15.8599451107194,1.,-10.3923048454133));
#13108=DIRECTION('',(7.06253680404605E-17,1.,0.));
#13109=DIRECTION('',(6.12323399573677E-17,-4.32455654546769E-33,-1.));
#13110=CARTESIAN_POINT('',(-15.8599451107194,1.,-13.4903810567666));
#13111=AXIS2_PLACEMENT_3D('',#13112,#13113,#13114);
#13112=CARTESIAN_POINT('',(-15.8599451107194,1.,-12.9903810567666));
#13113=DIRECTION('',(7.06253680404605E-17,1.,0.));
#13114=DIRECTION('',(6.12323399573677E-17,-4.32455654546769E-33,-1.));
#13115=CARTESIAN_POINT('',(-15.8599451107194,1.,-16.0884572681199));
#13116=AXIS2_PLACEMENT_3D('',#13117,#13118,#13119);
#13117=CARTESIAN_POINT('',(-15.8599451107194,1.,-15.5884572681199));
#13118=DIRECTION('',(7.06253680404605E-17,1.,0.));
#13119=DIRECTION('',(6.12323399573677E-17,-4.32455654546769E-33,-1.));
#13120=CARTESIAN_POINT('',(-7.60994511071945,1.,-19.9855715851499));
#13121=AXIS2_PLACEMENT_3D('',#13122,#13123,#13124);
#13122=CARTESIAN_POINT('',(-7.60994511071945,1.,-19.4855715851499));
#13123=DIRECTION('',(7.06253680404605E-17,1.,0.));
#13124=DIRECTION('',(6.12323399573677E-17,-4.32455654546769E-33,-1.));
#13125=CARTESIAN_POINT('',(-7.60994511071945,1.,8.5932667397366));
#13126=AXIS2_PLACEMENT_3D('',#13127,#13128,#13129);
#13127=CARTESIAN_POINT('',(-7.60994511071945,1.,9.0932667397366));
#13128=DIRECTION('',(7.06253680404605E-17,1.,0.));
#13129=DIRECTION('',(6.12323399573677E-17,-4.32455654546769E-33,-1.));
#13130=CARTESIAN_POINT('',(-8.35994511071945,1.,-18.6865334794732));
#13131=AXIS2_PLACEMENT_3D('',#13132,#13133,#13134);
#13132=CARTESIAN_POINT('',(-8.35994511071945,1.,-18.1865334794732));
#13133=DIRECTION('',(7.06253680404605E-17,1.,0.));
#13134=DIRECTION('',(6.12323399573677E-17,-4.32455654546769E-33,-1.));
#13135=CARTESIAN_POINT('',(-8.35994511071945,1.,-21.2846096908265));
#13136=AXIS2_PLACEMENT_3D('',#13137,#13138,#13139);
#13137=CARTESIAN_POINT('',(-8.35994511071945,1.,-20.7846096908265));
#13138=DIRECTION('',(7.06253680404605E-17,1.,0.));
#13139=DIRECTION('',(6.12323399573677E-17,-4.32455654546769E-33,-1.));
#13140=CARTESIAN_POINT('',(-9.85994511071945,1.,7.29422863405994));
#13141=AXIS2_PLACEMENT_3D('',#13142,#13143,#13144);
#13142=CARTESIAN_POINT('',(-9.85994511071945,1.,7.79422863405994));
#13143=DIRECTION('',(7.06253680404605E-17,1.,0.));
#13144=DIRECTION('',(6.12323399573677E-17,-4.32455654546769E-33,-1.));
#13145=CARTESIAN_POINT('',(-15.8599451107195,1.,7.29422863405994));
#13146=AXIS2_PLACEMENT_3D('',#13147,#13148,#13149);
#13147=CARTESIAN_POINT('',(-15.8599451107195,1.,7.79422863405994));
#13148=DIRECTION('',(7.06253680404605E-17,1.,0.));
#13149=DIRECTION('',(6.12323399573677E-17,-4.32455654546769E-33,-1.));
#13150=CARTESIAN_POINT('',(-8.35994511071945,1.,9.89230484541325));
#13151=AXIS2_PLACEMENT_3D('',#13152,#13153,#13154);
#13152=CARTESIAN_POINT('',(-8.35994511071945,1.,10.3923048454132));
#13153=DIRECTION('',(7.06253680404605E-17,1.,0.));
#13154=DIRECTION('',(6.12323399573677E-17,-4.32455654546769E-33,-1.));
#13155=CARTESIAN_POINT('',(-15.8599451107194,1.,-8.29422863405994));
#13156=AXIS2_PLACEMENT_3D('',#13157,#13158,#13159);
#13157=CARTESIAN_POINT('',(-15.8599451107194,1.,-7.79422863405994));
#13158=DIRECTION('',(7.06253680404605E-17,1.,0.));
#13159=DIRECTION('',(6.12323399573677E-17,-4.32455654546769E-33,-1.));
#13160=CARTESIAN_POINT('',(-6.10994511071945,1.,-4.39711431702997));
#13161=AXIS2_PLACEMENT_3D('',#13162,#13163,#13164);
#13162=CARTESIAN_POINT('',(-6.10994511071945,1.,-3.89711431702997));
#13163=DIRECTION('',(7.06253680404605E-17,1.,0.));
#13164=DIRECTION('',(6.12323399573677E-17,-4.32455654546769E-33,-1.));
#13165=CARTESIAN_POINT('',(-6.10994511071945,1.,3.39711431702997));
#13166=AXIS2_PLACEMENT_3D('',#13167,#13168,#13169);
#13167=CARTESIAN_POINT('',(-6.10994511071945,1.,3.89711431702997));
#13168=DIRECTION('',(7.06253680404605E-17,1.,0.));
#13169=DIRECTION('',(6.12323399573677E-17,-4.32455654546769E-33,-1.));
#13170=CARTESIAN_POINT('',(-3.85994511071945,1.,-16.0884572681199));
#13171=AXIS2_PLACEMENT_3D('',#13172,#13173,#13174);
#13172=CARTESIAN_POINT('',(-3.85994511071945,1.,-15.5884572681199));
#13173=DIRECTION('',(7.06253680404605E-17,1.,0.));
#13174=DIRECTION('',(6.12323399573677E-17,-4.32455654546769E-33,-1.));
#13175=CARTESIAN_POINT('',(-3.85994511071945,1.,12.4903810567666));
#13176=AXIS2_PLACEMENT_3D('',#13177,#13178,#13179);
#13177=CARTESIAN_POINT('',(-3.85994511071945,1.,12.9903810567666));
#13178=DIRECTION('',(7.06253680404605E-17,1.,0.));
#13179=DIRECTION('',(6.12323399573677E-17,-4.32455654546769E-33,-1.));
#13180=CARTESIAN_POINT('',(-9.85994511071945,1.,-0.5));
#13181=AXIS2_PLACEMENT_3D('',#13182,#13183,#13184);
#13182=CARTESIAN_POINT('',(-9.85994511071945,1.,0.));
#13183=DIRECTION('',(7.06253680404605E-17,1.,0.));
#13184=DIRECTION('',(6.12323399573677E-17,-4.32455654546769E-33,-1.));
#13185=CARTESIAN_POINT('',(-11.3599451107195,1.,-0.5));
#13186=AXIS2_PLACEMENT_3D('',#13187,#13188,#13189);
#13187=CARTESIAN_POINT('',(-11.3599451107195,1.,0.));
#13188=DIRECTION('',(7.06253680404605E-17,1.,0.));
#13189=DIRECTION('',(6.12323399573677E-17,-4.32455654546769E-33,-1.));
#13190=CARTESIAN_POINT('',(-6.85994511071945,1.,-0.499999999999999));
#13191=AXIS2_PLACEMENT_3D('',#13192,#13193,#13194);
#13192=CARTESIAN_POINT('',(-6.85994511071945,1.,0.));
#13193=DIRECTION('',(7.06253680404605E-17,1.,0.));
#13194=DIRECTION('',(6.12323399573677E-17,-4.32455654546769E-33,-1.));
#13195=CARTESIAN_POINT('',(-5.35994511071945,1.,-0.499999999999999));
#13196=AXIS2_PLACEMENT_3D('',#13197,#13198,#13199);
#13197=CARTESIAN_POINT('',(-5.35994511071945,1.,0.));
#13198=DIRECTION('',(7.06253680404605E-17,1.,0.));
#13199=DIRECTION('',(6.12323399573677E-17,-4.32455654546769E-33,-1.));
#13200=CARTESIAN_POINT('',(-3.85994511071945,1.,-0.499999999999998));
#13201=AXIS2_PLACEMENT_3D('',#13202,#13203,#13204);
#13202=CARTESIAN_POINT('',(-3.85994511071945,1.,0.));
#13203=DIRECTION('',(7.06253680404605E-17,1.,0.));
#13204=DIRECTION('',(6.12323399573677E-17,-4.32455654546769E-33,-1.));
#13205=CARTESIAN_POINT('',(-12.8599451107195,1.,-0.5));
#13206=AXIS2_PLACEMENT_3D('',#13207,#13208,#13209);
#13207=CARTESIAN_POINT('',(-12.8599451107195,1.,0.));
#13208=DIRECTION('',(7.06253680404605E-17,1.,0.));
#13209=DIRECTION('',(6.12323399573677E-17,-4.32455654546769E-33,-1.));
#13210=CARTESIAN_POINT('',(-14.3599451107195,1.,-0.5));
#13211=AXIS2_PLACEMENT_3D('',#13212,#13213,#13214);
#13212=CARTESIAN_POINT('',(-14.3599451107195,1.,0.));
#13213=DIRECTION('',(7.06253680404605E-17,1.,0.));
#13214=DIRECTION('',(6.12323399573677E-17,-4.32455654546769E-33,-1.));
#13215=CARTESIAN_POINT('',(-15.8599451107195,1.,-0.5));
#13216=AXIS2_PLACEMENT_3D('',#13217,#13218,#13219);
#13217=CARTESIAN_POINT('',(-15.8599451107195,1.,0.));
#13218=DIRECTION('',(7.06253680404605E-17,1.,0.));
#13219=DIRECTION('',(6.12323399573677E-17,-4.32455654546769E-33,-1.));
#13220=CARTESIAN_POINT('',(-10.6099451107194,1.,0.799038105676657));
#13221=AXIS2_PLACEMENT_3D('',#13222,#13223,#13224);
#13222=CARTESIAN_POINT('',(-10.6099451107194,1.,1.29903810567666));
#13223=DIRECTION('',(7.06253680404605E-17,1.,0.));
#13224=DIRECTION('',(6.12323399573677E-17,-4.32455654546769E-33,-1.));
#13225=CARTESIAN_POINT('',(-12.1099451107194,1.,0.799038105676657));
#13226=AXIS2_PLACEMENT_3D('',#13227,#13228,#13229);
#13227=CARTESIAN_POINT('',(-12.1099451107194,1.,1.29903810567666));
#13228=DIRECTION('',(7.06253680404605E-17,1.,0.));
#13229=DIRECTION('',(6.12323399573677E-17,-4.32455654546769E-33,-1.));
#13230=CARTESIAN_POINT('',(-7.60994511071945,1.,0.799038105676658));
#13231=AXIS2_PLACEMENT_3D('',#13232,#13233,#13234);
#13232=CARTESIAN_POINT('',(-7.60994511071945,1.,1.29903810567666));
#13233=DIRECTION('',(7.06253680404605E-17,1.,0.));
#13234=DIRECTION('',(6.12323399573677E-17,-4.32455654546769E-33,-1.));
#13235=CARTESIAN_POINT('',(-6.10994511071945,1.,0.799038105676658));
#13236=AXIS2_PLACEMENT_3D('',#13237,#13238,#13239);
#13237=CARTESIAN_POINT('',(-6.10994511071945,1.,1.29903810567666));
#13238=DIRECTION('',(7.06253680404605E-17,1.,0.));
#13239=DIRECTION('',(6.12323399573677E-17,-4.32455654546769E-33,-1.));
#13240=CARTESIAN_POINT('',(-4.60994511071945,1.,0.799038105676658));
#13241=AXIS2_PLACEMENT_3D('',#13242,#13243,#13244);
#13242=CARTESIAN_POINT('',(-4.60994511071945,1.,1.29903810567666));
#13243=DIRECTION('',(7.06253680404605E-17,1.,0.));
#13244=DIRECTION('',(6.12323399573677E-17,-4.32455654546769E-33,-1.));
#13245=CARTESIAN_POINT('',(-13.6099451107194,1.,0.799038105676657));
#13246=AXIS2_PLACEMENT_3D('',#13247,#13248,#13249);
#13247=CARTESIAN_POINT('',(-13.6099451107194,1.,1.29903810567666));
#13248=DIRECTION('',(7.06253680404605E-17,1.,0.));
#13249=DIRECTION('',(6.12323399573677E-17,-4.32455654546769E-33,-1.));
#13250=CARTESIAN_POINT('',(-15.1099451107194,1.,0.799038105676657));
#13251=AXIS2_PLACEMENT_3D('',#13252,#13253,#13254);
#13252=CARTESIAN_POINT('',(-15.1099451107194,1.,1.29903810567666));
#13253=DIRECTION('',(7.06253680404605E-17,1.,0.));
#13254=DIRECTION('',(6.12323399573677E-17,-4.32455654546769E-33,-1.));
#13255=CARTESIAN_POINT('',(-16.6099451107195,1.,0.799038105676657));
#13256=AXIS2_PLACEMENT_3D('',#13257,#13258,#13259);
#13257=CARTESIAN_POINT('',(-16.6099451107195,1.,1.29903810567666));
#13258=DIRECTION('',(7.06253680404605E-17,1.,0.));
#13259=DIRECTION('',(6.12323399573677E-17,-4.32455654546769E-33,-1.));
#13260=CARTESIAN_POINT('',(-3.10994511071945,1.,0.799038105676658));
#13261=AXIS2_PLACEMENT_3D('',#13262,#13263,#13264);
#13262=CARTESIAN_POINT('',(-3.10994511071945,1.,1.29903810567666));
#13263=DIRECTION('',(7.06253680404605E-17,1.,0.));
#13264=DIRECTION('',(6.12323399573677E-17,-4.32455654546769E-33,-1.));
#13265=CARTESIAN_POINT('',(-10.6099451107194,1.,-1.79903810567666));
#13266=AXIS2_PLACEMENT_3D('',#13267,#13268,#13269);
#13267=CARTESIAN_POINT('',(-10.6099451107194,1.,-1.29903810567666));
#13268=DIRECTION('',(7.06253680404605E-17,1.,0.));
#13269=DIRECTION('',(6.12323399573677E-17,-4.32455654546769E-33,-1.));
#13270=CARTESIAN_POINT('',(-12.1099451107194,1.,-1.79903810567666));
#13271=AXIS2_PLACEMENT_3D('',#13272,#13273,#13274);
#13272=CARTESIAN_POINT('',(-12.1099451107194,1.,-1.29903810567666));
#13273=DIRECTION('',(7.06253680404605E-17,1.,0.));
#13274=DIRECTION('',(6.12323399573677E-17,-4.32455654546769E-33,-1.));
#13275=CARTESIAN_POINT('',(-7.60994511071945,1.,-1.79903810567666));
#13276=AXIS2_PLACEMENT_3D('',#13277,#13278,#13279);
#13277=CARTESIAN_POINT('',(-7.60994511071945,1.,-1.29903810567666));
#13278=DIRECTION('',(7.06253680404605E-17,1.,0.));
#13279=DIRECTION('',(6.12323399573677E-17,-4.32455654546769E-33,-1.));
#13280=CARTESIAN_POINT('',(-6.10994511071945,1.,-1.79903810567666));
#13281=AXIS2_PLACEMENT_3D('',#13282,#13283,#13284);
#13282=CARTESIAN_POINT('',(-6.10994511071945,1.,-1.29903810567666));
#13283=DIRECTION('',(7.06253680404605E-17,1.,0.));
#13284=DIRECTION('',(6.12323399573677E-17,-4.32455654546769E-33,-1.));
#13285=CARTESIAN_POINT('',(-4.60994511071945,1.,-1.79903810567666));
#13286=AXIS2_PLACEMENT_3D('',#13287,#13288,#13289);
#13287=CARTESIAN_POINT('',(-4.60994511071945,1.,-1.29903810567665));
#13288=DIRECTION('',(7.06253680404605E-17,1.,0.));
#13289=DIRECTION('',(6.12323399573677E-17,-4.32455654546769E-33,-1.));
#13290=CARTESIAN_POINT('',(-13.6099451107194,1.,-1.79903810567666));
#13291=AXIS2_PLACEMENT_3D('',#13292,#13293,#13294);
#13292=CARTESIAN_POINT('',(-13.6099451107194,1.,-1.29903810567666));
#13293=DIRECTION('',(7.06253680404605E-17,1.,0.));
#13294=DIRECTION('',(6.12323399573677E-17,-4.32455654546769E-33,-1.));
#13295=CARTESIAN_POINT('',(-15.1099451107194,1.,-1.79903810567666));
#13296=AXIS2_PLACEMENT_3D('',#13297,#13298,#13299);
#13297=CARTESIAN_POINT('',(-15.1099451107194,1.,-1.29903810567666));
#13298=DIRECTION('',(7.06253680404605E-17,1.,0.));
#13299=DIRECTION('',(6.12323399573677E-17,-4.32455654546769E-33,-1.));
#13300=CARTESIAN_POINT('',(-16.6099451107195,1.,-1.79903810567666));
#13301=AXIS2_PLACEMENT_3D('',#13302,#13303,#13304);
#13302=CARTESIAN_POINT('',(-16.6099451107195,1.,-1.29903810567666));
#13303=DIRECTION('',(7.06253680404605E-17,1.,0.));
#13304=DIRECTION('',(6.12323399573677E-17,-4.32455654546769E-33,-1.));
#13305=CARTESIAN_POINT('',(-3.10994511071945,1.,-1.79903810567666));
#13306=AXIS2_PLACEMENT_3D('',#13307,#13308,#13309);
#13307=CARTESIAN_POINT('',(-3.10994511071945,1.,-1.29903810567665));
#13308=DIRECTION('',(7.06253680404605E-17,1.,0.));
#13309=DIRECTION('',(6.12323399573677E-17,-4.32455654546769E-33,-1.));
#13310=CARTESIAN_POINT('',(-10.6099451107194,1.,-4.39711431702997));
#13311=AXIS2_PLACEMENT_3D('',#13312,#13313,#13314);
#13312=CARTESIAN_POINT('',(-10.6099451107194,1.,-3.89711431702997));
#13313=DIRECTION('',(7.06253680404605E-17,1.,0.));
#13314=DIRECTION('',(6.12323399573677E-17,-4.32455654546769E-33,-1.));
#13315=CARTESIAN_POINT('',(-12.1099451107194,1.,-4.39711431702997));
#13316=AXIS2_PLACEMENT_3D('',#13317,#13318,#13319);
#13317=CARTESIAN_POINT('',(-12.1099451107194,1.,-3.89711431702997));
#13318=DIRECTION('',(7.06253680404605E-17,1.,0.));
#13319=DIRECTION('',(6.12323399573677E-17,-4.32455654546769E-33,-1.));
#13320=CARTESIAN_POINT('',(-4.60994511071945,1.,-4.39711431702997));
#13321=AXIS2_PLACEMENT_3D('',#13322,#13323,#13324);
#13322=CARTESIAN_POINT('',(-4.60994511071945,1.,-3.89711431702997));
#13323=DIRECTION('',(7.06253680404605E-17,1.,0.));
#13324=DIRECTION('',(6.12323399573677E-17,-4.32455654546769E-33,-1.));
#13325=CARTESIAN_POINT('',(-13.6099451107194,1.,-4.39711431702997));
#13326=AXIS2_PLACEMENT_3D('',#13327,#13328,#13329);
#13327=CARTESIAN_POINT('',(-13.6099451107194,1.,-3.89711431702997));
#13328=DIRECTION('',(7.06253680404605E-17,1.,0.));
#13329=DIRECTION('',(6.12323399573677E-17,-4.32455654546769E-33,-1.));
#13330=CARTESIAN_POINT('',(-15.1099451107194,1.,-4.39711431702997));
#13331=AXIS2_PLACEMENT_3D('',#13332,#13333,#13334);
#13332=CARTESIAN_POINT('',(-15.1099451107194,1.,-3.89711431702997));
#13333=DIRECTION('',(7.06253680404605E-17,1.,0.));
#13334=DIRECTION('',(6.12323399573677E-17,-4.32455654546769E-33,-1.));
#13335=CARTESIAN_POINT('',(-16.6099451107195,1.,-4.39711431702997));
#13336=AXIS2_PLACEMENT_3D('',#13337,#13338,#13339);
#13337=CARTESIAN_POINT('',(-16.6099451107195,1.,-3.89711431702997));
#13338=DIRECTION('',(7.06253680404605E-17,1.,0.));
#13339=DIRECTION('',(6.12323399573677E-17,-4.32455654546769E-33,-1.));
#13340=CARTESIAN_POINT('',(-3.10994511071945,1.,-4.39711431702997));
#13341=AXIS2_PLACEMENT_3D('',#13342,#13343,#13344);
#13342=CARTESIAN_POINT('',(-3.10994511071945,1.,-3.89711431702997));
#13343=DIRECTION('',(7.06253680404605E-17,1.,0.));
#13344=DIRECTION('',(6.12323399573677E-17,-4.32455654546769E-33,-1.));
#13345=CARTESIAN_POINT('',(-10.6099451107194,1.,-6.99519052838329));
#13346=AXIS2_PLACEMENT_3D('',#13347,#13348,#13349);
#13347=CARTESIAN_POINT('',(-10.6099451107194,1.,-6.49519052838329));
#13348=DIRECTION('',(7.06253680404605E-17,1.,0.));
#13349=DIRECTION('',(6.12323399573677E-17,-4.32455654546769E-33,-1.));
#13350=CARTESIAN_POINT('',(-12.1099451107194,1.,-6.99519052838329));
#13351=AXIS2_PLACEMENT_3D('',#13352,#13353,#13354);
#13352=CARTESIAN_POINT('',(-12.1099451107194,1.,-6.49519052838329));
#13353=DIRECTION('',(7.06253680404605E-17,1.,0.));
#13354=DIRECTION('',(6.12323399573677E-17,-4.32455654546769E-33,-1.));
#13355=CARTESIAN_POINT('',(-6.10994511071945,1.,-6.99519052838328));
#13356=AXIS2_PLACEMENT_3D('',#13357,#13358,#13359);
#13357=CARTESIAN_POINT('',(-6.10994511071945,1.,-6.49519052838328));
#13358=DIRECTION('',(7.06253680404605E-17,1.,0.));
#13359=DIRECTION('',(6.12323399573677E-17,-4.32455654546769E-33,-1.));
#13360=CARTESIAN_POINT('',(-4.60994511071945,1.,-6.99519052838328));
#13361=AXIS2_PLACEMENT_3D('',#13362,#13363,#13364);
#13362=CARTESIAN_POINT('',(-4.60994511071945,1.,-6.49519052838328));
#13363=DIRECTION('',(7.06253680404605E-17,1.,0.));
#13364=DIRECTION('',(6.12323399573677E-17,-4.32455654546769E-33,-1.));
#13365=CARTESIAN_POINT('',(-13.6099451107194,1.,-6.99519052838329));
#13366=AXIS2_PLACEMENT_3D('',#13367,#13368,#13369);
#13367=CARTESIAN_POINT('',(-13.6099451107194,1.,-6.49519052838329));
#13368=DIRECTION('',(7.06253680404605E-17,1.,0.));
#13369=DIRECTION('',(6.12323399573677E-17,-4.32455654546769E-33,-1.));
#13370=CARTESIAN_POINT('',(-15.1099451107194,1.,-6.99519052838329));
#13371=AXIS2_PLACEMENT_3D('',#13372,#13373,#13374);
#13372=CARTESIAN_POINT('',(-15.1099451107194,1.,-6.49519052838329));
#13373=DIRECTION('',(7.06253680404605E-17,1.,0.));
#13374=DIRECTION('',(6.12323399573677E-17,-4.32455654546769E-33,-1.));
#13375=CARTESIAN_POINT('',(-16.6099451107195,1.,-6.99519052838329));
#13376=AXIS2_PLACEMENT_3D('',#13377,#13378,#13379);
#13377=CARTESIAN_POINT('',(-16.6099451107195,1.,-6.49519052838329));
#13378=DIRECTION('',(7.06253680404605E-17,1.,0.));
#13379=DIRECTION('',(6.12323399573677E-17,-4.32455654546769E-33,-1.));
#13380=CARTESIAN_POINT('',(-3.10994511071945,1.,-6.99519052838328));
#13381=AXIS2_PLACEMENT_3D('',#13382,#13383,#13384);
#13382=CARTESIAN_POINT('',(-3.10994511071945,1.,-6.49519052838328));
#13383=DIRECTION('',(7.06253680404605E-17,1.,0.));
#13384=DIRECTION('',(6.12323399573677E-17,-4.32455654546769E-33,-1.));
#13385=CARTESIAN_POINT('',(-10.6099451107194,1.,-9.5932667397366));
#13386=AXIS2_PLACEMENT_3D('',#13387,#13388,#13389);
#13387=CARTESIAN_POINT('',(-10.6099451107194,1.,-9.0932667397366));
#13388=DIRECTION('',(7.06253680404605E-17,1.,0.));
#13389=DIRECTION('',(6.12323399573677E-17,-4.32455654546769E-33,-1.));
#13390=CARTESIAN_POINT('',(-12.1099451107194,1.,-9.5932667397366));
#13391=AXIS2_PLACEMENT_3D('',#13392,#13393,#13394);
#13392=CARTESIAN_POINT('',(-12.1099451107194,1.,-9.0932667397366));
#13393=DIRECTION('',(7.06253680404605E-17,1.,0.));
#13394=DIRECTION('',(6.12323399573677E-17,-4.32455654546769E-33,-1.));
#13395=CARTESIAN_POINT('',(-9.10994511071945,1.,-9.5932667397366));
#13396=AXIS2_PLACEMENT_3D('',#13397,#13398,#13399);
#13397=CARTESIAN_POINT('',(-9.10994511071945,1.,-9.0932667397366));
#13398=DIRECTION('',(7.06253680404605E-17,1.,0.));
#13399=DIRECTION('',(6.12323399573677E-17,-4.32455654546769E-33,-1.));
#13400=CARTESIAN_POINT('',(-7.60994511071945,1.,-9.5932667397366));
#13401=AXIS2_PLACEMENT_3D('',#13402,#13403,#13404);
#13402=CARTESIAN_POINT('',(-7.60994511071945,1.,-9.0932667397366));
#13403=DIRECTION('',(7.06253680404605E-17,1.,0.));
#13404=DIRECTION('',(6.12323399573677E-17,-4.32455654546769E-33,-1.));
#13405=CARTESIAN_POINT('',(-6.10994511071945,1.,-9.5932667397366));
#13406=AXIS2_PLACEMENT_3D('',#13407,#13408,#13409);
#13407=CARTESIAN_POINT('',(-6.10994511071945,1.,-9.0932667397366));
#13408=DIRECTION('',(7.06253680404605E-17,1.,0.));
#13409=DIRECTION('',(6.12323399573677E-17,-4.32455654546769E-33,-1.));
#13410=CARTESIAN_POINT('',(-4.60994511071945,1.,-9.5932667397366));
#13411=AXIS2_PLACEMENT_3D('',#13412,#13413,#13414);
#13412=CARTESIAN_POINT('',(-4.60994511071945,1.,-9.0932667397366));
#13413=DIRECTION('',(7.06253680404605E-17,1.,0.));
#13414=DIRECTION('',(6.12323399573677E-17,-4.32455654546769E-33,-1.));
#13415=CARTESIAN_POINT('',(-13.6099451107194,1.,-9.5932667397366));
#13416=AXIS2_PLACEMENT_3D('',#13417,#13418,#13419);
#13417=CARTESIAN_POINT('',(-13.6099451107194,1.,-9.0932667397366));
#13418=DIRECTION('',(7.06253680404605E-17,1.,0.));
#13419=DIRECTION('',(6.12323399573677E-17,-4.32455654546769E-33,-1.));
#13420=CARTESIAN_POINT('',(-15.1099451107194,1.,-9.5932667397366));
#13421=AXIS2_PLACEMENT_3D('',#13422,#13423,#13424);
#13422=CARTESIAN_POINT('',(-15.1099451107194,1.,-9.0932667397366));
#13423=DIRECTION('',(7.06253680404605E-17,1.,0.));
#13424=DIRECTION('',(6.12323399573677E-17,-4.32455654546769E-33,-1.));
#13425=CARTESIAN_POINT('',(-16.6099451107195,1.,-9.5932667397366));
#13426=AXIS2_PLACEMENT_3D('',#13427,#13428,#13429);
#13427=CARTESIAN_POINT('',(-16.6099451107195,1.,-9.0932667397366));
#13428=DIRECTION('',(7.06253680404605E-17,1.,0.));
#13429=DIRECTION('',(6.12323399573677E-17,-4.32455654546769E-33,-1.));
#13430=CARTESIAN_POINT('',(-3.10994511071945,1.,-9.5932667397366));
#13431=AXIS2_PLACEMENT_3D('',#13432,#13433,#13434);
#13432=CARTESIAN_POINT('',(-3.10994511071945,1.,-9.0932667397366));
#13433=DIRECTION('',(7.06253680404605E-17,1.,0.));
#13434=DIRECTION('',(6.12323399573677E-17,-4.32455654546769E-33,-1.));
#13435=CARTESIAN_POINT('',(-10.6099451107194,1.,-12.1913429510899));
#13436=AXIS2_PLACEMENT_3D('',#13437,#13438,#13439);
#13437=CARTESIAN_POINT('',(-10.6099451107194,1.,-11.6913429510899));
#13438=DIRECTION('',(7.06253680404605E-17,1.,0.));
#13439=DIRECTION('',(6.12323399573677E-17,-4.32455654546769E-33,-1.));
#13440=CARTESIAN_POINT('',(-12.1099451107194,1.,-12.1913429510899));
#13441=AXIS2_PLACEMENT_3D('',#13442,#13443,#13444);
#13442=CARTESIAN_POINT('',(-12.1099451107194,1.,-11.6913429510899));
#13443=DIRECTION('',(7.06253680404605E-17,1.,0.));
#13444=DIRECTION('',(6.12323399573677E-17,-4.32455654546769E-33,-1.));
#13445=CARTESIAN_POINT('',(-9.10994511071945,1.,-12.1913429510899));
#13446=AXIS2_PLACEMENT_3D('',#13447,#13448,#13449);
#13447=CARTESIAN_POINT('',(-9.10994511071945,1.,-11.6913429510899));
#13448=DIRECTION('',(7.06253680404605E-17,1.,0.));
#13449=DIRECTION('',(6.12323399573677E-17,-4.32455654546769E-33,-1.));
#13450=CARTESIAN_POINT('',(-7.60994511071945,1.,-12.1913429510899));
#13451=AXIS2_PLACEMENT_3D('',#13452,#13453,#13454);
#13452=CARTESIAN_POINT('',(-7.60994511071945,1.,-11.6913429510899));
#13453=DIRECTION('',(7.06253680404605E-17,1.,0.));
#13454=DIRECTION('',(6.12323399573677E-17,-4.32455654546769E-33,-1.));
#13455=CARTESIAN_POINT('',(-6.10994511071945,1.,-12.1913429510899));
#13456=AXIS2_PLACEMENT_3D('',#13457,#13458,#13459);
#13457=CARTESIAN_POINT('',(-6.10994511071945,1.,-11.6913429510899));
#13458=DIRECTION('',(7.06253680404605E-17,1.,0.));
#13459=DIRECTION('',(6.12323399573677E-17,-4.32455654546769E-33,-1.));
#13460=CARTESIAN_POINT('',(-4.60994511071945,1.,-12.1913429510899));
#13461=AXIS2_PLACEMENT_3D('',#13462,#13463,#13464);
#13462=CARTESIAN_POINT('',(-4.60994511071945,1.,-11.6913429510899));
#13463=DIRECTION('',(7.06253680404605E-17,1.,0.));
#13464=DIRECTION('',(6.12323399573677E-17,-4.32455654546769E-33,-1.));
#13465=CARTESIAN_POINT('',(-13.6099451107194,1.,-12.1913429510899));
#13466=AXIS2_PLACEMENT_3D('',#13467,#13468,#13469);
#13467=CARTESIAN_POINT('',(-13.6099451107194,1.,-11.6913429510899));
#13468=DIRECTION('',(7.06253680404605E-17,1.,0.));
#13469=DIRECTION('',(6.12323399573677E-17,-4.32455654546769E-33,-1.));
#13470=CARTESIAN_POINT('',(-15.1099451107194,1.,-12.1913429510899));
#13471=AXIS2_PLACEMENT_3D('',#13472,#13473,#13474);
#13472=CARTESIAN_POINT('',(-15.1099451107194,1.,-11.6913429510899));
#13473=DIRECTION('',(7.06253680404605E-17,1.,0.));
#13474=DIRECTION('',(6.12323399573677E-17,-4.32455654546769E-33,-1.));
#13475=CARTESIAN_POINT('',(-16.6099451107195,1.,-12.1913429510899));
#13476=AXIS2_PLACEMENT_3D('',#13477,#13478,#13479);
#13477=CARTESIAN_POINT('',(-16.6099451107195,1.,-11.6913429510899));
#13478=DIRECTION('',(7.06253680404605E-17,1.,0.));
#13479=DIRECTION('',(6.12323399573677E-17,-4.32455654546769E-33,-1.));
#13480=CARTESIAN_POINT('',(-3.10994511071945,1.,-12.1913429510899));
#13481=AXIS2_PLACEMENT_3D('',#13482,#13483,#13484);
#13482=CARTESIAN_POINT('',(-3.10994511071945,1.,-11.6913429510899));
#13483=DIRECTION('',(7.06253680404605E-17,1.,0.));
#13484=DIRECTION('',(6.12323399573677E-17,-4.32455654546769E-33,-1.));
#13485=CARTESIAN_POINT('',(-10.6099451107194,1.,-14.7894191624432));
#13486=AXIS2_PLACEMENT_3D('',#13487,#13488,#13489);
#13487=CARTESIAN_POINT('',(-10.6099451107194,1.,-14.2894191624432));
#13488=DIRECTION('',(7.06253680404605E-17,1.,0.));
#13489=DIRECTION('',(6.12323399573677E-17,-4.32455654546769E-33,-1.));
#13490=CARTESIAN_POINT('',(-12.1099451107194,1.,-14.7894191624432));
#13491=AXIS2_PLACEMENT_3D('',#13492,#13493,#13494);
#13492=CARTESIAN_POINT('',(-12.1099451107194,1.,-14.2894191624432));
#13493=DIRECTION('',(7.06253680404605E-17,1.,0.));
#13494=DIRECTION('',(6.12323399573677E-17,-4.32455654546769E-33,-1.));
#13495=CARTESIAN_POINT('',(-9.10994511071945,1.,-14.7894191624432));
#13496=AXIS2_PLACEMENT_3D('',#13497,#13498,#13499);
#13497=CARTESIAN_POINT('',(-9.10994511071945,1.,-14.2894191624432));
#13498=DIRECTION('',(7.06253680404605E-17,1.,0.));
#13499=DIRECTION('',(6.12323399573677E-17,-4.32455654546769E-33,-1.));
#13500=CARTESIAN_POINT('',(-7.60994511071945,1.,-14.7894191624432));
#13501=AXIS2_PLACEMENT_3D('',#13502,#13503,#13504);
#13502=CARTESIAN_POINT('',(-7.60994511071945,1.,-14.2894191624432));
#13503=DIRECTION('',(7.06253680404605E-17,1.,0.));
#13504=DIRECTION('',(6.12323399573677E-17,-4.32455654546769E-33,-1.));
#13505=CARTESIAN_POINT('',(-6.10994511071945,1.,-14.7894191624432));
#13506=AXIS2_PLACEMENT_3D('',#13507,#13508,#13509);
#13507=CARTESIAN_POINT('',(-6.10994511071945,1.,-14.2894191624432));
#13508=DIRECTION('',(7.06253680404605E-17,1.,0.));
#13509=DIRECTION('',(6.12323399573677E-17,-4.32455654546769E-33,-1.));
#13510=CARTESIAN_POINT('',(-4.60994511071945,1.,-14.7894191624432));
#13511=AXIS2_PLACEMENT_3D('',#13512,#13513,#13514);
#13512=CARTESIAN_POINT('',(-4.60994511071945,1.,-14.2894191624432));
#13513=DIRECTION('',(7.06253680404605E-17,1.,0.));
#13514=DIRECTION('',(6.12323399573677E-17,-4.32455654546769E-33,-1.));
#13515=CARTESIAN_POINT('',(-13.6099451107194,1.,-14.7894191624432));
#13516=AXIS2_PLACEMENT_3D('',#13517,#13518,#13519);
#13517=CARTESIAN_POINT('',(-13.6099451107194,1.,-14.2894191624432));
#13518=DIRECTION('',(7.06253680404605E-17,1.,0.));
#13519=DIRECTION('',(6.12323399573677E-17,-4.32455654546769E-33,-1.));
#13520=CARTESIAN_POINT('',(-15.1099451107194,1.,-14.7894191624432));
#13521=AXIS2_PLACEMENT_3D('',#13522,#13523,#13524);
#13522=CARTESIAN_POINT('',(-15.1099451107194,1.,-14.2894191624432));
#13523=DIRECTION('',(7.06253680404605E-17,1.,0.));
#13524=DIRECTION('',(6.12323399573677E-17,-4.32455654546769E-33,-1.));
#13525=CARTESIAN_POINT('',(-16.6099451107195,1.,-14.7894191624432));
#13526=AXIS2_PLACEMENT_3D('',#13527,#13528,#13529);
#13527=CARTESIAN_POINT('',(-16.6099451107195,1.,-14.2894191624432));
#13528=DIRECTION('',(7.06253680404605E-17,1.,0.));
#13529=DIRECTION('',(6.12323399573677E-17,-4.32455654546769E-33,-1.));
#13530=CARTESIAN_POINT('',(-3.10994511071945,1.,-14.7894191624432));
#13531=AXIS2_PLACEMENT_3D('',#13532,#13533,#13534);
#13532=CARTESIAN_POINT('',(-3.10994511071945,1.,-14.2894191624432));
#13533=DIRECTION('',(7.06253680404605E-17,1.,0.));
#13534=DIRECTION('',(6.12323399573677E-17,-4.32455654546769E-33,-1.));
#13535=CARTESIAN_POINT('',(-10.6099451107194,1.,-17.3874953737965));
#13536=AXIS2_PLACEMENT_3D('',#13537,#13538,#13539);
#13537=CARTESIAN_POINT('',(-10.6099451107194,1.,-16.8874953737965));
#13538=DIRECTION('',(7.06253680404605E-17,1.,0.));
#13539=DIRECTION('',(6.12323399573677E-17,-4.32455654546769E-33,-1.));
#13540=CARTESIAN_POINT('',(-12.1099451107194,1.,-17.3874953737965));
#13541=AXIS2_PLACEMENT_3D('',#13542,#13543,#13544);
#13542=CARTESIAN_POINT('',(-12.1099451107194,1.,-16.8874953737965));
#13543=DIRECTION('',(7.06253680404605E-17,1.,0.));
#13544=DIRECTION('',(6.12323399573677E-17,-4.32455654546769E-33,-1.));
#13545=CARTESIAN_POINT('',(-9.10994511071945,1.,-17.3874953737965));
#13546=AXIS2_PLACEMENT_3D('',#13547,#13548,#13549);
#13547=CARTESIAN_POINT('',(-9.10994511071945,1.,-16.8874953737965));
#13548=DIRECTION('',(7.06253680404605E-17,1.,0.));
#13549=DIRECTION('',(6.12323399573677E-17,-4.32455654546769E-33,-1.));
#13550=CARTESIAN_POINT('',(-7.60994511071945,1.,-17.3874953737965));
#13551=AXIS2_PLACEMENT_3D('',#13552,#13553,#13554);
#13552=CARTESIAN_POINT('',(-7.60994511071945,1.,-16.8874953737965));
#13553=DIRECTION('',(7.06253680404605E-17,1.,0.));
#13554=DIRECTION('',(6.12323399573677E-17,-4.32455654546769E-33,-1.));
#13555=CARTESIAN_POINT('',(-6.10994511071945,1.,-17.3874953737965));
#13556=AXIS2_PLACEMENT_3D('',#13557,#13558,#13559);
#13557=CARTESIAN_POINT('',(-6.10994511071945,1.,-16.8874953737965));
#13558=DIRECTION('',(7.06253680404605E-17,1.,0.));
#13559=DIRECTION('',(6.12323399573677E-17,-4.32455654546769E-33,-1.));
#13560=CARTESIAN_POINT('',(-4.60994511071945,1.,-17.3874953737965));
#13561=AXIS2_PLACEMENT_3D('',#13562,#13563,#13564);
#13562=CARTESIAN_POINT('',(-4.60994511071945,1.,-16.8874953737965));
#13563=DIRECTION('',(7.06253680404605E-17,1.,0.));
#13564=DIRECTION('',(6.12323399573677E-17,-4.32455654546769E-33,-1.));
#13565=CARTESIAN_POINT('',(-13.6099451107194,1.,-17.3874953737965));
#13566=AXIS2_PLACEMENT_3D('',#13567,#13568,#13569);
#13567=CARTESIAN_POINT('',(-13.6099451107194,1.,-16.8874953737965));
#13568=DIRECTION('',(7.06253680404605E-17,1.,0.));
#13569=DIRECTION('',(6.12323399573677E-17,-4.32455654546769E-33,-1.));
#13570=CARTESIAN_POINT('',(-15.1099451107194,1.,-17.3874953737965));
#13571=AXIS2_PLACEMENT_3D('',#13572,#13573,#13574);
#13572=CARTESIAN_POINT('',(-15.1099451107194,1.,-16.8874953737965));
#13573=DIRECTION('',(7.06253680404605E-17,1.,0.));
#13574=DIRECTION('',(6.12323399573677E-17,-4.32455654546769E-33,-1.));
#13575=CARTESIAN_POINT('',(-16.6099451107194,1.,-17.3874953737965));
#13576=AXIS2_PLACEMENT_3D('',#13577,#13578,#13579);
#13577=CARTESIAN_POINT('',(-16.6099451107194,1.,-16.8874953737965));
#13578=DIRECTION('',(7.06253680404605E-17,1.,0.));
#13579=DIRECTION('',(6.12323399573677E-17,-4.32455654546769E-33,-1.));
#13580=CARTESIAN_POINT('',(-3.10994511071945,1.,-17.3874953737965));
#13581=AXIS2_PLACEMENT_3D('',#13582,#13583,#13584);
#13582=CARTESIAN_POINT('',(-3.10994511071945,1.,-16.8874953737965));
#13583=DIRECTION('',(7.06253680404605E-17,1.,0.));
#13584=DIRECTION('',(6.12323399573677E-17,-4.32455654546769E-33,-1.));
#13585=CARTESIAN_POINT('',(-10.6099451107194,1.,-19.9855715851499));
#13586=AXIS2_PLACEMENT_3D('',#13587,#13588,#13589);
#13587=CARTESIAN_POINT('',(-10.6099451107194,1.,-19.4855715851499));
#13588=DIRECTION('',(7.06253680404605E-17,1.,0.));
#13589=DIRECTION('',(6.12323399573677E-17,-4.32455654546769E-33,-1.));
#13590=CARTESIAN_POINT('',(-12.1099451107194,1.,-19.9855715851499));
#13591=AXIS2_PLACEMENT_3D('',#13592,#13593,#13594);
#13592=CARTESIAN_POINT('',(-12.1099451107194,1.,-19.4855715851499));
#13593=DIRECTION('',(7.06253680404605E-17,1.,0.));
#13594=DIRECTION('',(6.12323399573677E-17,-4.32455654546769E-33,-1.));
#13595=CARTESIAN_POINT('',(-9.10994511071945,1.,-19.9855715851499));
#13596=AXIS2_PLACEMENT_3D('',#13597,#13598,#13599);
#13597=CARTESIAN_POINT('',(-9.10994511071945,1.,-19.4855715851499));
#13598=DIRECTION('',(7.06253680404605E-17,1.,0.));
#13599=DIRECTION('',(6.12323399573677E-17,-4.32455654546769E-33,-1.));
#13600=CARTESIAN_POINT('',(-6.10994511071945,1.,-19.9855715851499));
#13601=AXIS2_PLACEMENT_3D('',#13602,#13603,#13604);
#13602=CARTESIAN_POINT('',(-6.10994511071945,1.,-19.4855715851499));
#13603=DIRECTION('',(7.06253680404605E-17,1.,0.));
#13604=DIRECTION('',(6.12323399573677E-17,-4.32455654546769E-33,-1.));
#13605=CARTESIAN_POINT('',(-4.60994511071945,1.,-19.9855715851499));
#13606=AXIS2_PLACEMENT_3D('',#13607,#13608,#13609);
#13607=CARTESIAN_POINT('',(-4.60994511071945,1.,-19.4855715851499));
#13608=DIRECTION('',(7.06253680404605E-17,1.,0.));
#13609=DIRECTION('',(6.12323399573677E-17,-4.32455654546769E-33,-1.));
#13610=CARTESIAN_POINT('',(-13.6099451107194,1.,-19.9855715851499));
#13611=AXIS2_PLACEMENT_3D('',#13612,#13613,#13614);
#13612=CARTESIAN_POINT('',(-13.6099451107194,1.,-19.4855715851499));
#13613=DIRECTION('',(7.06253680404605E-17,1.,0.));
#13614=DIRECTION('',(6.12323399573677E-17,-4.32455654546769E-33,-1.));
#13615=CARTESIAN_POINT('',(-15.1099451107194,1.,-19.9855715851499));
#13616=AXIS2_PLACEMENT_3D('',#13617,#13618,#13619);
#13617=CARTESIAN_POINT('',(-15.1099451107194,1.,-19.4855715851499));
#13618=DIRECTION('',(7.06253680404605E-17,1.,0.));
#13619=DIRECTION('',(6.12323399573677E-17,-4.32455654546769E-33,-1.));
#13620=CARTESIAN_POINT('',(-16.6099451107194,1.,-19.9855715851499));
#13621=AXIS2_PLACEMENT_3D('',#13622,#13623,#13624);
#13622=CARTESIAN_POINT('',(-16.6099451107194,1.,-19.4855715851499));
#13623=DIRECTION('',(7.06253680404605E-17,1.,0.));
#13624=DIRECTION('',(6.12323399573677E-17,-4.32455654546769E-33,-1.));
#13625=CARTESIAN_POINT('',(-3.10994511071945,1.,-19.9855715851499));
#13626=AXIS2_PLACEMENT_3D('',#13627,#13628,#13629);
#13627=CARTESIAN_POINT('',(-3.10994511071945,1.,-19.4855715851499));
#13628=DIRECTION('',(7.06253680404605E-17,1.,0.));
#13629=DIRECTION('',(6.12323399573677E-17,-4.32455654546769E-33,-1.));
#13630=CARTESIAN_POINT('',(-10.6099451107194,1.,-22.5836477965032));
#13631=AXIS2_PLACEMENT_3D('',#13632,#13633,#13634);
#13632=CARTESIAN_POINT('',(-10.6099451107194,1.,-22.0836477965032));
#13633=DIRECTION('',(7.06253680404605E-17,1.,0.));
#13634=DIRECTION('',(6.12323399573677E-17,-4.32455654546769E-33,-1.));
#13635=CARTESIAN_POINT('',(-12.1099451107194,1.,-22.5836477965032));
#13636=AXIS2_PLACEMENT_3D('',#13637,#13638,#13639);
#13637=CARTESIAN_POINT('',(-12.1099451107194,1.,-22.0836477965032));
#13638=DIRECTION('',(7.06253680404605E-17,1.,0.));
#13639=DIRECTION('',(6.12323399573677E-17,-4.32455654546769E-33,-1.));
#13640=CARTESIAN_POINT('',(-7.60994511071944,1.,-22.5836477965032));
#13641=AXIS2_PLACEMENT_3D('',#13642,#13643,#13644);
#13642=CARTESIAN_POINT('',(-7.60994511071944,1.,-22.0836477965032));
#13643=DIRECTION('',(7.06253680404605E-17,1.,0.));
#13644=DIRECTION('',(6.12323399573677E-17,-4.32455654546769E-33,-1.));
#13645=CARTESIAN_POINT('',(-6.10994511071944,1.,-22.5836477965032));
#13646=AXIS2_PLACEMENT_3D('',#13647,#13648,#13649);
#13647=CARTESIAN_POINT('',(-6.10994511071944,1.,-22.0836477965032));
#13648=DIRECTION('',(7.06253680404605E-17,1.,0.));
#13649=DIRECTION('',(6.12323399573677E-17,-4.32455654546769E-33,-1.));
#13650=CARTESIAN_POINT('',(-4.60994511071944,1.,-22.5836477965032));
#13651=AXIS2_PLACEMENT_3D('',#13652,#13653,#13654);
#13652=CARTESIAN_POINT('',(-4.60994511071944,1.,-22.0836477965032));
#13653=DIRECTION('',(7.06253680404605E-17,1.,0.));
#13654=DIRECTION('',(6.12323399573677E-17,-4.32455654546769E-33,-1.));
#13655=CARTESIAN_POINT('',(-13.6099451107194,1.,-22.5836477965032));
#13656=AXIS2_PLACEMENT_3D('',#13657,#13658,#13659);
#13657=CARTESIAN_POINT('',(-13.6099451107194,1.,-22.0836477965032));
#13658=DIRECTION('',(7.06253680404605E-17,1.,0.));
#13659=DIRECTION('',(6.12323399573677E-17,-4.32455654546769E-33,-1.));
#13660=CARTESIAN_POINT('',(-15.1099451107194,1.,-22.5836477965032));
#13661=AXIS2_PLACEMENT_3D('',#13662,#13663,#13664);
#13662=CARTESIAN_POINT('',(-15.1099451107194,1.,-22.0836477965032));
#13663=DIRECTION('',(7.06253680404605E-17,1.,0.));
#13664=DIRECTION('',(6.12323399573677E-17,-4.32455654546769E-33,-1.));
#13665=CARTESIAN_POINT('',(-16.6099451107194,1.,-22.5836477965032));
#13666=AXIS2_PLACEMENT_3D('',#13667,#13668,#13669);
#13667=CARTESIAN_POINT('',(-16.6099451107194,1.,-22.0836477965032));
#13668=DIRECTION('',(7.06253680404605E-17,1.,0.));
#13669=DIRECTION('',(6.12323399573677E-17,-4.32455654546769E-33,-1.));
#13670=CARTESIAN_POINT('',(-3.10994511071945,1.,-22.5836477965032));
#13671=AXIS2_PLACEMENT_3D('',#13672,#13673,#13674);
#13672=CARTESIAN_POINT('',(-3.10994511071945,1.,-22.0836477965032));
#13673=DIRECTION('',(7.06253680404605E-17,1.,0.));
#13674=DIRECTION('',(6.12323399573677E-17,-4.32455654546769E-33,-1.));
#13675=CARTESIAN_POINT('',(-10.6099451107194,1.,3.39711431702997));
#13676=AXIS2_PLACEMENT_3D('',#13677,#13678,#13679);
#13677=CARTESIAN_POINT('',(-10.6099451107194,1.,3.89711431702997));
#13678=DIRECTION('',(7.06253680404605E-17,1.,0.));
#13679=DIRECTION('',(6.12323399573677E-17,-4.32455654546769E-33,-1.));
#13680=CARTESIAN_POINT('',(-7.60994511071945,1.,3.39711431702997));
#13681=AXIS2_PLACEMENT_3D('',#13682,#13683,#13684);
#13682=CARTESIAN_POINT('',(-7.60994511071945,1.,3.89711431702997));
#13683=DIRECTION('',(7.06253680404605E-17,1.,0.));
#13684=DIRECTION('',(6.12323399573677E-17,-4.32455654546769E-33,-1.));
#13685=CARTESIAN_POINT('',(-4.60994511071945,1.,3.39711431702997));
#13686=AXIS2_PLACEMENT_3D('',#13687,#13688,#13689);
#13687=CARTESIAN_POINT('',(-4.60994511071945,1.,3.89711431702997));
#13688=DIRECTION('',(7.06253680404605E-17,1.,0.));
#13689=DIRECTION('',(6.12323399573677E-17,-4.32455654546769E-33,-1.));
#13690=CARTESIAN_POINT('',(-16.6099451107195,1.,3.39711431702997));
#13691=AXIS2_PLACEMENT_3D('',#13692,#13693,#13694);
#13692=CARTESIAN_POINT('',(-16.6099451107195,1.,3.89711431702997));
#13693=DIRECTION('',(7.06253680404605E-17,1.,0.));
#13694=DIRECTION('',(6.12323399573677E-17,-4.32455654546769E-33,-1.));
#13695=CARTESIAN_POINT('',(-3.10994511071945,1.,3.39711431702997));
#13696=AXIS2_PLACEMENT_3D('',#13697,#13698,#13699);
#13697=CARTESIAN_POINT('',(-3.10994511071945,1.,3.89711431702997));
#13698=DIRECTION('',(7.06253680404605E-17,1.,0.));
#13699=DIRECTION('',(6.12323399573677E-17,-4.32455654546769E-33,-1.));
#13700=CARTESIAN_POINT('',(-7.60994511071945,1.,5.99519052838328));
#13701=AXIS2_PLACEMENT_3D('',#13702,#13703,#13704);
#13702=CARTESIAN_POINT('',(-7.60994511071945,1.,6.49519052838328));
#13703=DIRECTION('',(7.06253680404605E-17,1.,0.));
#13704=DIRECTION('',(6.12323399573677E-17,-4.32455654546769E-33,-1.));
#13705=CARTESIAN_POINT('',(-6.10994511071945,1.,5.99519052838328));
#13706=AXIS2_PLACEMENT_3D('',#13707,#13708,#13709);
#13707=CARTESIAN_POINT('',(-6.10994511071945,1.,6.49519052838328));
#13708=DIRECTION('',(7.06253680404605E-17,1.,0.));
#13709=DIRECTION('',(6.12323399573677E-17,-4.32455654546769E-33,-1.));
#13710=CARTESIAN_POINT('',(-4.60994511071945,1.,5.99519052838328));
#13711=AXIS2_PLACEMENT_3D('',#13712,#13713,#13714);
#13712=CARTESIAN_POINT('',(-4.60994511071945,1.,6.49519052838328));
#13713=DIRECTION('',(7.06253680404605E-17,1.,0.));
#13714=DIRECTION('',(6.12323399573677E-17,-4.32455654546769E-33,-1.));
#13715=CARTESIAN_POINT('',(-16.6099451107195,1.,5.99519052838328));
#13716=AXIS2_PLACEMENT_3D('',#13717,#13718,#13719);
#13717=CARTESIAN_POINT('',(-16.6099451107195,1.,6.49519052838328));
#13718=DIRECTION('',(7.06253680404605E-17,1.,0.));
#13719=DIRECTION('',(6.12323399573677E-17,-4.32455654546769E-33,-1.));
#13720=CARTESIAN_POINT('',(-3.10994511071945,1.,5.99519052838328));
#13721=AXIS2_PLACEMENT_3D('',#13722,#13723,#13724);
#13722=CARTESIAN_POINT('',(-3.10994511071945,1.,6.49519052838328));
#13723=DIRECTION('',(7.06253680404605E-17,1.,0.));
#13724=DIRECTION('',(6.12323399573677E-17,-4.32455654546769E-33,-1.));
#13725=CARTESIAN_POINT('',(-6.10994511071945,1.,8.5932667397366));
#13726=AXIS2_PLACEMENT_3D('',#13727,#13728,#13729);
#13727=CARTESIAN_POINT('',(-6.10994511071945,1.,9.0932667397366));
#13728=DIRECTION('',(7.06253680404605E-17,1.,0.));
#13729=DIRECTION('',(6.12323399573677E-17,-4.32455654546769E-33,-1.));
#13730=CARTESIAN_POINT('',(-4.60994511071945,1.,8.5932667397366));
#13731=AXIS2_PLACEMENT_3D('',#13732,#13733,#13734);
#13732=CARTESIAN_POINT('',(-4.60994511071945,1.,9.0932667397366));
#13733=DIRECTION('',(7.06253680404605E-17,1.,0.));
#13734=DIRECTION('',(6.12323399573677E-17,-4.32455654546769E-33,-1.));
#13735=CARTESIAN_POINT('',(-16.6099451107195,1.,8.59326673973659));
#13736=AXIS2_PLACEMENT_3D('',#13737,#13738,#13739);
#13737=CARTESIAN_POINT('',(-16.6099451107195,1.,9.09326673973659));
#13738=DIRECTION('',(7.06253680404605E-17,1.,0.));
#13739=DIRECTION('',(6.12323399573677E-17,-4.32455654546769E-33,-1.));
#13740=CARTESIAN_POINT('',(-3.10994511071945,1.,8.5932667397366));
#13741=AXIS2_PLACEMENT_3D('',#13742,#13743,#13744);
#13742=CARTESIAN_POINT('',(-3.10994511071945,1.,9.0932667397366));
#13743=DIRECTION('',(7.06253680404605E-17,1.,0.));
#13744=DIRECTION('',(6.12323399573677E-17,-4.32455654546769E-33,-1.));
#13745=CARTESIAN_POINT('',(-12.1099451107195,1.,11.1913429510899));
#13746=AXIS2_PLACEMENT_3D('',#13747,#13748,#13749);
#13747=CARTESIAN_POINT('',(-12.1099451107195,1.,11.6913429510899));
#13748=DIRECTION('',(7.06253680404605E-17,1.,0.));
#13749=DIRECTION('',(6.12323399573677E-17,-4.32455654546769E-33,-1.));
#13750=CARTESIAN_POINT('',(-7.60994511071945,1.,11.1913429510899));
#13751=AXIS2_PLACEMENT_3D('',#13752,#13753,#13754);
#13752=CARTESIAN_POINT('',(-7.60994511071945,1.,11.6913429510899));
#13753=DIRECTION('',(7.06253680404605E-17,1.,0.));
#13754=DIRECTION('',(6.12323399573677E-17,-4.32455654546769E-33,-1.));
#13755=CARTESIAN_POINT('',(-6.10994511071945,1.,11.1913429510899));
#13756=AXIS2_PLACEMENT_3D('',#13757,#13758,#13759);
#13757=CARTESIAN_POINT('',(-6.10994511071945,1.,11.6913429510899));
#13758=DIRECTION('',(7.06253680404605E-17,1.,0.));
#13759=DIRECTION('',(6.12323399573677E-17,-4.32455654546769E-33,-1.));
#13760=CARTESIAN_POINT('',(-4.60994511071945,1.,11.1913429510899));
#13761=AXIS2_PLACEMENT_3D('',#13762,#13763,#13764);
#13762=CARTESIAN_POINT('',(-4.60994511071945,1.,11.6913429510899));
#13763=DIRECTION('',(7.06253680404605E-17,1.,0.));
#13764=DIRECTION('',(6.12323399573677E-17,-4.32455654546769E-33,-1.));
#13765=CARTESIAN_POINT('',(-13.6099451107195,1.,11.1913429510899));
#13766=AXIS2_PLACEMENT_3D('',#13767,#13768,#13769);
#13767=CARTESIAN_POINT('',(-13.6099451107195,1.,11.6913429510899));
#13768=DIRECTION('',(7.06253680404605E-17,1.,0.));
#13769=DIRECTION('',(6.12323399573677E-17,-4.32455654546769E-33,-1.));
#13770=CARTESIAN_POINT('',(-15.1099451107195,1.,11.1913429510899));
#13771=AXIS2_PLACEMENT_3D('',#13772,#13773,#13774);
#13772=CARTESIAN_POINT('',(-15.1099451107195,1.,11.6913429510899));
#13773=DIRECTION('',(7.06253680404605E-17,1.,0.));
#13774=DIRECTION('',(6.12323399573677E-17,-4.32455654546769E-33,-1.));
#13775=CARTESIAN_POINT('',(-16.6099451107195,1.,11.1913429510899));
#13776=AXIS2_PLACEMENT_3D('',#13777,#13778,#13779);
#13777=CARTESIAN_POINT('',(-16.6099451107195,1.,11.6913429510899));
#13778=DIRECTION('',(7.06253680404605E-17,1.,0.));
#13779=DIRECTION('',(6.12323399573677E-17,-4.32455654546769E-33,-1.));
#13780=CARTESIAN_POINT('',(-3.10994511071945,1.,11.1913429510899));
#13781=AXIS2_PLACEMENT_3D('',#13782,#13783,#13784);
#13782=CARTESIAN_POINT('',(-3.10994511071945,1.,11.6913429510899));
#13783=DIRECTION('',(7.06253680404605E-17,1.,0.));
#13784=DIRECTION('',(6.12323399573677E-17,-4.32455654546769E-33,-1.));
#13785=CARTESIAN_POINT('',(-7.60994511071945,1.,13.7894191624432));
#13786=AXIS2_PLACEMENT_3D('',#13787,#13788,#13789);
#13787=CARTESIAN_POINT('',(-7.60994511071945,1.,14.2894191624432));
#13788=DIRECTION('',(7.06253680404605E-17,1.,0.));
#13789=DIRECTION('',(6.12323399573677E-17,-4.32455654546769E-33,-1.));
#13790=CARTESIAN_POINT('',(-6.10994511071945,1.,13.7894191624432));
#13791=AXIS2_PLACEMENT_3D('',#13792,#13793,#13794);
#13792=CARTESIAN_POINT('',(-6.10994511071945,1.,14.2894191624432));
#13793=DIRECTION('',(7.06253680404605E-17,1.,0.));
#13794=DIRECTION('',(6.12323399573677E-17,-4.32455654546769E-33,-1.));
#13795=CARTESIAN_POINT('',(-4.60994511071945,1.,13.7894191624432));
#13796=AXIS2_PLACEMENT_3D('',#13797,#13798,#13799);
#13797=CARTESIAN_POINT('',(-4.60994511071945,1.,14.2894191624432));
#13798=DIRECTION('',(7.06253680404605E-17,1.,0.));
#13799=DIRECTION('',(6.12323399573677E-17,-4.32455654546769E-33,-1.));
#13800=CARTESIAN_POINT('',(-15.1099451107195,1.,13.7894191624432));
#13801=AXIS2_PLACEMENT_3D('',#13802,#13803,#13804);
#13802=CARTESIAN_POINT('',(-15.1099451107195,1.,14.2894191624432));
#13803=DIRECTION('',(7.06253680404605E-17,1.,0.));
#13804=DIRECTION('',(6.12323399573677E-17,-4.32455654546769E-33,-1.));
#13805=CARTESIAN_POINT('',(-16.6099451107195,1.,13.7894191624432));
#13806=AXIS2_PLACEMENT_3D('',#13807,#13808,#13809);
#13807=CARTESIAN_POINT('',(-16.6099451107195,1.,14.2894191624432));
#13808=DIRECTION('',(7.06253680404605E-17,1.,0.));
#13809=DIRECTION('',(6.12323399573677E-17,-4.32455654546769E-33,-1.));
#13810=CARTESIAN_POINT('',(-3.10994511071945,1.,13.7894191624432));
#13811=AXIS2_PLACEMENT_3D('',#13812,#13813,#13814);
#13812=CARTESIAN_POINT('',(-3.10994511071945,1.,14.2894191624432));
#13813=DIRECTION('',(7.06253680404605E-17,1.,0.));
#13814=DIRECTION('',(6.12323399573677E-17,-4.32455654546769E-33,-1.));
#13815=CARTESIAN_POINT('',(-7.60994511071945,1.,16.3874953737965));
#13816=AXIS2_PLACEMENT_3D('',#13817,#13818,#13819);
#13817=CARTESIAN_POINT('',(-7.60994511071945,1.,16.8874953737965));
#13818=DIRECTION('',(7.06253680404605E-17,1.,0.));
#13819=DIRECTION('',(6.12323399573677E-17,-4.32455654546769E-33,-1.));
#13820=CARTESIAN_POINT('',(-6.10994511071945,1.,16.3874953737965));
#13821=AXIS2_PLACEMENT_3D('',#13822,#13823,#13824);
#13822=CARTESIAN_POINT('',(-6.10994511071945,1.,16.8874953737965));
#13823=DIRECTION('',(7.06253680404605E-17,1.,0.));
#13824=DIRECTION('',(6.12323399573677E-17,-4.32455654546769E-33,-1.));
#13825=CARTESIAN_POINT('',(-4.60994511071945,1.,16.3874953737965));
#13826=AXIS2_PLACEMENT_3D('',#13827,#13828,#13829);
#13827=CARTESIAN_POINT('',(-4.60994511071945,1.,16.8874953737965));
#13828=DIRECTION('',(7.06253680404605E-17,1.,0.));
#13829=DIRECTION('',(6.12323399573677E-17,-4.32455654546769E-33,-1.));
#13830=CARTESIAN_POINT('',(-15.1099451107195,1.,16.3874953737965));
#13831=AXIS2_PLACEMENT_3D('',#13832,#13833,#13834);
#13832=CARTESIAN_POINT('',(-15.1099451107195,1.,16.8874953737965));
#13833=DIRECTION('',(7.06253680404605E-17,1.,0.));
#13834=DIRECTION('',(6.12323399573677E-17,-4.32455654546769E-33,-1.));
#13835=CARTESIAN_POINT('',(-16.6099451107195,1.,16.3874953737965));
#13836=AXIS2_PLACEMENT_3D('',#13837,#13838,#13839);
#13837=CARTESIAN_POINT('',(-16.6099451107195,1.,16.8874953737965));
#13838=DIRECTION('',(7.06253680404605E-17,1.,0.));
#13839=DIRECTION('',(6.12323399573677E-17,-4.32455654546769E-33,-1.));
#13840=CARTESIAN_POINT('',(-3.10994511071945,1.,16.3874953737965));
#13841=AXIS2_PLACEMENT_3D('',#13842,#13843,#13844);
#13842=CARTESIAN_POINT('',(-3.10994511071945,1.,16.8874953737965));
#13843=DIRECTION('',(7.06253680404605E-17,1.,0.));
#13844=DIRECTION('',(6.12323399573677E-17,-4.32455654546769E-33,-1.));
#13845=CARTESIAN_POINT('',(-7.60994511071945,1.,18.9855715851498));
#13846=AXIS2_PLACEMENT_3D('',#13847,#13848,#13849);
#13847=CARTESIAN_POINT('',(-7.60994511071945,1.,19.4855715851498));
#13848=DIRECTION('',(7.06253680404605E-17,1.,0.));
#13849=DIRECTION('',(6.12323399573677E-17,-4.32455654546769E-33,-1.));
#13850=CARTESIAN_POINT('',(-6.10994511071945,1.,18.9855715851498));
#13851=AXIS2_PLACEMENT_3D('',#13852,#13853,#13854);
#13852=CARTESIAN_POINT('',(-6.10994511071945,1.,19.4855715851498));
#13853=DIRECTION('',(7.06253680404605E-17,1.,0.));
#13854=DIRECTION('',(6.12323399573677E-17,-4.32455654546769E-33,-1.));
#13855=CARTESIAN_POINT('',(-4.60994511071945,1.,18.9855715851498));
#13856=AXIS2_PLACEMENT_3D('',#13857,#13858,#13859);
#13857=CARTESIAN_POINT('',(-4.60994511071945,1.,19.4855715851498));
#13858=DIRECTION('',(7.06253680404605E-17,1.,0.));
#13859=DIRECTION('',(6.12323399573677E-17,-4.32455654546769E-33,-1.));
#13860=CARTESIAN_POINT('',(-15.1099451107195,1.,18.9855715851498));
#13861=AXIS2_PLACEMENT_3D('',#13862,#13863,#13864);
#13862=CARTESIAN_POINT('',(-15.1099451107195,1.,19.4855715851498));
#13863=DIRECTION('',(7.06253680404605E-17,1.,0.));
#13864=DIRECTION('',(6.12323399573677E-17,-4.32455654546769E-33,-1.));
#13865=CARTESIAN_POINT('',(-16.6099451107195,1.,18.9855715851498));
#13866=AXIS2_PLACEMENT_3D('',#13867,#13868,#13869);
#13867=CARTESIAN_POINT('',(-16.6099451107195,1.,19.4855715851498));
#13868=DIRECTION('',(7.06253680404605E-17,1.,0.));
#13869=DIRECTION('',(6.12323399573677E-17,-4.32455654546769E-33,-1.));
#13870=CARTESIAN_POINT('',(-3.10994511071945,1.,18.9855715851498));
#13871=AXIS2_PLACEMENT_3D('',#13872,#13873,#13874);
#13872=CARTESIAN_POINT('',(-3.10994511071945,1.,19.4855715851498));
#13873=DIRECTION('',(7.06253680404605E-17,1.,0.));
#13874=DIRECTION('',(6.12323399573677E-17,-4.32455654546769E-33,-1.));
#13875=CARTESIAN_POINT('',(-10.6099451107195,1.,21.5836477965032));
#13876=AXIS2_PLACEMENT_3D('',#13877,#13878,#13879);
#13877=CARTESIAN_POINT('',(-10.6099451107195,1.,22.0836477965032));
#13878=DIRECTION('',(7.06253680404605E-17,1.,0.));
#13879=DIRECTION('',(6.12323399573677E-17,-4.32455654546769E-33,-1.));
#13880=CARTESIAN_POINT('',(-12.1099451107195,1.,21.5836477965032));
#13881=AXIS2_PLACEMENT_3D('',#13882,#13883,#13884);
#13882=CARTESIAN_POINT('',(-12.1099451107195,1.,22.0836477965032));
#13883=DIRECTION('',(7.06253680404605E-17,1.,0.));
#13884=DIRECTION('',(6.12323399573677E-17,-4.32455654546769E-33,-1.));
#13885=CARTESIAN_POINT('',(-9.10994511071945,1.,21.5836477965032));
#13886=AXIS2_PLACEMENT_3D('',#13887,#13888,#13889);
#13887=CARTESIAN_POINT('',(-9.10994511071945,1.,22.0836477965032));
#13888=DIRECTION('',(7.06253680404605E-17,1.,0.));
#13889=DIRECTION('',(6.12323399573677E-17,-4.32455654546769E-33,-1.));
#13890=CARTESIAN_POINT('',(-6.10994511071945,1.,21.5836477965032));
#13891=AXIS2_PLACEMENT_3D('',#13892,#13893,#13894);
#13892=CARTESIAN_POINT('',(-6.10994511071945,1.,22.0836477965032));
#13893=DIRECTION('',(7.06253680404605E-17,1.,0.));
#13894=DIRECTION('',(6.12323399573677E-17,-4.32455654546769E-33,-1.));
#13895=CARTESIAN_POINT('',(-4.60994511071945,1.,21.5836477965032));
#13896=AXIS2_PLACEMENT_3D('',#13897,#13898,#13899);
#13897=CARTESIAN_POINT('',(-4.60994511071945,1.,22.0836477965032));
#13898=DIRECTION('',(7.06253680404605E-17,1.,0.));
#13899=DIRECTION('',(6.12323399573677E-17,-4.32455654546769E-33,-1.));
#13900=CARTESIAN_POINT('',(-13.6099451107195,1.,21.5836477965032));
#13901=AXIS2_PLACEMENT_3D('',#13902,#13903,#13904);
#13902=CARTESIAN_POINT('',(-13.6099451107195,1.,22.0836477965032));
#13903=DIRECTION('',(7.06253680404605E-17,1.,0.));
#13904=DIRECTION('',(6.12323399573677E-17,-4.32455654546769E-33,-1.));
#13905=CARTESIAN_POINT('',(-15.1099451107195,1.,21.5836477965032));
#13906=AXIS2_PLACEMENT_3D('',#13907,#13908,#13909);
#13907=CARTESIAN_POINT('',(-15.1099451107195,1.,22.0836477965032));
#13908=DIRECTION('',(7.06253680404605E-17,1.,0.));
#13909=DIRECTION('',(6.12323399573677E-17,-4.32455654546769E-33,-1.));
#13910=CARTESIAN_POINT('',(-16.6099451107195,1.,21.5836477965032));
#13911=AXIS2_PLACEMENT_3D('',#13912,#13913,#13914);
#13912=CARTESIAN_POINT('',(-16.6099451107195,1.,22.0836477965032));
#13913=DIRECTION('',(7.06253680404605E-17,1.,0.));
#13914=DIRECTION('',(6.12323399573677E-17,-4.32455654546769E-33,-1.));
#13915=CARTESIAN_POINT('',(-3.10994511071946,1.,21.5836477965032));
#13916=AXIS2_PLACEMENT_3D('',#13917,#13918,#13919);
#13917=CARTESIAN_POINT('',(-3.10994511071946,1.,22.0836477965032));
#13918=DIRECTION('',(7.06253680404605E-17,1.,0.));
#13919=DIRECTION('',(6.12323399573677E-17,-4.32455654546769E-33,-1.));
#13920=CARTESIAN_POINT('',(-9.85994511071945,1.,-3.09807621135331));
#13921=AXIS2_PLACEMENT_3D('',#13922,#13923,#13924);
#13922=CARTESIAN_POINT('',(-9.85994511071945,1.,-2.59807621135331));
#13923=DIRECTION('',(7.06253680404605E-17,1.,0.));
#13924=DIRECTION('',(6.12323399573677E-17,-4.32455654546769E-33,-1.));
#13925=CARTESIAN_POINT('',(-11.3599451107195,1.,-3.09807621135331));
#13926=AXIS2_PLACEMENT_3D('',#13927,#13928,#13929);
#13927=CARTESIAN_POINT('',(-11.3599451107195,1.,-2.59807621135331));
#13928=DIRECTION('',(7.06253680404605E-17,1.,0.));
#13929=DIRECTION('',(6.12323399573677E-17,-4.32455654546769E-33,-1.));
#13930=CARTESIAN_POINT('',(-6.85994511071945,1.,-3.09807621135331));
#13931=AXIS2_PLACEMENT_3D('',#13932,#13933,#13934);
#13932=CARTESIAN_POINT('',(-6.85994511071945,1.,-2.59807621135331));
#13933=DIRECTION('',(7.06253680404605E-17,1.,0.));
#13934=DIRECTION('',(6.12323399573677E-17,-4.32455654546769E-33,-1.));
#13935=CARTESIAN_POINT('',(-5.35994511071945,1.,-3.09807621135331));
#13936=AXIS2_PLACEMENT_3D('',#13937,#13938,#13939);
#13937=CARTESIAN_POINT('',(-5.35994511071945,1.,-2.59807621135331));
#13938=DIRECTION('',(7.06253680404605E-17,1.,0.));
#13939=DIRECTION('',(6.12323399573677E-17,-4.32455654546769E-33,-1.));
#13940=CARTESIAN_POINT('',(-3.85994511071945,1.,-3.09807621135331));
#13941=AXIS2_PLACEMENT_3D('',#13942,#13943,#13944);
#13942=CARTESIAN_POINT('',(-3.85994511071945,1.,-2.59807621135331));
#13943=DIRECTION('',(7.06253680404605E-17,1.,0.));
#13944=DIRECTION('',(6.12323399573677E-17,-4.32455654546769E-33,-1.));
#13945=CARTESIAN_POINT('',(-12.8599451107195,1.,-3.09807621135331));
#13946=AXIS2_PLACEMENT_3D('',#13947,#13948,#13949);
#13947=CARTESIAN_POINT('',(-12.8599451107195,1.,-2.59807621135332));
#13948=DIRECTION('',(7.06253680404605E-17,1.,0.));
#13949=DIRECTION('',(6.12323399573677E-17,-4.32455654546769E-33,-1.));
#13950=CARTESIAN_POINT('',(-14.3599451107195,1.,-3.09807621135331));
#13951=AXIS2_PLACEMENT_3D('',#13952,#13953,#13954);
#13952=CARTESIAN_POINT('',(-14.3599451107195,1.,-2.59807621135332));
#13953=DIRECTION('',(7.06253680404605E-17,1.,0.));
#13954=DIRECTION('',(6.12323399573677E-17,-4.32455654546769E-33,-1.));
#13955=CARTESIAN_POINT('',(-15.8599451107195,1.,-3.09807621135331));
#13956=AXIS2_PLACEMENT_3D('',#13957,#13958,#13959);
#13957=CARTESIAN_POINT('',(-15.8599451107195,1.,-2.59807621135332));
#13958=DIRECTION('',(7.06253680404605E-17,1.,0.));
#13959=DIRECTION('',(6.12323399573677E-17,-4.32455654546769E-33,-1.));
#13960=CARTESIAN_POINT('',(-9.85994511071945,1.,-5.69615242270663));
#13961=AXIS2_PLACEMENT_3D('',#13962,#13963,#13964);
#13962=CARTESIAN_POINT('',(-9.85994511071945,1.,-5.19615242270663));
#13963=DIRECTION('',(7.06253680404605E-17,1.,0.));
#13964=DIRECTION('',(6.12323399573677E-17,-4.32455654546769E-33,-1.));
#13965=CARTESIAN_POINT('',(-11.3599451107195,1.,-5.69615242270663));
#13966=AXIS2_PLACEMENT_3D('',#13967,#13968,#13969);
#13967=CARTESIAN_POINT('',(-11.3599451107195,1.,-5.19615242270663));
#13968=DIRECTION('',(7.06253680404605E-17,1.,0.));
#13969=DIRECTION('',(6.12323399573677E-17,-4.32455654546769E-33,-1.));
#13970=CARTESIAN_POINT('',(-6.85994511071945,1.,-5.69615242270663));
#13971=AXIS2_PLACEMENT_3D('',#13972,#13973,#13974);
#13972=CARTESIAN_POINT('',(-6.85994511071945,1.,-5.19615242270662));
#13973=DIRECTION('',(7.06253680404605E-17,1.,0.));
#13974=DIRECTION('',(6.12323399573677E-17,-4.32455654546769E-33,-1.));
#13975=CARTESIAN_POINT('',(-5.35994511071945,1.,-5.69615242270663));
#13976=AXIS2_PLACEMENT_3D('',#13977,#13978,#13979);
#13977=CARTESIAN_POINT('',(-5.35994511071945,1.,-5.19615242270662));
#13978=DIRECTION('',(7.06253680404605E-17,1.,0.));
#13979=DIRECTION('',(6.12323399573677E-17,-4.32455654546769E-33,-1.));
#13980=CARTESIAN_POINT('',(-3.85994511071945,1.,-5.69615242270663));
#13981=AXIS2_PLACEMENT_3D('',#13982,#13983,#13984);
#13982=CARTESIAN_POINT('',(-3.85994511071945,1.,-5.19615242270662));
#13983=DIRECTION('',(7.06253680404605E-17,1.,0.));
#13984=DIRECTION('',(6.12323399573677E-17,-4.32455654546769E-33,-1.));
#13985=CARTESIAN_POINT('',(-12.8599451107195,1.,-5.69615242270663));
#13986=AXIS2_PLACEMENT_3D('',#13987,#13988,#13989);
#13987=CARTESIAN_POINT('',(-12.8599451107195,1.,-5.19615242270663));
#13988=DIRECTION('',(7.06253680404605E-17,1.,0.));
#13989=DIRECTION('',(6.12323399573677E-17,-4.32455654546769E-33,-1.));
#13990=CARTESIAN_POINT('',(-14.3599451107195,1.,-5.69615242270663));
#13991=AXIS2_PLACEMENT_3D('',#13992,#13993,#13994);
#13992=CARTESIAN_POINT('',(-14.3599451107195,1.,-5.19615242270663));
#13993=DIRECTION('',(7.06253680404605E-17,1.,0.));
#13994=DIRECTION('',(6.12323399573677E-17,-4.32455654546769E-33,-1.));
#13995=CARTESIAN_POINT('',(-15.8599451107195,1.,-5.69615242270663));
#13996=AXIS2_PLACEMENT_3D('',#13997,#13998,#13999);
#13997=CARTESIAN_POINT('',(-15.8599451107195,1.,-5.19615242270663));
#13998=DIRECTION('',(7.06253680404605E-17,1.,0.));
#13999=DIRECTION('',(6.12323399573677E-17,-4.32455654546769E-33,-1.));
#14000=CARTESIAN_POINT('',(-6.85994511071945,1.,-8.29422863405994));
#14001=AXIS2_PLACEMENT_3D('',#14002,#14003,#14004);
#14002=CARTESIAN_POINT('',(-6.85994511071945,1.,-7.79422863405994));
#14003=DIRECTION('',(7.06253680404605E-17,1.,0.));
#14004=DIRECTION('',(6.12323399573677E-17,-4.32455654546769E-33,-1.));
#14005=CARTESIAN_POINT('',(-5.35994511071945,1.,-8.29422863405994));
#14006=AXIS2_PLACEMENT_3D('',#14007,#14008,#14009);
#14007=CARTESIAN_POINT('',(-5.35994511071945,1.,-7.79422863405994));
#14008=DIRECTION('',(7.06253680404605E-17,1.,0.));
#14009=DIRECTION('',(6.12323399573677E-17,-4.32455654546769E-33,-1.));
#14010=CARTESIAN_POINT('',(-9.85994511071945,1.,-10.8923048454133));
#14011=AXIS2_PLACEMENT_3D('',#14012,#14013,#14014);
#14012=CARTESIAN_POINT('',(-9.85994511071945,1.,-10.3923048454133));
#14013=DIRECTION('',(7.06253680404605E-17,1.,0.));
#14014=DIRECTION('',(6.12323399573677E-17,-4.32455654546769E-33,-1.));
#14015=CARTESIAN_POINT('',(-11.3599451107194,1.,-10.8923048454133));
#14016=AXIS2_PLACEMENT_3D('',#14017,#14018,#14019);
#14017=CARTESIAN_POINT('',(-11.3599451107194,1.,-10.3923048454133));
#14018=DIRECTION('',(7.06253680404605E-17,1.,0.));
#14019=DIRECTION('',(6.12323399573677E-17,-4.32455654546769E-33,-1.));
#14020=CARTESIAN_POINT('',(-6.85994511071945,1.,-10.8923048454133));
#14021=AXIS2_PLACEMENT_3D('',#14022,#14023,#14024);
#14022=CARTESIAN_POINT('',(-6.85994511071945,1.,-10.3923048454133));
#14023=DIRECTION('',(7.06253680404605E-17,1.,0.));
#14024=DIRECTION('',(6.12323399573677E-17,-4.32455654546769E-33,-1.));
#14025=CARTESIAN_POINT('',(-5.35994511071945,1.,-10.8923048454133));
#14026=AXIS2_PLACEMENT_3D('',#14027,#14028,#14029);
#14027=CARTESIAN_POINT('',(-5.35994511071945,1.,-10.3923048454133));
#14028=DIRECTION('',(7.06253680404605E-17,1.,0.));
#14029=DIRECTION('',(6.12323399573677E-17,-4.32455654546769E-33,-1.));
#14030=CARTESIAN_POINT('',(-3.85994511071945,1.,-10.8923048454133));
#14031=AXIS2_PLACEMENT_3D('',#14032,#14033,#14034);
#14032=CARTESIAN_POINT('',(-3.85994511071945,1.,-10.3923048454133));
#14033=DIRECTION('',(7.06253680404605E-17,1.,0.));
#14034=DIRECTION('',(6.12323399573677E-17,-4.32455654546769E-33,-1.));
#14035=CARTESIAN_POINT('',(-12.8599451107194,1.,-10.8923048454133));
#14036=AXIS2_PLACEMENT_3D('',#14037,#14038,#14039);
#14037=CARTESIAN_POINT('',(-12.8599451107194,1.,-10.3923048454133));
#14038=DIRECTION('',(7.06253680404605E-17,1.,0.));
#14039=DIRECTION('',(6.12323399573677E-17,-4.32455654546769E-33,-1.));
#14040=CARTESIAN_POINT('',(-14.3599451107194,1.,-10.8923048454133));
#14041=AXIS2_PLACEMENT_3D('',#14042,#14043,#14044);
#14042=CARTESIAN_POINT('',(-14.3599451107194,1.,-10.3923048454133));
#14043=DIRECTION('',(7.06253680404605E-17,1.,0.));
#14044=DIRECTION('',(6.12323399573677E-17,-4.32455654546769E-33,-1.));
#14045=CARTESIAN_POINT('',(-9.85994511071945,1.,-13.4903810567666));
#14046=AXIS2_PLACEMENT_3D('',#14047,#14048,#14049);
#14047=CARTESIAN_POINT('',(-9.85994511071945,1.,-12.9903810567666));
#14048=DIRECTION('',(7.06253680404605E-17,1.,0.));
#14049=DIRECTION('',(6.12323399573677E-17,-4.32455654546769E-33,-1.));
#14050=CARTESIAN_POINT('',(-11.3599451107194,1.,-13.4903810567666));
#14051=AXIS2_PLACEMENT_3D('',#14052,#14053,#14054);
#14052=CARTESIAN_POINT('',(-11.3599451107194,1.,-12.9903810567666));
#14053=DIRECTION('',(7.06253680404605E-17,1.,0.));
#14054=DIRECTION('',(6.12323399573677E-17,-4.32455654546769E-33,-1.));
#14055=CARTESIAN_POINT('',(-6.85994511071945,1.,-13.4903810567666));
#14056=AXIS2_PLACEMENT_3D('',#14057,#14058,#14059);
#14057=CARTESIAN_POINT('',(-6.85994511071945,1.,-12.9903810567666));
#14058=DIRECTION('',(7.06253680404605E-17,1.,0.));
#14059=DIRECTION('',(6.12323399573677E-17,-4.32455654546769E-33,-1.));
#14060=CARTESIAN_POINT('',(-5.35994511071945,1.,-13.4903810567666));
#14061=AXIS2_PLACEMENT_3D('',#14062,#14063,#14064);
#14062=CARTESIAN_POINT('',(-5.35994511071945,1.,-12.9903810567666));
#14063=DIRECTION('',(7.06253680404605E-17,1.,0.));
#14064=DIRECTION('',(6.12323399573677E-17,-4.32455654546769E-33,-1.));
#14065=CARTESIAN_POINT('',(-3.85994511071945,1.,-13.4903810567666));
#14066=AXIS2_PLACEMENT_3D('',#14067,#14068,#14069);
#14067=CARTESIAN_POINT('',(-3.85994511071945,1.,-12.9903810567666));
#14068=DIRECTION('',(7.06253680404605E-17,1.,0.));
#14069=DIRECTION('',(6.12323399573677E-17,-4.32455654546769E-33,-1.));
#14070=CARTESIAN_POINT('',(-12.8599451107194,1.,-13.4903810567666));
#14071=AXIS2_PLACEMENT_3D('',#14072,#14073,#14074);
#14072=CARTESIAN_POINT('',(-12.8599451107194,1.,-12.9903810567666));
#14073=DIRECTION('',(7.06253680404605E-17,1.,0.));
#14074=DIRECTION('',(6.12323399573677E-17,-4.32455654546769E-33,-1.));
#14075=CARTESIAN_POINT('',(-14.3599451107194,1.,-13.4903810567666));
#14076=AXIS2_PLACEMENT_3D('',#14077,#14078,#14079);
#14077=CARTESIAN_POINT('',(-14.3599451107194,1.,-12.9903810567666));
#14078=DIRECTION('',(7.06253680404605E-17,1.,0.));
#14079=DIRECTION('',(6.12323399573677E-17,-4.32455654546769E-33,-1.));
#14080=CARTESIAN_POINT('',(-9.85994511071945,1.,-16.0884572681199));
#14081=AXIS2_PLACEMENT_3D('',#14082,#14083,#14084);
#14082=CARTESIAN_POINT('',(-9.85994511071945,1.,-15.5884572681199));
#14083=DIRECTION('',(7.06253680404605E-17,1.,0.));
#14084=DIRECTION('',(6.12323399573677E-17,-4.32455654546769E-33,-1.));
#14085=CARTESIAN_POINT('',(-11.3599451107194,1.,-16.0884572681199));
#14086=AXIS2_PLACEMENT_3D('',#14087,#14088,#14089);
#14087=CARTESIAN_POINT('',(-11.3599451107194,1.,-15.5884572681199));
#14088=DIRECTION('',(7.06253680404605E-17,1.,0.));
#14089=DIRECTION('',(6.12323399573677E-17,-4.32455654546769E-33,-1.));
#14090=CARTESIAN_POINT('',(-6.85994511071945,1.,-16.0884572681199));
#14091=AXIS2_PLACEMENT_3D('',#14092,#14093,#14094);
#14092=CARTESIAN_POINT('',(-6.85994511071945,1.,-15.5884572681199));
#14093=DIRECTION('',(7.06253680404605E-17,1.,0.));
#14094=DIRECTION('',(6.12323399573677E-17,-4.32455654546769E-33,-1.));
#14095=CARTESIAN_POINT('',(-5.35994511071945,1.,-16.0884572681199));
#14096=AXIS2_PLACEMENT_3D('',#14097,#14098,#14099);
#14097=CARTESIAN_POINT('',(-5.35994511071945,1.,-15.5884572681199));
#14098=DIRECTION('',(7.06253680404605E-17,1.,0.));
#14099=DIRECTION('',(6.12323399573677E-17,-4.32455654546769E-33,-1.));
#14100=CARTESIAN_POINT('',(-12.8599451107194,1.,-16.0884572681199));
#14101=AXIS2_PLACEMENT_3D('',#14102,#14103,#14104);
#14102=CARTESIAN_POINT('',(-12.8599451107194,1.,-15.5884572681199));
#14103=DIRECTION('',(7.06253680404605E-17,1.,0.));
#14104=DIRECTION('',(6.12323399573677E-17,-4.32455654546769E-33,-1.));
#14105=CARTESIAN_POINT('',(-14.3599451107194,1.,-16.0884572681199));
#14106=AXIS2_PLACEMENT_3D('',#14107,#14108,#14109);
#14107=CARTESIAN_POINT('',(-14.3599451107194,1.,-15.5884572681199));
#14108=DIRECTION('',(7.06253680404605E-17,1.,0.));
#14109=DIRECTION('',(6.12323399573677E-17,-4.32455654546769E-33,-1.));
#14110=CARTESIAN_POINT('',(-9.85994511071945,1.,-18.6865334794732));
#14111=AXIS2_PLACEMENT_3D('',#14112,#14113,#14114);
#14112=CARTESIAN_POINT('',(-9.85994511071945,1.,-18.1865334794732));
#14113=DIRECTION('',(7.06253680404605E-17,1.,0.));
#14114=DIRECTION('',(6.12323399573677E-17,-4.32455654546769E-33,-1.));
#14115=CARTESIAN_POINT('',(-11.3599451107194,1.,-18.6865334794732));
#14116=AXIS2_PLACEMENT_3D('',#14117,#14118,#14119);
#14117=CARTESIAN_POINT('',(-11.3599451107194,1.,-18.1865334794732));
#14118=DIRECTION('',(7.06253680404605E-17,1.,0.));
#14119=DIRECTION('',(6.12323399573677E-17,-4.32455654546769E-33,-1.));
#14120=CARTESIAN_POINT('',(-6.85994511071945,1.,-18.6865334794732));
#14121=AXIS2_PLACEMENT_3D('',#14122,#14123,#14124);
#14122=CARTESIAN_POINT('',(-6.85994511071945,1.,-18.1865334794732));
#14123=DIRECTION('',(7.06253680404605E-17,1.,0.));
#14124=DIRECTION('',(6.12323399573677E-17,-4.32455654546769E-33,-1.));
#14125=CARTESIAN_POINT('',(-5.35994511071945,1.,-18.6865334794732));
#14126=AXIS2_PLACEMENT_3D('',#14127,#14128,#14129);
#14127=CARTESIAN_POINT('',(-5.35994511071945,1.,-18.1865334794732));
#14128=DIRECTION('',(7.06253680404605E-17,1.,0.));
#14129=DIRECTION('',(6.12323399573677E-17,-4.32455654546769E-33,-1.));
#14130=CARTESIAN_POINT('',(-3.85994511071945,1.,-18.6865334794732));
#14131=AXIS2_PLACEMENT_3D('',#14132,#14133,#14134);
#14132=CARTESIAN_POINT('',(-3.85994511071945,1.,-18.1865334794732));
#14133=DIRECTION('',(7.06253680404605E-17,1.,0.));
#14134=DIRECTION('',(6.12323399573677E-17,-4.32455654546769E-33,-1.));
#14135=CARTESIAN_POINT('',(-12.8599451107194,1.,-18.6865334794732));
#14136=AXIS2_PLACEMENT_3D('',#14137,#14138,#14139);
#14137=CARTESIAN_POINT('',(-12.8599451107194,1.,-18.1865334794732));
#14138=DIRECTION('',(7.06253680404605E-17,1.,0.));
#14139=DIRECTION('',(6.12323399573677E-17,-4.32455654546769E-33,-1.));
#14140=CARTESIAN_POINT('',(-14.3599451107194,1.,-18.6865334794732));
#14141=AXIS2_PLACEMENT_3D('',#14142,#14143,#14144);
#14142=CARTESIAN_POINT('',(-14.3599451107194,1.,-18.1865334794732));
#14143=DIRECTION('',(7.06253680404605E-17,1.,0.));
#14144=DIRECTION('',(6.12323399573677E-17,-4.32455654546769E-33,-1.));
#14145=CARTESIAN_POINT('',(-15.8599451107194,1.,-18.6865334794732));
#14146=AXIS2_PLACEMENT_3D('',#14147,#14148,#14149);
#14147=CARTESIAN_POINT('',(-15.8599451107194,1.,-18.1865334794732));
#14148=DIRECTION('',(7.06253680404605E-17,1.,0.));
#14149=DIRECTION('',(6.12323399573677E-17,-4.32455654546769E-33,-1.));
#14150=CARTESIAN_POINT('',(-9.85994511071945,1.,-21.2846096908265));
#14151=AXIS2_PLACEMENT_3D('',#14152,#14153,#14154);
#14152=CARTESIAN_POINT('',(-9.85994511071945,1.,-20.7846096908265));
#14153=DIRECTION('',(7.06253680404605E-17,1.,0.));
#14154=DIRECTION('',(6.12323399573677E-17,-4.32455654546769E-33,-1.));
#14155=CARTESIAN_POINT('',(-11.3599451107194,1.,-21.2846096908265));
#14156=AXIS2_PLACEMENT_3D('',#14157,#14158,#14159);
#14157=CARTESIAN_POINT('',(-11.3599451107194,1.,-20.7846096908265));
#14158=DIRECTION('',(7.06253680404605E-17,1.,0.));
#14159=DIRECTION('',(6.12323399573677E-17,-4.32455654546769E-33,-1.));
#14160=CARTESIAN_POINT('',(-6.85994511071945,1.,-21.2846096908265));
#14161=AXIS2_PLACEMENT_3D('',#14162,#14163,#14164);
#14162=CARTESIAN_POINT('',(-6.85994511071945,1.,-20.7846096908265));
#14163=DIRECTION('',(7.06253680404605E-17,1.,0.));
#14164=DIRECTION('',(6.12323399573677E-17,-4.32455654546769E-33,-1.));
#14165=CARTESIAN_POINT('',(-5.35994511071945,1.,-21.2846096908265));
#14166=AXIS2_PLACEMENT_3D('',#14167,#14168,#14169);
#14167=CARTESIAN_POINT('',(-5.35994511071945,1.,-20.7846096908265));
#14168=DIRECTION('',(7.06253680404605E-17,1.,0.));
#14169=DIRECTION('',(6.12323399573677E-17,-4.32455654546769E-33,-1.));
#14170=CARTESIAN_POINT('',(-3.85994511071945,1.,-21.2846096908265));
#14171=AXIS2_PLACEMENT_3D('',#14172,#14173,#14174);
#14172=CARTESIAN_POINT('',(-3.85994511071945,1.,-20.7846096908265));
#14173=DIRECTION('',(7.06253680404605E-17,1.,0.));
#14174=DIRECTION('',(6.12323399573677E-17,-4.32455654546769E-33,-1.));
#14175=CARTESIAN_POINT('',(-12.8599451107194,1.,-21.2846096908265));
#14176=AXIS2_PLACEMENT_3D('',#14177,#14178,#14179);
#14177=CARTESIAN_POINT('',(-12.8599451107194,1.,-20.7846096908265));
#14178=DIRECTION('',(7.06253680404605E-17,1.,0.));
#14179=DIRECTION('',(6.12323399573677E-17,-4.32455654546769E-33,-1.));
#14180=CARTESIAN_POINT('',(-14.3599451107194,1.,-21.2846096908265));
#14181=AXIS2_PLACEMENT_3D('',#14182,#14183,#14184);
#14182=CARTESIAN_POINT('',(-14.3599451107194,1.,-20.7846096908265));
#14183=DIRECTION('',(7.06253680404605E-17,1.,0.));
#14184=DIRECTION('',(6.12323399573677E-17,-4.32455654546769E-33,-1.));
#14185=CARTESIAN_POINT('',(-15.8599451107194,1.,-21.2846096908265));
#14186=AXIS2_PLACEMENT_3D('',#14187,#14188,#14189);
#14187=CARTESIAN_POINT('',(-15.8599451107194,1.,-20.7846096908265));
#14188=DIRECTION('',(7.06253680404605E-17,1.,0.));
#14189=DIRECTION('',(6.12323399573677E-17,-4.32455654546769E-33,-1.));
#14190=CARTESIAN_POINT('',(-9.85994511071945,1.,2.09807621135331));
#14191=AXIS2_PLACEMENT_3D('',#14192,#14193,#14194);
#14192=CARTESIAN_POINT('',(-9.85994511071945,1.,2.59807621135332));
#14193=DIRECTION('',(7.06253680404605E-17,1.,0.));
#14194=DIRECTION('',(6.12323399573677E-17,-4.32455654546769E-33,-1.));
#14195=CARTESIAN_POINT('',(-11.3599451107195,1.,2.09807621135331));
#14196=AXIS2_PLACEMENT_3D('',#14197,#14198,#14199);
#14197=CARTESIAN_POINT('',(-11.3599451107195,1.,2.59807621135332));
#14198=DIRECTION('',(7.06253680404605E-17,1.,0.));
#14199=DIRECTION('',(6.12323399573677E-17,-4.32455654546769E-33,-1.));
#14200=CARTESIAN_POINT('',(-6.85994511071945,1.,2.09807621135331));
#14201=AXIS2_PLACEMENT_3D('',#14202,#14203,#14204);
#14202=CARTESIAN_POINT('',(-6.85994511071945,1.,2.59807621135332));
#14203=DIRECTION('',(7.06253680404605E-17,1.,0.));
#14204=DIRECTION('',(6.12323399573677E-17,-4.32455654546769E-33,-1.));
#14205=CARTESIAN_POINT('',(-5.35994511071945,1.,2.09807621135331));
#14206=AXIS2_PLACEMENT_3D('',#14207,#14208,#14209);
#14207=CARTESIAN_POINT('',(-5.35994511071945,1.,2.59807621135332));
#14208=DIRECTION('',(7.06253680404605E-17,1.,0.));
#14209=DIRECTION('',(6.12323399573677E-17,-4.32455654546769E-33,-1.));
#14210=CARTESIAN_POINT('',(-3.85994511071945,1.,2.09807621135332));
#14211=AXIS2_PLACEMENT_3D('',#14212,#14213,#14214);
#14212=CARTESIAN_POINT('',(-3.85994511071945,1.,2.59807621135332));
#14213=DIRECTION('',(7.06253680404605E-17,1.,0.));
#14214=DIRECTION('',(6.12323399573677E-17,-4.32455654546769E-33,-1.));
#14215=CARTESIAN_POINT('',(-12.8599451107195,1.,2.09807621135331));
#14216=AXIS2_PLACEMENT_3D('',#14217,#14218,#14219);
#14217=CARTESIAN_POINT('',(-12.8599451107195,1.,2.59807621135331));
#14218=DIRECTION('',(7.06253680404605E-17,1.,0.));
#14219=DIRECTION('',(6.12323399573677E-17,-4.32455654546769E-33,-1.));
#14220=CARTESIAN_POINT('',(-14.3599451107195,1.,2.09807621135331));
#14221=AXIS2_PLACEMENT_3D('',#14222,#14223,#14224);
#14222=CARTESIAN_POINT('',(-14.3599451107195,1.,2.59807621135331));
#14223=DIRECTION('',(7.06253680404605E-17,1.,0.));
#14224=DIRECTION('',(6.12323399573677E-17,-4.32455654546769E-33,-1.));
#14225=CARTESIAN_POINT('',(-15.8599451107195,1.,2.09807621135331));
#14226=AXIS2_PLACEMENT_3D('',#14227,#14228,#14229);
#14227=CARTESIAN_POINT('',(-15.8599451107195,1.,2.59807621135331));
#14228=DIRECTION('',(7.06253680404605E-17,1.,0.));
#14229=DIRECTION('',(6.12323399573677E-17,-4.32455654546769E-33,-1.));
#14230=CARTESIAN_POINT('',(-9.85994511071945,1.,4.69615242270663));
#14231=AXIS2_PLACEMENT_3D('',#14232,#14233,#14234);
#14232=CARTESIAN_POINT('',(-9.85994511071945,1.,5.19615242270662));
#14233=DIRECTION('',(7.06253680404605E-17,1.,0.));
#14234=DIRECTION('',(6.12323399573677E-17,-4.32455654546769E-33,-1.));
#14235=CARTESIAN_POINT('',(-6.85994511071945,1.,4.69615242270663));
#14236=AXIS2_PLACEMENT_3D('',#14237,#14238,#14239);
#14237=CARTESIAN_POINT('',(-6.85994511071945,1.,5.19615242270663));
#14238=DIRECTION('',(7.06253680404605E-17,1.,0.));
#14239=DIRECTION('',(6.12323399573677E-17,-4.32455654546769E-33,-1.));
#14240=CARTESIAN_POINT('',(-5.35994511071945,1.,4.69615242270663));
#14241=AXIS2_PLACEMENT_3D('',#14242,#14243,#14244);
#14242=CARTESIAN_POINT('',(-5.35994511071945,1.,5.19615242270663));
#14243=DIRECTION('',(7.06253680404605E-17,1.,0.));
#14244=DIRECTION('',(6.12323399573677E-17,-4.32455654546769E-33,-1.));
#14245=CARTESIAN_POINT('',(-3.85994511071945,1.,4.69615242270663));
#14246=AXIS2_PLACEMENT_3D('',#14247,#14248,#14249);
#14247=CARTESIAN_POINT('',(-3.85994511071945,1.,5.19615242270663));
#14248=DIRECTION('',(7.06253680404605E-17,1.,0.));
#14249=DIRECTION('',(6.12323399573677E-17,-4.32455654546769E-33,-1.));
#14250=CARTESIAN_POINT('',(-6.85994511071945,1.,7.29422863405994));
#14251=AXIS2_PLACEMENT_3D('',#14252,#14253,#14254);
#14252=CARTESIAN_POINT('',(-6.85994511071945,1.,7.79422863405994));
#14253=DIRECTION('',(7.06253680404605E-17,1.,0.));
#14254=DIRECTION('',(6.12323399573677E-17,-4.32455654546769E-33,-1.));
#14255=CARTESIAN_POINT('',(-5.35994511071945,1.,7.29422863405994));
#14256=AXIS2_PLACEMENT_3D('',#14257,#14258,#14259);
#14257=CARTESIAN_POINT('',(-5.35994511071945,1.,7.79422863405994));
#14258=DIRECTION('',(7.06253680404605E-17,1.,0.));
#14259=DIRECTION('',(6.12323399573677E-17,-4.32455654546769E-33,-1.));
#14260=CARTESIAN_POINT('',(-3.85994511071945,1.,7.29422863405994));
#14261=AXIS2_PLACEMENT_3D('',#14262,#14263,#14264);
#14262=CARTESIAN_POINT('',(-3.85994511071945,1.,7.79422863405994));
#14263=DIRECTION('',(7.06253680404605E-17,1.,0.));
#14264=DIRECTION('',(6.12323399573677E-17,-4.32455654546769E-33,-1.));
#14265=CARTESIAN_POINT('',(-6.85994511071945,1.,9.89230484541325));
#14266=AXIS2_PLACEMENT_3D('',#14267,#14268,#14269);
#14267=CARTESIAN_POINT('',(-6.85994511071945,1.,10.3923048454132));
#14268=DIRECTION('',(7.06253680404605E-17,1.,0.));
#14269=DIRECTION('',(6.12323399573677E-17,-4.32455654546769E-33,-1.));
#14270=CARTESIAN_POINT('',(-5.35994511071945,1.,9.89230484541325));
#14271=AXIS2_PLACEMENT_3D('',#14272,#14273,#14274);
#14272=CARTESIAN_POINT('',(-5.35994511071945,1.,10.3923048454132));
#14273=DIRECTION('',(7.06253680404605E-17,1.,0.));
#14274=DIRECTION('',(6.12323399573677E-17,-4.32455654546769E-33,-1.));
#14275=CARTESIAN_POINT('',(-3.85994511071945,1.,9.89230484541325));
#14276=AXIS2_PLACEMENT_3D('',#14277,#14278,#14279);
#14277=CARTESIAN_POINT('',(-3.85994511071945,1.,10.3923048454132));
#14278=DIRECTION('',(7.06253680404605E-17,1.,0.));
#14279=DIRECTION('',(6.12323399573677E-17,-4.32455654546769E-33,-1.));
#14280=CARTESIAN_POINT('',(-15.8599451107195,1.,9.89230484541325));
#14281=AXIS2_PLACEMENT_3D('',#14282,#14283,#14284);
#14282=CARTESIAN_POINT('',(-15.8599451107195,1.,10.3923048454132));
#14283=DIRECTION('',(7.06253680404605E-17,1.,0.));
#14284=DIRECTION('',(6.12323399573677E-17,-4.32455654546769E-33,-1.));
#14285=CARTESIAN_POINT('',(-9.85994511071945,1.,12.4903810567666));
#14286=AXIS2_PLACEMENT_3D('',#14287,#14288,#14289);
#14287=CARTESIAN_POINT('',(-9.85994511071945,1.,12.9903810567666));
#14288=DIRECTION('',(7.06253680404605E-17,1.,0.));
#14289=DIRECTION('',(6.12323399573677E-17,-4.32455654546769E-33,-1.));
#14290=CARTESIAN_POINT('',(-6.85994511071945,1.,12.4903810567666));
#14291=AXIS2_PLACEMENT_3D('',#14292,#14293,#14294);
#14292=CARTESIAN_POINT('',(-6.85994511071945,1.,12.9903810567666));
#14293=DIRECTION('',(7.06253680404605E-17,1.,0.));
#14294=DIRECTION('',(6.12323399573677E-17,-4.32455654546769E-33,-1.));
#14295=CARTESIAN_POINT('',(-5.35994511071945,1.,12.4903810567666));
#14296=AXIS2_PLACEMENT_3D('',#14297,#14298,#14299);
#14297=CARTESIAN_POINT('',(-5.35994511071945,1.,12.9903810567666));
#14298=DIRECTION('',(7.06253680404605E-17,1.,0.));
#14299=DIRECTION('',(6.12323399573677E-17,-4.32455654546769E-33,-1.));
#14300=CARTESIAN_POINT('',(-14.3599451107195,1.,12.4903810567666));
#14301=AXIS2_PLACEMENT_3D('',#14302,#14303,#14304);
#14302=CARTESIAN_POINT('',(-14.3599451107195,1.,12.9903810567666));
#14303=DIRECTION('',(7.06253680404605E-17,1.,0.));
#14304=DIRECTION('',(6.12323399573677E-17,-4.32455654546769E-33,-1.));
#14305=CARTESIAN_POINT('',(-6.85994511071945,1.,15.0884572681199));
#14306=AXIS2_PLACEMENT_3D('',#14307,#14308,#14309);
#14307=CARTESIAN_POINT('',(-6.85994511071945,1.,15.5884572681199));
#14308=DIRECTION('',(7.06253680404605E-17,1.,0.));
#14309=DIRECTION('',(6.12323399573677E-17,-4.32455654546769E-33,-1.));
#14310=CARTESIAN_POINT('',(-5.35994511071945,1.,15.0884572681199));
#14311=AXIS2_PLACEMENT_3D('',#14312,#14313,#14314);
#14312=CARTESIAN_POINT('',(-5.35994511071945,1.,15.5884572681199));
#14313=DIRECTION('',(7.06253680404605E-17,1.,0.));
#14314=DIRECTION('',(6.12323399573677E-17,-4.32455654546769E-33,-1.));
#14315=CARTESIAN_POINT('',(-3.85994511071945,1.,15.0884572681199));
#14316=AXIS2_PLACEMENT_3D('',#14317,#14318,#14319);
#14317=CARTESIAN_POINT('',(-3.85994511071945,1.,15.5884572681199));
#14318=DIRECTION('',(7.06253680404605E-17,1.,0.));
#14319=DIRECTION('',(6.12323399573677E-17,-4.32455654546769E-33,-1.));
#14320=CARTESIAN_POINT('',(-14.3599451107195,1.,15.0884572681199));
#14321=AXIS2_PLACEMENT_3D('',#14322,#14323,#14324);
#14322=CARTESIAN_POINT('',(-14.3599451107195,1.,15.5884572681199));
#14323=DIRECTION('',(7.06253680404605E-17,1.,0.));
#14324=DIRECTION('',(6.12323399573677E-17,-4.32455654546769E-33,-1.));
#14325=CARTESIAN_POINT('',(-6.85994511071945,1.,17.6865334794732));
#14326=AXIS2_PLACEMENT_3D('',#14327,#14328,#14329);
#14327=CARTESIAN_POINT('',(-6.85994511071945,1.,18.1865334794732));
#14328=DIRECTION('',(7.06253680404605E-17,1.,0.));
#14329=DIRECTION('',(6.12323399573677E-17,-4.32455654546769E-33,-1.));
#14330=CARTESIAN_POINT('',(-5.35994511071945,1.,17.6865334794732));
#14331=AXIS2_PLACEMENT_3D('',#14332,#14333,#14334);
#14332=CARTESIAN_POINT('',(-5.35994511071945,1.,18.1865334794732));
#14333=DIRECTION('',(7.06253680404605E-17,1.,0.));
#14334=DIRECTION('',(6.12323399573677E-17,-4.32455654546769E-33,-1.));
#14335=CARTESIAN_POINT('',(-3.85994511071945,1.,17.6865334794732));
#14336=AXIS2_PLACEMENT_3D('',#14337,#14338,#14339);
#14337=CARTESIAN_POINT('',(-3.85994511071945,1.,18.1865334794732));
#14338=DIRECTION('',(7.06253680404605E-17,1.,0.));
#14339=DIRECTION('',(6.12323399573677E-17,-4.32455654546769E-33,-1.));
#14340=CARTESIAN_POINT('',(-14.3599451107195,1.,17.6865334794732));
#14341=AXIS2_PLACEMENT_3D('',#14342,#14343,#14344);
#14342=CARTESIAN_POINT('',(-14.3599451107195,1.,18.1865334794732));
#14343=DIRECTION('',(7.06253680404605E-17,1.,0.));
#14344=DIRECTION('',(6.12323399573677E-17,-4.32455654546769E-33,-1.));
#14345=CARTESIAN_POINT('',(-6.85994511071945,1.,20.2846096908265));
#14346=AXIS2_PLACEMENT_3D('',#14347,#14348,#14349);
#14347=CARTESIAN_POINT('',(-6.85994511071945,1.,20.7846096908265));
#14348=DIRECTION('',(7.06253680404605E-17,1.,0.));
#14349=DIRECTION('',(6.12323399573677E-17,-4.32455654546769E-33,-1.));
#14350=CARTESIAN_POINT('',(-5.35994511071945,1.,20.2846096908265));
#14351=AXIS2_PLACEMENT_3D('',#14352,#14353,#14354);
#14352=CARTESIAN_POINT('',(-5.35994511071945,1.,20.7846096908265));
#14353=DIRECTION('',(7.06253680404605E-17,1.,0.));
#14354=DIRECTION('',(6.12323399573677E-17,-4.32455654546769E-33,-1.));
#14355=CARTESIAN_POINT('',(-14.3599451107195,1.,20.2846096908265));
#14356=AXIS2_PLACEMENT_3D('',#14357,#14358,#14359);
#14357=CARTESIAN_POINT('',(-14.3599451107195,1.,20.7846096908265));
#14358=DIRECTION('',(7.06253680404605E-17,1.,0.));
#14359=DIRECTION('',(6.12323399573677E-17,-4.32455654546769E-33,-1.));
#14360=CARTESIAN_POINT('',(-3.85994511071945,1.,-8.29422863405994));
#14361=AXIS2_PLACEMENT_3D('',#14362,#14363,#14364);
#14362=CARTESIAN_POINT('',(-3.85994511071945,1.,-7.79422863405994));
#14363=DIRECTION('',(7.06253680404605E-17,1.,0.));
#14364=DIRECTION('',(6.12323399573677E-17,-4.32455654546769E-33,-1.));
#14365=CARTESIAN_POINT('',(-3.85994511071945,1.,20.2846096908265));
#14366=AXIS2_PLACEMENT_3D('',#14367,#14368,#14369);
#14367=CARTESIAN_POINT('',(-3.85994511071945,1.,20.7846096908265));
#14368=DIRECTION('',(7.06253680404605E-17,1.,0.));
#14369=DIRECTION('',(6.12323399573677E-17,-4.32455654546769E-33,-1.));
#14370=CARTESIAN_POINT('',(-7.60994511071945,1.,-4.39711431702997));
#14371=AXIS2_PLACEMENT_3D('',#14372,#14373,#14374);
#14372=CARTESIAN_POINT('',(-7.60994511071945,1.,-3.89711431702997));
#14373=DIRECTION('',(7.06253680404605E-17,1.,0.));
#14374=DIRECTION('',(6.12323399573677E-17,-4.32455654546769E-33,-1.));
#14375=CARTESIAN_POINT('',(-7.60994511071945,1.,-6.99519052838329));
#14376=AXIS2_PLACEMENT_3D('',#14377,#14378,#14379);
#14377=CARTESIAN_POINT('',(-7.60994511071945,1.,-6.49519052838329));
#14378=DIRECTION('',(7.06253680404605E-17,1.,0.));
#14379=DIRECTION('',(6.12323399573677E-17,-4.32455654546769E-33,-1.));
#14380=CARTESIAN_POINT('',(-7.60994511071945,1.,21.5836477965032));
#14381=AXIS2_PLACEMENT_3D('',#14382,#14383,#14384);
#14382=CARTESIAN_POINT('',(-7.60994511071945,1.,22.0836477965032));
#14383=DIRECTION('',(7.06253680404605E-17,1.,0.));
#14384=DIRECTION('',(6.12323399573677E-17,-4.32455654546769E-33,-1.));
#14385=CARTESIAN_POINT('',(-9.85994511071945,1.,-8.29422863405994));
#14386=AXIS2_PLACEMENT_3D('',#14387,#14388,#14389);
#14387=CARTESIAN_POINT('',(-9.85994511071945,1.,-7.79422863405994));
#14388=DIRECTION('',(7.06253680404605E-17,1.,0.));
#14389=DIRECTION('',(6.12323399573677E-17,-4.32455654546769E-33,-1.));
#14390=CARTESIAN_POINT('',(-11.3599451107194,1.,-8.29422863405994));
#14391=AXIS2_PLACEMENT_3D('',#14392,#14393,#14394);
#14392=CARTESIAN_POINT('',(-11.3599451107194,1.,-7.79422863405994));
#14393=DIRECTION('',(7.06253680404605E-17,1.,0.));
#14394=DIRECTION('',(6.12323399573677E-17,-4.32455654546769E-33,-1.));
#14395=CARTESIAN_POINT('',(-12.8599451107194,1.,-8.29422863405994));
#14396=AXIS2_PLACEMENT_3D('',#14397,#14398,#14399);
#14397=CARTESIAN_POINT('',(-12.8599451107194,1.,-7.79422863405994));
#14398=DIRECTION('',(7.06253680404605E-17,1.,0.));
#14399=DIRECTION('',(6.12323399573677E-17,-4.32455654546769E-33,-1.));
#14400=CARTESIAN_POINT('',(-14.3599451107194,1.,-8.29422863405994));
#14401=AXIS2_PLACEMENT_3D('',#14402,#14403,#14404);
#14402=CARTESIAN_POINT('',(-14.3599451107194,1.,-7.79422863405994));
#14403=DIRECTION('',(7.06253680404605E-17,1.,0.));
#14404=DIRECTION('',(6.12323399573677E-17,-4.32455654546769E-33,-1.));
#14405=CARTESIAN_POINT('',(-15.8599451107195,1.,12.4903810567666));
#14406=AXIS2_PLACEMENT_3D('',#14407,#14408,#14409);
#14407=CARTESIAN_POINT('',(-15.8599451107195,1.,12.9903810567666));
#14408=DIRECTION('',(7.06253680404605E-17,1.,0.));
#14409=DIRECTION('',(6.12323399573677E-17,-4.32455654546769E-33,-1.));
#14410=CARTESIAN_POINT('',(-15.8599451107195,1.,15.0884572681199));
#14411=AXIS2_PLACEMENT_3D('',#14412,#14413,#14414);
#14412=CARTESIAN_POINT('',(-15.8599451107195,1.,15.5884572681199));
#14413=DIRECTION('',(7.06253680404605E-17,1.,0.));
#14414=DIRECTION('',(6.12323399573677E-17,-4.32455654546769E-33,-1.));
#14415=CARTESIAN_POINT('',(-15.8599451107195,1.,17.6865334794732));
#14416=AXIS2_PLACEMENT_3D('',#14417,#14418,#14419);
#14417=CARTESIAN_POINT('',(-15.8599451107195,1.,18.1865334794732));
#14418=DIRECTION('',(7.06253680404605E-17,1.,0.));
#14419=DIRECTION('',(6.12323399573677E-17,-4.32455654546769E-33,-1.));
#14420=CARTESIAN_POINT('',(-15.8599451107195,1.,20.2846096908265));
#14421=AXIS2_PLACEMENT_3D('',#14422,#14423,#14424);
#14422=CARTESIAN_POINT('',(-15.8599451107195,1.,20.7846096908265));
#14423=DIRECTION('',(7.06253680404605E-17,1.,0.));
#14424=DIRECTION('',(6.12323399573677E-17,-4.32455654546769E-33,-1.));
#14425=CARTESIAN_POINT('',(-15.7247416326449,1.,3.32304646712447));
#14426=CARTESIAN_POINT('',(-15.9749922223457,1.,3.578669208199));
#14427=AXIS2_PLACEMENT_3D('',#14428,#14429,#14430);
#14428=CARTESIAN_POINT('',(-15.7583345166831,1.,3.54046660911227));
#14429=DIRECTION('',(-7.06253680404605E-17,-1.,-1.92592994438724E-34));
#14430=DIRECTION('',(-0.984807753012209,6.95524100055862E-17,0.173648177666925));
#14431=CARTESIAN_POINT('',(-15.1965009892556,1.,3.40466322312232));
#14432=VECTOR('',#14433,1.);
#14433=DIRECTION('',(-0.988273372671832,0.,-0.152694927446334));
#14434=CARTESIAN_POINT('',(-14.2681145001871,1.,3.54810522157182));
#14435=CARTESIAN_POINT('',(-14.2681145001871,1.,3.54810522157182));
#14436=VECTOR('',#14437,1.);
#14437=DIRECTION('',(-0.988273372671832,0.,-0.152694927446336));
#14438=AXIS2_PLACEMENT_3D('',#14439,#14440,#14441);
#14439=CARTESIAN_POINT('',(-14.3017073842253,1.,3.76552536355962));
#14440=DIRECTION('',(-7.06253680404605E-17,-1.,1.92592994438724E-34));
#14441=DIRECTION('',(0.152694927446339,-1.07841354488091E-17,-0.988273372671832));
#14442=CARTESIAN_POINT('',(-13.1683932364979,1.,3.59636209112187));
#14443=AXIS2_PLACEMENT_3D('',#14444,#14445,#14446);
#14444=CARTESIAN_POINT('',(-13.2019864962595,1.,3.81378217559606));
#14445=DIRECTION('',(-7.06253680404605E-17,-1.,0.));
#14446=DIRECTION('',(-0.0467986829698634,3.30517420855543E-18,-0.998904341402262));
#14447=CARTESIAN_POINT('',(-12.5648555861942,1.,3.68961381268529));
#14448=VECTOR('',#14449,1.);
#14449=DIRECTION('',(-0.988273108855489,3.63590758379205E-16,-0.152696634910883));
#14450=CARTESIAN_POINT('',(-11.5578264997251,1.,3.8452084063086));
#14451=CARTESIAN_POINT('',(-11.5578264997251,1.,3.8452084063086));
#14452=VECTOR('',#14453,1.);
#14453=DIRECTION('',(-0.988273108855486,0.,-0.152696634910898));
#14454=CARTESIAN_POINT('',(-11.3747620537429,1.,4.02442589117008));
#14455=AXIS2_PLACEMENT_3D('',#14456,#14457,#14458);
#14456=CARTESIAN_POINT('',(-11.5914197594055,1.,4.06262849025681));
#14457=DIRECTION('',(-7.06253680404605E-17,-1.,-1.92592994438724E-34));
#14458=DIRECTION('',(0.152696634910892,-1.07842560391216E-17,-0.988273108855487));
#14459=CARTESIAN_POINT('',(-11.2543292216609,1.,4.70743442224177));
#14460=VECTOR('',#14461,1.);
#14461=DIRECTION('',(-0.17364817766693,0.,-0.984807753012208));
#14462=CARTESIAN_POINT('',(-10.9952803483136,1.,6.17657358804856));
#14463=VECTOR('',#14464,1.);
#14464=DIRECTION('',(-0.173648177666931,0.,-0.984807753012208));
#14465=CARTESIAN_POINT('',(-10.568853911412,1.,8.59495808705286));
#14466=VECTOR('',#14467,1.);
#14467=DIRECTION('',(-0.173648177666931,0.,-0.984807753012208));
#14468=CARTESIAN_POINT('',(-10.2952937062548,1.,10.1463951051316));
#14469=VECTOR('',#14470,1.);
#14470=DIRECTION('',(-0.173648177666932,0.,-0.984807753012208));
#14471=CARTESIAN_POINT('',(-10.0289675712014,1.,11.6568056729494));
#14472=CARTESIAN_POINT('',(-10.0289675712014,1.,11.6568056729494));
#14473=VECTOR('',#14474,1.);
#14474=DIRECTION('',(-0.17364817766693,0.,-0.984807753012208));
#14475=CARTESIAN_POINT('',(-10.4158213242488,1.,11.834411663152));
#14476=AXIS2_PLACEMENT_3D('',#14477,#14478,#14479);
#14477=CARTESIAN_POINT('',(-10.2456252768641,1.,11.6950082720361));
#14478=DIRECTION('',(-7.06253680404605E-17,-1.,0.));
#14479=DIRECTION('',(0.98480775301221,-6.95524100055863E-17,-0.173648177666917));
#14480=CARTESIAN_POINT('',(-10.4158213242488,1.,11.834411663152));
#14481=VECTOR('',#14482,1.);
#14482=DIRECTION('',(0.633651777799457,0.,0.77361839720342));
#14483=CARTESIAN_POINT('',(-11.2070857222475,1.,10.8683657736104));
#14484=VECTOR('',#14485,1.);
#14485=DIRECTION('',(0.633651777799454,-4.28157467189306E-16,0.773618397203422));
#14486=CARTESIAN_POINT('',(-12.3953459995085,1.,10.5770957160264));
#14487=VECTOR('',#14488,1.);
#14488=DIRECTION('',(0.988270949504919,0.,0.152710609862729));
#14489=CARTESIAN_POINT('',(-13.6533284677388,1.,10.3827084682617));
#14490=CARTESIAN_POINT('',(-13.6533284677388,1.,10.3827084682617));
#14491=VECTOR('',#14492,1.);
#14492=DIRECTION('',(0.988270949504919,0.,0.152710609862728));
#14493=CARTESIAN_POINT('',(-14.2272915297707,1.,11.2876497994563));
#14494=CARTESIAN_POINT('',(-14.2272915297707,1.,11.2876497994563));
#14495=VECTOR('',#14496,1.);
#14496=DIRECTION('',(0.53560713141485,0.,-0.844467288163109));
#14497=CARTESIAN_POINT('',(-14.6297320388292,1.,11.2080188296317));
#14498=AXIS2_PLACEMENT_3D('',#14499,#14500,#14501);
#14499=CARTESIAN_POINT('',(-14.4130743331666,1.,11.169816230545));
#14500=DIRECTION('',(-7.06253680404605E-17,-1.,3.08148791101958E-33));
#14501=DIRECTION('',(0.844467288163096,-5.96408130246482E-17,0.535607131414871));
#14502=CARTESIAN_POINT('',(-14.7107409540461,1.,10.7485944415352));
#14503=VECTOR('',#14504,1.);
#14504=DIRECTION('',(0.17364817766693,0.,0.984807753012208));
#14505=CARTESIAN_POINT('',(-14.9209941100506,1.,9.55618954036996));
#14506=VECTOR('',#14507,1.);
#14507=DIRECTION('',(0.17364817766693,0.,0.984807753012208));
#14508=CARTESIAN_POINT('',(-15.3873849129928,1.,6.91115585880704));
#14509=VECTOR('',#14510,1.);
#14510=DIRECTION('',(0.17364817766693,0.,0.984807753012208));
#14511=CARTESIAN_POINT('',(-15.6131145294981,1.,5.6309795885713));
#14512=VECTOR('',#14513,1.);
#14513=DIRECTION('',(0.173648177666926,0.,0.984807753012209));
#14514=CARTESIAN_POINT('',(-15.9749922223457,1.,3.578669208199));
#14515=VECTOR('',#14516,1.);
#14516=DIRECTION('',(0.17364817766693,0.,0.984807753012208));
#14517=CARTESIAN_POINT('',(-8.67913971044668,1.,21.6836467714856));
#14518=CARTESIAN_POINT('',(-8.2922805093908,1.,21.506047432961));
#14519=AXIS2_PLACEMENT_3D('',#14520,#14521,#14522);
#14520=CARTESIAN_POINT('',(-8.50893821505348,1.,21.5442500320477));
#14521=DIRECTION('',(-7.06253680404605E-17,-1.,0.));
#14522=DIRECTION('',(0.984807753012215,-6.95524100055865E-17,-0.173648177666894));
#14523=CARTESIAN_POINT('',(-9.36392093364154,1.,20.8475383468918));
#14524=VECTOR('',#14525,1.);
#14525=DIRECTION('',(0.633621542899559,0.,0.773643160878181));
#14526=CARTESIAN_POINT('',(-11.098441184489,1.,20.3584457592625));
#14527=VECTOR('',#14528,1.);
#14528=DIRECTION('',(0.988271073223078,0.,0.152709809215076));
#14529=CARTESIAN_POINT('',(-11.9125730230334,1.,20.23264432572));
#14530=CARTESIAN_POINT('',(-11.9125730230334,1.,20.23264432572));
#14531=VECTOR('',#14532,1.);
#14532=DIRECTION('',(0.988271073223078,0.,0.152709809215077));
#14533=CARTESIAN_POINT('',(-12.490529326924,1.,21.1392785398395));
#14534=CARTESIAN_POINT('',(-12.490529326924,1.,21.1392785398395));
#14535=VECTOR('',#14536,1.);
#14536=DIRECTION('',(0.537542123454292,0.,-0.843236897622638));
#14537=CARTESIAN_POINT('',(-12.8926991500636,1.,21.0592218717662));
#14538=AXIS2_PLACEMENT_3D('',#14539,#14540,#14541);
#14539=CARTESIAN_POINT('',(-12.6760414444009,1.,21.0210192726795));
#14540=DIRECTION('',(-7.06253680404605E-17,-1.,0.));
#14541=DIRECTION('',(0.843236897622629,-5.95539162398943E-17,0.537542123454305));
#14542=CARTESIAN_POINT('',(-12.8926991500636,1.,21.0592218717662));
#14543=VECTOR('',#14544,1.);
#14544=DIRECTION('',(0.173648177666931,0.,0.984807753012208));
#14545=CARTESIAN_POINT('',(-13.1400473844801,1.,19.6564403268057));
#14546=VECTOR('',#14547,1.);
#14547=DIRECTION('',(0.17364817766693,0.,0.984807753012208));
#14548=CARTESIAN_POINT('',(-13.540966597722,1.,17.3827144816111));
#14549=VECTOR('',#14550,1.);
#14550=DIRECTION('',(0.17364817766693,0.,0.984807753012208));
#14551=CARTESIAN_POINT('',(-13.792545008881,1.,15.9559424121969));
#14552=CARTESIAN_POINT('',(-13.792545008881,1.,15.9559424121969));
#14553=VECTOR('',#14554,1.);
#14554=DIRECTION('',(0.17364817766693,0.,0.984807753012208));
#14555=CARTESIAN_POINT('',(-13.924955598646,1.,14.6777082301881));
#14556=CARTESIAN_POINT('',(-13.9300279619664,1.,15.1762378398564));
#14557=CARTESIAN_POINT('',(-13.792545008881,1.,15.9559424121969));
#14558=CARTESIAN_POINT('',(-13.5696205541569,1.,13.4491150770996));
#14559=CARTESIAN_POINT('',(-13.5696205541569,1.,13.4491150770996));
#14560=CARTESIAN_POINT('',(-13.6804911759315,1.,13.6260373755218));
#14561=CARTESIAN_POINT('',(-13.7566590490255,1.,13.8114285555201));
#14562=CARTESIAN_POINT('',(-13.336530204082,1.,13.1415982806025));
#14563=CARTESIAN_POINT('',(-13.4592331309063,1.,13.2766291378695));
#14564=CARTESIAN_POINT('',(-13.5696205541569,1.,13.4491150770996));
#14565=CARTESIAN_POINT('',(-12.0425318266291,1.,12.6745481142709));
#14566=CARTESIAN_POINT('',(-12.0425318266291,1.,12.6745481142709));
#14567=CARTESIAN_POINT('',(-12.2709258053125,1.,12.6392579678327));
#14568=CARTESIAN_POINT('',(-12.4785912604291,1.,12.6670093807206));
#14569=CARTESIAN_POINT('',(-11.7873394057873,1.,12.7308928748709));
#14570=CARTESIAN_POINT('',(-11.9132947716332,1.,12.6945143713777));
#14571=CARTESIAN_POINT('',(-12.0425318266291,1.,12.6745481142709));
#14572=CARTESIAN_POINT('',(-10.2700584358068,1.,13.922708038782));
#14573=CARTESIAN_POINT('',(-10.5772017787542,1.,13.4972849411916));
#14574=CARTESIAN_POINT('',(-10.9127852064443,1.,13.2140952047516));
#14575=CARTESIAN_POINT('',(-9.58383454256817,1.,15.1716084296195));
#14576=CARTESIAN_POINT('',(-9.82106472952213,1.,14.5917013077317));
#14577=CARTESIAN_POINT('',(-10.1469692575421,1.,14.1005981906878));
#14578=CARTESIAN_POINT('',(-9.20339723923959,1.,16.3963063067842));
#14579=CARTESIAN_POINT('',(-9.28065204938893,1.,16.053046502153));
#14580=CARTESIAN_POINT('',(-9.38138343403593,1.,15.733297600567));
#14581=CARTESIAN_POINT('',(-8.69868722051543,1.,19.2012004407893));
#14582=VECTOR('',#14583,1.);
#14583=DIRECTION('',(-0.173648177666929,0.,-0.984807753012208));
#14584=CARTESIAN_POINT('',(-8.50391887847725,1.,20.3057865980275));
#14585=VECTOR('',#14586,1.);
#14586=DIRECTION('',(-0.173648177666931,0.,-0.984807753012208));
#14587=CARTESIAN_POINT('',(-8.2922805093908,1.,21.506047432961));
#14588=VECTOR('',#14589,1.);
#14589=DIRECTION('',(-0.173648177666939,0.,-0.984807753012207));
#14590=CARTESIAN_POINT('',(-14.1137080978838,1.5,3.87978939261111));
#14591=CARTESIAN_POINT('',(-14.1137080978838,1.,3.87978939261111));
#14592=VECTOR('',#14593,1.);
#14593=DIRECTION('',(0.,1.,0.));
#14594=CARTESIAN_POINT('',(-14.8530501641972,1.5,5.09623328998623));
#14595=CARTESIAN_POINT('',(-14.8530501641972,1.5,5.09623328998623));
#14596=VECTOR('',#14597,1.);
#14597=DIRECTION('',(0.519381950234066,-1.55984577639368E-16,-0.854542210643254));
#14598=CARTESIAN_POINT('',(-14.8530501641972,1.,5.09623328998623));
#14599=VECTOR('',#14600,1.);
#14600=DIRECTION('',(0.,1.,0.));
#14601=CARTESIAN_POINT('',(-14.3391331780473,1.5,8.01080135033108));
#14602=CARTESIAN_POINT('',(-14.3391331780473,1.5,8.01080135033108));
#14603=VECTOR('',#14604,1.);
#14604=DIRECTION('',(-0.17364817766693,0.,-0.984807753012208));
#14605=CARTESIAN_POINT('',(-14.3391331780473,1.01270655808077E-15,8.01080135033108));
#14606=VECTOR('',#14607,1.);
#14607=DIRECTION('',(0.,1.,0.));
#14608=CARTESIAN_POINT('',(-13.4884701550838,1.5,8.14223304086288));
#14609=CARTESIAN_POINT('',(-13.4884701550838,1.5,8.14223304086288));
#14610=VECTOR('',#14611,1.);
#14611=DIRECTION('',(-0.988273636723658,5.15928924381047E-16,-0.15269321843813));
#14612=CARTESIAN_POINT('',(-13.4884701550838,1.,8.14223304086288));
#14613=VECTOR('',#14614,1.);
#14614=DIRECTION('',(0.,1.,0.));
#14615=CARTESIAN_POINT('',(-13.7655939377063,1.5,6.57058597069252));
#14616=CARTESIAN_POINT('',(-13.7655939377063,1.5,6.57058597069252));
#14617=VECTOR('',#14618,1.);
#14618=DIRECTION('',(0.17364817766693,0.,0.984807753012208));
#14619=CARTESIAN_POINT('',(-13.7655939377063,9.72200138146038E-16,6.57058597069252));
#14620=VECTOR('',#14621,1.);
#14621=DIRECTION('',(0.,1.,0.));
#14622=CARTESIAN_POINT('',(-14.2950027020679,1.5,5.63296060753406));
#14623=CARTESIAN_POINT('',(-14.2950027020679,9.48884123336524E-16,5.63296060753406));
#14624=VECTOR('',#14625,1.);
#14625=DIRECTION('',(0.,1.,0.));
#14626=CARTESIAN_POINT('',(-14.2950027020679,1.5,5.63296060753406));
#14627=VECTOR('',#14628,1.);
#14628=DIRECTION('',(0.491667698025863,-2.06215248238658E-16,0.870782909063992));
#14629=CARTESIAN_POINT('',(-12.6019913732015,1.5,5.53417416112768));
#14630=CARTESIAN_POINT('',(-12.6019913732015,1.,5.53417416112768));
#14631=VECTOR('',#14632,1.);
#14632=DIRECTION('',(0.,1.,0.));
#14633=CARTESIAN_POINT('',(-14.0698363610788,1.5,5.30737376001212));
#14634=CARTESIAN_POINT('',(-14.0698363610788,9.40932895485184E-16,5.30737376001213));
#14635=VECTOR('',#14636,1.);
#14636=DIRECTION('',(0.,1.,0.));
#14637=CARTESIAN_POINT('',(-12.6019913732015,1.5,5.53417416112768));
#14638=VECTOR('',#14639,1.);
#14639=DIRECTION('',(-0.988272517982932,0.,-0.152700459068322));
#14640=CARTESIAN_POINT('',(-12.4273102070155,1.5,5.82245604478315));
#14641=CARTESIAN_POINT('',(-12.4273102070155,1.,5.82245604478315));
#14642=VECTOR('',#14643,1.);
#14643=DIRECTION('',(0.,1.,0.));
#14644=CARTESIAN_POINT('',(-12.7373803734381,1.5,6.73380501637663));
#14645=CARTESIAN_POINT('',(-12.7373803734381,1.5,6.73380501637663));
#14646=VECTOR('',#14647,1.);
#14647=DIRECTION('',(0.322099680451027,0.,-0.946705759913473));
#14648=CARTESIAN_POINT('',(-12.7373803734381,1.,6.73380501637663));
#14649=VECTOR('',#14650,1.);
#14650=DIRECTION('',(0.,1.,0.));
#14651=CARTESIAN_POINT('',(-12.4610462654646,1.5,8.30097361906701));
#14652=CARTESIAN_POINT('',(-12.4610462654646,1.5,8.30097361906701));
#14653=VECTOR('',#14654,1.);
#14654=DIRECTION('',(-0.173648177666929,0.,-0.984807753012208));
#14655=CARTESIAN_POINT('',(-12.4610462654646,1.,8.30097361906701));
#14656=VECTOR('',#14657,1.);
#14657=DIRECTION('',(0.,1.,0.));
#14658=CARTESIAN_POINT('',(-11.5965725608772,1.5,8.43454584269289));
#14659=CARTESIAN_POINT('',(-11.5965725608772,1.5,8.43454584269289));
#14660=VECTOR('',#14661,1.);
#14661=DIRECTION('',(-0.988272478489916,0.,-0.152700714665646));
#14662=CARTESIAN_POINT('',(-11.5965725608772,1.,8.43454584269289));
#14663=VECTOR('',#14664,1.);
#14664=DIRECTION('',(0.,1.,0.));
#14665=CARTESIAN_POINT('',(-12.1106331185001,1.5,5.51916354806398));
#14666=CARTESIAN_POINT('',(-12.1106331185001,1.5,5.51916354806398));
#14667=VECTOR('',#14668,1.);
#14668=DIRECTION('',(0.173648177666931,0.,0.984807753012208));
#14669=CARTESIAN_POINT('',(-12.1106331185001,1.,5.51916354806398));
#14670=VECTOR('',#14671,1.);
#14671=DIRECTION('',(0.,1.,0.));
#14672=CARTESIAN_POINT('',(-13.3733082693193,1.5,3.9517997472152));
#14673=CARTESIAN_POINT('',(-13.3733082693193,9.71847770300926E-16,3.9517997472152));
#14674=VECTOR('',#14675,1.);
#14675=DIRECTION('',(0.,1.,-2.96059473233375E-16));
#14676=CARTESIAN_POINT('',(-13.3733082693193,1.5,3.9517997472152));
#14677=VECTOR('',#14678,1.);
#14678=DIRECTION('',(0.62735259826886,0.,0.778735332089992));
#14679=CARTESIAN_POINT('',(-11.5578264997251,1.5,3.8452084063086));
#14680=CARTESIAN_POINT('',(-11.5578264997251,1.,3.8452084063086));
#14681=VECTOR('',#14682,1.);
#14682=DIRECTION('',(0.,1.,0.));
#14683=CARTESIAN_POINT('',(-13.1683932365791,1.5,3.59636209164785));
#14684=CARTESIAN_POINT('',(-13.1683932365791,1.,3.59636209164785));
#14685=VECTOR('',#14686,1.);
#14686=DIRECTION('',(0.,1.,0.));
#14687=CARTESIAN_POINT('',(-11.5578264997251,1.5,3.8452084063086));
#14688=VECTOR('',#14689,1.);
#14689=DIRECTION('',(-0.988273108855488,0.,-0.152696634910885));
#14690=CARTESIAN_POINT('',(-10.0289675712014,1.5,11.6568056729494));
#14691=CARTESIAN_POINT('',(-10.0289675712014,1.,11.6568056729494));
#14692=VECTOR('',#14693,1.);
#14693=DIRECTION('',(0.,1.,0.));
#14694=CARTESIAN_POINT('',(-11.3747620537429,1.5,4.02442589117008));
#14695=CARTESIAN_POINT('',(-11.3747620537429,1.,4.02442589117008));
#14696=VECTOR('',#14697,1.);
#14697=DIRECTION('',(0.,1.,0.));
#14698=CARTESIAN_POINT('',(-10.0289675712014,1.5,11.6568056729494));
#14699=VECTOR('',#14700,1.);
#14700=DIRECTION('',(-0.17364817766693,2.86504674422431E-17,-0.984807753012208));
#14701=CARTESIAN_POINT('',(-10.4158213242488,1.5,11.834411663152));
#14702=CARTESIAN_POINT('',(-10.4158213242488,1.,11.834411663152));
#14703=VECTOR('',#14704,1.);
#14704=DIRECTION('',(0.,1.,0.));
#14705=CARTESIAN_POINT('',(-11.3080421566,1.5,10.7451091874735));
#14706=CARTESIAN_POINT('',(-11.3080421566,1.5,10.7451091874735));
#14707=VECTOR('',#14708,1.);
#14708=DIRECTION('',(0.633651777799453,-3.15390435999465E-16,0.773618397203423));
#14709=CARTESIAN_POINT('',(-11.3080421566,7.98634639126917E-16,10.7451091874735));
#14710=VECTOR('',#14711,1.);
#14711=DIRECTION('',(0.,1.,0.));
#14712=CARTESIAN_POINT('',(-13.6533284677388,1.5,10.3827084682617));
#14713=CARTESIAN_POINT('',(-13.6533284677388,1.5,10.3827084682617));
#14714=VECTOR('',#14715,1.);
#14715=DIRECTION('',(0.988270949504919,0.,0.152710609862724));
#14716=CARTESIAN_POINT('',(-13.6533284677388,1.,10.3827084682617));
#14717=VECTOR('',#14718,1.);
#14718=DIRECTION('',(0.,1.,0.));
#14719=CARTESIAN_POINT('',(-14.2272915297707,1.5,11.2876497994563));
#14720=CARTESIAN_POINT('',(-14.2272915297707,1.,11.2876497994563));
#14721=VECTOR('',#14722,1.);
#14722=DIRECTION('',(0.,1.,0.));
#14723=CARTESIAN_POINT('',(-14.2272915297707,1.5,11.2876497994563));
#14724=VECTOR('',#14725,1.);
#14725=DIRECTION('',(0.535607131414851,-2.07206145756182E-16,-0.844467288163109));
#14726=CARTESIAN_POINT('',(-15.9749922223457,1.5,3.578669208199));
#14727=CARTESIAN_POINT('',(-15.9749922223457,1.,3.578669208199));
#14728=VECTOR('',#14729,1.);
#14729=DIRECTION('',(0.,1.,0.));
#14730=CARTESIAN_POINT('',(-14.6297320388292,1.5,11.2080188296317));
#14731=CARTESIAN_POINT('',(-14.6297320388292,1.,11.2080188296317));
#14732=VECTOR('',#14733,1.);
#14733=DIRECTION('',(0.,1.,0.));
#14734=CARTESIAN_POINT('',(-15.9749922223457,1.5,3.578669208199));
#14735=VECTOR('',#14736,1.);
#14736=DIRECTION('',(0.17364817766693,2.86618465917988E-17,0.984807753012208));
#14737=CARTESIAN_POINT('',(-15.7247416326449,1.5,3.32304646712447));
#14738=CARTESIAN_POINT('',(-15.7247416326449,1.,3.32304646712447));
#14739=VECTOR('',#14740,1.);
#14740=DIRECTION('',(0.,1.,0.));
#14741=CARTESIAN_POINT('',(-14.2681145001871,1.5,3.54810522157182));
#14742=CARTESIAN_POINT('',(-14.2681145001871,1.5,3.54810522157182));
#14743=VECTOR('',#14744,1.);
#14744=DIRECTION('',(-0.988273372671832,0.,-0.152694927446336));
#14745=CARTESIAN_POINT('',(-14.2681145001871,1.,3.54810522157182));
#14746=VECTOR('',#14747,1.);
#14747=DIRECTION('',(0.,1.,0.));
#14748=CARTESIAN_POINT('',(-12.8926991500636,1.5,21.0592218717662));
#14749=CARTESIAN_POINT('',(-12.8926991500636,1.,21.0592218717662));
#14750=VECTOR('',#14751,1.);
#14751=DIRECTION('',(0.,1.,0.));
#14752=CARTESIAN_POINT('',(-13.792545008881,1.5,15.9559424121969));
#14753=CARTESIAN_POINT('',(-13.792545008881,1.5,15.9559424121969));
#14754=VECTOR('',#14755,1.);
#14755=DIRECTION('',(0.17364817766693,0.,0.984807753012208));
#14756=CARTESIAN_POINT('',(-13.792545008881,1.,15.9559424121969));
#14757=VECTOR('',#14758,1.);
#14758=DIRECTION('',(0.,1.,0.));
#14759=CARTESIAN_POINT('',(-12.490529326924,1.5,21.1392785398395));
#14760=CARTESIAN_POINT('',(-12.490529326924,1.,21.1392785398395));
#14761=VECTOR('',#14762,1.);
#14762=DIRECTION('',(0.,1.,0.));
#14763=CARTESIAN_POINT('',(-11.9125730230334,1.5,20.23264432572));
#14764=CARTESIAN_POINT('',(-11.9125730230334,1.,20.23264432572));
#14765=VECTOR('',#14766,1.);
#14766=DIRECTION('',(0.,1.,0.));
#14767=CARTESIAN_POINT('',(-12.490529326924,1.5,21.1392785398395));
#14768=VECTOR('',#14769,1.);
#14769=DIRECTION('',(0.53754212345429,0.,-0.843236897622639));
#14770=CARTESIAN_POINT('',(-9.57121411891264,1.5,20.5944362280027));
#14771=CARTESIAN_POINT('',(-9.57121411891264,6.75970519742257E-16,20.5944362280027));
#14772=VECTOR('',#14773,1.);
#14773=DIRECTION('',(0.,1.,0.));
#14774=CARTESIAN_POINT('',(-11.9125730230334,1.5,20.23264432572));
#14775=VECTOR('',#14776,1.);
#14776=DIRECTION('',(0.988271073223077,-9.37234610321548E-17,0.152709809215082));
#14777=CARTESIAN_POINT('',(-8.67913971044668,1.5,21.6836467714856));
#14778=CARTESIAN_POINT('',(-8.67913971044668,1.,21.6836467714856));
#14779=VECTOR('',#14780,1.);
#14780=DIRECTION('',(0.,1.,0.));
#14781=CARTESIAN_POINT('',(-9.57121411891264,1.5,20.5944362280027));
#14782=VECTOR('',#14783,1.);
#14783=DIRECTION('',(0.63362154289956,0.,0.77364316087818));
#14784=CARTESIAN_POINT('',(-8.2922805093908,1.5,21.506047432961));
#14785=CARTESIAN_POINT('',(-8.2922805093908,1.,21.506047432961));
#14786=VECTOR('',#14787,1.);
#14787=DIRECTION('',(0.,1.,0.));
#14788=CARTESIAN_POINT('',(-9.1184323884465,1.5,16.8207073010294));
#14789=CARTESIAN_POINT('',(-9.1184323884465,6.43992643386089E-16,16.8207073010294));
#14790=VECTOR('',#14791,1.);
#14791=DIRECTION('',(0.,1.,0.));
#14792=CARTESIAN_POINT('',(-8.2922805093908,1.5,21.506047432961));
#14793=VECTOR('',#14794,1.);
#14794=DIRECTION('',(-0.17364817766693,0.,-0.984807753012208));
#14795=CARTESIAN_POINT('',(-10.2230524956485,1.5,13.9888869009769));
#14796=CARTESIAN_POINT('',(-10.2230524956485,7.22006845002121E-16,13.9888869009769));
#14797=VECTOR('',#14798,1.);
#14798=DIRECTION('',(0.,1.,0.));
#14799=CARTESIAN_POINT('',(-9.1184323884465,1.5,16.8207073010294));
#14800=CARTESIAN_POINT('',(-9.41351756594702,1.5,15.1471960986321));
#14801=CARTESIAN_POINT('',(-10.2230524956485,1.5,13.9888869009769));
#14802=CARTESIAN_POINT('',(-12.0425318266291,1.5,12.6745481142709));
#14803=CARTESIAN_POINT('',(-12.0425318266291,1.,12.6745481142709));
#14804=VECTOR('',#14805,1.);
#14805=DIRECTION('',(0.,1.,0.));
#14806=CARTESIAN_POINT('',(-10.2230524956485,1.5,13.9888869009769));
#14807=CARTESIAN_POINT('',(-11.0325874183392,1.5,12.8305777430812));
#14808=CARTESIAN_POINT('',(-12.0425318266291,1.5,12.6745481142709));
#14809=CARTESIAN_POINT('',(-13.5696205541569,1.5,13.4491150770996));
#14810=CARTESIAN_POINT('',(-13.5696205541569,1.,13.4491150770996));
#14811=VECTOR('',#14812,1.);
#14812=DIRECTION('',(0.,1.,0.));
#14813=CARTESIAN_POINT('',(-12.0425318266291,1.5,12.6745481142709));
#14814=CARTESIAN_POINT('',(-12.9811023059618,1.5,12.5295255096946));
#14815=CARTESIAN_POINT('',(-13.5696205541569,1.5,13.4491150770996));
#14816=CARTESIAN_POINT('',(-13.9145239746028,1.5,14.4569748523523));
#14817=CARTESIAN_POINT('',(-13.9145239746028,9.82718376814131E-16,14.4569748523523));
#14818=VECTOR('',#14819,1.);
#14819=DIRECTION('',(0.,1.,0.));
#14820=CARTESIAN_POINT('',(-13.5696205541569,1.5,13.4491150770996));
#14821=CARTESIAN_POINT('',(-13.8664009328773,1.5,13.9227037148234));
#14822=CARTESIAN_POINT('',(-13.9145239746028,1.5,14.4569748523523));
#14823=CARTESIAN_POINT('',(-13.9145239746028,1.5,14.4569748523523));
#14824=CARTESIAN_POINT('',(-13.9626470233389,1.5,14.9912459501216));
#14825=CARTESIAN_POINT('',(-13.792545008881,1.5,15.9559424121969));
#14826=CARTESIAN_POINT('',(-10.0325889440153,1.5,17.3043376951817));
#14827=CARTESIAN_POINT('',(-10.0325889440153,1.,17.3043376951817));
#14828=VECTOR('',#14829,1.);
#14829=DIRECTION('',(0.,1.,0.));
#14830=CARTESIAN_POINT('',(-10.524046161614,1.5,15.8436946036954));
#14831=CARTESIAN_POINT('',(-10.0325889440153,1.5,17.3043376951817));
#14832=CARTESIAN_POINT('',(-10.2235095231102,1.5,16.2215732859699));
#14833=CARTESIAN_POINT('',(-10.524046161614,1.5,15.8436946036954));
#14834=CARTESIAN_POINT('',(-10.524046161614,1.,15.8436946036954));
#14835=VECTOR('',#14836,1.);
#14836=DIRECTION('',(0.,1.,0.));
#14837=CARTESIAN_POINT('',(-11.5633522964341,1.5,15.3516377431578));
#14838=CARTESIAN_POINT('',(-10.524046161614,1.5,15.8436946036954));
#14839=CARTESIAN_POINT('',(-10.8245828071285,1.5,15.4658158816614));
#14840=CARTESIAN_POINT('',(-11.5633522964341,1.5,15.3516377431578));
#14841=CARTESIAN_POINT('',(-11.5633522964341,8.16666011717161E-16,15.3516377431578));
#14842=VECTOR('',#14843,1.);
#14843=DIRECTION('',(0.,1.,0.));
#14844=CARTESIAN_POINT('',(-12.7209983084081,1.5,16.8677285332357));
#14845=CARTESIAN_POINT('',(-11.5633522964341,1.5,15.3516377431578));
#14846=CARTESIAN_POINT('',(-13.0282300363303,1.5,15.1253308202609));
#14847=CARTESIAN_POINT('',(-12.7209983084081,1.5,16.8677285332357));
#14848=CARTESIAN_POINT('',(-12.7209983084081,1.,16.8677285332357));
#14849=VECTOR('',#14850,1.);
#14850=DIRECTION('',(0.,1.,0.));
#14851=CARTESIAN_POINT('',(-12.5444353603391,1.5,17.8690667706375));
#14852=CARTESIAN_POINT('',(-12.7209983084081,1.5,16.8677285332357));
#14853=VECTOR('',#14854,1.);
#14854=DIRECTION('',(0.173648177666931,0.,0.984807753012208));
#14855=CARTESIAN_POINT('',(-12.5444353603391,8.85955364183715E-16,17.8690667706375));
#14856=VECTOR('',#14857,1.);
#14857=DIRECTION('',(0.,1.,0.));
#14858=CARTESIAN_POINT('',(-9.85987384322057,1.5,18.2838537062924));
#14859=CARTESIAN_POINT('',(-12.5444353603391,1.5,17.8690667706375));
#14860=VECTOR('',#14861,1.);
#14861=DIRECTION('',(0.988273150197681,-1.63483473777273E-16,0.152696367338429));
#14862=CARTESIAN_POINT('',(-9.85987384322057,6.96357219009963E-16,18.2838537062924));
#14863=VECTOR('',#14864,1.);
#14864=DIRECTION('',(0.,1.,0.));
#14865=CARTESIAN_POINT('',(-9.85987384322057,1.5,18.2838537062924));
#14866=VECTOR('',#14867,1.);
#14867=DIRECTION('',(-0.17364817766693,0.,-0.984807753012208));
#14868=CARTESIAN_POINT('',(-17.2198901107195,0.500000000000001,-24.));
#14869=CARTESIAN_POINT('',(-17.2198901107194,0.500000000000001,-24.));
#14870=VECTOR('',#14871,1.);
#14871=DIRECTION('',(0.,-1.,0.));
#14872=CARTESIAN_POINT('',(-2.5,0.5,-24.));
#14873=CARTESIAN_POINT('',(-2.5,0.5,-24.));
#14874=VECTOR('',#14875,1.);
#14875=DIRECTION('',(-1.,7.54233228831416E-17,0.));
#14876=CARTESIAN_POINT('',(-2.5,1.87562727409225E-16,-24.));
#14877=VECTOR('',#14878,1.);
#14878=DIRECTION('',(0.,1.,0.));
#14879=CARTESIAN_POINT('',(-2.,0.5,23.5));
#14880=CARTESIAN_POINT('',(-2.,1.72254642419883E-16,23.5));
#14881=VECTOR('',#14882,1.);
#14882=DIRECTION('',(0.,1.,0.));
#14883=CARTESIAN_POINT('',(-2.,0.5,-23.5));
#14884=CARTESIAN_POINT('',(-2.,1.72254642419883E-16,-23.5));
#14885=VECTOR('',#14886,1.);
#14886=DIRECTION('',(0.,1.,0.));
#14887=CARTESIAN_POINT('',(-2.,0.5,-23.5));
#14888=VECTOR('',#14889,1.);
#14889=DIRECTION('',(0.,0.,1.));
#14890=CARTESIAN_POINT('',(-17.2198901107195,0.500000000000001,24.));
#14891=CARTESIAN_POINT('',(-17.2198901107194,0.500000000000001,24.));
#14892=VECTOR('',#14893,1.);
#14893=DIRECTION('',(0.,-1.,0.));
#14894=CARTESIAN_POINT('',(-2.5,0.5,24.));
#14895=CARTESIAN_POINT('',(-2.5,1.87562727409225E-16,24.));
#14896=VECTOR('',#14897,1.);
#14897=DIRECTION('',(0.,1.,0.));
#14898=CARTESIAN_POINT('',(-2.5,0.5,24.));
#14899=VECTOR('',#14900,1.);
#14900=DIRECTION('',(-1.,7.54233228831416E-17,0.));
#14901=CARTESIAN_POINT('',(-17.7198901107195,0.500000000000001,23.5));
#14902=CARTESIAN_POINT('',(-17.7198901107195,0.500000000000001,23.5));
#14903=VECTOR('',#14904,1.);
#14904=DIRECTION('',(0.,-1.,0.));
#14905=CARTESIAN_POINT('',(-17.7198901107195,0.500000000000001,-23.5));
#14906=CARTESIAN_POINT('',(-17.7198901107195,0.500000000000001,-23.5));
#14907=VECTOR('',#14908,1.);
#14908=DIRECTION('',(0.,0.,1.));
#14909=CARTESIAN_POINT('',(-17.7198901107195,0.500000000000001,-23.5));
#14910=VECTOR('',#14911,1.);
#14911=DIRECTION('',(0.,-1.,0.));
#14912=AXIS2_PLACEMENT_3D('',#14913,#14914,#14915);
#14913=CARTESIAN_POINT('',(-15.7583345166831,1.5,3.54046660911227));
#14914=DIRECTION('',(7.06253680404605E-17,1.,0.));
#14915=DIRECTION('',(0.152694927446338,-1.0784135448809E-17,-0.988273372671832));
#14916=AXIS2_PLACEMENT_3D('',#14917,#14918,#14919);
#14917=CARTESIAN_POINT('',(-14.4130743331666,1.5,11.169816230545));
#14918=DIRECTION('',(7.06253680404605E-17,1.,0.));
#14919=DIRECTION('',(-0.984807753012203,6.95524100055858E-17,0.173648177666956));
#14920=AXIS2_PLACEMENT_3D('',#14921,#14922,#14923);
#14921=CARTESIAN_POINT('',(-10.2456252768641,1.5,11.6950082720361));
#14922=DIRECTION('',(7.06253680404605E-17,1.,0.));
#14923=DIRECTION('',(-0.77361839720342,5.46370840253627E-17,0.633651777799456));
#14924=AXIS2_PLACEMENT_3D('',#14925,#14926,#14927);
#14925=CARTESIAN_POINT('',(-11.5914197594055,1.5,4.06262849025681));
#14926=DIRECTION('',(7.06253680404605E-17,1.,0.));
#14927=DIRECTION('',(0.98480775301221,-6.95524100055862E-17,-0.173648177666921));
#14928=AXIS2_PLACEMENT_3D('',#14929,#14930,#14931);
#14929=CARTESIAN_POINT('',(-13.2019864962595,1.5,3.81378217559606));
#14930=DIRECTION('',(7.06253680404605E-17,1.,0.));
#14931=DIRECTION('',(0.152696634910883,-1.07842560391209E-17,-0.988273108855489));
#14932=AXIS2_PLACEMENT_3D('',#14933,#14934,#14935);
#14933=CARTESIAN_POINT('',(-12.6355854741965,1.5,5.75159411508392));
#14934=DIRECTION('',(7.06253680404605E-17,1.,0.));
#14935=DIRECTION('',(0.946705759913472,-6.68614427199128E-17,0.32209968045103));
#14936=AXIS2_PLACEMENT_3D('',#14937,#14938,#14939);
#14937=CARTESIAN_POINT('',(-14.1034304620738,1.5,5.52479371396837));
#14938=DIRECTION('',(7.06253680404605E-17,1.,0.));
#14939=DIRECTION('',(0.15270045906831,-1.07845261216467E-17,-0.988272517982933));
#14940=AXIS2_PLACEMENT_3D('',#14941,#14942,#14943);
#14941=CARTESIAN_POINT('',(-14.3017073842253,1.5,3.76552536355962));
#14942=DIRECTION('',(7.06253680404605E-17,1.,0.));
#14943=DIRECTION('',(0.854542210643251,-6.03523581327883E-17,0.51938195023407));
#14944=AXIS2_PLACEMENT_3D('',#14945,#14946,#14947);
#14945=CARTESIAN_POINT('',(-8.50893821505348,1.5,21.5442500320477));
#14946=DIRECTION('',(7.06253680404605E-17,1.,0.));
#14947=DIRECTION('',(-0.77364316087818,5.46388329690066E-17,0.63362154289956));
#14948=AXIS2_PLACEMENT_3D('',#14949,#14950,#14951);
#14949=CARTESIAN_POINT('',(-12.6760414444009,1.5,21.0210192726795));
#14950=DIRECTION('',(7.06253680404605E-17,1.,0.));
#14951=DIRECTION('',(-0.984807753012206,6.9552410005586E-17,0.173648177666942));
#14952=AXIS2_PLACEMENT_3D('',#14953,#14954,#14955);
#14953=CARTESIAN_POINT('',(-2.5,0.5,23.5));
#14954=DIRECTION('',(0.,0.,-1.));
#14955=DIRECTION('',(0.,1.,0.));
#14956=AXIS2_PLACEMENT_3D('',#14957,#14958,#14959);
#14957=CARTESIAN_POINT('',(-2.5,0.5,-23.5));
#14958=DIRECTION('',(0.,0.,1.));
#14959=DIRECTION('',(1.,6.12323399573677E-17,0.));
#14960=AXIS2_PLACEMENT_3D('',#14961,#14962,#14963);
#14961=CARTESIAN_POINT('',(-17.2198901107195,0.500000000000001,-23.5));
#14962=DIRECTION('',(-1.,7.3189552472615E-17,3.92539361934334E-33));
#14963=DIRECTION('',(7.3189552472615E-17,1.,1.60812264967664E-16));
#14964=AXIS2_PLACEMENT_3D('',#14965,#14966,#14967);
#14965=CARTESIAN_POINT('',(-2.5,0.5,-23.5));
#14966=DIRECTION('',(1.,-7.3189552472615E-17,-3.92539361934334E-33));
#14967=DIRECTION('',(1.23259516440783E-32,2.22044604925031E-16,-1.));
#14968=AXIS2_PLACEMENT_3D('',#14969,#14970,#14971);
#14969=CARTESIAN_POINT('',(-17.2198901107195,0.500000000000001,23.5));
#14970=DIRECTION('',(0.,0.,1.));
#14971=DIRECTION('',(-6.12323399573677E-17,1.,0.));
#14972=AXIS2_PLACEMENT_3D('',#14973,#14974,#14975);
#14973=CARTESIAN_POINT('',(-17.2198901107195,0.500000000000001,-23.5));
#14974=DIRECTION('',(0.,0.,1.));
#14975=DIRECTION('',(-6.12323399573677E-17,1.,0.));
#14976=AXIS2_PLACEMENT_3D('',#14977,#14978,#14979);
#14977=CARTESIAN_POINT('',(-17.2198901107195,0.500000000000001,23.5));
#14978=DIRECTION('',(1.,-7.3189552472615E-17,3.92539361934334E-33));
#14979=DIRECTION('',(7.3189552472615E-17,1.,-1.60812264967664E-16));
#14980=AXIS2_PLACEMENT_3D('',#14981,#14982,#14983);
#14981=CARTESIAN_POINT('',(-2.5,0.5,23.5));
#14982=DIRECTION('',(1.,-7.3189552472615E-17,3.92539361934334E-33));
#14983=DIRECTION('',(7.3189552472615E-17,1.,-1.60812264967664E-16));
#14984=AXIS2_PLACEMENT_3D('',#14985,#14986,#14987);
#14985=CARTESIAN_POINT('',(-2.5,0.5,-23.5));
#14986=DIRECTION('',(0.,1.,0.));
#14987=DIRECTION('',(1.,0.,-6.12323399573677E-17));
#14988=AXIS2_PLACEMENT_3D('',#14989,#14990,#14991);
#14989=CARTESIAN_POINT('',(-17.2198901107195,0.500000000000001,-23.5));
#14990=DIRECTION('',(0.,1.,0.));
#14991=DIRECTION('',(-6.12323399573677E-17,0.,-1.));
#14992=AXIS2_PLACEMENT_3D('',#14993,#14994,#14995);
#14993=CARTESIAN_POINT('',(-2.5,0.5,23.5));
#14994=DIRECTION('',(0.,-1.,0.));
#14995=DIRECTION('',(1.,0.,6.12323399573677E-17));
#14996=AXIS2_PLACEMENT_3D('',#14997,#14998,#14999);
#14997=CARTESIAN_POINT('',(-17.2198901107195,0.500000000000001,23.5));
#14998=DIRECTION('',(0.,1.,0.));
#14999=DIRECTION('',(-1.,0.,6.12323399573677E-17));
ENDSEC;
END-ISO-10303-21;
